{"type":"FeatureCollection","features":[{"type":"Feature","geometry":{"type":"Point","coordinates":[-89.5282964,44.4735582]},"properties":{"name":"Hoover Avenue North","highway":"tertiary"}},{"type":"Feature","geometry":{"type":"Point","coordinates":[-89.647221,44.3043462]},"properties":{"name":"North 120th Street","highway":"tertiary"}},{"type":"Feature","geometry":{"type":"Point","coordinates":[-89.3408808,43.2634482]},"properties":{"name":"Yahara Road","highway":"residential"}},{"type":"Feature","geometry":{"type":"Point","coordinates":[-89.7454571,43.1442506]},"properties":{"name":"Main Street","highway":"service"}},{"type":"Feature","geometry":{"type":"Point","coordinates":[-89.4666311,43.4050857]},"properties":{"name":"","highway":"motorway"}},{"type":"Feature","geometry":{"type":"Point","coordinates":[-89.4672997,43.4050449]},"properties":{"name":"","highway":"motorway"}},{"type":"Feature","geometry":{"type":"Point","coordinates":[-87.487032,44.6899801]},"properties":{"name":"County Road J","highway":"tertiary"}},{"type":"Feature","geometry":{"type":"Point","coordinates":[-90.1771858,42.8539366]},"properties":{"name":"Jackson Street","highway":"residential"}},{"type":"Feature","geometry":{"type":"Point","coordinates":[-89.9658282,43.0689995]},"properties":{"name":"County Road T","highway":"tertiary"}},{"type":"Feature","geometry":{"type":"Point","coordinates":[-89.3465728,44.8816696]},"properties":{"name":"State Highway 29","highway":"trunk"}},{"type":"Feature","geometry":{"type":"Point","coordinates":[-90.1791832,46.453193]},"properties":{"name":"West Norrie Street","highway":"tertiary"}},{"type":"Feature","geometry":{"type":"Point","coordinates":[-90.1784052,46.4499045]},"properties":{"name":"Silver Street","highway":"primary"}},{"type":"Feature","geometry":{"type":"Point","coordinates":[-90.2152058,46.4995601]},"properties":{"name":"Nylund Road","highway":"residential"}},{"type":"Feature","geometry":{"type":"Point","coordinates":[-88.5007686,46.0018867]},"properties":{"name":"Cherry Avenue","highway":"residential"}},{"type":"Feature","geometry":{"type":"Point","coordinates":[-88.6523096,45.9877517]},"properties":{"name":"","highway":"secondary"}},{"type":"Feature","geometry":{"type":"Point","coordinates":[-87.5982499,45.0965426]},"properties":{"name":"1st Street","highway":"tertiary"}},{"type":"Feature","geometry":{"type":"Point","coordinates":[-92.2021471,46.6567448]},"properties":{"name":"Oliver Bridge","highway":"secondary"}},{"type":"Feature","geometry":{"type":"Point","coordinates":[-87.909723,43.0348786]},"properties":{"name":"East Saint Paul Avenue","highway":"tertiary"}},{"type":"Feature","geometry":{"type":"Point","coordinates":[-89.5182448,44.4719798]},"properties":{"name":"","highway":"motorway"}},{"type":"Feature","geometry":{"type":"Point","coordinates":[-89.5099133,44.470473]},"properties":{"name":"Bluebird Drive","highway":"residential"}},{"type":"Feature","geometry":{"type":"Point","coordinates":[-90.1922816,46.4655846]},"properties":{"name":"West Cloverland Drive","highway":"trunk"}},{"type":"Feature","geometry":{"type":"Point","coordinates":[-88.8974564,45.8848173]},"properties":{"name":"","highway":"track"}},{"type":"Feature","geometry":{"type":"Point","coordinates":[-88.5238155,45.5020864]},"properties":{"name":"","highway":"track"}},{"type":"Feature","geometry":{"type":"Point","coordinates":[-88.5928355,45.6108708]},"properties":{"name":"Peshtigo River Road","highway":"unclassified"}},{"type":"Feature","geometry":{"type":"Point","coordinates":[-88.8979054,45.8523008]},"properties":{"name":"Jones Dam Road","highway":"unclassified"}},{"type":"Feature","geometry":{"type":"Point","coordinates":[-90.7047745,43.138352]},"properties":{"name":"Kansas Street","highway":"residential"}},{"type":"Feature","geometry":{"type":"Point","coordinates":[-90.1789736,46.4520852]},"properties":{"name":"Abandoned Railroad","highway":"cycleway"}},{"type":"Feature","geometry":{"type":"Point","coordinates":[-90.4143671,46.557276]},"properties":{"name":"Lake Road","highway":"secondary"}},{"type":"Feature","geometry":{"type":"Point","coordinates":[-90.84224,44.2918324]},"properties":{"name":"South Roosevelt Road","highway":"primary"}},{"type":"Feature","geometry":{"type":"Point","coordinates":[-87.8763166,42.6549944]},"properties":{"name":"Green Bay Road","highway":"primary"}},{"type":"Feature","geometry":{"type":"Point","coordinates":[-87.544401,44.461275]},"properties":{"name":"Ahnapee State Trail","highway":"cycleway"}},{"type":"Feature","geometry":{"type":"Point","coordinates":[-87.5034716,44.4632845]},"properties":{"name":"Main Street","highway":"primary"}},{"type":"Feature","geometry":{"type":"Point","coordinates":[-87.5272879,44.4780284]},"properties":{"name":"River Road","highway":"tertiary"}},{"type":"Feature","geometry":{"type":"Point","coordinates":[-88.8915779,45.3352735]},"properties":{"name":"Barnett Lane","highway":"residential"}},{"type":"Feature","geometry":{"type":"Point","coordinates":[-89.7005023,45.1820504]},"properties":{"name":"East 3rd Street","highway":"residential"}},{"type":"Feature","geometry":{"type":"Point","coordinates":[-87.5783023,44.1755476]},"properties":{"name":"County Highway VV","highway":"tertiary"}},{"type":"Feature","geometry":{"type":"Point","coordinates":[-87.6585946,44.1228416]},"properties":{"name":"County Road B","highway":"tertiary"}},{"type":"Feature","geometry":{"type":"Point","coordinates":[-87.6577545,44.0918822]},"properties":{"name":"North 8th Street","highway":"primary"}},{"type":"Feature","geometry":{"type":"Point","coordinates":[-87.7133441,44.1091217]},"properties":{"name":"US Highway 10","highway":"primary"}},{"type":"Feature","geometry":{"type":"Point","coordinates":[-87.8225623,45.6355696]},"properties":{"name":"Horseshoe Road","highway":"residential"}},{"type":"Feature","geometry":{"type":"Point","coordinates":[-87.6739379,44.0969818]},"properties":{"name":"South 21st Street","highway":"secondary"}},{"type":"Feature","geometry":{"type":"Point","coordinates":[-87.7012254,44.0955819]},"properties":{"name":"North Rapids Road","highway":"secondary"}},{"type":"Feature","geometry":{"type":"Point","coordinates":[-87.8646916,44.884999]},"properties":{"name":"County Highway S","highway":"secondary"}},{"type":"Feature","geometry":{"type":"Point","coordinates":[-87.8697349,44.8858545]},"properties":{"name":"Superior Avenue","highway":"residential"}},{"type":"Feature","geometry":{"type":"Point","coordinates":[-92.3946821,44.8293511]},"properties":{"name":"","highway":"trunk"}},{"type":"Feature","geometry":{"type":"Point","coordinates":[-92.2376014,44.8506401]},"properties":{"name":"Doug Blegen Drive","highway":"residential"}},{"type":"Feature","geometry":{"type":"Point","coordinates":[-92.5825387,44.7319032]},"properties":{"name":"US Highway 10","highway":"primary"}},{"type":"Feature","geometry":{"type":"Point","coordinates":[-92.1654838,44.7775773]},"properties":{"name":"West Winter Avenue","highway":"primary"}},{"type":"Feature","geometry":{"type":"Point","coordinates":[-92.2950034,44.5427373]},"properties":{"name":"Great River Road","highway":"primary"}},{"type":"Feature","geometry":{"type":"Point","coordinates":[-92.157016,44.7784747]},"properties":{"name":"West Winter Avenue","highway":"primary"}},{"type":"Feature","geometry":{"type":"Point","coordinates":[-87.8051575,42.7259926]},"properties":{"name":"West 6th Street","highway":"tertiary"}},{"type":"Feature","geometry":{"type":"Point","coordinates":[-87.7928843,42.7291947]},"properties":{"name":"Marquette Street","highway":"tertiary"}},{"type":"Feature","geometry":{"type":"Point","coordinates":[-87.8034005,43.8628858]},"properties":{"name":"County Road MM","highway":"tertiary"}},{"type":"Feature","geometry":{"type":"Point","coordinates":[-87.819518,43.8483637]},"properties":{"name":"County Road FF","highway":"tertiary"}},{"type":"Feature","geometry":{"type":"Point","coordinates":[-91.3675626,46.1281383]},"properties":{"name":"Milles Peterson Road","highway":"residential"}},{"type":"Feature","geometry":{"type":"Point","coordinates":[-88.008113,43.7921264]},"properties":{"name":"County Road C","highway":"tertiary"}},{"type":"Feature","geometry":{"type":"Point","coordinates":[-90.632988,43.59478]},"properties":{"name":"Corps Road","highway":"residential"}},{"type":"Feature","geometry":{"type":"Point","coordinates":[-90.6198792,43.6178587]},"properties":{"name":"Corps Road","highway":"path"}},{"type":"Feature","geometry":{"type":"Point","coordinates":[-90.6260847,43.612916]},"properties":{"name":"Old Highway 131 Trail","highway":"path"}},{"type":"Feature","geometry":{"type":"Point","coordinates":[-88.0753742,43.1182398]},"properties":{"name":"West Silver Spring Drive","highway":"secondary"}},{"type":"Feature","geometry":{"type":"Point","coordinates":[-88.0754347,43.1180809]},"properties":{"name":"West Silver Spring Drive","highway":"secondary"}},{"type":"Feature","geometry":{"type":"Point","coordinates":[-89.1310618,44.5093268]},"properties":{"name":"North Main Street","highway":"primary"}},{"type":"Feature","geometry":{"type":"Point","coordinates":[-89.0708159,44.3441809]},"properties":{"name":"Churchill Street","highway":"secondary"}},{"type":"Feature","geometry":{"type":"Point","coordinates":[-89.5284731,44.4734882]},"properties":{"name":"Hoover Road Trail","highway":"cycleway"}},{"type":"Feature","geometry":{"type":"Point","coordinates":[-87.9203676,43.1187377]},"properties":{"name":"West Silver Spring Drive","highway":"primary"}},{"type":"Feature","geometry":{"type":"Point","coordinates":[-87.9204989,43.1185828]},"properties":{"name":"West Silver Spring Drive","highway":"primary"}},{"type":"Feature","geometry":{"type":"Point","coordinates":[-89.509609,42.827269]},"properties":{"name":"State Highway 92","highway":"secondary"}},{"type":"Feature","geometry":{"type":"Point","coordinates":[-89.5343528,42.8605773]},"properties":{"name":"","highway":"path"}},{"type":"Feature","geometry":{"type":"Point","coordinates":[-89.6036352,42.7993405]},"properties":{"name":"Sugar River State Trail","highway":"cycleway"}},{"type":"Feature","geometry":{"type":"Point","coordinates":[-89.630419,42.8096288]},"properties":{"name":"Sugar River State Trail","highway":"cycleway"}},{"type":"Feature","geometry":{"type":"Point","coordinates":[-89.630464,42.814515]},"properties":{"name":"","highway":"residential"}},{"type":"Feature","geometry":{"type":"Point","coordinates":[-89.5333431,42.8608646]},"properties":{"name":"River Street","highway":"primary"}},{"type":"Feature","geometry":{"type":"Point","coordinates":[-89.531715,42.8605576]},"properties":{"name":"Badger State Trail","highway":"path"}},{"type":"Feature","geometry":{"type":"Point","coordinates":[-89.5666275,42.7333697]},"properties":{"name":"Sugar River State Trail","highway":"cycleway"}},{"type":"Feature","geometry":{"type":"Point","coordinates":[-89.582933,42.7205469]},"properties":{"name":"Badger State Trail","highway":"cycleway"}},{"type":"Feature","geometry":{"type":"Point","coordinates":[-89.5698745,42.7265629]},"properties":{"name":"County Highway F","highway":"secondary"}},{"type":"Feature","geometry":{"type":"Point","coordinates":[-89.5886698,42.786358]},"properties":{"name":"Exeter crossing Road","highway":"residential"}},{"type":"Feature","geometry":{"type":"Point","coordinates":[-89.590611,42.7871778]},"properties":{"name":"Sugar River State Trail","highway":"cycleway"}},{"type":"Feature","geometry":{"type":"Point","coordinates":[-89.5917986,42.7924086]},"properties":{"name":"Sugar River State Trail","highway":"cycleway"}},{"type":"Feature","geometry":{"type":"Point","coordinates":[-89.5977307,42.7981149]},"properties":{"name":"Sugar River State Trail","highway":"cycleway"}},{"type":"Feature","geometry":{"type":"Point","coordinates":[-89.6010466,42.8061869]},"properties":{"name":"Airport Road","highway":"unclassified"}},{"type":"Feature","geometry":{"type":"Point","coordinates":[-89.6070313,42.8139221]},"properties":{"name":"Kubly Road","highway":"unclassified"}},{"type":"Feature","geometry":{"type":"Point","coordinates":[-89.6394303,42.828326]},"properties":{"name":"","highway":"service"}},{"type":"Feature","geometry":{"type":"Point","coordinates":[-89.6405692,42.8309084]},"properties":{"name":"Old Madison Road","highway":"unclassified"}},{"type":"Feature","geometry":{"type":"Point","coordinates":[-89.6351504,42.8037433]},"properties":{"name":"2nd Street","highway":"tertiary"}},{"type":"Feature","geometry":{"type":"Point","coordinates":[-89.6323815,42.8032596]},"properties":{"name":"Sugar River Trail Spur","highway":"cycleway"}},{"type":"Feature","geometry":{"type":"Point","coordinates":[-89.6321947,42.8032348]},"properties":{"name":"State Highway 69","highway":"primary"}},{"type":"Feature","geometry":{"type":"Point","coordinates":[-89.5233988,42.8587414]},"properties":{"name":"Remy Road","highway":"tertiary"}},{"type":"Feature","geometry":{"type":"Point","coordinates":[-89.5590386,42.8791924]},"properties":{"name":"County Highway PB","highway":"secondary"}},{"type":"Feature","geometry":{"type":"Point","coordinates":[-90.7624329,43.5620504]},"properties":{"name":"State Highway 82","highway":"secondary"}},{"type":"Feature","geometry":{"type":"Point","coordinates":[-90.6605933,43.5023977]},"properties":{"name":"State Highway 56","highway":"secondary"}},{"type":"Feature","geometry":{"type":"Point","coordinates":[-90.6738412,43.5061529]},"properties":{"name":"South Commercial Street","highway":"secondary"}},{"type":"Feature","geometry":{"type":"Point","coordinates":[-90.6109233,42.787757]},"properties":{"name":"State Highway 81","highway":"primary"}},{"type":"Feature","geometry":{"type":"Point","coordinates":[-89.6322655,42.8174553]},"properties":{"name":"State Highway 69","highway":"primary"}},{"type":"Feature","geometry":{"type":"Point","coordinates":[-87.7734945,44.2903217]},"properties":{"name":"","highway":"service"}},{"type":"Feature","geometry":{"type":"Point","coordinates":[-89.5285636,42.9833401]},"properties":{"name":"","highway":"path"}},{"type":"Feature","geometry":{"type":"Point","coordinates":[-87.9555113,43.1781129]},"properties":{"name":"West Brown Deer Road","highway":"primary"}},{"type":"Feature","geometry":{"type":"Point","coordinates":[-87.9554395,43.1782916]},"properties":{"name":"West Brown Deer Road","highway":"primary"}},{"type":"Feature","geometry":{"type":"Point","coordinates":[-87.9284808,43.1480546]},"properties":{"name":"West Good Hope Road","highway":"primary"}},{"type":"Feature","geometry":{"type":"Point","coordinates":[-87.9284715,43.1478259]},"properties":{"name":"West Good Hope Road","highway":"primary"}},{"type":"Feature","geometry":{"type":"Point","coordinates":[-87.9413411,43.2507336]},"properties":{"name":"Highland Road","highway":"secondary"}},{"type":"Feature","geometry":{"type":"Point","coordinates":[-87.9421315,43.2800535]},"properties":{"name":"Pioneer Road","highway":"tertiary"}},{"type":"Feature","geometry":{"type":"Point","coordinates":[-87.9439732,43.2947588]},"properties":{"name":"Lakefield Road","highway":"tertiary"}},{"type":"Feature","geometry":{"type":"Point","coordinates":[-87.9513487,43.3093394]},"properties":{"name":"Falls Road","highway":"tertiary"}},{"type":"Feature","geometry":{"type":"Point","coordinates":[-87.9490725,43.318672]},"properties":{"name":"Bridge Street","highway":"residential"}},{"type":"Feature","geometry":{"type":"Point","coordinates":[-87.9809207,43.221485]},"properties":{"name":"West Mequon Road","highway":"primary"}},{"type":"Feature","geometry":{"type":"Point","coordinates":[-87.926142,43.1296998]},"properties":{"name":"West Bender Road","highway":"tertiary"}},{"type":"Feature","geometry":{"type":"Point","coordinates":[-87.9260311,43.1430832]},"properties":{"name":"West Green Tree Road","highway":"tertiary"}},{"type":"Feature","geometry":{"type":"Point","coordinates":[-87.9448074,43.1706042]},"properties":{"name":"North Range Line Road","highway":"tertiary"}},{"type":"Feature","geometry":{"type":"Point","coordinates":[-89.5589197,42.9584988]},"properties":{"name":"Riverside Road","highway":"unclassified"}},{"type":"Feature","geometry":{"type":"Point","coordinates":[-89.7197661,42.9973971]},"properties":{"name":"","highway":"motorway"}},{"type":"Feature","geometry":{"type":"Point","coordinates":[-89.7195873,42.9976765]},"properties":{"name":"","highway":"motorway"}},{"type":"Feature","geometry":{"type":"Point","coordinates":[-89.7450916,42.9938908]},"properties":{"name":"","highway":"motorway"}},{"type":"Feature","geometry":{"type":"Point","coordinates":[-89.7450831,42.9941262]},"properties":{"name":"","highway":"motorway"}},{"type":"Feature","geometry":{"type":"Point","coordinates":[-87.7953327,42.7259356]},"properties":{"name":"6th Street","highway":"tertiary"}},{"type":"Feature","geometry":{"type":"Point","coordinates":[-90.2770481,43.0282134]},"properties":{"name":"Plank Road","highway":"residential"}},{"type":"Feature","geometry":{"type":"Point","coordinates":[-89.2991376,42.7843427]},"properties":{"name":"North Madison Street","highway":"secondary"}},{"type":"Feature","geometry":{"type":"Point","coordinates":[-89.2966927,42.7790703]},"properties":{"name":"East Church Street","highway":"residential"}},{"type":"Feature","geometry":{"type":"Point","coordinates":[-89.2961764,42.7803303]},"properties":{"name":"East Main Street","highway":"tertiary"}},{"type":"Feature","geometry":{"type":"Point","coordinates":[-89.2954609,42.7766805]},"properties":{"name":"Water Street","highway":"tertiary"}},{"type":"Feature","geometry":{"type":"Point","coordinates":[-89.298922,42.7510049]},"properties":{"name":"State Highway 59","highway":"secondary"}},{"type":"Feature","geometry":{"type":"Point","coordinates":[-87.922619,43.0322582]},"properties":{"name":"North-South Freeway","highway":"motorway"}},{"type":"Feature","geometry":{"type":"Point","coordinates":[-87.8452283,45.5687692]},"properties":{"name":"Sand Road","highway":"residential"}},{"type":"Feature","geometry":{"type":"Point","coordinates":[-88.1982796,43.6285752]},"properties":{"name":"Red Trail","highway":"path"}},{"type":"Feature","geometry":{"type":"Point","coordinates":[-88.1986555,43.6281932]},"properties":{"name":"Red Trail","highway":"path"}},{"type":"Feature","geometry":{"type":"Point","coordinates":[-88.2002018,43.6386641]},"properties":{"name":"Yellow Trail","highway":"path"}},{"type":"Feature","geometry":{"type":"Point","coordinates":[-88.1966557,43.6409517]},"properties":{"name":"State Highway 67","highway":"secondary"}},{"type":"Feature","geometry":{"type":"Point","coordinates":[-88.2012455,43.6210399]},"properties":{"name":"Yellow Trail","highway":"path"}},{"type":"Feature","geometry":{"type":"Point","coordinates":[-88.0592835,44.863151]},"properties":{"name":"County Highway I","highway":"tertiary"}},{"type":"Feature","geometry":{"type":"Point","coordinates":[-88.0486528,44.8587478]},"properties":{"name":"","highway":"trunk"}},{"type":"Feature","geometry":{"type":"Point","coordinates":[-88.0483356,44.8587871]},"properties":{"name":"","highway":"trunk"}},{"type":"Feature","geometry":{"type":"Point","coordinates":[-87.9841007,44.8602781]},"properties":{"name":"County Road J","highway":"tertiary"}},{"type":"Feature","geometry":{"type":"Point","coordinates":[-87.8847498,44.8834172]},"properties":{"name":"Smith Avenue","highway":"secondary"}},{"type":"Feature","geometry":{"type":"Point","coordinates":[-89.6565301,42.8443142]},"properties":{"name":"County Highway U","highway":"tertiary"}},{"type":"Feature","geometry":{"type":"Point","coordinates":[-89.6225174,42.8008628]},"properties":{"name":"Valley View Road","highway":"unclassified"}},{"type":"Feature","geometry":{"type":"Point","coordinates":[-89.9155229,42.9439393]},"properties":{"name":"County Road K","highway":"tertiary"}},{"type":"Feature","geometry":{"type":"Point","coordinates":[-89.5989073,42.7144543]},"properties":{"name":"State Highway 69","highway":"primary"}},{"type":"Feature","geometry":{"type":"Point","coordinates":[-89.5241965,42.929406]},"properties":{"name":"Paoli Road","highway":"secondary"}},{"type":"Feature","geometry":{"type":"Point","coordinates":[-89.5243401,42.9272009]},"properties":{"name":"State Highway 69","highway":"primary"}},{"type":"Feature","geometry":{"type":"Point","coordinates":[-89.5262236,42.9335816]},"properties":{"name":"Range Trail","highway":"residential"}},{"type":"Feature","geometry":{"type":"Point","coordinates":[-89.5119379,42.9147272]},"properties":{"name":"Badger State Trail","highway":"cycleway"}},{"type":"Feature","geometry":{"type":"Point","coordinates":[-90.014704,42.9016675]},"properties":{"name":"County Highway W","highway":"tertiary"}},{"type":"Feature","geometry":{"type":"Point","coordinates":[-90.0037444,42.9234514]},"properties":{"name":"State Highway 191","highway":"secondary"}},{"type":"Feature","geometry":{"type":"Point","coordinates":[-89.9969367,42.9153427]},"properties":{"name":"","highway":"residential"}},{"type":"Feature","geometry":{"type":"Point","coordinates":[-89.854508,42.8314034]},"properties":{"name":"","highway":"unclassified"}},{"type":"Feature","geometry":{"type":"Point","coordinates":[-89.8577936,42.820149]},"properties":{"name":"State Highway 78","highway":"primary"}},{"type":"Feature","geometry":{"type":"Point","coordinates":[-89.8582881,42.8590528]},"properties":{"name":"State Highway 39","highway":"secondary"}},{"type":"Feature","geometry":{"type":"Point","coordinates":[-89.6222813,42.9214748]},"properties":{"name":"State Highway 92","highway":"secondary"}},{"type":"Feature","geometry":{"type":"Point","coordinates":[-89.8549349,42.6979992]},"properties":{"name":"State Highway 81","highway":"secondary"}},{"type":"Feature","geometry":{"type":"Point","coordinates":[-89.5442362,42.9490617]},"properties":{"name":"State Highway 69","highway":"primary"}},{"type":"Feature","geometry":{"type":"Point","coordinates":[-89.6222049,42.9132537]},"properties":{"name":"State Highway 92","highway":"secondary"}},{"type":"Feature","geometry":{"type":"Point","coordinates":[-89.6188954,42.9154641]},"properties":{"name":"County Road A","highway":"tertiary"}},{"type":"Feature","geometry":{"type":"Point","coordinates":[-89.6471487,42.9108181]},"properties":{"name":"County Road U","highway":"tertiary"}},{"type":"Feature","geometry":{"type":"Point","coordinates":[-89.6472342,42.9403944]},"properties":{"name":"","highway":"tertiary"}},{"type":"Feature","geometry":{"type":"Point","coordinates":[-89.6574389,42.9459678]},"properties":{"name":"County Road G","highway":"tertiary"}},{"type":"Feature","geometry":{"type":"Point","coordinates":[-91.4426195,45.0183194]},"properties":{"name":"","highway":"motorway"}},{"type":"Feature","geometry":{"type":"Point","coordinates":[-91.4429861,45.0183727]},"properties":{"name":"","highway":"motorway"}},{"type":"Feature","geometry":{"type":"Point","coordinates":[-89.6355851,42.8203282]},"properties":{"name":"","highway":"service"}},{"type":"Feature","geometry":{"type":"Point","coordinates":[-87.9986068,44.5116864]},"properties":{"name":"Main Street","highway":"primary"}},{"type":"Feature","geometry":{"type":"Point","coordinates":[-89.8039733,43.6244226]},"properties":{"name":"","highway":"motorway"}},{"type":"Feature","geometry":{"type":"Point","coordinates":[-89.8044783,43.6243758]},"properties":{"name":"","highway":"motorway"}},{"type":"Feature","geometry":{"type":"Point","coordinates":[-91.4092486,44.7655419]},"properties":{"name":"","highway":"motorway"}},{"type":"Feature","geometry":{"type":"Point","coordinates":[-91.4091883,44.7658232]},"properties":{"name":"","highway":"motorway"}},{"type":"Feature","geometry":{"type":"Point","coordinates":[-91.649443,44.8538836]},"properties":{"name":"","highway":"motorway"}},{"type":"Feature","geometry":{"type":"Point","coordinates":[-91.6495613,44.8536922]},"properties":{"name":"","highway":"motorway"}},{"type":"Feature","geometry":{"type":"Point","coordinates":[-91.5213448,44.774407]},"properties":{"name":"","highway":"motorway"}},{"type":"Feature","geometry":{"type":"Point","coordinates":[-91.5214606,44.7741713]},"properties":{"name":"","highway":"motorway"}},{"type":"Feature","geometry":{"type":"Point","coordinates":[-91.4827521,44.7659491]},"properties":{"name":"","highway":"motorway"}},{"type":"Feature","geometry":{"type":"Point","coordinates":[-91.4826652,44.765572]},"properties":{"name":"","highway":"motorway"}},{"type":"Feature","geometry":{"type":"Point","coordinates":[-89.5242748,42.9279102]},"properties":{"name":"","highway":"footway"}},{"type":"Feature","geometry":{"type":"Point","coordinates":[-90.9639458,44.3620388]},"properties":{"name":"South Pole Grove Road","highway":"unclassified"}},{"type":"Feature","geometry":{"type":"Point","coordinates":[-87.9234381,43.1974077]},"properties":{"name":"North Port Washington Road","highway":"secondary"}},{"type":"Feature","geometry":{"type":"Point","coordinates":[-89.5728956,42.9868119]},"properties":{"name":"","highway":"motorway"}},{"type":"Feature","geometry":{"type":"Point","coordinates":[-89.5728913,42.9870254]},"properties":{"name":"","highway":"motorway"}},{"type":"Feature","geometry":{"type":"Point","coordinates":[-87.9810031,43.2216336]},"properties":{"name":"West Mequon Road","highway":"primary"}},{"type":"Feature","geometry":{"type":"Point","coordinates":[-88.0633615,44.5582875]},"properties":{"name":"Velp Avenue","highway":"tertiary"}},{"type":"Feature","geometry":{"type":"Point","coordinates":[-88.0496739,44.5649313]},"properties":{"name":"","highway":"motorway"}},{"type":"Feature","geometry":{"type":"Point","coordinates":[-88.0476321,44.6315359]},"properties":{"name":"","highway":"motorway"}},{"type":"Feature","geometry":{"type":"Point","coordinates":[-88.04791,44.6316749]},"properties":{"name":"","highway":"motorway"}},{"type":"Feature","geometry":{"type":"Point","coordinates":[-87.9384793,44.8208546]},"properties":{"name":"","highway":"trunk"}},{"type":"Feature","geometry":{"type":"Point","coordinates":[-87.9388293,44.8209277]},"properties":{"name":"","highway":"trunk"}},{"type":"Feature","geometry":{"type":"Point","coordinates":[-88.0101101,44.4620984]},"properties":{"name":"","highway":"motorway"}},{"type":"Feature","geometry":{"type":"Point","coordinates":[-88.0099559,44.4623047]},"properties":{"name":"","highway":"motorway"}},{"type":"Feature","geometry":{"type":"Point","coordinates":[-87.7594362,43.7418919]},"properties":{"name":"Lower Falls Road","highway":"secondary"}},{"type":"Feature","geometry":{"type":"Point","coordinates":[-87.7473576,43.7406396]},"properties":{"name":"Lower Falls Road","highway":"secondary"}},{"type":"Feature","geometry":{"type":"Point","coordinates":[-87.7476022,43.7405785]},"properties":{"name":"Lower Falls Road","highway":"secondary"}},{"type":"Feature","geometry":{"type":"Point","coordinates":[-87.7445459,43.7410156]},"properties":{"name":"South Taylor Drive","highway":"secondary"}},{"type":"Feature","geometry":{"type":"Point","coordinates":[-87.7447648,43.7410103]},"properties":{"name":"South Taylor Drive","highway":"secondary"}},{"type":"Feature","geometry":{"type":"Point","coordinates":[-87.7605167,43.7346146]},"properties":{"name":"County Road A","highway":"tertiary"}},{"type":"Feature","geometry":{"type":"Point","coordinates":[-87.7591391,43.7413981]},"properties":{"name":"","highway":"motorway"}},{"type":"Feature","geometry":{"type":"Point","coordinates":[-87.759375,43.7413514]},"properties":{"name":"","highway":"motorway"}},{"type":"Feature","geometry":{"type":"Point","coordinates":[-87.7129544,43.744466]},"properties":{"name":"South 8th Street","highway":"secondary"}},{"type":"Feature","geometry":{"type":"Point","coordinates":[-87.7169083,43.7497896]},"properties":{"name":"Pennsylvania Avenue","highway":"tertiary"}},{"type":"Feature","geometry":{"type":"Point","coordinates":[-87.7299019,43.7465232]},"properties":{"name":"New Jersey Avenue","highway":"residential"}},{"type":"Feature","geometry":{"type":"Point","coordinates":[-87.7229423,43.7553768]},"properties":{"name":"North 14th Street","highway":"primary"}},{"type":"Feature","geometry":{"type":"Point","coordinates":[-87.7213749,43.7550103]},"properties":{"name":"Shoreland 400 Rail Trail","highway":"cycleway"}},{"type":"Feature","geometry":{"type":"Point","coordinates":[-90.3649312,43.4470115]},"properties":{"name":"","highway":"footway"}},{"type":"Feature","geometry":{"type":"Point","coordinates":[-90.3622818,43.4455634]},"properties":{"name":"State Highway 80","highway":"primary"}},{"type":"Feature","geometry":{"type":"Point","coordinates":[-87.7129887,44.1089262]},"properties":{"name":"Waldo Boulevard","highway":"primary"}},{"type":"Feature","geometry":{"type":"Point","coordinates":[-88.0950533,44.5457962]},"properties":{"name":"","highway":"motorway"}},{"type":"Feature","geometry":{"type":"Point","coordinates":[-88.0948447,44.5459105]},"properties":{"name":"","highway":"motorway"}},{"type":"Feature","geometry":{"type":"Point","coordinates":[-87.8946951,44.886103]},"properties":{"name":"","highway":"motorway"}},{"type":"Feature","geometry":{"type":"Point","coordinates":[-87.8948752,44.8860573]},"properties":{"name":"","highway":"motorway"}},{"type":"Feature","geometry":{"type":"Point","coordinates":[-88.0079847,44.4677809]},"properties":{"name":"East River Trail","highway":"path"}},{"type":"Feature","geometry":{"type":"Point","coordinates":[-88.0082802,44.4745815]},"properties":{"name":"East Allouez Avenue","highway":"tertiary"}},{"type":"Feature","geometry":{"type":"Point","coordinates":[-87.9902917,44.5046568]},"properties":{"name":"","highway":"footway"}},{"type":"Feature","geometry":{"type":"Point","coordinates":[-87.9930738,44.50989]},"properties":{"name":"North Baird Street","highway":"tertiary"}},{"type":"Feature","geometry":{"type":"Point","coordinates":[-87.9894287,44.5047167]},"properties":{"name":"","highway":"footway"}},{"type":"Feature","geometry":{"type":"Point","coordinates":[-92.1387045,46.7296918]},"properties":{"name":"Bong Memorial Bridge","highway":"motorway"}},{"type":"Feature","geometry":{"type":"Point","coordinates":[-91.3424362,44.7015267]},"properties":{"name":"","highway":"motorway"}},{"type":"Feature","geometry":{"type":"Point","coordinates":[-91.3262123,44.6793408]},"properties":{"name":"","highway":"motorway"}},{"type":"Feature","geometry":{"type":"Point","coordinates":[-91.3266474,44.6793252]},"properties":{"name":"","highway":"motorway"}},{"type":"Feature","geometry":{"type":"Point","coordinates":[-91.212197,44.5887508]},"properties":{"name":"","highway":"motorway"}},{"type":"Feature","geometry":{"type":"Point","coordinates":[-91.2118973,44.588867]},"properties":{"name":"","highway":"motorway"}},{"type":"Feature","geometry":{"type":"Point","coordinates":[-91.1630846,44.546572]},"properties":{"name":"","highway":"motorway"}},{"type":"Feature","geometry":{"type":"Point","coordinates":[-91.1615972,44.5464759]},"properties":{"name":"","highway":"motorway"}},{"type":"Feature","geometry":{"type":"Point","coordinates":[-90.9234914,44.3450113]},"properties":{"name":"","highway":"motorway"}},{"type":"Feature","geometry":{"type":"Point","coordinates":[-90.9235142,44.3452891]},"properties":{"name":"","highway":"motorway"}},{"type":"Feature","geometry":{"type":"Point","coordinates":[-89.689777,43.1170329]},"properties":{"name":"","highway":"unclassified"}},{"type":"Feature","geometry":{"type":"Point","coordinates":[-90.0637756,42.6828441]},"properties":{"name":"Wildcat Road","highway":"residential"}},{"type":"Feature","geometry":{"type":"Point","coordinates":[-88.1038895,43.1730008]},"properties":{"name":"Pilgrim Road","highway":"tertiary"}},{"type":"Feature","geometry":{"type":"Point","coordinates":[-88.1036696,43.1729928]},"properties":{"name":"Pilgrim Road","highway":"tertiary"}},{"type":"Feature","geometry":{"type":"Point","coordinates":[-92.1006687,46.7512468]},"properties":{"name":"","highway":"footway"}},{"type":"Feature","geometry":{"type":"Point","coordinates":[-87.8987055,43.0891131]},"properties":{"name":"East Capitol Drive","highway":"primary"}},{"type":"Feature","geometry":{"type":"Point","coordinates":[-92.3998663,44.8213187]},"properties":{"name":"780th Avenue","highway":"residential"}},{"type":"Feature","geometry":{"type":"Point","coordinates":[-89.660946,42.6529286]},"properties":{"name":"County Road N","highway":"tertiary"}},{"type":"Feature","geometry":{"type":"Point","coordinates":[-92.674947,45.019936]},"properties":{"name":"Burkhardt Trail","highway":"footway"}},{"type":"Feature","geometry":{"type":"Point","coordinates":[-87.9663156,43.0263968]},"properties":{"name":"Frederick Miller Way","highway":"tertiary"}},{"type":"Feature","geometry":{"type":"Point","coordinates":[-87.9663222,43.0265008]},"properties":{"name":"","highway":"path"}},{"type":"Feature","geometry":{"type":"Point","coordinates":[-87.9729773,43.0417676]},"properties":{"name":"","highway":"motorway_link"}},{"type":"Feature","geometry":{"type":"Point","coordinates":[-87.9733366,43.0418036]},"properties":{"name":"","highway":"motorway_link"}},{"type":"Feature","geometry":{"type":"Point","coordinates":[-87.9732157,43.0426468]},"properties":{"name":"","highway":"motorway"}},{"type":"Feature","geometry":{"type":"Point","coordinates":[-87.8934364,43.0710962]},"properties":{"name":"East Locust Street","highway":"secondary"}},{"type":"Feature","geometry":{"type":"Point","coordinates":[-92.236982,44.8421683]},"properties":{"name":"Eau Galle Road","highway":"residential"}},{"type":"Feature","geometry":{"type":"Point","coordinates":[-90.0644935,43.1346958]},"properties":{"name":"State Highway 23","highway":"primary"}},{"type":"Feature","geometry":{"type":"Point","coordinates":[-89.5341765,42.9800852]},"properties":{"name":"South Main Street","highway":"secondary"}},{"type":"Feature","geometry":{"type":"Point","coordinates":[-89.5189711,42.9904194]},"properties":{"name":"","highway":"cycleway"}},{"type":"Feature","geometry":{"type":"Point","coordinates":[-89.5116705,42.9921053]},"properties":{"name":"","highway":"motorway"}},{"type":"Feature","geometry":{"type":"Point","coordinates":[-89.5136711,42.9919924]},"properties":{"name":"Old County Road PB","highway":"tertiary"}},{"type":"Feature","geometry":{"type":"Point","coordinates":[-89.5113405,42.992096]},"properties":{"name":"","highway":"motorway"}},{"type":"Feature","geometry":{"type":"Point","coordinates":[-89.557188,42.957091]},"properties":{"name":"","highway":"service"}},{"type":"Feature","geometry":{"type":"Point","coordinates":[-89.5661695,42.9729401]},"properties":{"name":"Valley Road","highway":"residential"}},{"type":"Feature","geometry":{"type":"Point","coordinates":[-89.5426337,42.9728205]},"properties":{"name":"","highway":"service"}},{"type":"Feature","geometry":{"type":"Point","coordinates":[-89.5484165,42.9646156]},"properties":{"name":"State Highway 69","highway":"primary"}},{"type":"Feature","geometry":{"type":"Point","coordinates":[-89.5391997,42.9771003]},"properties":{"name":"Bruce Street","highway":"residential"}},{"type":"Feature","geometry":{"type":"Point","coordinates":[-92.6560449,45.0249937]},"properties":{"name":"County Highway A","highway":"secondary"}},{"type":"Feature","geometry":{"type":"Point","coordinates":[-89.681969,42.7852044]},"properties":{"name":"Disch Road","highway":"residential"}},{"type":"Feature","geometry":{"type":"Point","coordinates":[-87.9092256,43.0373975]},"properties":{"name":"","highway":"footway"}},{"type":"Feature","geometry":{"type":"Point","coordinates":[-92.4437437,44.586107]},"properties":{"name":"Great River Road","highway":"primary"}},{"type":"Feature","geometry":{"type":"Point","coordinates":[-89.5265169,43.3102233]},"properties":{"name":"Pleasant Street","highway":"tertiary"}},{"type":"Feature","geometry":{"type":"Point","coordinates":[-89.525885,43.3142214]},"properties":{"name":"Portage Street","highway":"primary"}},{"type":"Feature","geometry":{"type":"Point","coordinates":[-89.5250666,43.3135316]},"properties":{"name":"Spring Street","highway":"residential"}},{"type":"Feature","geometry":{"type":"Point","coordinates":[-89.5281985,43.3167852]},"properties":{"name":"Fair Street","highway":"residential"}},{"type":"Feature","geometry":{"type":"Point","coordinates":[-89.5296297,43.318021]},"properties":{"name":"","highway":"path"}},{"type":"Feature","geometry":{"type":"Point","coordinates":[-89.5379237,43.3282]},"properties":{"name":"County Highway J","highway":"secondary"}},{"type":"Feature","geometry":{"type":"Point","coordinates":[-87.9177399,43.1035781]},"properties":{"name":"North-South Freeway","highway":"motorway"}},{"type":"Feature","geometry":{"type":"Point","coordinates":[-87.9180176,43.1035813]},"properties":{"name":"North-South Freeway","highway":"motorway"}},{"type":"Feature","geometry":{"type":"Point","coordinates":[-87.4769766,44.6625598]},"properties":{"name":"Ahnapee State Trail","highway":"cycleway"}},{"type":"Feature","geometry":{"type":"Point","coordinates":[-87.4357221,44.6102288]},"properties":{"name":"2nd Street","highway":"secondary"}},{"type":"Feature","geometry":{"type":"Point","coordinates":[-87.4386081,44.6115355]},"properties":{"name":"4th Street","highway":"primary"}},{"type":"Feature","geometry":{"type":"Point","coordinates":[-90.0784601,42.9240365]},"properties":{"name":"County Road Y","highway":"tertiary"}},{"type":"Feature","geometry":{"type":"Point","coordinates":[-92.6390489,45.036176]},"properties":{"name":"County Highway E","highway":"tertiary"}},{"type":"Feature","geometry":{"type":"Point","coordinates":[-92.5985299,45.0785865]},"properties":{"name":"100th Street","highway":"residential"}},{"type":"Feature","geometry":{"type":"Point","coordinates":[-92.6147191,45.0645377]},"properties":{"name":"140th Avenue","highway":"residential"}},{"type":"Feature","geometry":{"type":"Point","coordinates":[-92.622651,45.0456166]},"properties":{"name":"County Road A","highway":"secondary"}},{"type":"Feature","geometry":{"type":"Point","coordinates":[-92.7212592,45.0042067]},"properties":{"name":"Trout Brook Road","highway":"residential"}},{"type":"Feature","geometry":{"type":"Point","coordinates":[-92.7205175,45.0021245]},"properties":{"name":"Trout Brook Road","highway":"residential"}},{"type":"Feature","geometry":{"type":"Point","coordinates":[-89.9771773,43.0726739]},"properties":{"name":"Mill Road","highway":"residential"}},{"type":"Feature","geometry":{"type":"Point","coordinates":[-89.9681296,43.0710481]},"properties":{"name":"Mill Road","highway":"residential"}},{"type":"Feature","geometry":{"type":"Point","coordinates":[-89.9764531,43.0817723]},"properties":{"name":"County Road H/T","highway":"tertiary"}},{"type":"Feature","geometry":{"type":"Point","coordinates":[-89.3465757,44.8818998]},"properties":{"name":"State Highway 29","highway":"trunk"}},{"type":"Feature","geometry":{"type":"Point","coordinates":[-89.3464912,44.8813644]},"properties":{"name":"","highway":"trunk_link"}},{"type":"Feature","geometry":{"type":"Point","coordinates":[-89.6955487,44.9553419]},"properties":{"name":"Stewart Avenue","highway":"tertiary"}},{"type":"Feature","geometry":{"type":"Point","coordinates":[-89.6951868,44.9541741]},"properties":{"name":"","highway":"motorway"}},{"type":"Feature","geometry":{"type":"Point","coordinates":[-89.6950834,44.9538747]},"properties":{"name":"","highway":"motorway"}},{"type":"Feature","geometry":{"type":"Point","coordinates":[-89.6982262,44.9608305]},"properties":{"name":"Stettin Drive","highway":"tertiary"}},{"type":"Feature","geometry":{"type":"Point","coordinates":[-87.8213303,42.6082004]},"properties":{"name":"","highway":"cycleway"}},{"type":"Feature","geometry":{"type":"Point","coordinates":[-87.8722575,42.6641542]},"properties":{"name":"State Highway 31","highway":"primary"}},{"type":"Feature","geometry":{"type":"Point","coordinates":[-87.8720322,42.6641226]},"properties":{"name":"State Highway 31","highway":"primary"}},{"type":"Feature","geometry":{"type":"Point","coordinates":[-90.8204848,43.9307934]},"properties":{"name":"South Black River Street","highway":"primary"}},{"type":"Feature","geometry":{"type":"Point","coordinates":[-90.7813859,43.9321146]},"properties":{"name":"","highway":"motorway"}},{"type":"Feature","geometry":{"type":"Point","coordinates":[-90.7815418,43.932326]},"properties":{"name":"","highway":"motorway"}},{"type":"Feature","geometry":{"type":"Point","coordinates":[-90.8519608,43.9152878]},"properties":{"name":"","highway":"motorway"}},{"type":"Feature","geometry":{"type":"Point","coordinates":[-90.8522765,43.9155709]},"properties":{"name":"Iberia Avenue","highway":"unclassified"}},{"type":"Feature","geometry":{"type":"Point","coordinates":[-90.8519072,43.915052]},"properties":{"name":"","highway":"motorway"}},{"type":"Feature","geometry":{"type":"Point","coordinates":[-90.8502625,43.914069]},"properties":{"name":"Icebox Road","highway":"residential"}},{"type":"Feature","geometry":{"type":"Point","coordinates":[-91.0003009,43.8859894]},"properties":{"name":"","highway":"motorway"}},{"type":"Feature","geometry":{"type":"Point","coordinates":[-91.0003155,43.8862259]},"properties":{"name":"","highway":"motorway"}},{"type":"Feature","geometry":{"type":"Point","coordinates":[-90.8510021,43.3191002]},"properties":{"name":"State Highway 171","highway":"secondary"}},{"type":"Feature","geometry":{"type":"Point","coordinates":[-87.9256314,43.1041983]},"properties":{"name":"West Hampton Avenue","highway":"secondary"}},{"type":"Feature","geometry":{"type":"Point","coordinates":[-87.9256328,43.10413]},"properties":{"name":"","highway":"footway"}},{"type":"Feature","geometry":{"type":"Point","coordinates":[-89.669762,43.1160889]},"properties":{"name":"US Highway 14","highway":"primary"}},{"type":"Feature","geometry":{"type":"Point","coordinates":[-89.6641427,43.1151507]},"properties":{"name":"US Highway 14","highway":"primary"}},{"type":"Feature","geometry":{"type":"Point","coordinates":[-87.8979135,43.0575296]},"properties":{"name":"","highway":"tertiary_link"}},{"type":"Feature","geometry":{"type":"Point","coordinates":[-87.9256174,43.1042888]},"properties":{"name":"","highway":"cycleway"}},{"type":"Feature","geometry":{"type":"Point","coordinates":[-88.0849114,44.5467304]},"properties":{"name":"Cardinal Lane","highway":"tertiary"}},{"type":"Feature","geometry":{"type":"Point","coordinates":[-89.9770165,42.8962889]},"properties":{"name":"Banner Road","highway":"residential"}},{"type":"Feature","geometry":{"type":"Point","coordinates":[-89.9819993,42.8944535]},"properties":{"name":"","highway":"service"}},{"type":"Feature","geometry":{"type":"Point","coordinates":[-89.7941905,42.7217753]},"properties":{"name":"Biggs Road","highway":"residential"}},{"type":"Feature","geometry":{"type":"Point","coordinates":[-89.6044395,42.7985975]},"properties":{"name":"","highway":"path"}},{"type":"Feature","geometry":{"type":"Point","coordinates":[-89.6060615,42.7980909]},"properties":{"name":"","highway":"path"}},{"type":"Feature","geometry":{"type":"Point","coordinates":[-89.6051978,42.7982247]},"properties":{"name":"","highway":"path"}},{"type":"Feature","geometry":{"type":"Point","coordinates":[-89.6046115,42.8231146]},"properties":{"name":"Farm Lane","highway":"residential"}},{"type":"Feature","geometry":{"type":"Point","coordinates":[-87.9096952,43.0338237]},"properties":{"name":"","highway":"footway"}},{"type":"Feature","geometry":{"type":"Point","coordinates":[-87.8945456,43.0578766]},"properties":{"name":"","highway":"footway"}},{"type":"Feature","geometry":{"type":"Point","coordinates":[-89.5297796,42.9003776]},"properties":{"name":"County Road A","highway":"tertiary"}},{"type":"Feature","geometry":{"type":"Point","coordinates":[-91.953879,44.8363061]},"properties":{"name":"County Road D","highway":"secondary"}},{"type":"Feature","geometry":{"type":"Point","coordinates":[-87.9703677,43.0422791]},"properties":{"name":"North 45th Street","highway":"residential"}},{"type":"Feature","geometry":{"type":"Point","coordinates":[-92.7333151,44.8310363]},"properties":{"name":"County Road F","highway":"secondary"}},{"type":"Feature","geometry":{"type":"Point","coordinates":[-91.4818037,46.0090584]},"properties":{"name":"State Highway 27","highway":"primary"}},{"type":"Feature","geometry":{"type":"Point","coordinates":[-90.1719465,42.856751]},"properties":{"name":"Old Darlington Road","highway":"residential"}},{"type":"Feature","geometry":{"type":"Point","coordinates":[-90.7093019,43.1712048]},"properties":{"name":"US Highway 61","highway":"trunk"}},{"type":"Feature","geometry":{"type":"Point","coordinates":[-90.7000039,43.1698348]},"properties":{"name":"State Highway 60","highway":"primary"}},{"type":"Feature","geometry":{"type":"Point","coordinates":[-87.915161,42.9952193]},"properties":{"name":"North-South Freeway","highway":"motorway"}},{"type":"Feature","geometry":{"type":"Point","coordinates":[-87.9149585,42.9952636]},"properties":{"name":"North-South Freeway","highway":"motorway"}},{"type":"Feature","geometry":{"type":"Point","coordinates":[-87.9506565,42.9917638]},"properties":{"name":"South 29th Street","highway":"residential"}},{"type":"Feature","geometry":{"type":"Point","coordinates":[-87.9483557,42.9916109]},"properties":{"name":"South 27th Street","highway":"primary"}},{"type":"Feature","geometry":{"type":"Point","coordinates":[-87.952319,42.9908628]},"properties":{"name":"West Kinnickinnic River Parkway","highway":"residential"}},{"type":"Feature","geometry":{"type":"Point","coordinates":[-87.9481458,42.9915318]},"properties":{"name":"South 27th Street","highway":"primary"}},{"type":"Feature","geometry":{"type":"Point","coordinates":[-91.0480457,44.4085139]},"properties":{"name":"Fall Coulee Road","highway":"residential"}},{"type":"Feature","geometry":{"type":"Point","coordinates":[-87.9598671,42.99397]},"properties":{"name":"West Forest Home Avenue","highway":"primary"}},{"type":"Feature","geometry":{"type":"Point","coordinates":[-87.9598131,42.9938521]},"properties":{"name":"West Forest Home Avenue","highway":"primary"}},{"type":"Feature","geometry":{"type":"Point","coordinates":[-87.9337092,42.9937059]},"properties":{"name":"South 16th Street","highway":"tertiary"}},{"type":"Feature","geometry":{"type":"Point","coordinates":[-90.9873381,43.0430203]},"properties":{"name":"State Highway 60","highway":"primary"}},{"type":"Feature","geometry":{"type":"Point","coordinates":[-90.8048121,43.1099334]},"properties":{"name":"State Highway 60","highway":"primary"}},{"type":"Feature","geometry":{"type":"Point","coordinates":[-90.4550985,43.226906]},"properties":{"name":"State Highway 193","highway":"primary"}},{"type":"Feature","geometry":{"type":"Point","coordinates":[-87.9650484,43.0386774]},"properties":{"name":"West Bluemound Road","highway":"unclassified"}},{"type":"Feature","geometry":{"type":"Point","coordinates":[-87.9677136,43.0329363]},"properties":{"name":"","highway":"motorway_link"}},{"type":"Feature","geometry":{"type":"Point","coordinates":[-87.9677315,43.0330522]},"properties":{"name":"East-West Freeway","highway":"motorway"}},{"type":"Feature","geometry":{"type":"Point","coordinates":[-89.4476628,42.8246055]},"properties":{"name":"Freidig Road","highway":"residential"}},{"type":"Feature","geometry":{"type":"Point","coordinates":[-89.4455634,42.8271881]},"properties":{"name":"State Highway 92","highway":"secondary"}},{"type":"Feature","geometry":{"type":"Point","coordinates":[-87.9119877,43.0028614]},"properties":{"name":"West Lincoln Avenue","highway":"tertiary"}},{"type":"Feature","geometry":{"type":"Point","coordinates":[-87.9113987,43.002231]},"properties":{"name":"South 1st Street","highway":"tertiary"}},{"type":"Feature","geometry":{"type":"Point","coordinates":[-89.4876276,42.8279101]},"properties":{"name":"State Highway 92","highway":"secondary"}},{"type":"Feature","geometry":{"type":"Point","coordinates":[-87.9185657,43.1032926]},"properties":{"name":"","highway":"motorway_link"}},{"type":"Feature","geometry":{"type":"Point","coordinates":[-89.5724475,42.6343299]},"properties":{"name":"State Highway 59","highway":"secondary"}},{"type":"Feature","geometry":{"type":"Point","coordinates":[-91.4221088,44.7783905]},"properties":{"name":"County Highway AA","highway":"secondary"}},{"type":"Feature","geometry":{"type":"Point","coordinates":[-91.9359295,44.641715]},"properties":{"name":"State Highway 85","highway":"primary"}},{"type":"Feature","geometry":{"type":"Point","coordinates":[-88.0547332,43.1047284]},"properties":{"name":"West Hampton Avenue","highway":"secondary"}},{"type":"Feature","geometry":{"type":"Point","coordinates":[-88.0547481,43.1048641]},"properties":{"name":"West Hampton Avenue","highway":"secondary"}},{"type":"Feature","geometry":{"type":"Point","coordinates":[-91.5006572,44.7727813]},"properties":{"name":"County Highway F","highway":"tertiary"}},{"type":"Feature","geometry":{"type":"Point","coordinates":[-91.5954168,46.6800616]},"properties":{"name":"State Highway 13","highway":"primary"}},{"type":"Feature","geometry":{"type":"Point","coordinates":[-88.0499863,44.8585302]},"properties":{"name":"","highway":"footway"}},{"type":"Feature","geometry":{"type":"Point","coordinates":[-87.9124695,42.9969583]},"properties":{"name":"South Chase Avenue","highway":"primary"}},{"type":"Feature","geometry":{"type":"Point","coordinates":[-87.9178171,43.0336017]},"properties":{"name":"","highway":"service"}},{"type":"Feature","geometry":{"type":"Point","coordinates":[-90.7751403,43.9174215]},"properties":{"name":"Elroy-Sparta State Trail","highway":"cycleway"}},{"type":"Feature","geometry":{"type":"Point","coordinates":[-89.7022789,45.6382305]},"properties":{"name":"","highway":"trunk"}},{"type":"Feature","geometry":{"type":"Point","coordinates":[-87.9580657,42.9907142]},"properties":{"name":"South 35th Street","highway":"secondary"}},{"type":"Feature","geometry":{"type":"Point","coordinates":[-87.9214081,42.9969197]},"properties":{"name":"","highway":"path"}},{"type":"Feature","geometry":{"type":"Point","coordinates":[-87.9357707,42.9956757]},"properties":{"name":"West Cleveland Avenue","highway":"tertiary"}},{"type":"Feature","geometry":{"type":"Point","coordinates":[-87.9336278,42.9971728]},"properties":{"name":"South 16th Street","highway":"tertiary"}},{"type":"Feature","geometry":{"type":"Point","coordinates":[-87.9348681,42.9974564]},"properties":{"name":"","highway":"cycleway"}},{"type":"Feature","geometry":{"type":"Point","coordinates":[-87.9189023,42.9962736]},"properties":{"name":"South 6th Street","highway":"tertiary"}},{"type":"Feature","geometry":{"type":"Point","coordinates":[-87.9285935,42.9971075]},"properties":{"name":"South 13th Street","highway":"tertiary"}},{"type":"Feature","geometry":{"type":"Point","coordinates":[-87.9260801,42.9973657]},"properties":{"name":"","highway":"footway"}},{"type":"Feature","geometry":{"type":"Point","coordinates":[-87.9607798,42.9960135]},"properties":{"name":"West Kinnickinnic River Parkway","highway":"unclassified"}},{"type":"Feature","geometry":{"type":"Point","coordinates":[-87.9237398,42.9974532]},"properties":{"name":"South 9th Place","highway":"residential"}},{"type":"Feature","geometry":{"type":"Point","coordinates":[-87.9603356,43.0245159]},"properties":{"name":"Hank Aaron State Trail","highway":"cycleway"}},{"type":"Feature","geometry":{"type":"Point","coordinates":[-87.8056182,42.7270082]},"properties":{"name":"North Horlick Drive","highway":"residential"}},{"type":"Feature","geometry":{"type":"Point","coordinates":[-87.8041793,42.7320173]},"properties":{"name":"Spring Street","highway":"secondary"}},{"type":"Feature","geometry":{"type":"Point","coordinates":[-88.3806599,44.9990316]},"properties":{"name":"State Highway 32","highway":"primary"}},{"type":"Feature","geometry":{"type":"Point","coordinates":[-88.4205244,45.1273937]},"properties":{"name":"State Highway 32","highway":"primary"}},{"type":"Feature","geometry":{"type":"Point","coordinates":[-88.3146701,42.8598788]},"properties":{"name":"","highway":"cycleway"}},{"type":"Feature","geometry":{"type":"Point","coordinates":[-88.3145483,42.8598731]},"properties":{"name":"Holz Parkway","highway":"residential"}},{"type":"Feature","geometry":{"type":"Point","coordinates":[-88.0099555,43.0493718]},"properties":{"name":"Harmonee Avenue","highway":"secondary"}},{"type":"Feature","geometry":{"type":"Point","coordinates":[-88.0084245,43.0492823]},"properties":{"name":"","highway":"pedestrian"}},{"type":"Feature","geometry":{"type":"Point","coordinates":[-88.0036006,43.0448475]},"properties":{"name":"","highway":"cycleway"}},{"type":"Feature","geometry":{"type":"Point","coordinates":[-88.0026771,43.0442294]},"properties":{"name":"","highway":"cycleway"}},{"type":"Feature","geometry":{"type":"Point","coordinates":[-88.008037,43.0488746]},"properties":{"name":"","highway":"cycleway"}},{"type":"Feature","geometry":{"type":"Point","coordinates":[-88.0114708,43.0498024]},"properties":{"name":"","highway":"cycleway"}},{"type":"Feature","geometry":{"type":"Point","coordinates":[-87.8751721,42.697644]},"properties":{"name":"Durand Avenue","highway":"primary"}},{"type":"Feature","geometry":{"type":"Point","coordinates":[-87.90877,43.1006972]},"properties":{"name":"","highway":"cycleway"}},{"type":"Feature","geometry":{"type":"Point","coordinates":[-87.8918963,42.6252827]},"properties":{"name":"18th Street","highway":"residential"}},{"type":"Feature","geometry":{"type":"Point","coordinates":[-87.876084,42.6550519]},"properties":{"name":"Green Bay Road","highway":"primary"}},{"type":"Feature","geometry":{"type":"Point","coordinates":[-87.897127,42.5888322]},"properties":{"name":"52nd Street","highway":"primary"}},{"type":"Feature","geometry":{"type":"Point","coordinates":[-87.8740808,42.7038259]},"properties":{"name":"Racine-Sturtevant Trail","highway":"cycleway"}},{"type":"Feature","geometry":{"type":"Point","coordinates":[-87.8241228,42.7518106]},"properties":{"name":"Northwestern Avenue","highway":"primary"}},{"type":"Feature","geometry":{"type":"Point","coordinates":[-87.7856839,42.7316421]},"properties":{"name":"State Street","highway":"primary"}},{"type":"Feature","geometry":{"type":"Point","coordinates":[-87.7846014,42.7339279]},"properties":{"name":"North Main Street","highway":"primary"}},{"type":"Feature","geometry":{"type":"Point","coordinates":[-87.7989597,42.7238035]},"properties":{"name":"North Memorial Drive","highway":"secondary"}},{"type":"Feature","geometry":{"type":"Point","coordinates":[-87.8222546,42.6248601]},"properties":{"name":"Campus Drive","highway":"residential"}},{"type":"Feature","geometry":{"type":"Point","coordinates":[-87.8247238,42.6219649]},"properties":{"name":"","highway":"cycleway"}},{"type":"Feature","geometry":{"type":"Point","coordinates":[-87.9999317,43.0454661]},"properties":{"name":"North 70th Street","highway":"residential"}},{"type":"Feature","geometry":{"type":"Point","coordinates":[-90.8898143,44.2843488]},"properties":{"name":"County Highway C","highway":"secondary"}},{"type":"Feature","geometry":{"type":"Point","coordinates":[-87.8242231,42.7517142]},"properties":{"name":"Northwestern Avenue","highway":"primary"}},{"type":"Feature","geometry":{"type":"Point","coordinates":[-92.2830907,46.6592888]},"properties":{"name":"West 3rd Street","highway":"secondary"}},{"type":"Feature","geometry":{"type":"Point","coordinates":[-88.4798141,43.1431444]},"properties":{"name":"County Highway K","highway":"tertiary"}},{"type":"Feature","geometry":{"type":"Point","coordinates":[-88.4791747,43.1329134]},"properties":{"name":"","highway":"motorway"}},{"type":"Feature","geometry":{"type":"Point","coordinates":[-88.4789063,43.1328527]},"properties":{"name":"","highway":"motorway"}},{"type":"Feature","geometry":{"type":"Point","coordinates":[-92.1284212,44.5684767]},"properties":{"name":"County Highway SS","highway":"tertiary"}},{"type":"Feature","geometry":{"type":"Point","coordinates":[-92.2385845,44.8491817]},"properties":{"name":"McKay Avenue","highway":"residential"}},{"type":"Feature","geometry":{"type":"Point","coordinates":[-92.1474822,44.7843496]},"properties":{"name":"North Public Street","highway":"secondary"}},{"type":"Feature","geometry":{"type":"Point","coordinates":[-92.4019338,44.8476797]},"properties":{"name":"State Highway 29","highway":"primary"}},{"type":"Feature","geometry":{"type":"Point","coordinates":[-92.408899,44.8677079]},"properties":{"name":"4th Avenue","highway":"tertiary"}},{"type":"Feature","geometry":{"type":"Point","coordinates":[-92.5597087,44.8493911]},"properties":{"name":"850th Street","highway":"residential"}},{"type":"Feature","geometry":{"type":"Point","coordinates":[-87.922768,43.0316926]},"properties":{"name":"North-South Freeway","highway":"motorway"}},{"type":"Feature","geometry":{"type":"Point","coordinates":[-90.333567,45.2285936]},"properties":{"name":"Settlement Drive","highway":"residential"}},{"type":"Feature","geometry":{"type":"Point","coordinates":[-90.2152209,45.312326]},"properties":{"name":"State Highway 102","highway":"secondary"}},{"type":"Feature","geometry":{"type":"Point","coordinates":[-90.2148801,45.3117676]},"properties":{"name":"State Road","highway":"residential"}},{"type":"Feature","geometry":{"type":"Point","coordinates":[-90.2972742,45.3502683]},"properties":{"name":"Business Highway 13","highway":"tertiary"}},{"type":"Feature","geometry":{"type":"Point","coordinates":[-90.296454,45.3449534]},"properties":{"name":"Pine Line Trail","highway":"path"}},{"type":"Feature","geometry":{"type":"Point","coordinates":[-90.2973258,45.3424627]},"properties":{"name":"State Highway 13","highway":"primary"}},{"type":"Feature","geometry":{"type":"Point","coordinates":[-90.2907692,45.3533086]},"properties":{"name":"County Road D","highway":"tertiary"}},{"type":"Feature","geometry":{"type":"Point","coordinates":[-90.3034536,45.3529463]},"properties":{"name":"State Highway 13","highway":"primary"}},{"type":"Feature","geometry":{"type":"Point","coordinates":[-92.1087214,44.5592783]},"properties":{"name":"Elk Creek Road","highway":"unclassified"}},{"type":"Feature","geometry":{"type":"Point","coordinates":[-89.0923226,44.3663313]},"properties":{"name":"North Harrison Street","highway":"primary"}},{"type":"Feature","geometry":{"type":"Point","coordinates":[-89.0811404,44.357143]},"properties":{"name":"South State Street","highway":"tertiary"}},{"type":"Feature","geometry":{"type":"Point","coordinates":[-89.0834108,44.3604069]},"properties":{"name":"Mill Street","highway":"tertiary"}},{"type":"Feature","geometry":{"type":"Point","coordinates":[-89.2859209,44.4382747]},"properties":{"name":"US Highway 10","highway":"motorway"}},{"type":"Feature","geometry":{"type":"Point","coordinates":[-89.2858033,44.4377199]},"properties":{"name":"","highway":"motorway_link"}},{"type":"Feature","geometry":{"type":"Point","coordinates":[-89.2859463,44.4380503]},"properties":{"name":"US Highway 10","highway":"motorway"}},{"type":"Feature","geometry":{"type":"Point","coordinates":[-89.2857495,44.438593]},"properties":{"name":"","highway":"motorway_link"}},{"type":"Feature","geometry":{"type":"Point","coordinates":[-92.2010905,46.6567893]},"properties":{"name":"Oliver Bridge","highway":"secondary"}},{"type":"Feature","geometry":{"type":"Point","coordinates":[-90.6820301,43.5089956]},"properties":{"name":"State Highway 56","highway":"secondary"}},{"type":"Feature","geometry":{"type":"Point","coordinates":[-90.7424025,43.5169484]},"properties":{"name":"State Highway 56","highway":"secondary"}},{"type":"Feature","geometry":{"type":"Point","coordinates":[-87.5131654,44.4735357]},"properties":{"name":"Ahnapee State Trail","highway":"cycleway"}},{"type":"Feature","geometry":{"type":"Point","coordinates":[-92.0944516,46.6332455]},"properties":{"name":"County Road C","highway":"secondary"}},{"type":"Feature","geometry":{"type":"Point","coordinates":[-92.2438477,46.5036164]},"properties":{"name":"County Road B","highway":"secondary"}},{"type":"Feature","geometry":{"type":"Point","coordinates":[-88.6900821,45.1335313]},"properties":{"name":"Upper Bridge","highway":"footway"}},{"type":"Feature","geometry":{"type":"Point","coordinates":[-88.6866102,45.1333031]},"properties":{"name":"Lower Bridge","highway":"footway"}},{"type":"Feature","geometry":{"type":"Point","coordinates":[-87.6606226,44.0923724]},"properties":{"name":"10th Street","highway":"primary"}},{"type":"Feature","geometry":{"type":"Point","coordinates":[-87.646933,44.1048719]},"properties":{"name":"Maritime Drive","highway":"primary"}},{"type":"Feature","geometry":{"type":"Point","coordinates":[-87.5682291,44.1450797]},"properties":{"name":"Washington Street","highway":"primary"}},{"type":"Feature","geometry":{"type":"Point","coordinates":[-87.5638912,44.1487095]},"properties":{"name":"17th Street","highway":"residential"}},{"type":"Feature","geometry":{"type":"Point","coordinates":[-87.7436192,43.9414339]},"properties":{"name":"","highway":"motorway"}},{"type":"Feature","geometry":{"type":"Point","coordinates":[-87.7433956,43.9412085]},"properties":{"name":"","highway":"motorway"}},{"type":"Feature","geometry":{"type":"Point","coordinates":[-88.0174806,44.4566204]},"properties":{"name":"Hoffman Road","highway":"tertiary"}},{"type":"Feature","geometry":{"type":"Point","coordinates":[-88.3274715,42.8568895]},"properties":{"name":"South Rochester Street","highway":"primary"}},{"type":"Feature","geometry":{"type":"Point","coordinates":[-88.3322632,42.8561542]},"properties":{"name":"Main Street","highway":"secondary"}},{"type":"Feature","geometry":{"type":"Point","coordinates":[-88.3277068,42.8567873]},"properties":{"name":"","highway":"cycleway"}},{"type":"Feature","geometry":{"type":"Point","coordinates":[-88.330598,42.8563937]},"properties":{"name":"","highway":"cycleway"}},{"type":"Feature","geometry":{"type":"Point","coordinates":[-90.8154702,46.4270239]},"properties":{"name":"","highway":"residential"}},{"type":"Feature","geometry":{"type":"Point","coordinates":[-90.99043,43.9006731]},"properties":{"name":"State Highway 162","highway":"secondary"}},{"type":"Feature","geometry":{"type":"Point","coordinates":[-90.9519268,43.9707754]},"properties":{"name":"Niedfeldt Road","highway":"residential"}},{"type":"Feature","geometry":{"type":"Point","coordinates":[-90.9200803,43.9132118]},"properties":{"name":"County Highway J","highway":"tertiary"}},{"type":"Feature","geometry":{"type":"Point","coordinates":[-90.8606824,43.9299057]},"properties":{"name":"Hammer Road","highway":"residential"}},{"type":"Feature","geometry":{"type":"Point","coordinates":[-90.8903564,43.9219916]},"properties":{"name":"Icarus Road","highway":"tertiary"}},{"type":"Feature","geometry":{"type":"Point","coordinates":[-90.7654044,43.967286]},"properties":{"name":"State Highway 21","highway":"primary"}},{"type":"Feature","geometry":{"type":"Point","coordinates":[-90.7759122,43.9680006]},"properties":{"name":"State Highway 21","highway":"primary"}},{"type":"Feature","geometry":{"type":"Point","coordinates":[-90.7910667,43.9385549]},"properties":{"name":"Walrath Street","highway":"tertiary"}},{"type":"Feature","geometry":{"type":"Point","coordinates":[-90.8566461,44.0859547]},"properties":{"name":"Canary Avenue","highway":"unclassified"}},{"type":"Feature","geometry":{"type":"Point","coordinates":[-90.8300026,43.8880147]},"properties":{"name":"State Highway 27","highway":"primary"}},{"type":"Feature","geometry":{"type":"Point","coordinates":[-90.8288625,43.8773712]},"properties":{"name":"Jancing Avenue","highway":"residential"}},{"type":"Feature","geometry":{"type":"Point","coordinates":[-92.6264474,44.8597972]},"properties":{"name":"East Maple Street","highway":"residential"}},{"type":"Feature","geometry":{"type":"Point","coordinates":[-92.6221172,44.874744]},"properties":{"name":"North Main Street","highway":"secondary"}},{"type":"Feature","geometry":{"type":"Point","coordinates":[-92.6206607,44.8825765]},"properties":{"name":"State Highway 65","highway":"primary"}},{"type":"Feature","geometry":{"type":"Point","coordinates":[-92.6224869,44.8791065]},"properties":{"name":"State Highway 65","highway":"primary"}},{"type":"Feature","geometry":{"type":"Point","coordinates":[-92.6089354,44.8482435]},"properties":{"name":"South Wasson Lane","highway":"residential"}},{"type":"Feature","geometry":{"type":"Point","coordinates":[-92.6188013,44.8762226]},"properties":{"name":"","highway":"motorway"}},{"type":"Feature","geometry":{"type":"Point","coordinates":[-92.6189527,44.8760044]},"properties":{"name":"","highway":"motorway"}},{"type":"Feature","geometry":{"type":"Point","coordinates":[-92.5941076,44.8315298]},"properties":{"name":"State Highway 65","highway":"trunk"}},{"type":"Feature","geometry":{"type":"Point","coordinates":[-92.6049214,44.8484485]},"properties":{"name":"State Highway 29/35/65","highway":"trunk"}},{"type":"Feature","geometry":{"type":"Point","coordinates":[-92.6149895,44.8487743]},"properties":{"name":"","highway":"footway"}},{"type":"Feature","geometry":{"type":"Point","coordinates":[-92.5833237,44.8487899]},"properties":{"name":"900th Street","highway":"residential"}},{"type":"Feature","geometry":{"type":"Point","coordinates":[-89.2578283,44.4229256]},"properties":{"name":"US Highway 10","highway":"motorway"}},{"type":"Feature","geometry":{"type":"Point","coordinates":[-89.2570277,44.4228856]},"properties":{"name":"US Highway 10","highway":"motorway"}},{"type":"Feature","geometry":{"type":"Point","coordinates":[-89.2511418,44.4193435]},"properties":{"name":"US Highway 10","highway":"motorway"}},{"type":"Feature","geometry":{"type":"Point","coordinates":[-89.2511464,44.4189082]},"properties":{"name":"US Highway 10","highway":"motorway"}},{"type":"Feature","geometry":{"type":"Point","coordinates":[-87.8945323,44.8865652]},"properties":{"name":"","highway":"cycleway"}},{"type":"Feature","geometry":{"type":"Point","coordinates":[-88.4554997,44.7305962]},"properties":{"name":"","highway":"motorway"}},{"type":"Feature","geometry":{"type":"Point","coordinates":[-88.4558627,44.7304989]},"properties":{"name":"","highway":"motorway"}},{"type":"Feature","geometry":{"type":"Point","coordinates":[-88.6312372,44.7658829]},"properties":{"name":"","highway":"motorway"}},{"type":"Feature","geometry":{"type":"Point","coordinates":[-88.631445,44.7656757]},"properties":{"name":"","highway":"motorway"}},{"type":"Feature","geometry":{"type":"Point","coordinates":[-89.0894069,44.3410468]},"properties":{"name":"US Highway 10","highway":"motorway"}},{"type":"Feature","geometry":{"type":"Point","coordinates":[-89.0893503,44.3411588]},"properties":{"name":"US Highway 10","highway":"motorway"}},{"type":"Feature","geometry":{"type":"Point","coordinates":[-90.3540211,45.1440011]},"properties":{"name":"","highway":"footway"}},{"type":"Feature","geometry":{"type":"Point","coordinates":[-90.8782748,46.7322691]},"properties":{"name":"State Highway 13","highway":"primary"}},{"type":"Feature","geometry":{"type":"Point","coordinates":[-91.1016545,46.8570357]},"properties":{"name":"State Highway 13","highway":"primary"}},{"type":"Feature","geometry":{"type":"Point","coordinates":[-91.1801647,46.8406128]},"properties":{"name":"State Highway 13","highway":"primary"}},{"type":"Feature","geometry":{"type":"Point","coordinates":[-90.89043,46.7547527]},"properties":{"name":"State Highway 13","highway":"primary"}},{"type":"Feature","geometry":{"type":"Point","coordinates":[-90.9564442,46.8991458]},"properties":{"name":"State Highway 13","highway":"primary"}},{"type":"Feature","geometry":{"type":"Point","coordinates":[-87.7015482,44.0950013]},"properties":{"name":"South Rapids Road","highway":"secondary"}},{"type":"Feature","geometry":{"type":"Point","coordinates":[-88.1647527,44.9514238]},"properties":{"name":"County Highway B","highway":"secondary"}},{"type":"Feature","geometry":{"type":"Point","coordinates":[-88.0452547,45.009805]},"properties":{"name":"","highway":"trunk"}},{"type":"Feature","geometry":{"type":"Point","coordinates":[-88.0448961,45.0099069]},"properties":{"name":"","highway":"trunk"}},{"type":"Feature","geometry":{"type":"Point","coordinates":[-90.4369099,46.5609296]},"properties":{"name":"","highway":"footway"}},{"type":"Feature","geometry":{"type":"Point","coordinates":[-90.2653902,43.7232075]},"properties":{"name":"400 State Trail","highway":"cycleway"}},{"type":"Feature","geometry":{"type":"Point","coordinates":[-90.2676828,43.7336349]},"properties":{"name":"South Main Street","highway":"primary"}},{"type":"Feature","geometry":{"type":"Point","coordinates":[-90.2682537,43.6807313]},"properties":{"name":"State Highway 33","highway":"primary"}},{"type":"Feature","geometry":{"type":"Point","coordinates":[-90.2682444,43.6795431]},"properties":{"name":"Hillsboro State Trail","highway":"cycleway"}},{"type":"Feature","geometry":{"type":"Point","coordinates":[-90.2657182,43.705957]},"properties":{"name":"400 State Trail","highway":"cycleway"}},{"type":"Feature","geometry":{"type":"Point","coordinates":[-90.266281,43.7058678]},"properties":{"name":"State Highway 80","highway":"primary"}},{"type":"Feature","geometry":{"type":"Point","coordinates":[-90.2657664,43.7232036]},"properties":{"name":"State Highway 80","highway":"primary"}},{"type":"Feature","geometry":{"type":"Point","coordinates":[-90.586941,43.7592212]},"properties":{"name":"County Highway T","highway":"tertiary"}},{"type":"Feature","geometry":{"type":"Point","coordinates":[-90.5858634,43.71452]},"properties":{"name":"Gibson Valley Road","highway":"unclassified"}},{"type":"Feature","geometry":{"type":"Point","coordinates":[-90.5880859,43.7216816]},"properties":{"name":"South Street","highway":"primary"}},{"type":"Feature","geometry":{"type":"Point","coordinates":[-90.5897872,43.7301076]},"properties":{"name":"State Highway 131","highway":"secondary"}},{"type":"Feature","geometry":{"type":"Point","coordinates":[-91.5928937,45.9858139]},"properties":{"name":"County Highway E","highway":"secondary"}},{"type":"Feature","geometry":{"type":"Point","coordinates":[-91.4818857,46.0090385]},"properties":{"name":"","highway":"cycleway"}},{"type":"Feature","geometry":{"type":"Point","coordinates":[-89.6934552,45.1882402]},"properties":{"name":"Pier Street","highway":"tertiary"}},{"type":"Feature","geometry":{"type":"Point","coordinates":[-89.5764304,43.7815665]},"properties":{"name":"State Highway 82","highway":"primary"}},{"type":"Feature","geometry":{"type":"Point","coordinates":[-89.808915,42.870344]},"properties":{"name":"State Highway 78","highway":"primary"}},{"type":"Feature","geometry":{"type":"Point","coordinates":[-89.8091706,42.8853986]},"properties":{"name":"State Highway 78","highway":"primary"}},{"type":"Feature","geometry":{"type":"Point","coordinates":[-89.6599252,45.2052454]},"properties":{"name":"","highway":"motorway"}},{"type":"Feature","geometry":{"type":"Point","coordinates":[-89.6603462,45.2050729]},"properties":{"name":"","highway":"motorway"}},{"type":"Feature","geometry":{"type":"Point","coordinates":[-92.6538625,44.8626227]},"properties":{"name":"West Division Street","highway":"secondary"}},{"type":"Feature","geometry":{"type":"Point","coordinates":[-92.6245438,44.8626097]},"properties":{"name":"West Division Street","highway":"secondary"}},{"type":"Feature","geometry":{"type":"Point","coordinates":[-92.6293744,44.8523806]},"properties":{"name":"South Main Street","highway":"secondary"}},{"type":"Feature","geometry":{"type":"Point","coordinates":[-92.6284705,44.8699116]},"properties":{"name":"Powell Avenue","highway":"tertiary"}},{"type":"Feature","geometry":{"type":"Point","coordinates":[-92.6245411,44.8504086]},"properties":{"name":"Blue Stem Pathway","highway":"footway"}},{"type":"Feature","geometry":{"type":"Point","coordinates":[-92.6188973,44.8507597]},"properties":{"name":"South 6th Street","highway":"path"}},{"type":"Feature","geometry":{"type":"Point","coordinates":[-92.1387785,46.7296213]},"properties":{"name":"Bong Memorial Bridge","highway":"motorway"}},{"type":"Feature","geometry":{"type":"Point","coordinates":[-89.3465704,44.8819742]},"properties":{"name":"","highway":"trunk_link"}},{"type":"Feature","geometry":{"type":"Point","coordinates":[-92.3531735,45.1274949]},"properties":{"name":"County Highway O","highway":"tertiary"}},{"type":"Feature","geometry":{"type":"Point","coordinates":[-92.30981,45.1219342]},"properties":{"name":"County Highway S","highway":"tertiary"}},{"type":"Feature","geometry":{"type":"Point","coordinates":[-92.3249765,45.1219283]},"properties":{"name":"County Highway S","highway":"tertiary"}},{"type":"Feature","geometry":{"type":"Point","coordinates":[-92.3563267,45.1218464]},"properties":{"name":"County Highway S","highway":"tertiary"}},{"type":"Feature","geometry":{"type":"Point","coordinates":[-92.1556156,45.0907584]},"properties":{"name":"County Road X","highway":"tertiary"}},{"type":"Feature","geometry":{"type":"Point","coordinates":[-92.3741621,45.1267169]},"properties":{"name":"215th Street","highway":"residential"}},{"type":"Feature","geometry":{"type":"Point","coordinates":[-92.3327059,45.1269769]},"properties":{"name":"235th Street","highway":"residential"}},{"type":"Feature","geometry":{"type":"Point","coordinates":[-92.1275845,45.0480096]},"properties":{"name":"County Road Q","highway":"tertiary"}},{"type":"Feature","geometry":{"type":"Point","coordinates":[-92.1397158,45.0779216]},"properties":{"name":"Sandy Creek Road","highway":"residential"}},{"type":"Feature","geometry":{"type":"Point","coordinates":[-92.1463224,45.0850828]},"properties":{"name":"Sandy Creek Road","highway":"residential"}},{"type":"Feature","geometry":{"type":"Point","coordinates":[-92.1363334,45.0702546]},"properties":{"name":"50th Street","highway":"residential"}},{"type":"Feature","geometry":{"type":"Point","coordinates":[-91.7268455,45.0006015]},"properties":{"name":"Main Street","highway":"primary"}},{"type":"Feature","geometry":{"type":"Point","coordinates":[-91.7280857,45.0014192]},"properties":{"name":"State Highway 170","highway":"secondary"}},{"type":"Feature","geometry":{"type":"Point","coordinates":[-91.6549595,44.986382]},"properties":{"name":"County Road N","highway":"tertiary"}},{"type":"Feature","geometry":{"type":"Point","coordinates":[-92.5984699,44.8909373]},"properties":{"name":"Quarry Road","highway":"residential"}},{"type":"Feature","geometry":{"type":"Point","coordinates":[-92.6270161,44.8589156]},"properties":{"name":"","highway":"cycleway"}},{"type":"Feature","geometry":{"type":"Point","coordinates":[-90.6596764,44.0125331]},"properties":{"name":"South 10th Avenue","highway":"unclassified"}},{"type":"Feature","geometry":{"type":"Point","coordinates":[-90.6959896,44.0099114]},"properties":{"name":"South 8th Avenue","highway":"residential"}},{"type":"Feature","geometry":{"type":"Point","coordinates":[-90.7052482,44.0095711]},"properties":{"name":"South A Street","highway":"tertiary"}},{"type":"Feature","geometry":{"type":"Point","coordinates":[-90.6923355,44.0111572]},"properties":{"name":"South F Street","highway":"residential"}},{"type":"Feature","geometry":{"type":"Point","coordinates":[-90.8038859,43.9420434]},"properties":{"name":"East Avenue","highway":"tertiary"}},{"type":"Feature","geometry":{"type":"Point","coordinates":[-90.8032242,43.9413083]},"properties":{"name":"East Avenue","highway":"tertiary"}},{"type":"Feature","geometry":{"type":"Point","coordinates":[-90.8085261,43.9395755]},"properties":{"name":"East Wisconsin Street","highway":"primary"}},{"type":"Feature","geometry":{"type":"Point","coordinates":[-90.7976377,43.9399897]},"properties":{"name":"Milwaukee Street","highway":"residential"}},{"type":"Feature","geometry":{"type":"Point","coordinates":[-90.7980329,43.9404236]},"properties":{"name":"East Wisconsin Street","highway":"primary"}},{"type":"Feature","geometry":{"type":"Point","coordinates":[-90.993227,43.8897763]},"properties":{"name":"La Crosse River State Trail","highway":"cycleway"}},{"type":"Feature","geometry":{"type":"Point","coordinates":[-90.9919709,43.8929085]},"properties":{"name":"Commercial Street","highway":"secondary"}},{"type":"Feature","geometry":{"type":"Point","coordinates":[-90.8592201,43.9171266]},"properties":{"name":"La Crosse River State Trail","highway":"cycleway"}},{"type":"Feature","geometry":{"type":"Point","coordinates":[-87.8799704,43.3892132]},"properties":{"name":"","highway":"footway"}},{"type":"Feature","geometry":{"type":"Point","coordinates":[-92.0503627,45.4182955]},"properties":{"name":"Cattail State Trail","highway":"path"}},{"type":"Feature","geometry":{"type":"Point","coordinates":[-92.0329588,45.4214039]},"properties":{"name":"County Highway P","highway":"secondary"}},{"type":"Feature","geometry":{"type":"Point","coordinates":[-91.6690039,45.4264065]},"properties":{"name":"15 1/4 Avenue","highway":"residential"}},{"type":"Feature","geometry":{"type":"Point","coordinates":[-87.9231788,43.0317132]},"properties":{"name":"","highway":"motorway_link"}},{"type":"Feature","geometry":{"type":"Point","coordinates":[-89.5185651,44.4720876]},"properties":{"name":"","highway":"motorway"}},{"type":"Feature","geometry":{"type":"Point","coordinates":[-90.224286,43.8996677]},"properties":{"name":"US Highway 12","highway":"primary"}},{"type":"Feature","geometry":{"type":"Point","coordinates":[-90.1029627,43.8145629]},"properties":{"name":"","highway":"primary"}},{"type":"Feature","geometry":{"type":"Point","coordinates":[-87.9210396,43.0336028]},"properties":{"name":"","highway":"motorway_link"}},{"type":"Feature","geometry":{"type":"Point","coordinates":[-90.3951837,43.3447798]},"properties":{"name":"Bancroft Drive","highway":"residential"}},{"type":"Feature","geometry":{"type":"Point","coordinates":[-90.4027901,43.3457524]},"properties":{"name":"Hive Drive","highway":"residential"}},{"type":"Feature","geometry":{"type":"Point","coordinates":[-90.3974582,43.3445639]},"properties":{"name":"","highway":"footway"}},{"type":"Feature","geometry":{"type":"Point","coordinates":[-90.3999725,43.3441337]},"properties":{"name":"","highway":"unclassified"}},{"type":"Feature","geometry":{"type":"Point","coordinates":[-90.3978305,43.3444576]},"properties":{"name":"","highway":"unclassified"}},{"type":"Feature","geometry":{"type":"Point","coordinates":[-90.3977872,43.3444806]},"properties":{"name":"","highway":"footway"}},{"type":"Feature","geometry":{"type":"Point","coordinates":[-90.4453572,43.3498123]},"properties":{"name":"Buckhorn Lane","highway":"residential"}},{"type":"Feature","geometry":{"type":"Point","coordinates":[-90.4149795,43.3482296]},"properties":{"name":"Covered Bridge Drive","highway":"residential"}},{"type":"Feature","geometry":{"type":"Point","coordinates":[-90.4364231,43.3492366]},"properties":{"name":"","highway":"track"}},{"type":"Feature","geometry":{"type":"Point","coordinates":[-90.4320058,43.349772]},"properties":{"name":"","highway":"residential"}},{"type":"Feature","geometry":{"type":"Point","coordinates":[-90.427299,43.3496275]},"properties":{"name":"","highway":"track"}},{"type":"Feature","geometry":{"type":"Point","coordinates":[-90.7020937,43.1338139]},"properties":{"name":"East Bluff Street","highway":"tertiary"}},{"type":"Feature","geometry":{"type":"Point","coordinates":[-90.7031865,43.1356407]},"properties":{"name":"Labelle Street","highway":"residential"}},{"type":"Feature","geometry":{"type":"Point","coordinates":[-90.7035571,43.140212]},"properties":{"name":"State Highway 133","highway":"secondary"}},{"type":"Feature","geometry":{"type":"Point","coordinates":[-90.6999519,43.1320312]},"properties":{"name":"Fremont Street","highway":"tertiary"}},{"type":"Feature","geometry":{"type":"Point","coordinates":[-92.2141949,44.4609585]},"properties":{"name":"State Highway 35","highway":"primary"}},{"type":"Feature","geometry":{"type":"Point","coordinates":[-92.4955411,45.6128966]},"properties":{"name":"280th Avenue","highway":"residential"}},{"type":"Feature","geometry":{"type":"Point","coordinates":[-90.3837994,43.3731254]},"properties":{"name":"County Highway AA","highway":"tertiary"}},{"type":"Feature","geometry":{"type":"Point","coordinates":[-90.3974945,43.3691281]},"properties":{"name":"State Highway 80","highway":"primary_link"}},{"type":"Feature","geometry":{"type":"Point","coordinates":[-92.2398393,44.8723447]},"properties":{"name":"County Highway NN","highway":"tertiary"}},{"type":"Feature","geometry":{"type":"Point","coordinates":[-92.0110599,44.6920287]},"properties":{"name":"County Road D","highway":"tertiary"}},{"type":"Feature","geometry":{"type":"Point","coordinates":[-88.0130301,44.7106361]},"properties":{"name":"County Road J","highway":"tertiary"}},{"type":"Feature","geometry":{"type":"Point","coordinates":[-87.8079049,42.7211138]},"properties":{"name":"Root River Pathway","highway":"cycleway"}},{"type":"Feature","geometry":{"type":"Point","coordinates":[-87.8077485,42.7200788]},"properties":{"name":"","highway":"footway"}},{"type":"Feature","geometry":{"type":"Point","coordinates":[-87.8043155,42.7311423]},"properties":{"name":"Root River Pathway","highway":"cycleway"}},{"type":"Feature","geometry":{"type":"Point","coordinates":[-87.8075126,42.7316541]},"properties":{"name":"Root River Pathway","highway":"cycleway"}},{"type":"Feature","geometry":{"type":"Point","coordinates":[-87.8146353,42.7337951]},"properties":{"name":"Root River Pathway","highway":"cycleway"}},{"type":"Feature","geometry":{"type":"Point","coordinates":[-87.7646446,43.7733835]},"properties":{"name":"","highway":"motorway"}},{"type":"Feature","geometry":{"type":"Point","coordinates":[-87.7649481,43.7735737]},"properties":{"name":"","highway":"motorway"}},{"type":"Feature","geometry":{"type":"Point","coordinates":[-87.8728201,42.6525824]},"properties":{"name":"","highway":"unclassified"}},{"type":"Feature","geometry":{"type":"Point","coordinates":[-90.7332355,43.1188451]},"properties":{"name":"State Highway 133","highway":"secondary"}},{"type":"Feature","geometry":{"type":"Point","coordinates":[-91.5683341,44.2135274]},"properties":{"name":"County Road J","highway":"tertiary"}},{"type":"Feature","geometry":{"type":"Point","coordinates":[-90.7051908,43.1225286]},"properties":{"name":"Elm Street","highway":"trunk"}},{"type":"Feature","geometry":{"type":"Point","coordinates":[-90.7040595,43.1185526]},"properties":{"name":"Old 61","highway":"residential"}},{"type":"Feature","geometry":{"type":"Point","coordinates":[-90.7053584,43.1074957]},"properties":{"name":"Elm Street","highway":"trunk"}},{"type":"Feature","geometry":{"type":"Point","coordinates":[-90.6064494,43.1790031]},"properties":{"name":"State Highway 133","highway":"secondary"}},{"type":"Feature","geometry":{"type":"Point","coordinates":[-91.491914,45.1011841]},"properties":{"name":"Oak Street","highway":"residential"}},{"type":"Feature","geometry":{"type":"Point","coordinates":[-92.0641938,46.6661559]},"properties":{"name":"Bardon Avenue","highway":"residential"}},{"type":"Feature","geometry":{"type":"Point","coordinates":[-91.8193865,45.2590728]},"properties":{"name":"Dallas Street","highway":"secondary"}},{"type":"Feature","geometry":{"type":"Point","coordinates":[-91.646156,44.8627826]},"properties":{"name":"United States Highway 12","highway":"primary"}},{"type":"Feature","geometry":{"type":"Point","coordinates":[-91.2827939,44.7634241]},"properties":{"name":"West Lincoln Avenue","highway":"primary"}},{"type":"Feature","geometry":{"type":"Point","coordinates":[-91.2831519,44.7562052]},"properties":{"name":"West Randall Road","highway":"tertiary"}},{"type":"Feature","geometry":{"type":"Point","coordinates":[-91.2062476,44.7231352]},"properties":{"name":"Morning Crest Road","highway":"residential"}},{"type":"Feature","geometry":{"type":"Point","coordinates":[-91.1309437,44.6831176]},"properties":{"name":"West Main Street","highway":"residential"}},{"type":"Feature","geometry":{"type":"Point","coordinates":[-90.950446,44.5999154]},"properties":{"name":"East Main Street","highway":"residential"}},{"type":"Feature","geometry":{"type":"Point","coordinates":[-90.9527186,44.5971482]},"properties":{"name":"Humbird Street","highway":"residential"}},{"type":"Feature","geometry":{"type":"Point","coordinates":[-90.9532223,44.5966182]},"properties":{"name":"US Highway 10","highway":"trunk"}},{"type":"Feature","geometry":{"type":"Point","coordinates":[-91.1059274,44.6662214]},"properties":{"name":"","highway":"service"}},{"type":"Feature","geometry":{"type":"Point","coordinates":[-91.1058367,44.6580989]},"properties":{"name":"","highway":"service"}},{"type":"Feature","geometry":{"type":"Point","coordinates":[-90.9438805,44.5099633]},"properties":{"name":"East Giloy Road","highway":"residential"}},{"type":"Feature","geometry":{"type":"Point","coordinates":[-90.8335594,44.4513309]},"properties":{"name":"State Highway 95","highway":"primary"}},{"type":"Feature","geometry":{"type":"Point","coordinates":[-90.8219512,44.3893212]},"properties":{"name":"US Highway 12","highway":"primary"}},{"type":"Feature","geometry":{"type":"Point","coordinates":[-90.6368902,44.1940946]},"properties":{"name":"County Highway O","highway":"secondary"}},{"type":"Feature","geometry":{"type":"Point","coordinates":[-90.6299083,44.1841512]},"properties":{"name":"US Highway 12","highway":"primary"}},{"type":"Feature","geometry":{"type":"Point","coordinates":[-90.4159186,44.0512997]},"properties":{"name":"County Highway G","highway":"secondary"}},{"type":"Feature","geometry":{"type":"Point","coordinates":[-89.614863,43.7971815]},"properties":{"name":"1st Lane","highway":"residential"}},{"type":"Feature","geometry":{"type":"Point","coordinates":[-88.0064173,44.5175464]},"properties":{"name":"University Avenue","highway":"primary"}},{"type":"Feature","geometry":{"type":"Point","coordinates":[-89.8904722,44.3328714]},"properties":{"name":"","highway":"primary"}},{"type":"Feature","geometry":{"type":"Point","coordinates":[-92.1478586,44.946736]},"properties":{"name":"US Highway 12","highway":"primary"}},{"type":"Feature","geometry":{"type":"Point","coordinates":[-92.1071813,44.9517074]},"properties":{"name":"US Highway 12","highway":"primary"}},{"type":"Feature","geometry":{"type":"Point","coordinates":[-92.0363015,44.9436007]},"properties":{"name":"US Highway 12","highway":"primary"}},{"type":"Feature","geometry":{"type":"Point","coordinates":[-92.5149804,45.1226673]},"properties":{"name":"County Highway K","highway":"tertiary"}},{"type":"Feature","geometry":{"type":"Point","coordinates":[-92.3400964,45.1074839]},"properties":{"name":"County Highway O","highway":"tertiary"}},{"type":"Feature","geometry":{"type":"Point","coordinates":[-92.3838122,45.1338616]},"properties":{"name":"","highway":"trunk"}},{"type":"Feature","geometry":{"type":"Point","coordinates":[-92.3304606,45.1063462]},"properties":{"name":"170th Avenue","highway":"residential"}},{"type":"Feature","geometry":{"type":"Point","coordinates":[-92.1365403,45.0508136]},"properties":{"name":"State Highway 170","highway":"secondary"}},{"type":"Feature","geometry":{"type":"Point","coordinates":[-92.1274696,45.052483]},"properties":{"name":"County Road Q","highway":"tertiary"}},{"type":"Feature","geometry":{"type":"Point","coordinates":[-87.2133424,44.911447]},"properties":{"name":"Cave Point Drive","highway":"residential"}},{"type":"Feature","geometry":{"type":"Point","coordinates":[-90.6575213,46.3237626]},"properties":{"name":"Lake Drive","highway":"primary"}},{"type":"Feature","geometry":{"type":"Point","coordinates":[-90.6632951,46.3228289]},"properties":{"name":"Thomas Street","highway":"residential"}},{"type":"Feature","geometry":{"type":"Point","coordinates":[-90.6528142,46.3201819]},"properties":{"name":"1st Avenue","highway":"residential"}},{"type":"Feature","geometry":{"type":"Point","coordinates":[-90.6529392,46.3268967]},"properties":{"name":"Olson Road","highway":"residential"}},{"type":"Feature","geometry":{"type":"Point","coordinates":[-90.6519833,46.3352068]},"properties":{"name":"Copper Falls Drive","highway":"secondary"}},{"type":"Feature","geometry":{"type":"Point","coordinates":[-90.6409868,46.37218]},"properties":{"name":"Doughboys Trail","highway":"footway"}},{"type":"Feature","geometry":{"type":"Point","coordinates":[-90.6396526,46.3725203]},"properties":{"name":"North Country National Scenic Trail","highway":"footway"}},{"type":"Feature","geometry":{"type":"Point","coordinates":[-90.6353039,46.3735732]},"properties":{"name":"North Country National Scenic Trail","highway":"footway"}},{"type":"Feature","geometry":{"type":"Point","coordinates":[-90.7737161,46.407175]},"properties":{"name":"County Road C","highway":"tertiary"}},{"type":"Feature","geometry":{"type":"Point","coordinates":[-90.7369979,46.4169612]},"properties":{"name":"Government Road","highway":"unclassified"}},{"type":"Feature","geometry":{"type":"Point","coordinates":[-91.4156148,46.074101]},"properties":{"name":"","highway":"trunk"}},{"type":"Feature","geometry":{"type":"Point","coordinates":[-90.4757709,42.7263257]},"properties":{"name":"State Highway 80","highway":"primary"}},{"type":"Feature","geometry":{"type":"Point","coordinates":[-91.4488243,46.7085472]},"properties":{"name":"Airport Road","highway":"unclassified"}},{"type":"Feature","geometry":{"type":"Point","coordinates":[-91.4471214,46.655208]},"properties":{"name":"Airport Road","highway":"unclassified"}},{"type":"Feature","geometry":{"type":"Point","coordinates":[-91.4782843,46.6335888]},"properties":{"name":"Bayfield Line Road","highway":"unclassified"}},{"type":"Feature","geometry":{"type":"Point","coordinates":[-91.4737385,46.6190629]},"properties":{"name":"County Highway B","highway":"secondary"}},{"type":"Feature","geometry":{"type":"Point","coordinates":[-91.466977,46.6590008]},"properties":{"name":"Kaukamo Road","highway":"unclassified"}},{"type":"Feature","geometry":{"type":"Point","coordinates":[-92.397519,44.8259898]},"properties":{"name":"535th Street","highway":"residential"}},{"type":"Feature","geometry":{"type":"Point","coordinates":[-92.2377231,44.8412983]},"properties":{"name":"5th Street","highway":"primary"}},{"type":"Feature","geometry":{"type":"Point","coordinates":[-92.2283773,44.8418836]},"properties":{"name":"Wagon Trail Road","highway":"residential"}},{"type":"Feature","geometry":{"type":"Point","coordinates":[-92.2118673,44.8230805]},"properties":{"name":"170th Street","highway":"residential"}},{"type":"Feature","geometry":{"type":"Point","coordinates":[-92.2085144,44.8129113]},"properties":{"name":"770th Avenue","highway":"residential"}},{"type":"Feature","geometry":{"type":"Point","coordinates":[-92.1088446,44.7807293]},"properties":{"name":"State Highway 72","highway":"primary"}},{"type":"Feature","geometry":{"type":"Point","coordinates":[-92.0391895,44.7566437]},"properties":{"name":"220th Avenue","highway":"unclassified"}},{"type":"Feature","geometry":{"type":"Point","coordinates":[-92.0243126,44.7330145]},"properties":{"name":"County Road D","highway":"tertiary"}},{"type":"Feature","geometry":{"type":"Point","coordinates":[-91.4314627,46.6897614]},"properties":{"name":"Sorenson Road","highway":"residential"}},{"type":"Feature","geometry":{"type":"Point","coordinates":[-91.3737313,46.7827162]},"properties":{"name":"State Highway 13","highway":"primary"}},{"type":"Feature","geometry":{"type":"Point","coordinates":[-91.3842065,46.7846005]},"properties":{"name":"Washington Avenue","highway":"residential"}},{"type":"Feature","geometry":{"type":"Point","coordinates":[-91.386669,46.6562567]},"properties":{"name":"County Highway A","highway":"secondary"}},{"type":"Feature","geometry":{"type":"Point","coordinates":[-91.3865444,46.6526784]},"properties":{"name":"County Highway A","highway":"secondary"}},{"type":"Feature","geometry":{"type":"Point","coordinates":[-91.4170311,46.6044627]},"properties":{"name":"Cheese Factory Road","highway":"unclassified"}},{"type":"Feature","geometry":{"type":"Point","coordinates":[-91.4232187,46.5654519]},"properties":{"name":"Major Richard I. Bong Memorial Highway","highway":"trunk"}},{"type":"Feature","geometry":{"type":"Point","coordinates":[-91.3435528,46.771389]},"properties":{"name":"East White Birch Road","highway":"unclassified"}},{"type":"Feature","geometry":{"type":"Point","coordinates":[-91.345839,46.7750952]},"properties":{"name":"Flagg River Road","highway":"unclassified"}},{"type":"Feature","geometry":{"type":"Point","coordinates":[-91.321562,46.7598622]},"properties":{"name":"","highway":"cycleway"}},{"type":"Feature","geometry":{"type":"Point","coordinates":[-91.2673903,46.8298194]},"properties":{"name":"Old 13 Road","highway":"unclassified"}},{"type":"Feature","geometry":{"type":"Point","coordinates":[-91.2739195,46.7889423]},"properties":{"name":"Touve Road","highway":"residential"}},{"type":"Feature","geometry":{"type":"Point","coordinates":[-91.2665713,46.8325904]},"properties":{"name":"State Highway 13","highway":"primary"}},{"type":"Feature","geometry":{"type":"Point","coordinates":[-91.246286,46.7850193]},"properties":{"name":"Lenawee Road","highway":"residential"}},{"type":"Feature","geometry":{"type":"Point","coordinates":[-90.8310175,46.9234251]},"properties":{"name":"Blueberry Road","highway":"residential"}},{"type":"Feature","geometry":{"type":"Point","coordinates":[-91.0915127,46.8546975]},"properties":{"name":"Siskiwit Falls Road","highway":"residential"}},{"type":"Feature","geometry":{"type":"Point","coordinates":[-91.8180587,46.3973149]},"properties":{"name":"","highway":"trunk"}},{"type":"Feature","geometry":{"type":"Point","coordinates":[-91.8184707,46.3975886]},"properties":{"name":"","highway":"trunk"}},{"type":"Feature","geometry":{"type":"Point","coordinates":[-91.7997367,46.2522564]},"properties":{"name":"Abandoned Railroad","highway":"track"}},{"type":"Feature","geometry":{"type":"Point","coordinates":[-91.7931394,46.2448089]},"properties":{"name":"County Highway Y","highway":"secondary"}},{"type":"Feature","geometry":{"type":"Point","coordinates":[-90.885444,46.756679]},"properties":{"name":"Bayview Park Road","highway":"residential"}},{"type":"Feature","geometry":{"type":"Point","coordinates":[-90.8951163,46.7527908]},"properties":{"name":"","highway":"service"}},{"type":"Feature","geometry":{"type":"Point","coordinates":[-90.9256369,46.7099833]},"properties":{"name":"Big Rock Road","highway":"residential"}},{"type":"Feature","geometry":{"type":"Point","coordinates":[-90.9896528,46.6763058]},"properties":{"name":"Church Corner Road","highway":"residential"}},{"type":"Feature","geometry":{"type":"Point","coordinates":[-90.9164185,46.6685734]},"properties":{"name":"West Bayfield Street","highway":"primary"}},{"type":"Feature","geometry":{"type":"Point","coordinates":[-91.3187963,46.1884099]},"properties":{"name":"","highway":"trunk"}},{"type":"Feature","geometry":{"type":"Point","coordinates":[-90.9453733,46.6170686]},"properties":{"name":"","highway":"service"}},{"type":"Feature","geometry":{"type":"Point","coordinates":[-90.9659609,46.5786885]},"properties":{"name":"Major Richard I. Bong Memorial Highway","highway":"trunk"}},{"type":"Feature","geometry":{"type":"Point","coordinates":[-90.9443565,46.5876183]},"properties":{"name":"Major Richard I. Bong Memorial Highway","highway":"trunk"}},{"type":"Feature","geometry":{"type":"Point","coordinates":[-91.061947,46.5488451]},"properties":{"name":"Old US 2","highway":"unclassified"}},{"type":"Feature","geometry":{"type":"Point","coordinates":[-90.2581156,46.4718345]},"properties":{"name":"West Center Drive","highway":"tertiary"}},{"type":"Feature","geometry":{"type":"Point","coordinates":[-90.6869775,46.6103705]},"properties":{"name":"Major Richard I. Bong Memorial Highway","highway":"trunk"}},{"type":"Feature","geometry":{"type":"Point","coordinates":[-90.842956,46.5167287]},"properties":{"name":"State Highway 13","highway":"primary"}},{"type":"Feature","geometry":{"type":"Point","coordinates":[-90.8114294,46.406967]},"properties":{"name":"County Road C","highway":"tertiary"}},{"type":"Feature","geometry":{"type":"Point","coordinates":[-90.8187481,46.4261417]},"properties":{"name":"State Highway 13","highway":"primary"}},{"type":"Feature","geometry":{"type":"Point","coordinates":[-90.8078182,46.4131153]},"properties":{"name":"State Highway 13","highway":"primary"}},{"type":"Feature","geometry":{"type":"Point","coordinates":[-90.6518813,46.321271]},"properties":{"name":"State Highway 77","highway":"primary"}},{"type":"Feature","geometry":{"type":"Point","coordinates":[-91.0261189,46.4375204]},"properties":{"name":"Maple Ridge Road","highway":"unclassified"}},{"type":"Feature","geometry":{"type":"Point","coordinates":[-91.0506808,46.429579]},"properties":{"name":"","highway":"trunk"}},{"type":"Feature","geometry":{"type":"Point","coordinates":[-91.0913271,46.3681736]},"properties":{"name":"Abandoned Railroad","highway":"track"}},{"type":"Feature","geometry":{"type":"Point","coordinates":[-91.0629666,46.4298723]},"properties":{"name":"Abandoned Railroad","highway":"path"}},{"type":"Feature","geometry":{"type":"Point","coordinates":[-91.0614155,46.4140206]},"properties":{"name":"Bibon Road","highway":"unclassified"}},{"type":"Feature","geometry":{"type":"Point","coordinates":[-91.1764803,46.4361415]},"properties":{"name":"Mason Delta Road","highway":"residential"}},{"type":"Feature","geometry":{"type":"Point","coordinates":[-91.2402565,46.4569421]},"properties":{"name":"Pike River Road","highway":"unclassified"}},{"type":"Feature","geometry":{"type":"Point","coordinates":[-91.1217001,46.3884851]},"properties":{"name":"Raymond Avenue","highway":"residential"}},{"type":"Feature","geometry":{"type":"Point","coordinates":[-89.4855546,43.9578999]},"properties":{"name":"","highway":"motorway"}},{"type":"Feature","geometry":{"type":"Point","coordinates":[-89.4851226,43.9580314]},"properties":{"name":"","highway":"motorway"}},{"type":"Feature","geometry":{"type":"Point","coordinates":[-91.4597145,44.8071923]},"properties":{"name":"Spooner Avenue","highway":"tertiary"}},{"type":"Feature","geometry":{"type":"Point","coordinates":[-89.1850899,44.374684]},"properties":{"name":"County Road Q","highway":"tertiary"}},{"type":"Feature","geometry":{"type":"Point","coordinates":[-90.6908039,43.0877964]},"properties":{"name":"Elm Street","highway":"trunk"}},{"type":"Feature","geometry":{"type":"Point","coordinates":[-90.6965978,43.092014]},"properties":{"name":"Town Hall Road","highway":"unclassified"}},{"type":"Feature","geometry":{"type":"Point","coordinates":[-91.510649,46.2347164]},"properties":{"name":"State Highway 27","highway":"primary"}},{"type":"Feature","geometry":{"type":"Point","coordinates":[-87.7638635,44.1446545]},"properties":{"name":"US Highway 10","highway":"trunk"}},{"type":"Feature","geometry":{"type":"Point","coordinates":[-87.7640239,44.1454966]},"properties":{"name":"Village Road","highway":"tertiary"}},{"type":"Feature","geometry":{"type":"Point","coordinates":[-91.4549511,44.9247802]},"properties":{"name":"State Highway 29 Business","highway":"primary"}},{"type":"Feature","geometry":{"type":"Point","coordinates":[-91.4781707,44.9369335]},"properties":{"name":"65th Avenue","highway":"residential"}},{"type":"Feature","geometry":{"type":"Point","coordinates":[-89.1382227,44.5090625]},"properties":{"name":"Town Line Road","highway":"residential"}},{"type":"Feature","geometry":{"type":"Point","coordinates":[-89.1485388,44.5274269]},"properties":{"name":"Tresness Road","highway":"residential"}},{"type":"Feature","geometry":{"type":"Point","coordinates":[-91.3276872,46.2079936]},"properties":{"name":"","highway":"service"}},{"type":"Feature","geometry":{"type":"Point","coordinates":[-90.9919536,43.8929963]},"properties":{"name":"","highway":"cycleway"}},{"type":"Feature","geometry":{"type":"Point","coordinates":[-90.7071545,46.2700799]},"properties":{"name":"Conley Road","highway":"residential"}},{"type":"Feature","geometry":{"type":"Point","coordinates":[-90.6702501,46.2342699]},"properties":{"name":"State Highway 13","highway":"primary"}},{"type":"Feature","geometry":{"type":"Point","coordinates":[-90.6260672,46.2242552]},"properties":{"name":"Camp K Road","highway":"residential"}},{"type":"Feature","geometry":{"type":"Point","coordinates":[-91.2062884,45.6028372]},"properties":{"name":"Old Murry Road","highway":"residential"}},{"type":"Feature","geometry":{"type":"Point","coordinates":[-91.2133603,45.59199]},"properties":{"name":"Short Cut Road","highway":"residential"}},{"type":"Feature","geometry":{"type":"Point","coordinates":[-91.2664338,45.6978986]},"properties":{"name":"North Polish Road","highway":"residential"}},{"type":"Feature","geometry":{"type":"Point","coordinates":[-91.2359335,45.6679312]},"properties":{"name":"North Schwartz Road","highway":"residential"}},{"type":"Feature","geometry":{"type":"Point","coordinates":[-91.2211099,45.6199808]},"properties":{"name":"State Highway 40","highway":"primary"}},{"type":"Feature","geometry":{"type":"Point","coordinates":[-91.2355151,45.6680954]},"properties":{"name":"West 2nd Street","highway":"primary"}},{"type":"Feature","geometry":{"type":"Point","coordinates":[-89.7881528,43.1725273]},"properties":{"name":"US Highway 14","highway":"primary"}},{"type":"Feature","geometry":{"type":"Point","coordinates":[-91.3064323,45.7932016]},"properties":{"name":"North Hoffer Road","highway":"residential"}},{"type":"Feature","geometry":{"type":"Point","coordinates":[-91.2666866,45.7707513]},"properties":{"name":"North Weirgor Road","highway":"residential"}},{"type":"Feature","geometry":{"type":"Point","coordinates":[-91.2903282,45.7952588]},"properties":{"name":"","highway":"path"}},{"type":"Feature","geometry":{"type":"Point","coordinates":[-91.4094405,45.811616]},"properties":{"name":"Right of Way Road","highway":"residential"}},{"type":"Feature","geometry":{"type":"Point","coordinates":[-90.6415822,46.3765497]},"properties":{"name":"Doughboys Trail","highway":"footway"}},{"type":"Feature","geometry":{"type":"Point","coordinates":[-92.5686983,44.633799]},"properties":{"name":"County Road K","highway":"tertiary"}},{"type":"Feature","geometry":{"type":"Point","coordinates":[-92.5794528,44.6256422]},"properties":{"name":"State Highway 35","highway":"primary"}},{"type":"Feature","geometry":{"type":"Point","coordinates":[-90.3419796,43.1829692]},"properties":{"name":"State Highway 133","highway":"primary"}},{"type":"Feature","geometry":{"type":"Point","coordinates":[-89.6601735,43.1130132]},"properties":{"name":"Market Street","highway":"tertiary"}},{"type":"Feature","geometry":{"type":"Point","coordinates":[-89.6824019,43.1182076]},"properties":{"name":"US Highway 14","highway":"primary"}},{"type":"Feature","geometry":{"type":"Point","coordinates":[-89.7415429,43.1371165]},"properties":{"name":"Kahl Road","highway":"unclassified"}},{"type":"Feature","geometry":{"type":"Point","coordinates":[-89.7097569,43.1249306]},"properties":{"name":"South Valley Road","highway":"residential"}},{"type":"Feature","geometry":{"type":"Point","coordinates":[-89.6256806,43.0967693]},"properties":{"name":"Stagecoach Road","highway":"tertiary"}},{"type":"Feature","geometry":{"type":"Point","coordinates":[-89.6393378,43.1067109]},"properties":{"name":"","highway":"service"}},{"type":"Feature","geometry":{"type":"Point","coordinates":[-89.6121352,43.0945904]},"properties":{"name":"","highway":"service"}},{"type":"Feature","geometry":{"type":"Point","coordinates":[-88.7973803,46.0325063]},"properties":{"name":"State Highway 55","highway":"primary"}},{"type":"Feature","geometry":{"type":"Point","coordinates":[-91.5452203,44.2539446]},"properties":{"name":"State Road 95","highway":"primary"}},{"type":"Feature","geometry":{"type":"Point","coordinates":[-91.6735523,45.610072]},"properties":{"name":"County Highway V","highway":"primary"}},{"type":"Feature","geometry":{"type":"Point","coordinates":[-91.677454,45.5981793]},"properties":{"name":"Tuscobia State Trail","highway":"track"}},{"type":"Feature","geometry":{"type":"Point","coordinates":[-88.0647783,45.5050099]},"properties":{"name":"Benson Lake Road","highway":"tertiary"}},{"type":"Feature","geometry":{"type":"Point","coordinates":[-88.1964324,45.6376937]},"properties":{"name":"CCC Camp Road","highway":"unclassified"}},{"type":"Feature","geometry":{"type":"Point","coordinates":[-88.0283044,45.5684979]},"properties":{"name":"Smeester School Road","highway":"tertiary"}},{"type":"Feature","geometry":{"type":"Point","coordinates":[-88.0098589,45.5059122]},"properties":{"name":"Dow Dam Road","highway":"secondary"}},{"type":"Feature","geometry":{"type":"Point","coordinates":[-88.0859888,45.517831]},"properties":{"name":"Forbes Road","highway":"residential"}},{"type":"Feature","geometry":{"type":"Point","coordinates":[-88.109096,45.5674056]},"properties":{"name":"Lily Lake Road","highway":"tertiary"}},{"type":"Feature","geometry":{"type":"Point","coordinates":[-88.0560698,45.4952702]},"properties":{"name":"Mathis Lake Road","highway":"tertiary"}},{"type":"Feature","geometry":{"type":"Point","coordinates":[-88.1650693,45.6238683]},"properties":{"name":"Old County A Road","highway":"tertiary"}},{"type":"Feature","geometry":{"type":"Point","coordinates":[-88.0057537,45.543206]},"properties":{"name":"Town Corner Lake Road","highway":"tertiary"}},{"type":"Feature","geometry":{"type":"Point","coordinates":[-88.1163247,45.6075449]},"properties":{"name":"Twin Lake Road","highway":"tertiary"}},{"type":"Feature","geometry":{"type":"Point","coordinates":[-87.9843142,45.4961127]},"properties":{"name":"US Highway 141","highway":"trunk"}},{"type":"Feature","geometry":{"type":"Point","coordinates":[-91.5246013,45.6520421]},"properties":{"name":"Cedar Avenue","highway":"tertiary"}},{"type":"Feature","geometry":{"type":"Point","coordinates":[-87.8983734,45.6729805]},"properties":{"name":"Morgan Park Road","highway":"unclassified"}},{"type":"Feature","geometry":{"type":"Point","coordinates":[-92.1212511,46.5359186]},"properties":{"name":"","highway":"footway"}},{"type":"Feature","geometry":{"type":"Point","coordinates":[-92.1199029,46.5270585]},"properties":{"name":"CCC Bridge","highway":"footway"}},{"type":"Feature","geometry":{"type":"Point","coordinates":[-90.5916686,43.6585116]},"properties":{"name":"State Highway 131","highway":"secondary"}},{"type":"Feature","geometry":{"type":"Point","coordinates":[-90.5868925,43.664987]},"properties":{"name":"Winchel Valley Avenue","highway":"residential"}},{"type":"Feature","geometry":{"type":"Point","coordinates":[-90.594171,43.6722139]},"properties":{"name":"State Highway 131","highway":"secondary"}},{"type":"Feature","geometry":{"type":"Point","coordinates":[-90.5946782,43.6514391]},"properties":{"name":"State Highway 131","highway":"secondary"}},{"type":"Feature","geometry":{"type":"Point","coordinates":[-89.9208339,42.9402638]},"properties":{"name":"County Road K","highway":"tertiary"}},{"type":"Feature","geometry":{"type":"Point","coordinates":[-89.8524297,42.9189203]},"properties":{"name":"Clay Hill Road","highway":"tertiary"}},{"type":"Feature","geometry":{"type":"Point","coordinates":[-90.1923464,46.4653833]},"properties":{"name":"West Cloverland Drive","highway":"trunk"}},{"type":"Feature","geometry":{"type":"Point","coordinates":[-91.0863411,43.9494524]},"properties":{"name":"County Highway C","highway":"secondary"}},{"type":"Feature","geometry":{"type":"Point","coordinates":[-87.4162196,44.6973085]},"properties":{"name":"County Road J","highway":"tertiary"}},{"type":"Feature","geometry":{"type":"Point","coordinates":[-87.4033382,44.6827901]},"properties":{"name":"Rosewood Road","highway":"residential"}},{"type":"Feature","geometry":{"type":"Point","coordinates":[-87.4195505,44.704512]},"properties":{"name":"Carnot Road","highway":"residential"}},{"type":"Feature","geometry":{"type":"Point","coordinates":[-87.4835147,44.6753223]},"properties":{"name":"County Road X","highway":"tertiary"}},{"type":"Feature","geometry":{"type":"Point","coordinates":[-89.3950805,43.3863419]},"properties":{"name":"US Highway 51","highway":"primary"}},{"type":"Feature","geometry":{"type":"Point","coordinates":[-89.4067843,43.455832]},"properties":{"name":"US Highway 51","highway":"primary"}},{"type":"Feature","geometry":{"type":"Point","coordinates":[-90.7757697,43.3943529]},"properties":{"name":"Church Street","highway":"secondary"}},{"type":"Feature","geometry":{"type":"Point","coordinates":[-90.7728757,43.3938629]},"properties":{"name":"Pine Street","highway":"secondary"}},{"type":"Feature","geometry":{"type":"Point","coordinates":[-90.7564596,43.380251]},"properties":{"name":"US Highway 61","highway":"trunk"}},{"type":"Feature","geometry":{"type":"Point","coordinates":[-90.7661632,43.3905779]},"properties":{"name":"US Highway 61","highway":"trunk"}},{"type":"Feature","geometry":{"type":"Point","coordinates":[-88.6788988,45.6800935]},"properties":{"name":"Nicolet State Trail","highway":"path"}},{"type":"Feature","geometry":{"type":"Point","coordinates":[-88.6969352,45.7675732]},"properties":{"name":"Nicolet State Trail","highway":"path"}},{"type":"Feature","geometry":{"type":"Point","coordinates":[-88.641476,45.885695]},"properties":{"name":"Nicolet State Trail","highway":"path"}},{"type":"Feature","geometry":{"type":"Point","coordinates":[-88.6956904,45.7673113]},"properties":{"name":"Old Highway 139","highway":"residential"}},{"type":"Feature","geometry":{"type":"Point","coordinates":[-88.6524705,45.9876426]},"properties":{"name":"State Highway 139","highway":"secondary"}},{"type":"Feature","geometry":{"type":"Point","coordinates":[-90.829562,43.2922176]},"properties":{"name":"Sand Creek Road","highway":"residential"}},{"type":"Feature","geometry":{"type":"Point","coordinates":[-90.8307025,43.290615]},"properties":{"name":"State Highway 131","highway":"secondary"}},{"type":"Feature","geometry":{"type":"Point","coordinates":[-90.598667,43.6395465]},"properties":{"name":"State Highway 131","highway":"secondary"}},{"type":"Feature","geometry":{"type":"Point","coordinates":[-87.3771017,44.6739142]},"properties":{"name":"County Road U","highway":"tertiary"}},{"type":"Feature","geometry":{"type":"Point","coordinates":[-88.0502034,43.0855362]},"properties":{"name":"","highway":"path"}},{"type":"Feature","geometry":{"type":"Point","coordinates":[-87.4669807,44.646598]},"properties":{"name":"Washington Road","highway":"residential"}},{"type":"Feature","geometry":{"type":"Point","coordinates":[-87.718528,44.5888875]},"properties":{"name":"County Road K","highway":"tertiary"}},{"type":"Feature","geometry":{"type":"Point","coordinates":[-87.7134772,44.5925566]},"properties":{"name":"Lowell Road","highway":"residential"}},{"type":"Feature","geometry":{"type":"Point","coordinates":[-87.7236586,44.5772223]},"properties":{"name":"Rendezvous Road","highway":"residential"}},{"type":"Feature","geometry":{"type":"Point","coordinates":[-87.7337337,44.5742277]},"properties":{"name":"River Road","highway":"residential"}},{"type":"Feature","geometry":{"type":"Point","coordinates":[-87.7643867,44.5662811]},"properties":{"name":"County Line Road","highway":"unclassified"}},{"type":"Feature","geometry":{"type":"Point","coordinates":[-87.7299002,44.5453113]},"properties":{"name":"State Highway 54","highway":"primary"}},{"type":"Feature","geometry":{"type":"Point","coordinates":[-89.855602,42.6979739]},"properties":{"name":"","highway":"track"}},{"type":"Feature","geometry":{"type":"Point","coordinates":[-87.6844567,44.5742306]},"properties":{"name":"River Road","highway":"residential"}},{"type":"Feature","geometry":{"type":"Point","coordinates":[-87.6593505,44.5544785]},"properties":{"name":"Hillside Road","highway":"residential"}},{"type":"Feature","geometry":{"type":"Point","coordinates":[-87.6613765,44.5559846]},"properties":{"name":"State Highway 54","highway":"primary"}},{"type":"Feature","geometry":{"type":"Point","coordinates":[-87.682573,44.5646824]},"properties":{"name":"Valley Road","highway":"residential"}},{"type":"Feature","geometry":{"type":"Point","coordinates":[-90.5272379,43.3402753]},"properties":{"name":"US Highway 14","highway":"primary"}},{"type":"Feature","geometry":{"type":"Point","coordinates":[-90.5272424,43.3401558]},"properties":{"name":"US Highway 14","highway":"primary"}},{"type":"Feature","geometry":{"type":"Point","coordinates":[-87.6423685,44.5451158]},"properties":{"name":"Rockledge Road","highway":"residential"}},{"type":"Feature","geometry":{"type":"Point","coordinates":[-87.6175068,44.5155088]},"properties":{"name":"Ahnapee State Trail","highway":"cycleway"}},{"type":"Feature","geometry":{"type":"Point","coordinates":[-87.5866511,44.5160431]},"properties":{"name":"Clyde Hill Road","highway":"residential"}},{"type":"Feature","geometry":{"type":"Point","coordinates":[-87.6080975,44.5163692]},"properties":{"name":"County Road C","highway":"secondary"}},{"type":"Feature","geometry":{"type":"Point","coordinates":[-87.5657323,44.4775728]},"properties":{"name":"County Road C","highway":"secondary"}},{"type":"Feature","geometry":{"type":"Point","coordinates":[-87.5558152,44.4581718]},"properties":{"name":"County Road F","highway":"tertiary"}},{"type":"Feature","geometry":{"type":"Point","coordinates":[-87.6390005,44.5397374]},"properties":{"name":"Ahnapee State Trail","highway":"cycleway"}},{"type":"Feature","geometry":{"type":"Point","coordinates":[-87.6478935,44.5204687]},"properties":{"name":"County Road A","highway":"secondary"}},{"type":"Feature","geometry":{"type":"Point","coordinates":[-87.6291656,44.429018]},"properties":{"name":"Krok Road","highway":"tertiary"}},{"type":"Feature","geometry":{"type":"Point","coordinates":[-87.6640368,44.4621283]},"properties":{"name":"Sleepy Hollow Lane","highway":"residential"}},{"type":"Feature","geometry":{"type":"Point","coordinates":[-87.7544566,44.540623]},"properties":{"name":"Walhain Road","highway":"residential"}},{"type":"Feature","geometry":{"type":"Point","coordinates":[-87.764861,44.544594]},"properties":{"name":"County Line Road","highway":"unclassified"}},{"type":"Feature","geometry":{"type":"Point","coordinates":[-87.7750772,44.5435848]},"properties":{"name":"Stump Road","highway":"residential"}},{"type":"Feature","geometry":{"type":"Point","coordinates":[-87.7854565,44.5368553]},"properties":{"name":"Sugar Bush Road","highway":"tertiary"}},{"type":"Feature","geometry":{"type":"Point","coordinates":[-87.9133593,44.8240578]},"properties":{"name":"County Highway S","highway":"secondary"}},{"type":"Feature","geometry":{"type":"Point","coordinates":[-87.9192446,44.8252892]},"properties":{"name":"Old 41 Road","highway":"unclassified"}},{"type":"Feature","geometry":{"type":"Point","coordinates":[-91.0217607,43.7017174]},"properties":{"name":"","highway":"footway"}},{"type":"Feature","geometry":{"type":"Point","coordinates":[-91.0211537,43.7024118]},"properties":{"name":"","highway":"trunk"}},{"type":"Feature","geometry":{"type":"Point","coordinates":[-91.0187887,43.7045009]},"properties":{"name":"","highway":"footway"}},{"type":"Feature","geometry":{"type":"Point","coordinates":[-90.7633869,43.4446039]},"properties":{"name":"West Kickapoo Street","highway":"primary"}},{"type":"Feature","geometry":{"type":"Point","coordinates":[-88.0018162,44.5147161]},"properties":{"name":"North Webster Avenue","highway":"secondary"}},{"type":"Feature","geometry":{"type":"Point","coordinates":[-90.4725797,42.7282211]},"properties":{"name":"East Business Highway 151","highway":"secondary"}},{"type":"Feature","geometry":{"type":"Point","coordinates":[-90.7668093,43.4409696]},"properties":{"name":"Soldiers Grove Road","highway":"trunk"}},{"type":"Feature","geometry":{"type":"Point","coordinates":[-90.778161,43.4191859]},"properties":{"name":"US Highway 61","highway":"trunk"}},{"type":"Feature","geometry":{"type":"Point","coordinates":[-87.623215,44.4037722]},"properties":{"name":"Saint Peters Road","highway":"tertiary"}},{"type":"Feature","geometry":{"type":"Point","coordinates":[-87.6005189,44.3906207]},"properties":{"name":"County Road B","highway":"tertiary"}},{"type":"Feature","geometry":{"type":"Point","coordinates":[-89.5541573,45.9897075]},"properties":{"name":"County Road N","highway":"secondary"}},{"type":"Feature","geometry":{"type":"Point","coordinates":[-91.0487927,43.5154723]},"properties":{"name":"County Road N","highway":"tertiary"}},{"type":"Feature","geometry":{"type":"Point","coordinates":[-88.3840922,43.1619694]},"properties":{"name":"Petersen Road","highway":"tertiary"}},{"type":"Feature","geometry":{"type":"Point","coordinates":[-87.6546915,44.3493122]},"properties":{"name":"Collegiate Road","highway":"unclassified"}},{"type":"Feature","geometry":{"type":"Point","coordinates":[-87.6367324,44.3274976]},"properties":{"name":"County Road BB","highway":"secondary"}},{"type":"Feature","geometry":{"type":"Point","coordinates":[-89.5692148,45.3542697]},"properties":{"name":"Grundy Road","highway":"residential"}},{"type":"Feature","geometry":{"type":"Point","coordinates":[-91.0749224,42.8793252]},"properties":{"name":"County Road A","highway":"tertiary"}},{"type":"Feature","geometry":{"type":"Point","coordinates":[-87.7454104,44.2696789]},"properties":{"name":"Melnik Road","highway":"tertiary"}},{"type":"Feature","geometry":{"type":"Point","coordinates":[-87.7563471,44.2764428]},"properties":{"name":"West Main Street","highway":"primary"}},{"type":"Feature","geometry":{"type":"Point","coordinates":[-91.1794375,43.7597594]},"properties":{"name":"Justin Road","highway":"residential"}},{"type":"Feature","geometry":{"type":"Point","coordinates":[-91.1340215,43.1699081]},"properties":{"name":"Great River Road","highway":"primary"}},{"type":"Feature","geometry":{"type":"Point","coordinates":[-91.0478368,43.2784028]},"properties":{"name":"State Highway 35","highway":"primary"}},{"type":"Feature","geometry":{"type":"Point","coordinates":[-91.0582783,43.2442032]},"properties":{"name":"Great River Road","highway":"primary"}},{"type":"Feature","geometry":{"type":"Point","coordinates":[-91.0701349,43.3310486]},"properties":{"name":"Great River Road","highway":"primary"}},{"type":"Feature","geometry":{"type":"Point","coordinates":[-91.0812773,43.340053]},"properties":{"name":"Great River Road","highway":"primary"}},{"type":"Feature","geometry":{"type":"Point","coordinates":[-91.0587502,43.3158899]},"properties":{"name":"Great River Road","highway":"primary"}},{"type":"Feature","geometry":{"type":"Point","coordinates":[-91.1396257,43.3680456]},"properties":{"name":"Great River Road","highway":"primary"}},{"type":"Feature","geometry":{"type":"Point","coordinates":[-91.0815538,43.3398511]},"properties":{"name":"","highway":"footway"}},{"type":"Feature","geometry":{"type":"Point","coordinates":[-91.2191509,43.6475912]},"properties":{"name":"Great River Road","highway":"primary"}},{"type":"Feature","geometry":{"type":"Point","coordinates":[-91.2215781,43.6070063]},"properties":{"name":"Great River Road","highway":"primary"}},{"type":"Feature","geometry":{"type":"Point","coordinates":[-91.2244826,43.5777148]},"properties":{"name":"Main Street","highway":"secondary"}},{"type":"Feature","geometry":{"type":"Point","coordinates":[-91.2005077,43.739154]},"properties":{"name":"Great River Road","highway":"primary"}},{"type":"Feature","geometry":{"type":"Point","coordinates":[-91.2942365,44.3747988]},"properties":{"name":"","highway":"primary"}},{"type":"Feature","geometry":{"type":"Point","coordinates":[-91.3386623,44.1174177]},"properties":{"name":"","highway":"primary"}},{"type":"Feature","geometry":{"type":"Point","coordinates":[-87.7741502,44.2995383]},"properties":{"name":"County Road R","highway":"secondary"}},{"type":"Feature","geometry":{"type":"Point","coordinates":[-87.776269,44.2559766]},"properties":{"name":"Devils River State Trail","highway":"path"}},{"type":"Feature","geometry":{"type":"Point","coordinates":[-87.7950202,44.3005123]},"properties":{"name":"Pleasant Road","highway":"residential"}},{"type":"Feature","geometry":{"type":"Point","coordinates":[-87.807011,44.3030661]},"properties":{"name":"County Road T","highway":"tertiary"}},{"type":"Feature","geometry":{"type":"Point","coordinates":[-87.8269016,44.309565]},"properties":{"name":"Rosecrans Road","highway":"residential"}},{"type":"Feature","geometry":{"type":"Point","coordinates":[-87.8463799,44.3096178]},"properties":{"name":"Kvitek Road","highway":"residential"}},{"type":"Feature","geometry":{"type":"Point","coordinates":[-87.8876388,44.3213801]},"properties":{"name":"County Highway NN","highway":"tertiary"}},{"type":"Feature","geometry":{"type":"Point","coordinates":[-87.8673323,44.3179645]},"properties":{"name":"Herold Road","highway":"residential"}},{"type":"Feature","geometry":{"type":"Point","coordinates":[-87.8627268,44.3129983]},"properties":{"name":"Zander Road","highway":"residential"}},{"type":"Feature","geometry":{"type":"Point","coordinates":[-91.9000852,45.2071739]},"properties":{"name":"Elliot Street North","highway":"unclassified"}},{"type":"Feature","geometry":{"type":"Point","coordinates":[-91.8806706,45.2302203]},"properties":{"name":"13 1/2 Street","highway":"primary"}},{"type":"Feature","geometry":{"type":"Point","coordinates":[-90.8406143,44.091316]},"properties":{"name":"State Highway 27","highway":"primary"}},{"type":"Feature","geometry":{"type":"Point","coordinates":[-90.8330632,44.1977649]},"properties":{"name":"State Highway 27","highway":"primary"}},{"type":"Feature","geometry":{"type":"Point","coordinates":[-92.6484043,44.8983293]},"properties":{"name":"","highway":"tertiary"}},{"type":"Feature","geometry":{"type":"Point","coordinates":[-92.5578506,45.0628883]},"properties":{"name":"120th Street","highway":"residential"}},{"type":"Feature","geometry":{"type":"Point","coordinates":[-92.3286026,44.570066]},"properties":{"name":"Great River Road","highway":"primary"}},{"type":"Feature","geometry":{"type":"Point","coordinates":[-91.4898231,45.0958205]},"properties":{"name":"Chippewa Road","highway":"secondary"}},{"type":"Feature","geometry":{"type":"Point","coordinates":[-91.4892134,45.1000197]},"properties":{"name":"17th Avenue","highway":"primary"}},{"type":"Feature","geometry":{"type":"Point","coordinates":[-90.7375881,42.8783507]},"properties":{"name":"County Road K","highway":"tertiary"}},{"type":"Feature","geometry":{"type":"Point","coordinates":[-90.7406049,42.8750766]},"properties":{"name":"","highway":"track"}},{"type":"Feature","geometry":{"type":"Point","coordinates":[-90.9930573,42.9757439]},"properties":{"name":"","highway":"primary"}},{"type":"Feature","geometry":{"type":"Point","coordinates":[-91.0409671,42.9833525]},"properties":{"name":"","highway":"primary"}},{"type":"Feature","geometry":{"type":"Point","coordinates":[-87.6261074,45.0449336]},"properties":{"name":"County Road BB","highway":"tertiary"}},{"type":"Feature","geometry":{"type":"Point","coordinates":[-91.5876918,46.5506575]},"properties":{"name":"Major Richard I. Bong Memorial Highway","highway":"trunk"}},{"type":"Feature","geometry":{"type":"Point","coordinates":[-91.6033328,46.5171738]},"properties":{"name":"Coolidge Memorial Highway","highway":"secondary"}},{"type":"Feature","geometry":{"type":"Point","coordinates":[-91.1884135,43.7459606]},"properties":{"name":"Old Town Hall Road","highway":"residential"}},{"type":"Feature","geometry":{"type":"Point","coordinates":[-87.563622,44.1536698]},"properties":{"name":"22nd Street","highway":"primary"}},{"type":"Feature","geometry":{"type":"Point","coordinates":[-91.1413463,43.1114132]},"properties":{"name":"Great River Road","highway":"primary"}},{"type":"Feature","geometry":{"type":"Point","coordinates":[-91.0483793,43.2458908]},"properties":{"name":"Benhardt Ridge Road","highway":"residential"}},{"type":"Feature","geometry":{"type":"Point","coordinates":[-87.6102434,44.1975799]},"properties":{"name":"East Hillcrest Road","highway":"unclassified"}},{"type":"Feature","geometry":{"type":"Point","coordinates":[-87.6061103,44.1893803]},"properties":{"name":"Maplewood Road","highway":"residential"}},{"type":"Feature","geometry":{"type":"Point","coordinates":[-87.6227273,44.2210283]},"properties":{"name":"Steiner Corners Drive","highway":"residential"}},{"type":"Feature","geometry":{"type":"Point","coordinates":[-87.6177941,44.2041912]},"properties":{"name":"Sturm Road","highway":"residential"}},{"type":"Feature","geometry":{"type":"Point","coordinates":[-90.9987907,43.316299]},"properties":{"name":"Stoney Point Road","highway":"residential"}},{"type":"Feature","geometry":{"type":"Point","coordinates":[-90.9658261,43.3250813]},"properties":{"name":"State Highway 171","highway":"secondary"}},{"type":"Feature","geometry":{"type":"Point","coordinates":[-91.0261564,43.3503779]},"properties":{"name":"Buck Creek Road","highway":"residential"}},{"type":"Feature","geometry":{"type":"Point","coordinates":[-90.9890014,43.3823509]},"properties":{"name":"County Highway C","highway":"tertiary"}},{"type":"Feature","geometry":{"type":"Point","coordinates":[-91.0232505,43.4196649]},"properties":{"name":"Rush Creek Road","highway":"residential"}},{"type":"Feature","geometry":{"type":"Point","coordinates":[-91.098575,43.3990664]},"properties":{"name":"Rutter Hill Road","highway":"unclassified"}},{"type":"Feature","geometry":{"type":"Point","coordinates":[-87.5727745,44.1470856]},"properties":{"name":"Madison Street","highway":"primary"}},{"type":"Feature","geometry":{"type":"Point","coordinates":[-89.4938285,43.8864783]},"properties":{"name":"South Main Street","highway":"secondary"}},{"type":"Feature","geometry":{"type":"Point","coordinates":[-87.6705271,44.1228779]},"properties":{"name":"North 18th Street","highway":"secondary"}},{"type":"Feature","geometry":{"type":"Point","coordinates":[-87.7134841,44.108999]},"properties":{"name":"US Highway 10","highway":"primary"}},{"type":"Feature","geometry":{"type":"Point","coordinates":[-87.712844,44.109049]},"properties":{"name":"Waldo Boulevard","highway":"primary"}},{"type":"Feature","geometry":{"type":"Point","coordinates":[-87.7649348,44.140424]},"properties":{"name":"Branch River Road","highway":"unclassified"}},{"type":"Feature","geometry":{"type":"Point","coordinates":[-87.7653476,44.1347364]},"properties":{"name":"North Union Road","highway":"unclassified"}},{"type":"Feature","geometry":{"type":"Point","coordinates":[-87.7328329,44.1286942]},"properties":{"name":"","highway":"motorway"}},{"type":"Feature","geometry":{"type":"Point","coordinates":[-87.7323988,44.1286037]},"properties":{"name":"","highway":"motorway"}},{"type":"Feature","geometry":{"type":"Point","coordinates":[-87.7810816,44.1116315]},"properties":{"name":"North Union Road","highway":"unclassified"}},{"type":"Feature","geometry":{"type":"Point","coordinates":[-87.801575,44.1801278]},"properties":{"name":"County Road T","highway":"tertiary"}},{"type":"Feature","geometry":{"type":"Point","coordinates":[-87.7814027,44.1638776]},"properties":{"name":"Danmar Road","highway":"tertiary"}},{"type":"Feature","geometry":{"type":"Point","coordinates":[-87.7994579,44.1072289]},"properties":{"name":"Highway H Road","highway":"tertiary"}},{"type":"Feature","geometry":{"type":"Point","coordinates":[-87.8284832,44.1964744]},"properties":{"name":"West Hillcrest Road","highway":"tertiary"}},{"type":"Feature","geometry":{"type":"Point","coordinates":[-87.8514572,44.1889506]},"properties":{"name":"East Taus Road","highway":"unclassified"}},{"type":"Feature","geometry":{"type":"Point","coordinates":[-87.8407123,44.1964388]},"properties":{"name":"West Hillcrest Road","highway":"tertiary"}},{"type":"Feature","geometry":{"type":"Point","coordinates":[-92.2826263,45.1674687]},"properties":{"name":"","highway":"trunk"}},{"type":"Feature","geometry":{"type":"Point","coordinates":[-87.6468534,44.104822]},"properties":{"name":"Mariners Trail","highway":"cycleway"}},{"type":"Feature","geometry":{"type":"Point","coordinates":[-87.6960691,44.0974218]},"properties":{"name":"Broadway Street","highway":"residential"}},{"type":"Feature","geometry":{"type":"Point","coordinates":[-87.7017345,44.0962345]},"properties":{"name":"Green Bay Road Bridge","highway":"footway"}},{"type":"Feature","geometry":{"type":"Point","coordinates":[-87.7160689,44.1060631]},"properties":{"name":"Michigan Avenue","highway":"tertiary"}},{"type":"Feature","geometry":{"type":"Point","coordinates":[-87.7013451,44.0614034]},"properties":{"name":"County Road CR","highway":"tertiary"}},{"type":"Feature","geometry":{"type":"Point","coordinates":[-87.6650811,44.0518634]},"properties":{"name":"Silver Creek Road","highway":"unclassified"}},{"type":"Feature","geometry":{"type":"Point","coordinates":[-87.6808477,44.0546604]},"properties":{"name":"South 26th Street","highway":"unclassified"}},{"type":"Feature","geometry":{"type":"Point","coordinates":[-87.7114993,44.0584068]},"properties":{"name":"Hecker Road","highway":"residential"}},{"type":"Feature","geometry":{"type":"Point","coordinates":[-87.7288381,44.071087]},"properties":{"name":"Valley Drive","highway":"residential"}},{"type":"Feature","geometry":{"type":"Point","coordinates":[-87.8214684,44.0982425]},"properties":{"name":"County Road S","highway":"tertiary"}},{"type":"Feature","geometry":{"type":"Point","coordinates":[-91.6299457,44.5998728]},"properties":{"name":"County Highway Z","highway":"tertiary"}},{"type":"Feature","geometry":{"type":"Point","coordinates":[-91.6706052,44.5618532]},"properties":{"name":"South Eau Claire Street","highway":"secondary"}},{"type":"Feature","geometry":{"type":"Point","coordinates":[-91.6687543,44.5654882]},"properties":{"name":"East Water Street","highway":"residential"}},{"type":"Feature","geometry":{"type":"Point","coordinates":[-91.7110333,44.5766795]},"properties":{"name":"Mock Road","highway":"residential"}},{"type":"Feature","geometry":{"type":"Point","coordinates":[-91.636722,44.5920009]},"properties":{"name":"State Road 37","highway":"primary"}},{"type":"Feature","geometry":{"type":"Point","coordinates":[-91.6059688,44.6127079]},"properties":{"name":"State Road 37","highway":"primary"}},{"type":"Feature","geometry":{"type":"Point","coordinates":[-87.8633653,44.0932851]},"properties":{"name":"County Road J","highway":"tertiary"}},{"type":"Feature","geometry":{"type":"Point","coordinates":[-90.9038399,46.4193686]},"properties":{"name":"County Road C","highway":"tertiary"}},{"type":"Feature","geometry":{"type":"Point","coordinates":[-87.7316452,43.9692285]},"properties":{"name":"Centerville Road","highway":"tertiary"}},{"type":"Feature","geometry":{"type":"Point","coordinates":[-87.7360996,43.9681085]},"properties":{"name":"","highway":"motorway"}},{"type":"Feature","geometry":{"type":"Point","coordinates":[-87.7364834,43.9681186]},"properties":{"name":"","highway":"motorway"}},{"type":"Feature","geometry":{"type":"Point","coordinates":[-87.7265222,43.965138]},"properties":{"name":"Point Road","highway":"unclassified"}},{"type":"Feature","geometry":{"type":"Point","coordinates":[-87.7215363,43.9377834]},"properties":{"name":"Lake Shore Road","highway":"tertiary"}},{"type":"Feature","geometry":{"type":"Point","coordinates":[-87.7089732,43.9619995]},"properties":{"name":"Lake Shore Road","highway":"tertiary"}},{"type":"Feature","geometry":{"type":"Point","coordinates":[-87.78368,43.9397378]},"properties":{"name":"","highway":"service"}},{"type":"Feature","geometry":{"type":"Point","coordinates":[-87.8066272,43.8918826]},"properties":{"name":"County Line Road","highway":"unclassified"}},{"type":"Feature","geometry":{"type":"Point","coordinates":[-91.3350128,44.1135043]},"properties":{"name":"Daulton Road","highway":"residential"}},{"type":"Feature","geometry":{"type":"Point","coordinates":[-90.3656921,43.7911804]},"properties":{"name":"East South Railroad Street","highway":"secondary"}},{"type":"Feature","geometry":{"type":"Point","coordinates":[-90.3568437,43.7866899]},"properties":{"name":"State Highway 71","highway":"secondary"}},{"type":"Feature","geometry":{"type":"Point","coordinates":[-90.373575,43.7954005]},"properties":{"name":"West Railroad Street","highway":"secondary"}},{"type":"Feature","geometry":{"type":"Point","coordinates":[-90.9934336,44.1469733]},"properties":{"name":"State Highway 54","highway":"primary"}},{"type":"Feature","geometry":{"type":"Point","coordinates":[-90.6215455,43.8328459]},"properties":{"name":"Railroad Street","highway":"residential"}},{"type":"Feature","geometry":{"type":"Point","coordinates":[-90.6101603,43.8235996]},"properties":{"name":"State Highway 71","highway":"secondary"}},{"type":"Feature","geometry":{"type":"Point","coordinates":[-90.6321944,43.8267872]},"properties":{"name":"County Highway U","highway":"tertiary"}},{"type":"Feature","geometry":{"type":"Point","coordinates":[-88.0343053,44.6348596]},"properties":{"name":"County Road J","highway":"tertiary"}},{"type":"Feature","geometry":{"type":"Point","coordinates":[-88.0494565,44.63274]},"properties":{"name":"Deerfield Lane West","highway":"residential"}},{"type":"Feature","geometry":{"type":"Point","coordinates":[-88.0513028,44.6327809]},"properties":{"name":"Side Street","highway":"residential"}},{"type":"Feature","geometry":{"type":"Point","coordinates":[-88.0536079,44.6325]},"properties":{"name":"Velp Avenue","highway":"tertiary"}},{"type":"Feature","geometry":{"type":"Point","coordinates":[-88.0641421,43.1335615]},"properties":{"name":"West Mill Road","highway":"tertiary"}},{"type":"Feature","geometry":{"type":"Point","coordinates":[-88.0348907,43.0603427]},"properties":{"name":"West North Avenue","highway":"secondary"}},{"type":"Feature","geometry":{"type":"Point","coordinates":[-88.0348955,43.0604268]},"properties":{"name":"West North Avenue","highway":"secondary"}},{"type":"Feature","geometry":{"type":"Point","coordinates":[-91.2771538,45.5019698]},"properties":{"name":"County Highway H","highway":"secondary"}},{"type":"Feature","geometry":{"type":"Point","coordinates":[-91.2771482,45.4910871]},"properties":{"name":"State Highway 40","highway":"primary"}},{"type":"Feature","geometry":{"type":"Point","coordinates":[-91.264028,45.5015307]},"properties":{"name":"State Highway 40","highway":"primary"}},{"type":"Feature","geometry":{"type":"Point","coordinates":[-91.2281238,45.5775673]},"properties":{"name":"State Highway 40","highway":"primary"}},{"type":"Feature","geometry":{"type":"Point","coordinates":[-91.2216993,45.7657527]},"properties":{"name":"South Clark Street","highway":"primary"}},{"type":"Feature","geometry":{"type":"Point","coordinates":[-88.0647221,44.5657455]},"properties":{"name":"Lakeview Drive","highway":"residential"}},{"type":"Feature","geometry":{"type":"Point","coordinates":[-88.0654068,44.5656645]},"properties":{"name":"Mountain-Bay State Trail","highway":"path"}},{"type":"Feature","geometry":{"type":"Point","coordinates":[-88.0618936,44.5636961]},"properties":{"name":"Riverview Drive","highway":"residential"}},{"type":"Feature","geometry":{"type":"Point","coordinates":[-88.0850975,44.5467241]},"properties":{"name":"Cardinal Lane","highway":"tertiary"}},{"type":"Feature","geometry":{"type":"Point","coordinates":[-88.0783824,44.5625972]},"properties":{"name":"Glendale Avenue","highway":"tertiary"}},{"type":"Feature","geometry":{"type":"Point","coordinates":[-88.0751827,44.5641647]},"properties":{"name":"Velp Avenue","highway":"tertiary"}},{"type":"Feature","geometry":{"type":"Point","coordinates":[-88.0090697,44.7090401]},"properties":{"name":"Grosse Road","highway":"residential"}},{"type":"Feature","geometry":{"type":"Point","coordinates":[-90.5932613,43.6855495]},"properties":{"name":"State Highway 131","highway":"secondary"}},{"type":"Feature","geometry":{"type":"Point","coordinates":[-90.602434,43.6977503]},"properties":{"name":"State Highway 131","highway":"secondary"}},{"type":"Feature","geometry":{"type":"Point","coordinates":[-90.602112,43.7054136]},"properties":{"name":"State Highway 131","highway":"secondary"}},{"type":"Feature","geometry":{"type":"Point","coordinates":[-90.5436002,43.7062188]},"properties":{"name":"County Road F","highway":"tertiary"}},{"type":"Feature","geometry":{"type":"Point","coordinates":[-90.5656144,43.6878852]},"properties":{"name":"State Highway 33","highway":"primary"}},{"type":"Feature","geometry":{"type":"Point","coordinates":[-90.532847,43.7098836]},"properties":{"name":"County Highway Z","highway":"tertiary"}},{"type":"Feature","geometry":{"type":"Point","coordinates":[-90.5689671,43.6881156]},"properties":{"name":"County Road F","highway":"tertiary"}},{"type":"Feature","geometry":{"type":"Point","coordinates":[-90.5753651,43.682766]},"properties":{"name":"County Road F","highway":"tertiary"}},{"type":"Feature","geometry":{"type":"Point","coordinates":[-90.603595,43.6784825]},"properties":{"name":"Hay Valley Road","highway":"residential"}},{"type":"Feature","geometry":{"type":"Point","coordinates":[-90.629232,43.6221934]},"properties":{"name":"County Road P","highway":"tertiary"}},{"type":"Feature","geometry":{"type":"Point","coordinates":[-90.621838,43.6284965]},"properties":{"name":"Old Highway 131 Trail","highway":"track"}},{"type":"Feature","geometry":{"type":"Point","coordinates":[-90.6406816,43.5876436]},"properties":{"name":"North Seelyburg Road","highway":"residential"}},{"type":"Feature","geometry":{"type":"Point","coordinates":[-90.6437227,43.574197]},"properties":{"name":"West Main Street","highway":"secondary"}},{"type":"Feature","geometry":{"type":"Point","coordinates":[-90.6367051,43.5671041]},"properties":{"name":"State Highway 131","highway":"secondary"}},{"type":"Feature","geometry":{"type":"Point","coordinates":[-90.64608,43.5588011]},"properties":{"name":"","highway":"service"}},{"type":"Feature","geometry":{"type":"Point","coordinates":[-90.6611865,43.5568935]},"properties":{"name":"Tunnelville Road","highway":"unclassified"}},{"type":"Feature","geometry":{"type":"Point","coordinates":[-90.6655466,43.5490496]},"properties":{"name":"State Highway 131","highway":"secondary"}},{"type":"Feature","geometry":{"type":"Point","coordinates":[-90.6587469,43.5274114]},"properties":{"name":"Simmons Flat Road","highway":"residential"}},{"type":"Feature","geometry":{"type":"Point","coordinates":[-90.6948696,43.4725646]},"properties":{"name":"State Highway 131","highway":"secondary"}},{"type":"Feature","geometry":{"type":"Point","coordinates":[-90.7375488,43.4677461]},"properties":{"name":"State Highway 131","highway":"secondary"}},{"type":"Feature","geometry":{"type":"Point","coordinates":[-90.7647734,43.4492433]},"properties":{"name":"Charles Street","highway":"residential"}},{"type":"Feature","geometry":{"type":"Point","coordinates":[-90.8410778,43.3524477]},"properties":{"name":"County Road B","highway":"tertiary"}},{"type":"Feature","geometry":{"type":"Point","coordinates":[-90.8452586,43.3568834]},"properties":{"name":"West Point Road","highway":"residential"}},{"type":"Feature","geometry":{"type":"Point","coordinates":[-90.8357686,43.2685637]},"properties":{"name":"State Highway 131","highway":"secondary"}},{"type":"Feature","geometry":{"type":"Point","coordinates":[-90.8122622,43.354941]},"properties":{"name":"State Highway 131","highway":"secondary"}},{"type":"Feature","geometry":{"type":"Point","coordinates":[-90.7692584,43.4071568]},"properties":{"name":"US Highway 61","highway":"trunk"}},{"type":"Feature","geometry":{"type":"Point","coordinates":[-87.9551708,44.8190869]},"properties":{"name":"Bell Bridge Road","highway":"unclassified"}},{"type":"Feature","geometry":{"type":"Point","coordinates":[-87.9978002,44.8137808]},"properties":{"name":"County Road J","highway":"tertiary"}},{"type":"Feature","geometry":{"type":"Point","coordinates":[-87.9133723,44.8270225]},"properties":{"name":"County Highway S","highway":"secondary"}},{"type":"Feature","geometry":{"type":"Point","coordinates":[-90.9073313,43.2125966]},"properties":{"name":"County Road E","highway":"tertiary"}},{"type":"Feature","geometry":{"type":"Point","coordinates":[-90.8933257,43.1960306]},"properties":{"name":"County Road E","highway":"tertiary"}},{"type":"Feature","geometry":{"type":"Point","coordinates":[-90.9020029,43.2836582]},"properties":{"name":"County Highway S","highway":"tertiary"}},{"type":"Feature","geometry":{"type":"Point","coordinates":[-88.0097991,44.8852541]},"properties":{"name":"Oconto River State Trail","highway":"path"}},{"type":"Feature","geometry":{"type":"Point","coordinates":[-88.0103234,44.8884525]},"properties":{"name":"State Highway 22","highway":"primary"}},{"type":"Feature","geometry":{"type":"Point","coordinates":[-87.9945795,44.8668751]},"properties":{"name":"Stiles Road","highway":"unclassified"}},{"type":"Feature","geometry":{"type":"Point","coordinates":[-89.2832195,44.4506901]},"properties":{"name":"Mill Street","highway":"tertiary"}},{"type":"Feature","geometry":{"type":"Point","coordinates":[-89.2848673,44.4468671]},"properties":{"name":"Washington Street","highway":"residential"}},{"type":"Feature","geometry":{"type":"Point","coordinates":[-89.0607572,44.3517204]},"properties":{"name":"Royalton Street","highway":"secondary"}},{"type":"Feature","geometry":{"type":"Point","coordinates":[-89.0757424,44.3557136]},"properties":{"name":"Shearer Street","highway":"residential"}},{"type":"Feature","geometry":{"type":"Point","coordinates":[-87.8708746,43.386577]},"properties":{"name":"South Wisconsin Street","highway":"tertiary"}},{"type":"Feature","geometry":{"type":"Point","coordinates":[-91.4006985,44.4290153]},"properties":{"name":"State Highway 93","highway":"trunk"}},{"type":"Feature","geometry":{"type":"Point","coordinates":[-90.8093576,43.8495454]},"properties":{"name":"State Highway 27","highway":"primary"}},{"type":"Feature","geometry":{"type":"Point","coordinates":[-90.8216552,43.8587023]},"properties":{"name":"State Highway 27","highway":"primary"}},{"type":"Feature","geometry":{"type":"Point","coordinates":[-90.8422863,44.0821885]},"properties":{"name":"State Highway 27","highway":"primary"}},{"type":"Feature","geometry":{"type":"Point","coordinates":[-90.841774,43.9861471]},"properties":{"name":"State Highway 27","highway":"primary"}},{"type":"Feature","geometry":{"type":"Point","coordinates":[-92.4111237,45.1370134]},"properties":{"name":"State Highway 64","highway":"trunk"}},{"type":"Feature","geometry":{"type":"Point","coordinates":[-91.0076782,43.0665779]},"properties":{"name":"Irish Ridge Road","highway":"residential"}},{"type":"Feature","geometry":{"type":"Point","coordinates":[-89.6461025,43.0357676]},"properties":{"name":"Valley Spring Road","highway":"residential"}},{"type":"Feature","geometry":{"type":"Point","coordinates":[-89.6656775,43.0348992]},"properties":{"name":"County Highway P","highway":"secondary"}},{"type":"Feature","geometry":{"type":"Point","coordinates":[-89.6327505,43.0264767]},"properties":{"name":"Military Ridge State Trail","highway":"cycleway"}},{"type":"Feature","geometry":{"type":"Point","coordinates":[-89.6259336,43.0247565]},"properties":{"name":"Military Ridge State Trail","highway":"cycleway"}},{"type":"Feature","geometry":{"type":"Point","coordinates":[-89.6144788,43.0206953]},"properties":{"name":"Military Ridge State Trail","highway":"cycleway"}},{"type":"Feature","geometry":{"type":"Point","coordinates":[-89.6099804,43.0168977]},"properties":{"name":"Paulson Road","highway":"residential"}},{"type":"Feature","geometry":{"type":"Point","coordinates":[-89.6072287,43.0165185]},"properties":{"name":"Military Ridge State Trail","highway":"cycleway"}},{"type":"Feature","geometry":{"type":"Point","coordinates":[-89.5999167,43.0109999]},"properties":{"name":"Military Ridge State Trail","highway":"cycleway"}},{"type":"Feature","geometry":{"type":"Point","coordinates":[-89.5996134,43.0097257]},"properties":{"name":"County Road PD","highway":"secondary"}},{"type":"Feature","geometry":{"type":"Point","coordinates":[-89.5964371,43.0051154]},"properties":{"name":"White Crossing","highway":"residential"}},{"type":"Feature","geometry":{"type":"Point","coordinates":[-87.9566058,44.9500237]},"properties":{"name":"County Highway A","highway":"tertiary"}},{"type":"Feature","geometry":{"type":"Point","coordinates":[-87.988732,44.9277092]},"properties":{"name":"County Highway J","highway":"tertiary"}},{"type":"Feature","geometry":{"type":"Point","coordinates":[-87.9859565,44.9783592]},"properties":{"name":"County Highway J","highway":"tertiary"}},{"type":"Feature","geometry":{"type":"Point","coordinates":[-88.0247794,45.0025993]},"properties":{"name":"Belgian Road","highway":"residential"}},{"type":"Feature","geometry":{"type":"Point","coordinates":[-88.161067,45.0374061]},"properties":{"name":"County Highway B","highway":"tertiary"}},{"type":"Feature","geometry":{"type":"Point","coordinates":[-90.4945962,46.3475105]},"properties":{"name":"State Highway 77","highway":"primary"}},{"type":"Feature","geometry":{"type":"Point","coordinates":[-90.4120583,46.3711912]},"properties":{"name":"Upson Park Road","highway":"residential"}},{"type":"Feature","geometry":{"type":"Point","coordinates":[-88.2985727,44.8647543]},"properties":{"name":"County Highway BB","highway":"tertiary"}},{"type":"Feature","geometry":{"type":"Point","coordinates":[-90.4881058,46.0192433]},"properties":{"name":"County Road F","highway":"secondary"}},{"type":"Feature","geometry":{"type":"Point","coordinates":[-90.4226103,45.9004262]},"properties":{"name":"","highway":"path"}},{"type":"Feature","geometry":{"type":"Point","coordinates":[-90.6795592,45.9076888]},"properties":{"name":"Tuscobia State Trail","highway":"path"}},{"type":"Feature","geometry":{"type":"Point","coordinates":[-88.4084988,44.915878]},"properties":{"name":"County Road H","highway":"tertiary"}},{"type":"Feature","geometry":{"type":"Point","coordinates":[-88.3830169,44.8731474]},"properties":{"name":"County Road V","highway":"tertiary"}},{"type":"Feature","geometry":{"type":"Point","coordinates":[-88.448878,44.9192636]},"properties":{"name":"County Road R","highway":"tertiary"}},{"type":"Feature","geometry":{"type":"Point","coordinates":[-88.4689386,44.9184218]},"properties":{"name":"Kelly Road","highway":"unclassified"}},{"type":"Feature","geometry":{"type":"Point","coordinates":[-88.4287142,44.9188958]},"properties":{"name":"Red Banks Road","highway":"unclassified"}},{"type":"Feature","geometry":{"type":"Point","coordinates":[-88.479569,44.9114973]},"properties":{"name":"Settlement Road","highway":"residential"}},{"type":"Feature","geometry":{"type":"Point","coordinates":[-88.4678439,44.999691]},"properties":{"name":"Elm Road","highway":"unclassified"}},{"type":"Feature","geometry":{"type":"Point","coordinates":[-88.4416243,45.0293398]},"properties":{"name":"Hill Road","highway":"residential"}},{"type":"Feature","geometry":{"type":"Point","coordinates":[-88.4485643,45.0079755]},"properties":{"name":"Pecore Road","highway":"residential"}},{"type":"Feature","geometry":{"type":"Point","coordinates":[-88.3911231,45.0181843]},"properties":{"name":"River Road","highway":"residential"}},{"type":"Feature","geometry":{"type":"Point","coordinates":[-88.4161201,45.0219087]},"properties":{"name":"State Highway 32","highway":"primary"}},{"type":"Feature","geometry":{"type":"Point","coordinates":[-90.9634459,45.8410564]},"properties":{"name":"Sundling Road","highway":"residential"}},{"type":"Feature","geometry":{"type":"Point","coordinates":[-88.3921163,45.0864338]},"properties":{"name":"Logan Road","highway":"residential"}},{"type":"Feature","geometry":{"type":"Point","coordinates":[-88.3781605,45.0642056]},"properties":{"name":"North Branch Road","highway":"residential"}},{"type":"Feature","geometry":{"type":"Point","coordinates":[-88.4761184,45.0680675]},"properties":{"name":"County Road AA","highway":"tertiary"}},{"type":"Feature","geometry":{"type":"Point","coordinates":[-88.4777279,45.0753283]},"properties":{"name":"","highway":"service"}},{"type":"Feature","geometry":{"type":"Point","coordinates":[-88.4588889,45.1226098]},"properties":{"name":"","highway":"track"}},{"type":"Feature","geometry":{"type":"Point","coordinates":[-88.4339163,45.1315891]},"properties":{"name":"State Highway 32","highway":"primary"}},{"type":"Feature","geometry":{"type":"Point","coordinates":[-90.0230447,45.5550243]},"properties":{"name":"Tripoli Drive","highway":"unclassified"}},{"type":"Feature","geometry":{"type":"Point","coordinates":[-88.3985902,45.1943292]},"properties":{"name":"National Forest Rd 2630","highway":"unclassified"}},{"type":"Feature","geometry":{"type":"Point","coordinates":[-88.4671556,45.1699642]},"properties":{"name":"","highway":"track"}},{"type":"Feature","geometry":{"type":"Point","coordinates":[-88.4826731,45.1732887]},"properties":{"name":"County Road W","highway":"tertiary"}},{"type":"Feature","geometry":{"type":"Point","coordinates":[-88.5986779,45.1444682]},"properties":{"name":"County Road W","highway":"tertiary"}},{"type":"Feature","geometry":{"type":"Point","coordinates":[-88.5012003,45.1979177]},"properties":{"name":"Iron Bridge Road","highway":"residential"}},{"type":"Feature","geometry":{"type":"Point","coordinates":[-88.5185443,45.2040184]},"properties":{"name":"State Highway 64","highway":"primary"}},{"type":"Feature","geometry":{"type":"Point","coordinates":[-88.4998196,45.1994613]},"properties":{"name":"State Highway 32","highway":"primary"}},{"type":"Feature","geometry":{"type":"Point","coordinates":[-88.5560973,45.1988208]},"properties":{"name":"Mountain Lakes Road","highway":"residential"}},{"type":"Feature","geometry":{"type":"Point","coordinates":[-88.5575725,45.2018882]},"properties":{"name":"State Highway 64","highway":"primary"}},{"type":"Feature","geometry":{"type":"Point","coordinates":[-88.4748264,45.2325642]},"properties":{"name":"Old 32 Road","highway":"unclassified"}},{"type":"Feature","geometry":{"type":"Point","coordinates":[-88.4946292,45.2086651]},"properties":{"name":"","highway":"track"}},{"type":"Feature","geometry":{"type":"Point","coordinates":[-88.4676732,45.246644]},"properties":{"name":"Tar Dam Road","highway":"residential"}},{"type":"Feature","geometry":{"type":"Point","coordinates":[-88.4549423,45.3368576]},"properties":{"name":"West Riverside Road","highway":"residential"}},{"type":"Feature","geometry":{"type":"Point","coordinates":[-88.4151078,45.3148295]},"properties":{"name":"Smyth Road","highway":"unclassified"}},{"type":"Feature","geometry":{"type":"Point","coordinates":[-89.6779954,45.193461]},"properties":{"name":"County Road K","highway":"secondary"}},{"type":"Feature","geometry":{"type":"Point","coordinates":[-89.6999805,45.1790627]},"properties":{"name":"South Polk Street","highway":"residential"}},{"type":"Feature","geometry":{"type":"Point","coordinates":[-88.4326077,45.2909613]},"properties":{"name":"Sullivan Spring Road","highway":"residential"}},{"type":"Feature","geometry":{"type":"Point","coordinates":[-88.4711181,45.2726066]},"properties":{"name":"Dufek Lane","highway":"residential"}},{"type":"Feature","geometry":{"type":"Point","coordinates":[-88.4756724,45.2881491]},"properties":{"name":"Old 32 Road","highway":"unclassified"}},{"type":"Feature","geometry":{"type":"Point","coordinates":[-88.4670105,45.2616117]},"properties":{"name":"","highway":"service"}},{"type":"Feature","geometry":{"type":"Point","coordinates":[-88.5054841,45.2416845]},"properties":{"name":"Tar Dam Road","highway":"residential"}},{"type":"Feature","geometry":{"type":"Point","coordinates":[-88.4917583,45.2991765]},"properties":{"name":"Logging Camp Lane","highway":"residential"}},{"type":"Feature","geometry":{"type":"Point","coordinates":[-88.5113583,45.2310269]},"properties":{"name":"","highway":"track"}},{"type":"Feature","geometry":{"type":"Point","coordinates":[-88.5065156,45.3024467]},"properties":{"name":"","highway":"service"}},{"type":"Feature","geometry":{"type":"Point","coordinates":[-88.5101309,45.2165398]},"properties":{"name":"","highway":"track"}},{"type":"Feature","geometry":{"type":"Point","coordinates":[-88.5115294,45.2346524]},"properties":{"name":"","highway":"track"}},{"type":"Feature","geometry":{"type":"Point","coordinates":[-88.5470775,45.3080096]},"properties":{"name":"Adam Ross Lane","highway":"residential"}},{"type":"Feature","geometry":{"type":"Point","coordinates":[-91.839818,44.5966432]},"properties":{"name":"County Road A","highway":"secondary"}},{"type":"Feature","geometry":{"type":"Point","coordinates":[-91.1118613,43.8411756]},"properties":{"name":"County Highway O","highway":"tertiary"}},{"type":"Feature","geometry":{"type":"Point","coordinates":[-91.8428428,44.5975835]},"properties":{"name":"County Road B","highway":"secondary"}},{"type":"Feature","geometry":{"type":"Point","coordinates":[-89.3626818,43.2362036]},"properties":{"name":"","highway":"cycleway"}},{"type":"Feature","geometry":{"type":"Point","coordinates":[-89.3512811,43.2447486]},"properties":{"name":"","highway":"cycleway"}},{"type":"Feature","geometry":{"type":"Point","coordinates":[-89.3560752,43.2436852]},"properties":{"name":"","highway":"cycleway"}},{"type":"Feature","geometry":{"type":"Point","coordinates":[-89.3560172,43.2439959]},"properties":{"name":"","highway":"cycleway"}},{"type":"Feature","geometry":{"type":"Point","coordinates":[-89.3565887,43.2420926]},"properties":{"name":"South Street","highway":"tertiary"}},{"type":"Feature","geometry":{"type":"Point","coordinates":[-89.362799,43.2362115]},"properties":{"name":"River Road","highway":"tertiary"}},{"type":"Feature","geometry":{"type":"Point","coordinates":[-89.3619173,43.2365018]},"properties":{"name":"","highway":"footway"}},{"type":"Feature","geometry":{"type":"Point","coordinates":[-89.3437936,43.2495555]},"properties":{"name":"","highway":"cycleway"}},{"type":"Feature","geometry":{"type":"Point","coordinates":[-89.3467738,43.2476324]},"properties":{"name":"","highway":"cycleway"}},{"type":"Feature","geometry":{"type":"Point","coordinates":[-88.6525818,45.2171534]},"properties":{"name":"Sauls Spring Road","highway":"unclassified"}},{"type":"Feature","geometry":{"type":"Point","coordinates":[-88.6209257,45.1971683]},"properties":{"name":"State Highway 64","highway":"primary"}},{"type":"Feature","geometry":{"type":"Point","coordinates":[-88.6676427,45.2642482]},"properties":{"name":"","highway":"footway"}},{"type":"Feature","geometry":{"type":"Point","coordinates":[-88.5544751,45.3045902]},"properties":{"name":"East Chain Lake Road","highway":"residential"}},{"type":"Feature","geometry":{"type":"Point","coordinates":[-88.5960549,45.3185226]},"properties":{"name":"Townsend Dam Road","highway":"residential"}},{"type":"Feature","geometry":{"type":"Point","coordinates":[-88.6572719,45.3303231]},"properties":{"name":"Forest Hill Drive","highway":"unclassified"}},{"type":"Feature","geometry":{"type":"Point","coordinates":[-90.5120952,42.6578223]},"properties":{"name":"Rock Road","highway":"residential"}},{"type":"Feature","geometry":{"type":"Point","coordinates":[-91.6881006,45.4872445]},"properties":{"name":"19 1/2 Avenue","highway":"secondary"}},{"type":"Feature","geometry":{"type":"Point","coordinates":[-91.6811973,45.5019226]},"properties":{"name":"23rd Street","highway":"unclassified"}},{"type":"Feature","geometry":{"type":"Point","coordinates":[-91.656342,45.5666855]},"properties":{"name":"25th Avenue","highway":"residential"}},{"type":"Feature","geometry":{"type":"Point","coordinates":[-89.8550939,43.8273229]},"properties":{"name":"West 14th Lane","highway":"residential"}},{"type":"Feature","geometry":{"type":"Point","coordinates":[-88.6962513,45.5666866]},"properties":{"name":"Connor Farm Road","highway":"residential"}},{"type":"Feature","geometry":{"type":"Point","coordinates":[-88.7275841,45.5646286]},"properties":{"name":"","highway":"trunk"}},{"type":"Feature","geometry":{"type":"Point","coordinates":[-88.6779299,45.5653533]},"properties":{"name":"","highway":"service"}},{"type":"Feature","geometry":{"type":"Point","coordinates":[-88.2139595,45.6544038]},"properties":{"name":"US highway 8","highway":"trunk"}},{"type":"Feature","geometry":{"type":"Point","coordinates":[-87.9647839,45.6485585]},"properties":{"name":"","highway":"trunk"}},{"type":"Feature","geometry":{"type":"Point","coordinates":[-87.9934143,45.6302029]},"properties":{"name":"","highway":"trunk"}},{"type":"Feature","geometry":{"type":"Point","coordinates":[-91.6561528,45.4451734]},"properties":{"name":"24 1/2 Street","highway":"secondary"}},{"type":"Feature","geometry":{"type":"Point","coordinates":[-88.7026398,44.8255902]},"properties":{"name":"County Road A","highway":"tertiary"}},{"type":"Feature","geometry":{"type":"Point","coordinates":[-91.227921,46.2062399]},"properties":{"name":"County Road M","highway":"secondary"}},{"type":"Feature","geometry":{"type":"Point","coordinates":[-91.2465507,46.2005309]},"properties":{"name":"Telemark Road","highway":"tertiary"}},{"type":"Feature","geometry":{"type":"Point","coordinates":[-91.4073841,45.8405975]},"properties":{"name":"State Highway 27/70","highway":"primary"}},{"type":"Feature","geometry":{"type":"Point","coordinates":[-91.0903744,44.8291694]},"properties":{"name":"County Highway D","highway":"tertiary"}},{"type":"Feature","geometry":{"type":"Point","coordinates":[-91.1279131,44.6841477]},"properties":{"name":"State Highway 27","highway":"primary"}},{"type":"Feature","geometry":{"type":"Point","coordinates":[-91.175774,44.594181]},"properties":{"name":"County Road R","highway":"secondary"}},{"type":"Feature","geometry":{"type":"Point","coordinates":[-90.9655963,44.5957343]},"properties":{"name":"US Highway 12","highway":"primary"}},{"type":"Feature","geometry":{"type":"Point","coordinates":[-90.9741777,43.6303252]},"properties":{"name":"","highway":"residential"}},{"type":"Feature","geometry":{"type":"Point","coordinates":[-88.0916535,45.0671223]},"properties":{"name":"Land Fill Road","highway":"residential"}},{"type":"Feature","geometry":{"type":"Point","coordinates":[-88.08312,45.109432]},"properties":{"name":"State Highway 64","highway":"primary"}},{"type":"Feature","geometry":{"type":"Point","coordinates":[-91.227325,43.57691]},"properties":{"name":"State Highway 35","highway":"primary"}},{"type":"Feature","geometry":{"type":"Point","coordinates":[-90.1665619,46.4396324]},"properties":{"name":"Dupont Road","highway":"unclassified"}},{"type":"Feature","geometry":{"type":"Point","coordinates":[-90.2322744,46.4340337]},"properties":{"name":"","highway":"track"}},{"type":"Feature","geometry":{"type":"Point","coordinates":[-88.0173373,45.1301412]},"properties":{"name":"US Highway 141","highway":"trunk"}},{"type":"Feature","geometry":{"type":"Point","coordinates":[-87.9871242,45.1283555]},"properties":{"name":"11th Road","highway":"unclassified"}},{"type":"Feature","geometry":{"type":"Point","coordinates":[-88.0076691,45.1288]},"properties":{"name":"15th Road","highway":"residential"}},{"type":"Feature","geometry":{"type":"Point","coordinates":[-87.9555028,45.1328503]},"properties":{"name":"3rd Road","highway":"residential"}},{"type":"Feature","geometry":{"type":"Point","coordinates":[-90.5870111,46.4673943]},"properties":{"name":"Potato River Road","highway":"unclassified"}},{"type":"Feature","geometry":{"type":"Point","coordinates":[-88.0283423,45.1277127]},"properties":{"name":"19th Road","highway":"unclassified"}},{"type":"Feature","geometry":{"type":"Point","coordinates":[-88.0274847,43.0563039]},"properties":{"name":"North Swan Boulevard","highway":"secondary"}},{"type":"Feature","geometry":{"type":"Point","coordinates":[-88.0368999,45.1451575]},"properties":{"name":"21st Road","highway":"residential"}},{"type":"Feature","geometry":{"type":"Point","coordinates":[-88.0579953,45.1171327]},"properties":{"name":"25th Road","highway":"residential"}},{"type":"Feature","geometry":{"type":"Point","coordinates":[-91.4416372,44.3442418]},"properties":{"name":"State Highway 93","highway":"trunk"}},{"type":"Feature","geometry":{"type":"Point","coordinates":[-91.125354,44.3271769]},"properties":{"name":"County Highway P","highway":"secondary"}},{"type":"Feature","geometry":{"type":"Point","coordinates":[-91.006184,44.3886255]},"properties":{"name":"","highway":"motorway"}},{"type":"Feature","geometry":{"type":"Point","coordinates":[-91.005866,44.3887531]},"properties":{"name":"","highway":"motorway"}},{"type":"Feature","geometry":{"type":"Point","coordinates":[-91.0849348,44.3426888]},"properties":{"name":"North Davis Road","highway":"residential"}},{"type":"Feature","geometry":{"type":"Point","coordinates":[-91.0137405,44.385371]},"properties":{"name":"North State Street","highway":"primary"}},{"type":"Feature","geometry":{"type":"Point","coordinates":[-91.0794265,44.3491631]},"properties":{"name":"State Highway 95","highway":"primary"}},{"type":"Feature","geometry":{"type":"Point","coordinates":[-91.0885643,44.3352556]},"properties":{"name":"Taylor Road","highway":"residential"}},{"type":"Feature","geometry":{"type":"Point","coordinates":[-91.0057742,44.3887902]},"properties":{"name":"","highway":"motorway_link"}},{"type":"Feature","geometry":{"type":"Point","coordinates":[-90.9733997,44.4035784]},"properties":{"name":"State Highway 95","highway":"primary"}},{"type":"Feature","geometry":{"type":"Point","coordinates":[-87.920138,45.2847082]},"properties":{"name":"Maple Beach Road","highway":"residential"}},{"type":"Feature","geometry":{"type":"Point","coordinates":[-87.9185467,45.2794874]},"properties":{"name":"Wayside Road","highway":"residential"}},{"type":"Feature","geometry":{"type":"Point","coordinates":[-87.993676,45.2891135]},"properties":{"name":"Cemetery Road","highway":"residential"}},{"type":"Feature","geometry":{"type":"Point","coordinates":[-92.6090423,44.8482375]},"properties":{"name":"","highway":"cycleway"}},{"type":"Feature","geometry":{"type":"Point","coordinates":[-88.0040616,45.2504496]},"properties":{"name":"Louisa Road","highway":"residential"}},{"type":"Feature","geometry":{"type":"Point","coordinates":[-88.2570065,45.2825667]},"properties":{"name":"Caldron Falls Road","highway":"unclassified"}},{"type":"Feature","geometry":{"type":"Point","coordinates":[-91.6625866,45.5711702]},"properties":{"name":"24th Street","highway":"residential"}},{"type":"Feature","geometry":{"type":"Point","coordinates":[-91.6738178,45.5812796]},"properties":{"name":"26th Avenue","highway":"residential"}},{"type":"Feature","geometry":{"type":"Point","coordinates":[-87.9663992,45.3397841]},"properties":{"name":"US Highway 141","highway":"trunk"}},{"type":"Feature","geometry":{"type":"Point","coordinates":[-87.9918579,45.2980626]},"properties":{"name":"US Highway 141","highway":"trunk"}},{"type":"Feature","geometry":{"type":"Point","coordinates":[-87.9469562,45.3801146]},"properties":{"name":"Cedar Street","highway":"residential"}},{"type":"Feature","geometry":{"type":"Point","coordinates":[-87.9242917,45.3738029]},"properties":{"name":"Jamros Road","highway":"residential"}},{"type":"Feature","geometry":{"type":"Point","coordinates":[-87.9247914,45.3742635]},"properties":{"name":"Sarah Lane","highway":"residential"}},{"type":"Feature","geometry":{"type":"Point","coordinates":[-87.9575285,45.3787819]},"properties":{"name":"Division Street","highway":"residential"}},{"type":"Feature","geometry":{"type":"Point","coordinates":[-87.9709411,45.3817261]},"properties":{"name":"Kafka Road","highway":"residential"}},{"type":"Feature","geometry":{"type":"Point","coordinates":[-87.9549454,45.3797451]},"properties":{"name":"Main Street","highway":"trunk"}},{"type":"Feature","geometry":{"type":"Point","coordinates":[-88.0127005,45.4051313]},"properties":{"name":"Glendale Road","highway":"residential"}},{"type":"Feature","geometry":{"type":"Point","coordinates":[-88.1030842,45.3863483]},"properties":{"name":"","highway":"track"}},{"type":"Feature","geometry":{"type":"Point","coordinates":[-88.076352,45.4700475]},"properties":{"name":"Mathis Lane","highway":"residential"}},{"type":"Feature","geometry":{"type":"Point","coordinates":[-88.0704374,45.4729036]},"properties":{"name":"Mathis Lane","highway":"residential"}},{"type":"Feature","geometry":{"type":"Point","coordinates":[-88.1149949,45.4978135]},"properties":{"name":"Forest Road 221","highway":"residential"}},{"type":"Feature","geometry":{"type":"Point","coordinates":[-88.2043848,45.4302594]},"properties":{"name":"Eagle River Road","highway":"residential"}},{"type":"Feature","geometry":{"type":"Point","coordinates":[-88.2237085,45.4241287]},"properties":{"name":"","highway":"track"}},{"type":"Feature","geometry":{"type":"Point","coordinates":[-88.3571488,45.4121059]},"properties":{"name":"Old J Road","highway":"residential"}},{"type":"Feature","geometry":{"type":"Point","coordinates":[-90.4791631,42.7256335]},"properties":{"name":"","highway":"path"}},{"type":"Feature","geometry":{"type":"Point","coordinates":[-90.4852024,42.7252665]},"properties":{"name":"South Chesnut Street","highway":"tertiary"}},{"type":"Feature","geometry":{"type":"Point","coordinates":[-90.4833963,42.7248674]},"properties":{"name":"West Business Highway 151","highway":"secondary"}},{"type":"Feature","geometry":{"type":"Point","coordinates":[-88.3054712,45.4677808]},"properties":{"name":"","highway":"track"}},{"type":"Feature","geometry":{"type":"Point","coordinates":[-88.4061116,45.4209431]},"properties":{"name":"Old J Road","highway":"residential"}},{"type":"Feature","geometry":{"type":"Point","coordinates":[-88.3549208,45.434177]},"properties":{"name":"Harper Road","highway":"residential"}},{"type":"Feature","geometry":{"type":"Point","coordinates":[-88.333475,45.4659498]},"properties":{"name":"Camp 5 Road","highway":"residential"}},{"type":"Feature","geometry":{"type":"Point","coordinates":[-88.6629581,45.1261549]},"properties":{"name":"County Road M","highway":"tertiary"}},{"type":"Feature","geometry":{"type":"Point","coordinates":[-88.3488818,45.5201263]},"properties":{"name":"Swede John Road","highway":"unclassified"}},{"type":"Feature","geometry":{"type":"Point","coordinates":[-91.3661881,44.7271632]},"properties":{"name":"Bernhardt Road","highway":"tertiary"}},{"type":"Feature","geometry":{"type":"Point","coordinates":[-91.3526547,44.7101753]},"properties":{"name":"","highway":"primary"}},{"type":"Feature","geometry":{"type":"Point","coordinates":[-88.6857491,45.8739151]},"properties":{"name":"Stevens Lake Road","highway":"residential"}},{"type":"Feature","geometry":{"type":"Point","coordinates":[-90.8490206,43.0277991]},"properties":{"name":"State Highway 133","highway":"secondary"}},{"type":"Feature","geometry":{"type":"Point","coordinates":[-90.838268,43.0649091]},"properties":{"name":"State Highway 133","highway":"secondary"}},{"type":"Feature","geometry":{"type":"Point","coordinates":[-89.4950778,43.8833144]},"properties":{"name":"South Market Street","highway":"secondary"}},{"type":"Feature","geometry":{"type":"Point","coordinates":[-88.9961006,44.1358549]},"properties":{"name":"Main Street","highway":"primary"}},{"type":"Feature","geometry":{"type":"Point","coordinates":[-88.9963208,44.1354928]},"properties":{"name":"Main Street","highway":"primary"}},{"type":"Feature","geometry":{"type":"Point","coordinates":[-87.9362329,45.584327]},"properties":{"name":"Parr Road","highway":"residential"}},{"type":"Feature","geometry":{"type":"Point","coordinates":[-87.8548187,45.6597041]},"properties":{"name":"","highway":"track"}},{"type":"Feature","geometry":{"type":"Point","coordinates":[-87.97776,45.7006613]},"properties":{"name":"Barlow Lake Road","highway":"tertiary"}},{"type":"Feature","geometry":{"type":"Point","coordinates":[-87.9726802,45.6984051]},"properties":{"name":"Barlow Lake Road","highway":"tertiary"}},{"type":"Feature","geometry":{"type":"Point","coordinates":[-88.019385,45.6867234]},"properties":{"name":"County Road O","highway":"secondary"}},{"type":"Feature","geometry":{"type":"Point","coordinates":[-88.0129933,45.6227883]},"properties":{"name":"US Highway 8","highway":"trunk"}},{"type":"Feature","geometry":{"type":"Point","coordinates":[-88.0342885,45.6228251]},"properties":{"name":"US Highway 8","highway":"trunk"}},{"type":"Feature","geometry":{"type":"Point","coordinates":[-91.0000774,43.8167332]},"properties":{"name":"","highway":"residential"}},{"type":"Feature","geometry":{"type":"Point","coordinates":[-88.315887,45.9605536]},"properties":{"name":"","highway":"trunk"}},{"type":"Feature","geometry":{"type":"Point","coordinates":[-89.3183223,43.9196539]},"properties":{"name":"County Highway E","highway":"tertiary"}},{"type":"Feature","geometry":{"type":"Point","coordinates":[-88.8267671,45.3364544]},"properties":{"name":"Shawano - Crandon Line","highway":"track"}},{"type":"Feature","geometry":{"type":"Point","coordinates":[-88.8817477,45.5033894]},"properties":{"name":"Shawano - Crandon Line","highway":"track"}},{"type":"Feature","geometry":{"type":"Point","coordinates":[-89.0971912,44.8623729]},"properties":{"name":"Mountain-Bay State Trail","highway":"path"}},{"type":"Feature","geometry":{"type":"Point","coordinates":[-89.0067558,44.8622746]},"properties":{"name":"Mountain-Bay State Trail","highway":"path"}},{"type":"Feature","geometry":{"type":"Point","coordinates":[-88.7970283,45.2377523]},"properties":{"name":"Shawano - Crandon Line","highway":"track"}},{"type":"Feature","geometry":{"type":"Point","coordinates":[-91.6200507,44.488338]},"properties":{"name":"County Road H","highway":"secondary"}},{"type":"Feature","geometry":{"type":"Point","coordinates":[-88.8545802,45.3072593]},"properties":{"name":"State Highway 55","highway":"primary"}},{"type":"Feature","geometry":{"type":"Point","coordinates":[-90.6026595,43.81351]},"properties":{"name":"County Highway T","highway":"tertiary"}},{"type":"Feature","geometry":{"type":"Point","coordinates":[-91.6099641,44.4664727]},"properties":{"name":"County Road H","highway":"secondary"}},{"type":"Feature","geometry":{"type":"Point","coordinates":[-88.1891394,45.5496634]},"properties":{"name":"Old County A Road","highway":"tertiary"}},{"type":"Feature","geometry":{"type":"Point","coordinates":[-90.916601,43.8849073]},"properties":{"name":"Kale Road","highway":"residential"}},{"type":"Feature","geometry":{"type":"Point","coordinates":[-91.6770489,44.4681346]},"properties":{"name":"State Road 88","highway":"secondary"}},{"type":"Feature","geometry":{"type":"Point","coordinates":[-88.2709118,45.6026605]},"properties":{"name":"","highway":"service"}},{"type":"Feature","geometry":{"type":"Point","coordinates":[-88.2534161,45.6364323]},"properties":{"name":"Pike River Drive","highway":"residential"}},{"type":"Feature","geometry":{"type":"Point","coordinates":[-88.2152476,45.6450267]},"properties":{"name":"","highway":"track"}},{"type":"Feature","geometry":{"type":"Point","coordinates":[-88.2770235,45.6772086]},"properties":{"name":"","highway":"track"}},{"type":"Feature","geometry":{"type":"Point","coordinates":[-90.5632971,43.0280144]},"properties":{"name":"Blue School Road","highway":"residential"}},{"type":"Feature","geometry":{"type":"Point","coordinates":[-88.076793,45.7427894]},"properties":{"name":"Pemenee Drive","highway":"residential"}},{"type":"Feature","geometry":{"type":"Point","coordinates":[-88.0896713,45.7412721]},"properties":{"name":"Fischer Lake Parkway","highway":"tertiary"}},{"type":"Feature","geometry":{"type":"Point","coordinates":[-88.0391766,45.7202434]},"properties":{"name":"Forest Road 533","highway":"tertiary"}},{"type":"Feature","geometry":{"type":"Point","coordinates":[-88.0796532,45.7403331]},"properties":{"name":"Rice Road","highway":"unclassified"}},{"type":"Feature","geometry":{"type":"Point","coordinates":[-88.0740992,45.745575]},"properties":{"name":"","highway":"track"}},{"type":"Feature","geometry":{"type":"Point","coordinates":[-88.0563365,45.7446924]},"properties":{"name":"","highway":"service"}},{"type":"Feature","geometry":{"type":"Point","coordinates":[-90.5513836,43.6997499]},"properties":{"name":"Biscuit Hollow","highway":"residential"}},{"type":"Feature","geometry":{"type":"Point","coordinates":[-90.287401,42.9154598]},"properties":{"name":"County Road X","highway":"tertiary"}},{"type":"Feature","geometry":{"type":"Point","coordinates":[-90.2847331,42.9217886]},"properties":{"name":"Roaster Road","highway":"unclassified"}},{"type":"Feature","geometry":{"type":"Point","coordinates":[-90.2856504,42.9236975]},"properties":{"name":"","highway":"residential"}},{"type":"Feature","geometry":{"type":"Point","coordinates":[-90.2912791,42.9457853]},"properties":{"name":"Whitson Road","highway":"residential"}},{"type":"Feature","geometry":{"type":"Point","coordinates":[-87.9833895,43.2304452]},"properties":{"name":"Green Bay Road","highway":"tertiary"}},{"type":"Feature","geometry":{"type":"Point","coordinates":[-88.1265642,45.7969943]},"properties":{"name":"Makoutz Road","highway":"service"}},{"type":"Feature","geometry":{"type":"Point","coordinates":[-90.9458785,43.8219273]},"properties":{"name":"State Highway 162","highway":"secondary"}},{"type":"Feature","geometry":{"type":"Point","coordinates":[-90.5902345,43.6485427]},"properties":{"name":"County Road P","highway":"secondary"}},{"type":"Feature","geometry":{"type":"Point","coordinates":[-90.0779968,43.3509102]},"properties":{"name":"County Highway GG","highway":"tertiary"}},{"type":"Feature","geometry":{"type":"Point","coordinates":[-88.2853866,45.7886724]},"properties":{"name":"Sleeter Road","highway":"unclassified"}},{"type":"Feature","geometry":{"type":"Point","coordinates":[-88.2037005,45.7603725]},"properties":{"name":"","highway":"track"}},{"type":"Feature","geometry":{"type":"Point","coordinates":[-90.7666186,43.0182697]},"properties":{"name":"County Road K","highway":"tertiary"}},{"type":"Feature","geometry":{"type":"Point","coordinates":[-90.5096645,42.8976739]},"properties":{"name":"County Road D","highway":"tertiary"}},{"type":"Feature","geometry":{"type":"Point","coordinates":[-91.5400968,44.3881864]},"properties":{"name":"Pape Valley Road","highway":"residential"}},{"type":"Feature","geometry":{"type":"Point","coordinates":[-90.861478,43.3703915]},"properties":{"name":"County Road B","highway":"tertiary"}},{"type":"Feature","geometry":{"type":"Point","coordinates":[-90.7402496,43.0183559]},"properties":{"name":"Spring Valley Road","highway":"residential"}},{"type":"Feature","geometry":{"type":"Point","coordinates":[-90.7137438,42.9200685]},"properties":{"name":"Borah Road","highway":"residential"}},{"type":"Feature","geometry":{"type":"Point","coordinates":[-90.7135507,42.9157088]},"properties":{"name":"Borah Road","highway":"residential"}},{"type":"Feature","geometry":{"type":"Point","coordinates":[-90.7167774,42.887979]},"properties":{"name":"Mount Ridge Road","highway":"residential"}},{"type":"Feature","geometry":{"type":"Point","coordinates":[-90.7270342,42.8901102]},"properties":{"name":"Bluff Road","highway":"residential"}},{"type":"Feature","geometry":{"type":"Point","coordinates":[-90.7999853,42.8630221]},"properties":{"name":"County Road A","highway":"tertiary"}},{"type":"Feature","geometry":{"type":"Point","coordinates":[-88.3508123,45.8533943]},"properties":{"name":"State Highway 101","highway":"primary"}},{"type":"Feature","geometry":{"type":"Point","coordinates":[-88.3979724,45.8001665]},"properties":{"name":"State Highway 101","highway":"primary"}},{"type":"Feature","geometry":{"type":"Point","coordinates":[-88.4630446,45.7634143]},"properties":{"name":"Morgan Lake Road","highway":"residential"}},{"type":"Feature","geometry":{"type":"Point","coordinates":[-88.5915212,45.9838338]},"properties":{"name":"Nicolet State Trail","highway":"path"}},{"type":"Feature","geometry":{"type":"Point","coordinates":[-88.5778014,46.0098526]},"properties":{"name":"Nicolet State Trail","highway":"path"}},{"type":"Feature","geometry":{"type":"Point","coordinates":[-88.5584236,45.8934289]},"properties":{"name":"Lost Lake Road","highway":"unclassified"}},{"type":"Feature","geometry":{"type":"Point","coordinates":[-88.6308279,45.8824923]},"properties":{"name":"Fay Lake Road","highway":"residential"}},{"type":"Feature","geometry":{"type":"Point","coordinates":[-88.5275338,45.757736]},"properties":{"name":"Newald Tower Road","highway":"unclassified"}},{"type":"Feature","geometry":{"type":"Point","coordinates":[-88.5333186,45.7524176]},"properties":{"name":"Rock Creek Road","highway":"residential"}},{"type":"Feature","geometry":{"type":"Point","coordinates":[-88.5606557,45.7444958]},"properties":{"name":"Newald Tower Road","highway":"residential"}},{"type":"Feature","geometry":{"type":"Point","coordinates":[-90.9259823,43.8142659]},"properties":{"name":"County Highway JB","highway":"tertiary"}},{"type":"Feature","geometry":{"type":"Point","coordinates":[-87.7084115,43.701719]},"properties":{"name":"Evergreen Drive","highway":"residential"}},{"type":"Feature","geometry":{"type":"Point","coordinates":[-87.7124542,43.6908105]},"properties":{"name":"Indian Mound Road","highway":"residential"}},{"type":"Feature","geometry":{"type":"Point","coordinates":[-88.7336986,45.1899791]},"properties":{"name":"State Highway 64","highway":"primary"}},{"type":"Feature","geometry":{"type":"Point","coordinates":[-88.5287551,45.7665401]},"properties":{"name":"Morgan Lake Road","highway":"residential"}},{"type":"Feature","geometry":{"type":"Point","coordinates":[-88.6057863,45.7663099]},"properties":{"name":"Twin River Road","highway":"residential"}},{"type":"Feature","geometry":{"type":"Point","coordinates":[-88.6784445,45.1929375]},"properties":{"name":"State Highway 64","highway":"primary"}},{"type":"Feature","geometry":{"type":"Point","coordinates":[-88.7212393,46.0080392]},"properties":{"name":"Gaspardo Road","highway":"unclassified"}},{"type":"Feature","geometry":{"type":"Point","coordinates":[-88.7111997,46.0074987]},"properties":{"name":"","highway":"track"}},{"type":"Feature","geometry":{"type":"Point","coordinates":[-89.2143645,44.8254338]},"properties":{"name":"Nightingale Road","highway":"residential"}},{"type":"Feature","geometry":{"type":"Point","coordinates":[-89.2225012,44.8271092]},"properties":{"name":"State Highway 29","highway":"trunk"}},{"type":"Feature","geometry":{"type":"Point","coordinates":[-89.2223226,44.8268708]},"properties":{"name":"State Highway 29","highway":"trunk"}},{"type":"Feature","geometry":{"type":"Point","coordinates":[-88.8393293,46.0246857]},"properties":{"name":"County Road A","highway":"secondary"}},{"type":"Feature","geometry":{"type":"Point","coordinates":[-88.8945596,46.0192244]},"properties":{"name":"","highway":"track"}},{"type":"Feature","geometry":{"type":"Point","coordinates":[-88.8622589,45.9931873]},"properties":{"name":"Carey Dam Road","highway":"unclassified"}},{"type":"Feature","geometry":{"type":"Point","coordinates":[-88.8903766,46.0175089]},"properties":{"name":"Fishel Road","highway":"unclassified"}},{"type":"Feature","geometry":{"type":"Point","coordinates":[-88.9133854,45.9774037]},"properties":{"name":"Fishel Road","highway":"unclassified"}},{"type":"Feature","geometry":{"type":"Point","coordinates":[-88.8595406,46.0159822]},"properties":{"name":"Rock Dam Road","highway":"residential"}},{"type":"Feature","geometry":{"type":"Point","coordinates":[-88.3255355,45.9562871]},"properties":{"name":"","highway":"track"}},{"type":"Feature","geometry":{"type":"Point","coordinates":[-90.6907431,43.3453941]},"properties":{"name":"County Highway H","highway":"tertiary"}},{"type":"Feature","geometry":{"type":"Point","coordinates":[-89.1534823,44.3743735]},"properties":{"name":"River Drive","highway":"unclassified"}},{"type":"Feature","geometry":{"type":"Point","coordinates":[-89.148443,44.378439]},"properties":{"name":"","highway":"service"}},{"type":"Feature","geometry":{"type":"Point","coordinates":[-89.3095755,44.4349931]},"properties":{"name":"County Road Q","highway":"tertiary"}},{"type":"Feature","geometry":{"type":"Point","coordinates":[-89.2860199,44.4420799]},"properties":{"name":"","highway":"tertiary"}},{"type":"Feature","geometry":{"type":"Point","coordinates":[-88.8311265,44.6523382]},"properties":{"name":"Knitt Road","highway":"residential"}},{"type":"Feature","geometry":{"type":"Point","coordinates":[-89.9514027,43.8667713]},"properties":{"name":"Edgewood Drive","highway":"residential"}},{"type":"Feature","geometry":{"type":"Point","coordinates":[-88.7162855,45.9412006]},"properties":{"name":"Lily Pad Road","highway":"unclassified"}},{"type":"Feature","geometry":{"type":"Point","coordinates":[-88.6870387,45.9308771]},"properties":{"name":"","highway":"service"}},{"type":"Feature","geometry":{"type":"Point","coordinates":[-88.7040434,45.8998999]},"properties":{"name":"Stevens Lake Road","highway":"residential"}},{"type":"Feature","geometry":{"type":"Point","coordinates":[-88.8199961,45.8527739]},"properties":{"name":"State Highway 55","highway":"primary"}},{"type":"Feature","geometry":{"type":"Point","coordinates":[-88.7720733,45.936611]},"properties":{"name":"Thrasher Road","highway":"residential"}},{"type":"Feature","geometry":{"type":"Point","coordinates":[-88.8215196,45.9088526]},"properties":{"name":"State Highway 55","highway":"primary"}},{"type":"Feature","geometry":{"type":"Point","coordinates":[-91.4533715,44.7952018]},"properties":{"name":"US 12","highway":"primary"}},{"type":"Feature","geometry":{"type":"Point","coordinates":[-91.4533871,44.7953281]},"properties":{"name":"US 12","highway":"primary"}},{"type":"Feature","geometry":{"type":"Point","coordinates":[-88.8608248,45.9290795]},"properties":{"name":"Windsor Dam Road","highway":"unclassified"}},{"type":"Feature","geometry":{"type":"Point","coordinates":[-88.862945,45.8813674]},"properties":{"name":"","highway":"service"}},{"type":"Feature","geometry":{"type":"Point","coordinates":[-88.8888693,45.8640881]},"properties":{"name":"Windsor Dam Road","highway":"unclassified"}},{"type":"Feature","geometry":{"type":"Point","coordinates":[-89.3113135,46.020796]},"properties":{"name":"East Buckatabon Road","highway":"unclassified"}},{"type":"Feature","geometry":{"type":"Point","coordinates":[-88.9552019,45.9210229]},"properties":{"name":"Divide Road","highway":"residential"}},{"type":"Feature","geometry":{"type":"Point","coordinates":[-88.9638324,45.9140603]},"properties":{"name":"National Forest Road 2140","highway":"residential"}},{"type":"Feature","geometry":{"type":"Point","coordinates":[-88.9424742,45.8750544]},"properties":{"name":"Jones Dam Road","highway":"unclassified"}},{"type":"Feature","geometry":{"type":"Point","coordinates":[-89.0340413,45.842357]},"properties":{"name":"","highway":"track"}},{"type":"Feature","geometry":{"type":"Point","coordinates":[-88.6851206,45.7984487]},"properties":{"name":"Nicolet State Trail","highway":"path"}},{"type":"Feature","geometry":{"type":"Point","coordinates":[-88.6963291,45.7951037]},"properties":{"name":"Old Highway 139","highway":"unclassified"}},{"type":"Feature","geometry":{"type":"Point","coordinates":[-88.6850564,45.7887946]},"properties":{"name":"Nicolet State Trail","highway":"path"}},{"type":"Feature","geometry":{"type":"Point","coordinates":[-88.692147,45.7759975]},"properties":{"name":"Nicolet State Trail","highway":"path"}},{"type":"Feature","geometry":{"type":"Point","coordinates":[-88.6920596,45.780557]},"properties":{"name":"Perenick Road","highway":"residential"}},{"type":"Feature","geometry":{"type":"Point","coordinates":[-88.7142676,45.7490395]},"properties":{"name":"North Anvil Road","highway":"residential"}},{"type":"Feature","geometry":{"type":"Point","coordinates":[-88.7572476,45.7957933]},"properties":{"name":"Macarthur-Pine Road","highway":"residential"}},{"type":"Feature","geometry":{"type":"Point","coordinates":[-88.0225125,43.0543403]},"properties":{"name":"Hoyt Park Suspension Footbridge","highway":"path"}},{"type":"Feature","geometry":{"type":"Point","coordinates":[-88.8024648,45.8517353]},"properties":{"name":"Long Lake Road","highway":"residential"}},{"type":"Feature","geometry":{"type":"Point","coordinates":[-88.8208906,45.7911391]},"properties":{"name":"State Highway 55","highway":"primary"}},{"type":"Feature","geometry":{"type":"Point","coordinates":[-88.8024811,45.7834043]},"properties":{"name":"","highway":"track"}},{"type":"Feature","geometry":{"type":"Point","coordinates":[-89.5870017,43.3989466]},"properties":{"name":"County Highway U","highway":"tertiary"}},{"type":"Feature","geometry":{"type":"Point","coordinates":[-88.9167112,45.8318152]},"properties":{"name":"Pine River Road","highway":"unclassified"}},{"type":"Feature","geometry":{"type":"Point","coordinates":[-92.0379703,44.6436042]},"properties":{"name":"US Highway 10","highway":"primary"}},{"type":"Feature","geometry":{"type":"Point","coordinates":[-88.4765785,45.6910719]},"properties":{"name":"Millan Road","highway":"residential"}},{"type":"Feature","geometry":{"type":"Point","coordinates":[-88.4873692,45.6766807]},"properties":{"name":"Wall Road","highway":"residential"}},{"type":"Feature","geometry":{"type":"Point","coordinates":[-88.5722327,45.7207106]},"properties":{"name":"National Forest Road 2386","highway":"residential"}},{"type":"Feature","geometry":{"type":"Point","coordinates":[-88.4424042,45.612259]},"properties":{"name":"Engleking Road","highway":"unclassified"}},{"type":"Feature","geometry":{"type":"Point","coordinates":[-88.4351291,45.5116613]},"properties":{"name":"Goodman Park Road","highway":"tertiary"}},{"type":"Feature","geometry":{"type":"Point","coordinates":[-88.4464713,45.6412168]},"properties":{"name":"Old 101 Road","highway":"unclassified"}},{"type":"Feature","geometry":{"type":"Point","coordinates":[-88.4463143,45.6411159]},"properties":{"name":"","highway":"service"}},{"type":"Feature","geometry":{"type":"Point","coordinates":[-88.4954826,45.5622238]},"properties":{"name":"Michigan Creek Road","highway":"residential"}},{"type":"Feature","geometry":{"type":"Point","coordinates":[-88.4806197,45.5737358]},"properties":{"name":"Peshtigo River Road","highway":"unclassified"}},{"type":"Feature","geometry":{"type":"Point","coordinates":[-88.4768085,45.6502036]},"properties":{"name":"Engleking Road","highway":"residential"}},{"type":"Feature","geometry":{"type":"Point","coordinates":[-88.4762473,45.6499325]},"properties":{"name":"","highway":"track"}},{"type":"Feature","geometry":{"type":"Point","coordinates":[-88.5534264,45.5772064]},"properties":{"name":"Peshtigo Preserve Road","highway":"track"}},{"type":"Feature","geometry":{"type":"Point","coordinates":[-88.6480374,45.6555645]},"properties":{"name":"US Highway 8","highway":"trunk"}},{"type":"Feature","geometry":{"type":"Point","coordinates":[-88.6733948,45.5609338]},"properties":{"name":"Nicolet State Trail","highway":"path"}},{"type":"Feature","geometry":{"type":"Point","coordinates":[-88.6543476,45.5329613]},"properties":{"name":"Blackwell Junction Road","highway":"residential"}},{"type":"Feature","geometry":{"type":"Point","coordinates":[-88.6553094,45.5363129]},"properties":{"name":"Smith Lane","highway":"residential"}},{"type":"Feature","geometry":{"type":"Point","coordinates":[-88.6027544,45.5138887]},"properties":{"name":"","highway":"service"}},{"type":"Feature","geometry":{"type":"Point","coordinates":[-88.6063551,45.5155208]},"properties":{"name":"","highway":"path"}},{"type":"Feature","geometry":{"type":"Point","coordinates":[-88.6967278,45.6783135]},"properties":{"name":"County Road O","highway":"tertiary"}},{"type":"Feature","geometry":{"type":"Point","coordinates":[-88.7587495,45.6789628]},"properties":{"name":"","highway":"track"}},{"type":"Feature","geometry":{"type":"Point","coordinates":[-88.8161327,45.6920166]},"properties":{"name":"Cardinal Road","highway":"residential"}},{"type":"Feature","geometry":{"type":"Point","coordinates":[-88.8159523,45.6833829]},"properties":{"name":"Cardinal Road","highway":"residential"}},{"type":"Feature","geometry":{"type":"Point","coordinates":[-88.8188414,45.6729464]},"properties":{"name":"Dick Samz Road","highway":"residential"}},{"type":"Feature","geometry":{"type":"Point","coordinates":[-88.8682575,45.6887442]},"properties":{"name":"State Highway 55","highway":"primary"}},{"type":"Feature","geometry":{"type":"Point","coordinates":[-88.8205498,45.6502912]},"properties":{"name":"Waggoner Road","highway":"residential"}},{"type":"Feature","geometry":{"type":"Point","coordinates":[-87.7825763,44.2996785]},"properties":{"name":"","highway":"motorway"}},{"type":"Feature","geometry":{"type":"Point","coordinates":[-87.7829138,44.2996773]},"properties":{"name":"","highway":"motorway"}},{"type":"Feature","geometry":{"type":"Point","coordinates":[-88.0954627,44.5456753]},"properties":{"name":"South Memorial Drive","highway":"tertiary"}},{"type":"Feature","geometry":{"type":"Point","coordinates":[-88.6769777,45.5643793]},"properties":{"name":"","highway":"service"}},{"type":"Feature","geometry":{"type":"Point","coordinates":[-88.6775559,45.5651206]},"properties":{"name":"","highway":"service"}},{"type":"Feature","geometry":{"type":"Point","coordinates":[-88.8385339,45.6468597]},"properties":{"name":"","highway":"service"}},{"type":"Feature","geometry":{"type":"Point","coordinates":[-88.7171537,45.565731]},"properties":{"name":"","highway":"track"}},{"type":"Feature","geometry":{"type":"Point","coordinates":[-88.7645881,45.6094499]},"properties":{"name":"Margies Road","highway":"unclassified"}},{"type":"Feature","geometry":{"type":"Point","coordinates":[-90.6340597,43.4997262]},"properties":{"name":"County Highway G","highway":"tertiary"}},{"type":"Feature","geometry":{"type":"Point","coordinates":[-90.5828263,43.4981069]},"properties":{"name":"State Highway 56","highway":"secondary"}},{"type":"Feature","geometry":{"type":"Point","coordinates":[-90.5757641,43.4953146]},"properties":{"name":"State Highway 56","highway":"secondary"}},{"type":"Feature","geometry":{"type":"Point","coordinates":[-90.4761,43.4445492]},"properties":{"name":"State Highway 56","highway":"secondary"}},{"type":"Feature","geometry":{"type":"Point","coordinates":[-91.5366661,44.7731066]},"properties":{"name":"State Highway 37","highway":"primary"}},{"type":"Feature","geometry":{"type":"Point","coordinates":[-88.6910273,45.5353187]},"properties":{"name":"","highway":"track"}},{"type":"Feature","geometry":{"type":"Point","coordinates":[-88.7327293,45.5465691]},"properties":{"name":"","highway":"track"}},{"type":"Feature","geometry":{"type":"Point","coordinates":[-88.7367655,45.563867]},"properties":{"name":"Shoemaker Lane","highway":"unclassified"}},{"type":"Feature","geometry":{"type":"Point","coordinates":[-88.9641614,45.4884146]},"properties":{"name":"State Highway 55","highway":"primary"}},{"type":"Feature","geometry":{"type":"Point","coordinates":[-88.9676808,45.5103323]},"properties":{"name":"","highway":"track"}},{"type":"Feature","geometry":{"type":"Point","coordinates":[-88.9643135,45.4885366]},"properties":{"name":"","highway":"path"}},{"type":"Feature","geometry":{"type":"Point","coordinates":[-88.8697446,45.4753128]},"properties":{"name":"West Lane","highway":"residential"}},{"type":"Feature","geometry":{"type":"Point","coordinates":[-88.8273284,45.4067296]},"properties":{"name":"Lily River Lane","highway":"residential"}},{"type":"Feature","geometry":{"type":"Point","coordinates":[-88.6755279,45.4501288]},"properties":{"name":"State Highway 32","highway":"primary"}},{"type":"Feature","geometry":{"type":"Point","coordinates":[-90.6297031,43.2903197]},"properties":{"name":"County Highway F","highway":"tertiary"}},{"type":"Feature","geometry":{"type":"Point","coordinates":[-90.6103248,43.2947989]},"properties":{"name":"County Highway F","highway":"tertiary"}},{"type":"Feature","geometry":{"type":"Point","coordinates":[-90.6112424,43.295792]},"properties":{"name":"","highway":"footway"}},{"type":"Feature","geometry":{"type":"Point","coordinates":[-88.6362615,45.4124375]},"properties":{"name":"Branch Street","highway":"primary"}},{"type":"Feature","geometry":{"type":"Point","coordinates":[-88.6599356,45.4358174]},"properties":{"name":"Cavour Avenue","highway":"residential"}},{"type":"Feature","geometry":{"type":"Point","coordinates":[-88.6530774,45.4398575]},"properties":{"name":"Nicolet State Trail","highway":"path"}},{"type":"Feature","geometry":{"type":"Point","coordinates":[-88.6559508,45.4376028]},"properties":{"name":"Windfall Street","highway":"residential"}},{"type":"Feature","geometry":{"type":"Point","coordinates":[-88.6657068,45.4401797]},"properties":{"name":"Nicolet State Trail","highway":"path"}},{"type":"Feature","geometry":{"type":"Point","coordinates":[-88.6502987,45.4423023]},"properties":{"name":"","highway":"secondary"}},{"type":"Feature","geometry":{"type":"Point","coordinates":[-88.6602878,45.4402135]},"properties":{"name":"Cavour Avenue","highway":"residential"}},{"type":"Feature","geometry":{"type":"Point","coordinates":[-88.6551172,45.4409333]},"properties":{"name":"High Avenue","highway":"residential"}},{"type":"Feature","geometry":{"type":"Point","coordinates":[-88.6296085,45.4158735]},"properties":{"name":"Nicolet State Trail","highway":"path"}},{"type":"Feature","geometry":{"type":"Point","coordinates":[-88.6300732,45.4402829]},"properties":{"name":"Soper Street","highway":"residential"}},{"type":"Feature","geometry":{"type":"Point","coordinates":[-88.6192276,45.4366773]},"properties":{"name":"","highway":"track"}},{"type":"Feature","geometry":{"type":"Point","coordinates":[-89.9926465,42.772019]},"properties":{"name":"","highway":"footway"}},{"type":"Feature","geometry":{"type":"Point","coordinates":[-90.0185315,42.7769129]},"properties":{"name":"","highway":"track"}},{"type":"Feature","geometry":{"type":"Point","coordinates":[-90.4505446,43.241411]},"properties":{"name":"Hoosier Creek Road","highway":"residential"}},{"type":"Feature","geometry":{"type":"Point","coordinates":[-88.4979331,45.4833785]},"properties":{"name":"Rat River Road","highway":"unclassified"}},{"type":"Feature","geometry":{"type":"Point","coordinates":[-88.4455326,45.4805118]},"properties":{"name":"Valley Lake Road","highway":"unclassified"}},{"type":"Feature","geometry":{"type":"Point","coordinates":[-89.6768139,42.9306392]},"properties":{"name":"County Road G","highway":"tertiary"}},{"type":"Feature","geometry":{"type":"Point","coordinates":[-88.4675776,45.425961]},"properties":{"name":"Bay Shore Road","highway":"unclassified"}},{"type":"Feature","geometry":{"type":"Point","coordinates":[-88.0944906,45.4425614]},"properties":{"name":"","highway":"track"}},{"type":"Feature","geometry":{"type":"Point","coordinates":[-88.5235349,45.5064322]},"properties":{"name":"Bear Lake Lane","highway":"residential"}},{"type":"Feature","geometry":{"type":"Point","coordinates":[-88.8312848,45.3496814]},"properties":{"name":"County Highway A","highway":"secondary"}},{"type":"Feature","geometry":{"type":"Point","coordinates":[-88.8256377,45.393091]},"properties":{"name":"County Highway DD","highway":"tertiary"}},{"type":"Feature","geometry":{"type":"Point","coordinates":[-88.8306908,45.90653]},"properties":{"name":"Holford Road","highway":"residential"}},{"type":"Feature","geometry":{"type":"Point","coordinates":[-88.5010553,45.5064703]},"properties":{"name":"Rat River Road","highway":"unclassified"}},{"type":"Feature","geometry":{"type":"Point","coordinates":[-88.7279769,45.6179176]},"properties":{"name":"","highway":"track"}},{"type":"Feature","geometry":{"type":"Point","coordinates":[-88.7617523,45.3675176]},"properties":{"name":"","highway":"service"}},{"type":"Feature","geometry":{"type":"Point","coordinates":[-88.7686179,45.3607219]},"properties":{"name":"","highway":"track"}},{"type":"Feature","geometry":{"type":"Point","coordinates":[-88.7886968,45.2477607]},"properties":{"name":"East Hollister Road","highway":"unclassified"}},{"type":"Feature","geometry":{"type":"Point","coordinates":[-88.8010963,45.1305543]},"properties":{"name":"Shawano - Crandon Line","highway":"track"}},{"type":"Feature","geometry":{"type":"Point","coordinates":[-88.7963706,45.2429303]},"properties":{"name":"Shawano - Crandon Line","highway":"track"}},{"type":"Feature","geometry":{"type":"Point","coordinates":[-90.7865673,43.3091773]},"properties":{"name":"Sand Creek Road","highway":"residential"}},{"type":"Feature","geometry":{"type":"Point","coordinates":[-90.8011559,43.3069943]},"properties":{"name":"Bills Road","highway":"residential"}},{"type":"Feature","geometry":{"type":"Point","coordinates":[-90.7788654,43.3164862]},"properties":{"name":"Sand Creek Road","highway":"residential"}},{"type":"Feature","geometry":{"type":"Point","coordinates":[-88.6806356,45.178393]},"properties":{"name":"Van Alstine Road","highway":"unclassified"}},{"type":"Feature","geometry":{"type":"Point","coordinates":[-91.12557,44.3190213]},"properties":{"name":"County Road N","highway":"secondary"}},{"type":"Feature","geometry":{"type":"Point","coordinates":[-88.8045247,45.1703246]},"properties":{"name":"Townline Road","highway":"service"}},{"type":"Feature","geometry":{"type":"Point","coordinates":[-88.7995449,45.3496669]},"properties":{"name":"","highway":"track"}},{"type":"Feature","geometry":{"type":"Point","coordinates":[-88.8580159,45.3079254]},"properties":{"name":"State Highway 52","highway":"primary"}},{"type":"Feature","geometry":{"type":"Point","coordinates":[-92.0952894,44.5254155]},"properties":{"name":"County Highway N","highway":"tertiary"}},{"type":"Feature","geometry":{"type":"Point","coordinates":[-88.8187018,45.1746233]},"properties":{"name":"","highway":"track"}},{"type":"Feature","geometry":{"type":"Point","coordinates":[-90.5815933,43.547853]},"properties":{"name":"","highway":"service"}},{"type":"Feature","geometry":{"type":"Point","coordinates":[-90.5801137,43.5425968]},"properties":{"name":"Burrows Lane","highway":"residential"}},{"type":"Feature","geometry":{"type":"Point","coordinates":[-89.9690973,43.3513614]},"properties":{"name":"County Highway PF","highway":"tertiary"}},{"type":"Feature","geometry":{"type":"Point","coordinates":[-89.9501197,43.3336862]},"properties":{"name":"County Highway C","highway":"tertiary"}},{"type":"Feature","geometry":{"type":"Point","coordinates":[-89.3001273,42.7846476]},"properties":{"name":"","highway":"footway"}},{"type":"Feature","geometry":{"type":"Point","coordinates":[-89.3004076,42.7846815]},"properties":{"name":"","highway":"footway"}},{"type":"Feature","geometry":{"type":"Point","coordinates":[-89.949479,43.3295871]},"properties":{"name":"County Highway PF","highway":"tertiary"}},{"type":"Feature","geometry":{"type":"Point","coordinates":[-90.5884097,43.4244778]},"properties":{"name":"Sleepy Hollow Lane","highway":"residential"}},{"type":"Feature","geometry":{"type":"Point","coordinates":[-90.5919902,43.3830343]},"properties":{"name":"","highway":"service"}},{"type":"Feature","geometry":{"type":"Point","coordinates":[-90.5800809,43.3824033]},"properties":{"name":"US Highway 14","highway":"primary"}},{"type":"Feature","geometry":{"type":"Point","coordinates":[-90.576415,43.3819383]},"properties":{"name":"Barrett Lane","highway":"residential"}},{"type":"Feature","geometry":{"type":"Point","coordinates":[-90.5634554,43.3729571]},"properties":{"name":"Cortland Lane","highway":"residential"}},{"type":"Feature","geometry":{"type":"Point","coordinates":[-91.8639532,44.5866211]},"properties":{"name":"County Road V","highway":"unclassified"}},{"type":"Feature","geometry":{"type":"Point","coordinates":[-90.5218684,43.045456]},"properties":{"name":"County Road Q","highway":"tertiary"}},{"type":"Feature","geometry":{"type":"Point","coordinates":[-90.5292965,43.0465716]},"properties":{"name":"County Road Q","highway":"tertiary"}},{"type":"Feature","geometry":{"type":"Point","coordinates":[-90.5398886,43.0458836]},"properties":{"name":"County Road Q","highway":"tertiary"}},{"type":"Feature","geometry":{"type":"Point","coordinates":[-89.1681992,44.3775776]},"properties":{"name":"US Highway 10","highway":"trunk"}},{"type":"Feature","geometry":{"type":"Point","coordinates":[-89.1678098,44.3777616]},"properties":{"name":"US Highway 10","highway":"trunk"}},{"type":"Feature","geometry":{"type":"Point","coordinates":[-89.1453052,44.4563026]},"properties":{"name":"Tomorrow River State Trail","highway":"path"}},{"type":"Feature","geometry":{"type":"Point","coordinates":[-88.8996645,45.1284669]},"properties":{"name":"Blackhawk Road","highway":"unclassified"}},{"type":"Feature","geometry":{"type":"Point","coordinates":[-91.7078304,44.1635403]},"properties":{"name":"County Road G","highway":"tertiary"}},{"type":"Feature","geometry":{"type":"Point","coordinates":[-91.6997089,44.1684243]},"properties":{"name":"County Road G","highway":"tertiary"}},{"type":"Feature","geometry":{"type":"Point","coordinates":[-91.6872477,44.1908174]},"properties":{"name":"County Road G","highway":"tertiary"}},{"type":"Feature","geometry":{"type":"Point","coordinates":[-91.6927766,44.1874629]},"properties":{"name":"","highway":"service"}},{"type":"Feature","geometry":{"type":"Point","coordinates":[-88.9571957,45.1224]},"properties":{"name":"","highway":"track"}},{"type":"Feature","geometry":{"type":"Point","coordinates":[-90.2558956,43.0621474]},"properties":{"name":"County Road II","highway":"tertiary"}},{"type":"Feature","geometry":{"type":"Point","coordinates":[-88.8942615,44.9205562]},"properties":{"name":"River Road","highway":"unclassified"}},{"type":"Feature","geometry":{"type":"Point","coordinates":[-90.8612604,44.449362]},"properties":{"name":"State Highway 95","highway":"primary"}},{"type":"Feature","geometry":{"type":"Point","coordinates":[-88.9944029,45.3489]},"properties":{"name":"County Road A","highway":"tertiary"}},{"type":"Feature","geometry":{"type":"Point","coordinates":[-88.6550156,45.8901742]},"properties":{"name":"State Highway 139","highway":"secondary"}},{"type":"Feature","geometry":{"type":"Point","coordinates":[-88.6673706,45.7964646]},"properties":{"name":"State Highway 139","highway":"secondary"}},{"type":"Feature","geometry":{"type":"Point","coordinates":[-90.3701555,43.7949603]},"properties":{"name":"Thayer Street","highway":"residential"}},{"type":"Feature","geometry":{"type":"Point","coordinates":[-91.9804119,45.2623424]},"properties":{"name":"County Highway F","highway":"tertiary"}},{"type":"Feature","geometry":{"type":"Point","coordinates":[-89.0188539,45.3648139]},"properties":{"name":"County Highway T","highway":"tertiary"}},{"type":"Feature","geometry":{"type":"Point","coordinates":[-89.0319415,45.3712913]},"properties":{"name":"County Highway T","highway":"tertiary"}},{"type":"Feature","geometry":{"type":"Point","coordinates":[-88.3600763,44.8426843]},"properties":{"name":"County Road C","highway":"tertiary"}},{"type":"Feature","geometry":{"type":"Point","coordinates":[-90.5649739,43.4300963]},"properties":{"name":"County Highway E","highway":"tertiary"}},{"type":"Feature","geometry":{"type":"Point","coordinates":[-90.5637083,43.4268041]},"properties":{"name":"County Highway E","highway":"tertiary"}},{"type":"Feature","geometry":{"type":"Point","coordinates":[-90.5489313,43.4150395]},"properties":{"name":"English Ridge Road","highway":"unclassified"}},{"type":"Feature","geometry":{"type":"Point","coordinates":[-90.5479845,43.4061455]},"properties":{"name":"Quarry Hill Road","highway":"unclassified"}},{"type":"Feature","geometry":{"type":"Point","coordinates":[-90.5489513,43.4048919]},"properties":{"name":"County Highway E","highway":"tertiary"}},{"type":"Feature","geometry":{"type":"Point","coordinates":[-90.9721254,43.1788896]},"properties":{"name":"State Highway 179","highway":"secondary"}},{"type":"Feature","geometry":{"type":"Point","coordinates":[-90.9243168,43.1810229]},"properties":{"name":"State Highway 179","highway":"secondary"}},{"type":"Feature","geometry":{"type":"Point","coordinates":[-90.8841098,43.1861071]},"properties":{"name":"State Highway 179","highway":"secondary"}},{"type":"Feature","geometry":{"type":"Point","coordinates":[-90.5555936,43.3924442]},"properties":{"name":"Old Buzzardville Lane","highway":"unclassified"}},{"type":"Feature","geometry":{"type":"Point","coordinates":[-90.5536587,43.3938184]},"properties":{"name":"Pine Valley Road","highway":"unclassified"}},{"type":"Feature","geometry":{"type":"Point","coordinates":[-90.4127893,44.0511695]},"properties":{"name":"State Highway 173","highway":"primary"}},{"type":"Feature","geometry":{"type":"Point","coordinates":[-90.5606773,43.363846]},"properties":{"name":"Symons Lane","highway":"residential"}},{"type":"Feature","geometry":{"type":"Point","coordinates":[-90.5594104,43.3640923]},"properties":{"name":"US Highway 14","highway":"primary"}},{"type":"Feature","geometry":{"type":"Point","coordinates":[-90.5641796,43.3060962]},"properties":{"name":"Dieter Hollow Drive","highway":"unclassified"}},{"type":"Feature","geometry":{"type":"Point","coordinates":[-91.6826324,44.3334184]},"properties":{"name":"County Road EE","highway":"tertiary"}},{"type":"Feature","geometry":{"type":"Point","coordinates":[-91.1139828,46.3714911]},"properties":{"name":"Abandoned Railroad","highway":"path"}},{"type":"Feature","geometry":{"type":"Point","coordinates":[-89.5974049,42.9030561]},"properties":{"name":"Fritz Road","highway":"residential"}},{"type":"Feature","geometry":{"type":"Point","coordinates":[-92.0324582,46.6972203]},"properties":{"name":"Osaugie Trail","highway":"cycleway"}},{"type":"Feature","geometry":{"type":"Point","coordinates":[-91.5874039,46.5510633]},"properties":{"name":"Tri County Corridor","highway":"path"}},{"type":"Feature","geometry":{"type":"Point","coordinates":[-90.975679,46.5748929]},"properties":{"name":"Tri County Corridor","highway":"path"}},{"type":"Feature","geometry":{"type":"Point","coordinates":[-90.5702347,43.2489263]},"properties":{"name":"Century Road","highway":"unclassified"}},{"type":"Feature","geometry":{"type":"Point","coordinates":[-90.5619742,43.2413958]},"properties":{"name":"Thingvold Lane","highway":"residential"}},{"type":"Feature","geometry":{"type":"Point","coordinates":[-90.5570178,43.2343502]},"properties":{"name":"Byrds Creek Valley Drive","highway":"residential"}},{"type":"Feature","geometry":{"type":"Point","coordinates":[-89.168473,45.4089603]},"properties":{"name":"","highway":"track"}},{"type":"Feature","geometry":{"type":"Point","coordinates":[-89.1662956,45.41295]},"properties":{"name":"","highway":"track"}},{"type":"Feature","geometry":{"type":"Point","coordinates":[-89.1647253,45.3949305]},"properties":{"name":"","highway":"track"}},{"type":"Feature","geometry":{"type":"Point","coordinates":[-89.7949887,43.0705014]},"properties":{"name":"County Road JJ","highway":"tertiary"}},{"type":"Feature","geometry":{"type":"Point","coordinates":[-89.1651134,45.3864219]},"properties":{"name":"Rice Bed Road","highway":"track"}},{"type":"Feature","geometry":{"type":"Point","coordinates":[-89.1873273,45.4194801]},"properties":{"name":"","highway":"track"}},{"type":"Feature","geometry":{"type":"Point","coordinates":[-89.0680865,45.3730569]},"properties":{"name":"","highway":"track"}},{"type":"Feature","geometry":{"type":"Point","coordinates":[-91.4580538,44.5540866]},"properties":{"name":"State Highway 93","highway":"trunk"}},{"type":"Feature","geometry":{"type":"Point","coordinates":[-90.8414679,43.0559621]},"properties":{"name":"County Road C","highway":"tertiary"}},{"type":"Feature","geometry":{"type":"Point","coordinates":[-89.673885,42.8541477]},"properties":{"name":"Primrose Center Road","highway":"unclassified"}},{"type":"Feature","geometry":{"type":"Point","coordinates":[-90.842527,43.1823864]},"properties":{"name":"Railroad Street","highway":"secondary"}},{"type":"Feature","geometry":{"type":"Point","coordinates":[-89.2684819,45.4241107]},"properties":{"name":"","highway":"track"}},{"type":"Feature","geometry":{"type":"Point","coordinates":[-91.8776649,44.3441438]},"properties":{"name":"Rotering Road","highway":"residential"}},{"type":"Feature","geometry":{"type":"Point","coordinates":[-91.2710206,44.1697657]},"properties":{"name":"1st Street West","highway":"secondary"}},{"type":"Feature","geometry":{"type":"Point","coordinates":[-91.2706581,44.1676579]},"properties":{"name":"Bridge Street","highway":"secondary"}},{"type":"Feature","geometry":{"type":"Point","coordinates":[-91.3254234,44.1493414]},"properties":{"name":"County Road T","highway":"tertiary"}},{"type":"Feature","geometry":{"type":"Point","coordinates":[-91.2069022,43.6598976]},"properties":{"name":"Division Street","highway":"secondary"}},{"type":"Feature","geometry":{"type":"Point","coordinates":[-91.8845395,44.3440115]},"properties":{"name":"Risch Valley Road","highway":"residential"}},{"type":"Feature","geometry":{"type":"Point","coordinates":[-91.8851961,44.3446753]},"properties":{"name":"County Road S","highway":"tertiary"}},{"type":"Feature","geometry":{"type":"Point","coordinates":[-90.9977714,43.0552156]},"properties":{"name":"","highway":"service"}},{"type":"Feature","geometry":{"type":"Point","coordinates":[-91.1706747,43.8301709]},"properties":{"name":"Smith Valley Road","highway":"residential"}},{"type":"Feature","geometry":{"type":"Point","coordinates":[-87.9794084,43.2310731]},"properties":{"name":"","highway":"footway"}},{"type":"Feature","geometry":{"type":"Point","coordinates":[-91.0891201,43.2165749]},"properties":{"name":"Great River Road","highway":"primary"}},{"type":"Feature","geometry":{"type":"Point","coordinates":[-87.9314315,42.9971297]},"properties":{"name":"","highway":"footway"}},{"type":"Feature","geometry":{"type":"Point","coordinates":[-91.1329959,43.1689291]},"properties":{"name":"County Highway D","highway":"tertiary"}},{"type":"Feature","geometry":{"type":"Point","coordinates":[-91.1427359,43.1409688]},"properties":{"name":"Great River Road","highway":"primary"}},{"type":"Feature","geometry":{"type":"Point","coordinates":[-90.9307113,43.0780889]},"properties":{"name":"State Highway 60","highway":"primary"}},{"type":"Feature","geometry":{"type":"Point","coordinates":[-90.8048038,43.1246637]},"properties":{"name":"Boydtown Hollow Road","highway":"residential"}},{"type":"Feature","geometry":{"type":"Point","coordinates":[-90.8048522,43.1307438]},"properties":{"name":"Boydtown Hollow Road","highway":"residential"}},{"type":"Feature","geometry":{"type":"Point","coordinates":[-90.8093123,43.1205518]},"properties":{"name":"Hilldale Road","highway":"residential"}},{"type":"Feature","geometry":{"type":"Point","coordinates":[-89.7331767,45.6692386]},"properties":{"name":"","highway":"path"}},{"type":"Feature","geometry":{"type":"Point","coordinates":[-88.9323933,44.1002621]},"properties":{"name":"County Road D","highway":"tertiary"}},{"type":"Feature","geometry":{"type":"Point","coordinates":[-89.4040734,45.3071545]},"properties":{"name":"1st Avenue","highway":"unclassified"}},{"type":"Feature","geometry":{"type":"Point","coordinates":[-89.4243372,45.3767376]},"properties":{"name":"County Line Road","highway":"unclassified"}},{"type":"Feature","geometry":{"type":"Point","coordinates":[-88.1950562,45.792658]},"properties":{"name":"County Road N","highway":"secondary"}},{"type":"Feature","geometry":{"type":"Point","coordinates":[-87.9769332,45.638681]},"properties":{"name":"County Road R","highway":"tertiary"}},{"type":"Feature","geometry":{"type":"Point","coordinates":[-87.9469404,45.6399138]},"properties":{"name":"County Road R","highway":"tertiary"}},{"type":"Feature","geometry":{"type":"Point","coordinates":[-87.8548153,45.6597573]},"properties":{"name":"County Road R","highway":"tertiary"}},{"type":"Feature","geometry":{"type":"Point","coordinates":[-87.9998787,45.4999427]},"properties":{"name":"County Road V","highway":"secondary"}},{"type":"Feature","geometry":{"type":"Point","coordinates":[-89.4021548,45.417926]},"properties":{"name":"County Highway H","highway":"tertiary"}},{"type":"Feature","geometry":{"type":"Point","coordinates":[-89.4124224,45.4170292]},"properties":{"name":"First Lake Road","highway":"unclassified"}},{"type":"Feature","geometry":{"type":"Point","coordinates":[-89.4081489,45.2348401]},"properties":{"name":"County Highway C","highway":"tertiary"}},{"type":"Feature","geometry":{"type":"Point","coordinates":[-89.4254311,45.2129568]},"properties":{"name":"County Line Road","highway":"unclassified"}},{"type":"Feature","geometry":{"type":"Point","coordinates":[-89.404152,45.2186758]},"properties":{"name":"Peterson Road","highway":"unclassified"}},{"type":"Feature","geometry":{"type":"Point","coordinates":[-89.3854874,45.2330388]},"properties":{"name":"County Highway C","highway":"tertiary"}},{"type":"Feature","geometry":{"type":"Point","coordinates":[-89.3678377,45.2323365]},"properties":{"name":"County Highway C","highway":"tertiary"}},{"type":"Feature","geometry":{"type":"Point","coordinates":[-88.8176541,44.8646574]},"properties":{"name":"Morgan Road","highway":"unclassified"}},{"type":"Feature","geometry":{"type":"Point","coordinates":[-89.2652535,45.2634322]},"properties":{"name":"Fire Lane","highway":"track"}},{"type":"Feature","geometry":{"type":"Point","coordinates":[-89.2530471,45.2574675]},"properties":{"name":"Ormsby Road","highway":"unclassified"}},{"type":"Feature","geometry":{"type":"Point","coordinates":[-89.2764915,45.2789435]},"properties":{"name":"","highway":"service"}},{"type":"Feature","geometry":{"type":"Point","coordinates":[-89.2488868,45.2570938]},"properties":{"name":"McEachern Road","highway":"residential"}},{"type":"Feature","geometry":{"type":"Point","coordinates":[-89.2338161,45.2337421]},"properties":{"name":"County Highway C","highway":"tertiary"}},{"type":"Feature","geometry":{"type":"Point","coordinates":[-89.2437499,45.218859]},"properties":{"name":"Bluebell Road","highway":"unclassified"}},{"type":"Feature","geometry":{"type":"Point","coordinates":[-89.2556027,45.204102]},"properties":{"name":"County Highway I","highway":"tertiary"}},{"type":"Feature","geometry":{"type":"Point","coordinates":[-89.2481059,45.1822547]},"properties":{"name":"Rangeline Road","highway":"residential"}},{"type":"Feature","geometry":{"type":"Point","coordinates":[-89.2581123,45.1604097]},"properties":{"name":"Spring Road","highway":"unclassified"}},{"type":"Feature","geometry":{"type":"Point","coordinates":[-89.2601188,45.1474789]},"properties":{"name":"State Highway 64","highway":"primary"}},{"type":"Feature","geometry":{"type":"Point","coordinates":[-89.228527,45.1827591]},"properties":{"name":"County Highway H","highway":"tertiary"}},{"type":"Feature","geometry":{"type":"Point","coordinates":[-89.2210781,45.1939639]},"properties":{"name":"River Road","highway":"residential"}},{"type":"Feature","geometry":{"type":"Point","coordinates":[-89.2401372,45.1608834]},"properties":{"name":"Spring Road","highway":"unclassified"}},{"type":"Feature","geometry":{"type":"Point","coordinates":[-89.2449605,45.1451297]},"properties":{"name":"State Highway 64","highway":"primary"}},{"type":"Feature","geometry":{"type":"Point","coordinates":[-88.7868794,43.8224421]},"properties":{"name":"Willow Road","highway":"unclassified"}},{"type":"Feature","geometry":{"type":"Point","coordinates":[-89.2551218,45.1403631]},"properties":{"name":"Highland Road","highway":"residential"}},{"type":"Feature","geometry":{"type":"Point","coordinates":[-89.2342177,45.1257368]},"properties":{"name":"County Highway Y","highway":"tertiary"}},{"type":"Feature","geometry":{"type":"Point","coordinates":[-89.1590504,45.23393]},"properties":{"name":"County Highway C","highway":"tertiary"}},{"type":"Feature","geometry":{"type":"Point","coordinates":[-89.1668833,45.2300412]},"properties":{"name":"County Highway B","highway":"tertiary"}},{"type":"Feature","geometry":{"type":"Point","coordinates":[-89.1753454,45.2244403]},"properties":{"name":"","highway":"service"}},{"type":"Feature","geometry":{"type":"Point","coordinates":[-92.6485318,44.8983564]},"properties":{"name":"","highway":"tertiary"}},{"type":"Feature","geometry":{"type":"Point","coordinates":[-89.1451178,45.2384097]},"properties":{"name":"Church Road","highway":"residential"}},{"type":"Feature","geometry":{"type":"Point","coordinates":[-89.1399034,45.2395933]},"properties":{"name":"","highway":"track"}},{"type":"Feature","geometry":{"type":"Point","coordinates":[-89.0959598,45.2564756]},"properties":{"name":"Claire Road","highway":"unclassified"}},{"type":"Feature","geometry":{"type":"Point","coordinates":[-88.6185646,45.171226]},"properties":{"name":"County Road T","highway":"tertiary"}},{"type":"Feature","geometry":{"type":"Point","coordinates":[-88.6279241,45.4377273]},"properties":{"name":"County Road C","highway":"secondary"}},{"type":"Feature","geometry":{"type":"Point","coordinates":[-87.905222,45.4956184]},"properties":{"name":"County Road K","highway":"secondary"}},{"type":"Feature","geometry":{"type":"Point","coordinates":[-88.4541459,45.3360612]},"properties":{"name":"County Road F","highway":"secondary"}},{"type":"Feature","geometry":{"type":"Point","coordinates":[-88.4988492,45.30113]},"properties":{"name":"County Road F","highway":"secondary"}},{"type":"Feature","geometry":{"type":"Point","coordinates":[-88.1858658,45.4010082]},"properties":{"name":"County Road C","highway":"secondary"}},{"type":"Feature","geometry":{"type":"Point","coordinates":[-88.3046848,45.3876498]},"properties":{"name":"County Road C","highway":"secondary"}},{"type":"Feature","geometry":{"type":"Point","coordinates":[-87.9380714,45.2936638]},"properties":{"name":"County Road X","highway":"tertiary"}},{"type":"Feature","geometry":{"type":"Point","coordinates":[-88.0022362,45.1372595]},"properties":{"name":"County Road P","highway":"secondary"}},{"type":"Feature","geometry":{"type":"Point","coordinates":[-88.6355303,45.6528201]},"properties":{"name":"County Road G","highway":"secondary"}},{"type":"Feature","geometry":{"type":"Point","coordinates":[-88.8105438,45.655673]},"properties":{"name":"County Road G","highway":"secondary"}},{"type":"Feature","geometry":{"type":"Point","coordinates":[-88.3022438,42.9926523]},"properties":{"name":"","highway":"service"}},{"type":"Feature","geometry":{"type":"Point","coordinates":[-89.1281869,45.1624265]},"properties":{"name":"State Highway 64","highway":"primary"}},{"type":"Feature","geometry":{"type":"Point","coordinates":[-90.1414473,46.387375]},"properties":{"name":"County Road C","highway":"tertiary"}},{"type":"Feature","geometry":{"type":"Point","coordinates":[-90.4401971,46.5601442]},"properties":{"name":"County Road A","highway":"tertiary"}},{"type":"Feature","geometry":{"type":"Point","coordinates":[-89.1390153,45.1444894]},"properties":{"name":"East 2nd Avenue","highway":"residential"}},{"type":"Feature","geometry":{"type":"Point","coordinates":[-89.1335887,45.1547027]},"properties":{"name":"East North Avenue","highway":"residential"}},{"type":"Feature","geometry":{"type":"Point","coordinates":[-89.1436322,45.1481201]},"properties":{"name":"Springbrook Trail","highway":"cycleway"}},{"type":"Feature","geometry":{"type":"Point","coordinates":[-91.2900054,45.7954467]},"properties":{"name":"Gettysburg Street","highway":"primary"}},{"type":"Feature","geometry":{"type":"Point","coordinates":[-90.8743302,43.3945205]},"properties":{"name":"County Road C","highway":"tertiary"}},{"type":"Feature","geometry":{"type":"Point","coordinates":[-88.2831035,42.9937817]},"properties":{"name":"Glacial Drumlin State Trail","highway":"cycleway"}},{"type":"Feature","geometry":{"type":"Point","coordinates":[-89.2236174,45.0727675]},"properties":{"name":"Brookside Road","highway":"residential"}},{"type":"Feature","geometry":{"type":"Point","coordinates":[-89.169742,45.1089905]},"properties":{"name":"Monarch Road","highway":"unclassified"}},{"type":"Feature","geometry":{"type":"Point","coordinates":[-89.1904114,45.1018848]},"properties":{"name":"Spring Brook Road","highway":"unclassified"}},{"type":"Feature","geometry":{"type":"Point","coordinates":[-89.2011075,45.0873841]},"properties":{"name":"County Highway G","highway":"tertiary"}},{"type":"Feature","geometry":{"type":"Point","coordinates":[-90.6605323,46.3243354]},"properties":{"name":"South Main Street","highway":"primary"}},{"type":"Feature","geometry":{"type":"Point","coordinates":[-90.2302059,46.4314133]},"properties":{"name":"Wisconsin Avenue","highway":"primary"}},{"type":"Feature","geometry":{"type":"Point","coordinates":[-90.1786343,46.449904]},"properties":{"name":"Silver Street","highway":"primary"}},{"type":"Feature","geometry":{"type":"Point","coordinates":[-89.1023864,45.0615247]},"properties":{"name":"South Rollwood Road","highway":"unclassified"}},{"type":"Feature","geometry":{"type":"Point","coordinates":[-90.5459405,43.3366364]},"properties":{"name":"","highway":"service"}},{"type":"Feature","geometry":{"type":"Point","coordinates":[-89.012159,45.0511592]},"properties":{"name":"State Highway 47","highway":"primary"}},{"type":"Feature","geometry":{"type":"Point","coordinates":[-88.9841287,45.0349429]},"properties":{"name":"","highway":"track"}},{"type":"Feature","geometry":{"type":"Point","coordinates":[-90.2984315,45.3523507]},"properties":{"name":"2nd Street","highway":"residential"}},{"type":"Feature","geometry":{"type":"Point","coordinates":[-91.0226774,43.5903762]},"properties":{"name":"Irish Ridge Road","highway":"residential"}},{"type":"Feature","geometry":{"type":"Point","coordinates":[-90.5383744,43.4221396]},"properties":{"name":"Deere Path Lane","highway":"residential"}},{"type":"Feature","geometry":{"type":"Point","coordinates":[-91.407301,44.759804]},"properties":{"name":"Otter Creek Road","highway":"tertiary"}},{"type":"Feature","geometry":{"type":"Point","coordinates":[-90.806612,44.3116313]},"properties":{"name":"Leicht Road","highway":"residential"}},{"type":"Feature","geometry":{"type":"Point","coordinates":[-89.6546715,42.8430471]},"properties":{"name":"","highway":"track"}},{"type":"Feature","geometry":{"type":"Point","coordinates":[-88.3757532,44.835381]},"properties":{"name":"State Highway 22","highway":"primary"}},{"type":"Feature","geometry":{"type":"Point","coordinates":[-89.6429411,42.832066]},"properties":{"name":"","highway":"path"}},{"type":"Feature","geometry":{"type":"Point","coordinates":[-88.6710224,44.8021303]},"properties":{"name":"Maple Avenue","highway":"unclassified"}},{"type":"Feature","geometry":{"type":"Point","coordinates":[-87.9771251,42.9997581]},"properties":{"name":"","highway":"footway"}},{"type":"Feature","geometry":{"type":"Point","coordinates":[-88.4671486,44.7206759]},"properties":{"name":"West Slab City Road","highway":"unclassified"}},{"type":"Feature","geometry":{"type":"Point","coordinates":[-88.4744456,44.7117312]},"properties":{"name":"Sunrise Road","highway":"unclassified"}},{"type":"Feature","geometry":{"type":"Point","coordinates":[-88.8566723,44.6796514]},"properties":{"name":"Swamp Road","highway":"residential"}},{"type":"Feature","geometry":{"type":"Point","coordinates":[-88.7769296,44.762906]},"properties":{"name":"County Road M","highway":"tertiary"}},{"type":"Feature","geometry":{"type":"Point","coordinates":[-88.8907005,44.803018]},"properties":{"name":"State Highway 29","highway":"trunk"}},{"type":"Feature","geometry":{"type":"Point","coordinates":[-88.8906625,44.8032731]},"properties":{"name":"State Highway 29","highway":"trunk"}},{"type":"Feature","geometry":{"type":"Point","coordinates":[-88.8870437,44.7898407]},"properties":{"name":"Zimdars Road","highway":"residential"}},{"type":"Feature","geometry":{"type":"Point","coordinates":[-88.9242611,44.768334]},"properties":{"name":"Leopolis Road","highway":"unclassified"}},{"type":"Feature","geometry":{"type":"Point","coordinates":[-88.9452689,44.7632219]},"properties":{"name":"Weasel Dam Road","highway":"unclassified"}},{"type":"Feature","geometry":{"type":"Point","coordinates":[-88.9818478,44.7809133]},"properties":{"name":"Townline Road","highway":"unclassified"}},{"type":"Feature","geometry":{"type":"Point","coordinates":[-88.7614097,44.8411996]},"properties":{"name":"Lower Lake Road","highway":"unclassified"}},{"type":"Feature","geometry":{"type":"Point","coordinates":[-88.8120663,44.808208]},"properties":{"name":"","highway":"service"}},{"type":"Feature","geometry":{"type":"Point","coordinates":[-88.8645469,44.8355574]},"properties":{"name":"Campground Road","highway":"unclassified"}},{"type":"Feature","geometry":{"type":"Point","coordinates":[-88.9096255,44.8084807]},"properties":{"name":"County Highway D","highway":"tertiary"}},{"type":"Feature","geometry":{"type":"Point","coordinates":[-88.8914176,44.8047571]},"properties":{"name":"County Highway G","highway":"tertiary"}},{"type":"Feature","geometry":{"type":"Point","coordinates":[-88.914216,44.8152801]},"properties":{"name":"County Highway D","highway":"tertiary"}},{"type":"Feature","geometry":{"type":"Point","coordinates":[-88.917264,44.8114789]},"properties":{"name":"Nursery Lane","highway":"residential"}},{"type":"Feature","geometry":{"type":"Point","coordinates":[-88.9351536,44.8082223]},"properties":{"name":"","highway":"unclassified"}},{"type":"Feature","geometry":{"type":"Point","coordinates":[-88.7848209,44.8704129]},"properties":{"name":"County Road G","highway":"tertiary"}},{"type":"Feature","geometry":{"type":"Point","coordinates":[-91.9874454,44.9278292]},"properties":{"name":"US Highway 12","highway":"primary"}},{"type":"Feature","geometry":{"type":"Point","coordinates":[-88.7947334,44.8849892]},"properties":{"name":"West Town Hall Road","highway":"unclassified"}},{"type":"Feature","geometry":{"type":"Point","coordinates":[-88.9286335,44.9430225]},"properties":{"name":"National Guard Road","highway":"unclassified"}},{"type":"Feature","geometry":{"type":"Point","coordinates":[-88.9126628,44.9082082]},"properties":{"name":"Murphy's Road","highway":"unclassified"}},{"type":"Feature","geometry":{"type":"Point","coordinates":[-88.9281572,44.8307256]},"properties":{"name":"","highway":"service"}},{"type":"Feature","geometry":{"type":"Point","coordinates":[-88.9402791,44.9214196]},"properties":{"name":"Moh He Con Nuck Road","highway":"unclassified"}},{"type":"Feature","geometry":{"type":"Point","coordinates":[-88.9276855,44.9281039]},"properties":{"name":"","highway":"service"}},{"type":"Feature","geometry":{"type":"Point","coordinates":[-88.9697585,44.862955]},"properties":{"name":"Butternut Lane","highway":"unclassified"}},{"type":"Feature","geometry":{"type":"Point","coordinates":[-88.9807586,44.8541494]},"properties":{"name":"County Highway D","highway":"tertiary"}},{"type":"Feature","geometry":{"type":"Point","coordinates":[-88.967912,44.8659895]},"properties":{"name":"Mountain-Bay State Trail","highway":"path"}},{"type":"Feature","geometry":{"type":"Point","coordinates":[-88.9506949,44.8656851]},"properties":{"name":"Mountain-Bay State Trail","highway":"path"}},{"type":"Feature","geometry":{"type":"Point","coordinates":[-88.946793,44.855683]},"properties":{"name":"Witt-Birn Townline Road","highway":"unclassified"}},{"type":"Feature","geometry":{"type":"Point","coordinates":[-88.9747158,44.8556991]},"properties":{"name":"Witt-Birn Townline Road","highway":"unclassified"}},{"type":"Feature","geometry":{"type":"Point","coordinates":[-89.8335359,45.0472479]},"properties":{"name":"County Road A","highway":"tertiary"}},{"type":"Feature","geometry":{"type":"Point","coordinates":[-89.7916105,45.0470551]},"properties":{"name":"County Road A","highway":"tertiary"}},{"type":"Feature","geometry":{"type":"Point","coordinates":[-88.9692972,44.9351969]},"properties":{"name":"Boehm's Road","highway":"unclassified"}},{"type":"Feature","geometry":{"type":"Point","coordinates":[-88.956039,44.92458]},"properties":{"name":"Silver Creek Road","highway":"unclassified"}},{"type":"Feature","geometry":{"type":"Point","coordinates":[-89.8636985,42.8690846]},"properties":{"name":"","highway":"path"}},{"type":"Feature","geometry":{"type":"Point","coordinates":[-89.8606709,42.8793994]},"properties":{"name":"County Road A","highway":"tertiary"}},{"type":"Feature","geometry":{"type":"Point","coordinates":[-89.8571764,42.8650482]},"properties":{"name":"River Fork Road","highway":"unclassified"}},{"type":"Feature","geometry":{"type":"Point","coordinates":[-89.8437395,42.876128]},"properties":{"name":"","highway":"path"}},{"type":"Feature","geometry":{"type":"Point","coordinates":[-89.8414683,42.8771329]},"properties":{"name":"","highway":"track"}},{"type":"Feature","geometry":{"type":"Point","coordinates":[-89.8306306,42.8737565]},"properties":{"name":"Drammen Valley Road","highway":"residential"}},{"type":"Feature","geometry":{"type":"Point","coordinates":[-89.861002,42.8802048]},"properties":{"name":"","highway":"path"}},{"type":"Feature","geometry":{"type":"Point","coordinates":[-89.0205808,44.7966566]},"properties":{"name":"Berg Road","highway":"unclassified"}},{"type":"Feature","geometry":{"type":"Point","coordinates":[-89.0272407,44.7359678]},"properties":{"name":"County Highway M","highway":"secondary"}},{"type":"Feature","geometry":{"type":"Point","coordinates":[-89.045869,44.7022537]},"properties":{"name":"","highway":"service"}},{"type":"Feature","geometry":{"type":"Point","coordinates":[-89.8606568,42.8967321]},"properties":{"name":"","highway":"service"}},{"type":"Feature","geometry":{"type":"Point","coordinates":[-89.1019118,44.7310715]},"properties":{"name":"West Reed Street","highway":"tertiary"}},{"type":"Feature","geometry":{"type":"Point","coordinates":[-89.8061016,42.8731312]},"properties":{"name":"","highway":"path"}},{"type":"Feature","geometry":{"type":"Point","coordinates":[-89.1900698,44.7239859]},"properties":{"name":"Blue Goose Road","highway":"residential"}},{"type":"Feature","geometry":{"type":"Point","coordinates":[-89.1602107,44.6949865]},"properties":{"name":"Comet Road","highway":"unclassified"}},{"type":"Feature","geometry":{"type":"Point","coordinates":[-89.7778359,42.8727775]},"properties":{"name":"","highway":"path"}},{"type":"Feature","geometry":{"type":"Point","coordinates":[-89.7773423,42.8721348]},"properties":{"name":"","highway":"path"}},{"type":"Feature","geometry":{"type":"Point","coordinates":[-89.7765311,42.8735965]},"properties":{"name":"","highway":"path"}},{"type":"Feature","geometry":{"type":"Point","coordinates":[-89.779803,42.891641]},"properties":{"name":"County Highway H","highway":"tertiary"}},{"type":"Feature","geometry":{"type":"Point","coordinates":[-89.782561,42.8820435]},"properties":{"name":"County Highway H","highway":"tertiary"}},{"type":"Feature","geometry":{"type":"Point","coordinates":[-89.7990717,42.8748763]},"properties":{"name":"County Highway H","highway":"tertiary"}},{"type":"Feature","geometry":{"type":"Point","coordinates":[-89.7768756,42.8991594]},"properties":{"name":"County Highway A","highway":"tertiary"}},{"type":"Feature","geometry":{"type":"Point","coordinates":[-89.0164845,44.8036268]},"properties":{"name":"State Highway 29","highway":"trunk"}},{"type":"Feature","geometry":{"type":"Point","coordinates":[-89.0165743,44.8038848]},"properties":{"name":"State Highway 29","highway":"trunk"}},{"type":"Feature","geometry":{"type":"Point","coordinates":[-89.0807483,44.7529315]},"properties":{"name":"","highway":"service"}},{"type":"Feature","geometry":{"type":"Point","coordinates":[-89.1283657,44.737454]},"properties":{"name":"Spring Brook Road","highway":"residential"}},{"type":"Feature","geometry":{"type":"Point","coordinates":[-89.1048033,44.7728178]},"properties":{"name":"Wiouwash State Recreation Trail","highway":"path"}},{"type":"Feature","geometry":{"type":"Point","coordinates":[-89.0627966,44.7428145]},"properties":{"name":"North Beech Street","highway":"residential"}},{"type":"Feature","geometry":{"type":"Point","coordinates":[-89.1706652,44.7834218]},"properties":{"name":"State Highway 153","highway":"secondary"}},{"type":"Feature","geometry":{"type":"Point","coordinates":[-89.1690165,44.7819742]},"properties":{"name":"","highway":"service"}},{"type":"Feature","geometry":{"type":"Point","coordinates":[-89.0712498,44.743968]},"properties":{"name":"West Alder Street","highway":"service"}},{"type":"Feature","geometry":{"type":"Point","coordinates":[-89.1840246,44.7853042]},"properties":{"name":"West Reed Street","highway":"tertiary"}},{"type":"Feature","geometry":{"type":"Point","coordinates":[-89.195016,44.8051912]},"properties":{"name":"Elm Road","highway":"residential"}},{"type":"Feature","geometry":{"type":"Point","coordinates":[-89.1715922,44.8267665]},"properties":{"name":"West Grand Avenue","highway":"tertiary"}},{"type":"Feature","geometry":{"type":"Point","coordinates":[-89.023825,44.8219088]},"properties":{"name":"Boldig Road","highway":"residential"}},{"type":"Feature","geometry":{"type":"Point","coordinates":[-89.0182604,44.8086507]},"properties":{"name":"County Road J","highway":"tertiary"}},{"type":"Feature","geometry":{"type":"Point","coordinates":[-88.9908758,44.8637935]},"properties":{"name":"Mountain-Bay State Trail","highway":"path"}},{"type":"Feature","geometry":{"type":"Point","coordinates":[-89.0321627,44.826702]},"properties":{"name":"River Road","highway":"unclassified"}},{"type":"Feature","geometry":{"type":"Point","coordinates":[-89.0623281,44.8298864]},"properties":{"name":"","highway":"track"}},{"type":"Feature","geometry":{"type":"Point","coordinates":[-89.1179025,44.8256503]},"properties":{"name":"Cardinal Lane","highway":"residential"}},{"type":"Feature","geometry":{"type":"Point","coordinates":[-89.1027954,44.829927]},"properties":{"name":"County Road Q","highway":"tertiary"}},{"type":"Feature","geometry":{"type":"Point","coordinates":[-89.1431319,44.8374562]},"properties":{"name":"Robin Road","highway":"residential"}},{"type":"Feature","geometry":{"type":"Point","coordinates":[-89.1551786,44.8409631]},"properties":{"name":"Hemlock Road","highway":"unclassified"}},{"type":"Feature","geometry":{"type":"Point","coordinates":[-89.1645547,44.8559279]},"properties":{"name":"Witt-Birn Townline Road","highway":"unclassified"}},{"type":"Feature","geometry":{"type":"Point","coordinates":[-88.0951465,44.5457572]},"properties":{"name":"","highway":"motorway_link"}},{"type":"Feature","geometry":{"type":"Point","coordinates":[-88.0947537,44.5459475]},"properties":{"name":"","highway":"motorway_link"}},{"type":"Feature","geometry":{"type":"Point","coordinates":[-89.8591893,42.762608]},"properties":{"name":"State Highway 78","highway":"primary"}},{"type":"Feature","geometry":{"type":"Point","coordinates":[-89.8505237,42.7648375]},"properties":{"name":"","highway":"service"}},{"type":"Feature","geometry":{"type":"Point","coordinates":[-89.8565895,42.7653042]},"properties":{"name":"","highway":"path"}},{"type":"Feature","geometry":{"type":"Point","coordinates":[-88.0900224,44.5467019]},"properties":{"name":"","highway":"path"}},{"type":"Feature","geometry":{"type":"Point","coordinates":[-89.8370163,42.7796686]},"properties":{"name":"","highway":"track"}},{"type":"Feature","geometry":{"type":"Point","coordinates":[-89.8325422,42.7868352]},"properties":{"name":"Gould Hill Road","highway":"unclassified"}},{"type":"Feature","geometry":{"type":"Point","coordinates":[-89.8114864,42.7992994]},"properties":{"name":"Sawmill Road","highway":"unclassified"}},{"type":"Feature","geometry":{"type":"Point","coordinates":[-89.8045136,42.8036794]},"properties":{"name":"","highway":"path"}},{"type":"Feature","geometry":{"type":"Point","coordinates":[-89.7979523,42.8086239]},"properties":{"name":"County Highway H","highway":"tertiary"}},{"type":"Feature","geometry":{"type":"Point","coordinates":[-89.7945827,42.8134259]},"properties":{"name":"","highway":"path"}},{"type":"Feature","geometry":{"type":"Point","coordinates":[-89.2239159,44.8278079]},"properties":{"name":"County Road OO","highway":"tertiary"}},{"type":"Feature","geometry":{"type":"Point","coordinates":[-89.2042361,44.8245895]},"properties":{"name":"Meadow Lark Road","highway":"residential"}},{"type":"Feature","geometry":{"type":"Point","coordinates":[-89.8601627,42.7378973]},"properties":{"name":"East Brennan Road","highway":"residential"}},{"type":"Feature","geometry":{"type":"Point","coordinates":[-89.8607762,42.7378874]},"properties":{"name":"State Highway 78","highway":"primary"}},{"type":"Feature","geometry":{"type":"Point","coordinates":[-89.1691251,44.8705339]},"properties":{"name":"Eland Road","highway":"residential"}},{"type":"Feature","geometry":{"type":"Point","coordinates":[-89.0248246,44.860794]},"properties":{"name":"Mountain-Bay State Trail","highway":"path"}},{"type":"Feature","geometry":{"type":"Point","coordinates":[-89.1168167,44.8608324]},"properties":{"name":"Mountain-Bay State Trail","highway":"path"}},{"type":"Feature","geometry":{"type":"Point","coordinates":[-89.0624098,44.9036326]},"properties":{"name":"Maple Road","highway":"unclassified"}},{"type":"Feature","geometry":{"type":"Point","coordinates":[-89.1629135,44.8571956]},"properties":{"name":"Mountain-Bay State Trail","highway":"path"}},{"type":"Feature","geometry":{"type":"Point","coordinates":[-89.1416878,44.9063898]},"properties":{"name":"Riverview Road","highway":"residential"}},{"type":"Feature","geometry":{"type":"Point","coordinates":[-89.1432713,44.9260856]},"properties":{"name":"Riverview Road","highway":"residential"}},{"type":"Feature","geometry":{"type":"Point","coordinates":[-89.1547911,44.9282439]},"properties":{"name":"County Road N","highway":"tertiary"}},{"type":"Feature","geometry":{"type":"Point","coordinates":[-89.0022611,44.9743704]},"properties":{"name":"Red River Road","highway":"unclassified"}},{"type":"Feature","geometry":{"type":"Point","coordinates":[-88.9884471,44.9641139]},"properties":{"name":"Spruce Road","highway":"residential"}},{"type":"Feature","geometry":{"type":"Point","coordinates":[-89.0267135,44.9860715]},"properties":{"name":"Red River Road East","highway":"unclassified"}},{"type":"Feature","geometry":{"type":"Point","coordinates":[-91.5087994,45.1203484]},"properties":{"name":"190th Avenue","highway":"residential"}},{"type":"Feature","geometry":{"type":"Point","coordinates":[-91.5162224,45.1090305]},"properties":{"name":"","highway":"motorway"}},{"type":"Feature","geometry":{"type":"Point","coordinates":[-91.5158229,45.1091583]},"properties":{"name":"","highway":"motorway"}},{"type":"Feature","geometry":{"type":"Point","coordinates":[-89.0416738,45.0123811]},"properties":{"name":"4th Street","highway":"tertiary"}},{"type":"Feature","geometry":{"type":"Point","coordinates":[-89.0382736,45.0006472]},"properties":{"name":"Park Avenue","highway":"unclassified"}},{"type":"Feature","geometry":{"type":"Point","coordinates":[-89.0357791,45.0081845]},"properties":{"name":"Stone Road","highway":"residential"}},{"type":"Feature","geometry":{"type":"Point","coordinates":[-89.0625354,45.0162919]},"properties":{"name":"Maple Road","highway":"unclassified"}},{"type":"Feature","geometry":{"type":"Point","coordinates":[-89.0625607,45.0148061]},"properties":{"name":"Maple Road","highway":"unclassified"}},{"type":"Feature","geometry":{"type":"Point","coordinates":[-89.1224084,44.9763638]},"properties":{"name":"Cherry Road","highway":"unclassified"}},{"type":"Feature","geometry":{"type":"Point","coordinates":[-89.1382299,44.9650645]},"properties":{"name":"White Birch Road","highway":"unclassified"}},{"type":"Feature","geometry":{"type":"Point","coordinates":[-89.9096856,42.9136264]},"properties":{"name":"County Highway HK","highway":"tertiary"}},{"type":"Feature","geometry":{"type":"Point","coordinates":[-87.7285605,43.7866506]},"properties":{"name":"Lakeshore Road","highway":"tertiary"}},{"type":"Feature","geometry":{"type":"Point","coordinates":[-90.1960929,43.5254342]},"properties":{"name":"State Highway 58","highway":"primary"}},{"type":"Feature","geometry":{"type":"Point","coordinates":[-90.2095918,43.5259987]},"properties":{"name":"County Highway V","highway":"tertiary"}},{"type":"Feature","geometry":{"type":"Point","coordinates":[-90.2273963,43.6536227]},"properties":{"name":"Washington Street","highway":"tertiary"}},{"type":"Feature","geometry":{"type":"Point","coordinates":[-90.2277227,43.6521928]},"properties":{"name":"Washington Street","highway":"unclassified"}},{"type":"Feature","geometry":{"type":"Point","coordinates":[-90.2427393,43.6687946]},"properties":{"name":"400 State Trail","highway":"cycleway"}},{"type":"Feature","geometry":{"type":"Point","coordinates":[-90.2472744,43.6710146]},"properties":{"name":"400 State Trail","highway":"cycleway"}},{"type":"Feature","geometry":{"type":"Point","coordinates":[-90.2619244,43.6765398]},"properties":{"name":"Hann Street","highway":"residential"}},{"type":"Feature","geometry":{"type":"Point","coordinates":[-90.2682134,43.6892584]},"properties":{"name":"County Road W","highway":"tertiary"}},{"type":"Feature","geometry":{"type":"Point","coordinates":[-90.2588622,43.7097536]},"properties":{"name":"Wagner Road","highway":"residential"}},{"type":"Feature","geometry":{"type":"Point","coordinates":[-89.3122293,43.9158941]},"properties":{"name":"State Highway 22","highway":"primary"}},{"type":"Feature","geometry":{"type":"Point","coordinates":[-89.5518383,43.7010568]},"properties":{"name":"County Road P","highway":"tertiary"}},{"type":"Feature","geometry":{"type":"Point","coordinates":[-89.5044222,42.9943131]},"properties":{"name":"Military Ridge State Trail","highway":"cycleway"}},{"type":"Feature","geometry":{"type":"Point","coordinates":[-90.1790629,46.4499076]},"properties":{"name":"Trail 17","highway":"track"}},{"type":"Feature","geometry":{"type":"Point","coordinates":[-90.4088186,46.3854959]},"properties":{"name":"State Highway 122","highway":"secondary"}},{"type":"Feature","geometry":{"type":"Point","coordinates":[-90.5279654,43.3333466]},"properties":{"name":"","highway":"footway"}},{"type":"Feature","geometry":{"type":"Point","coordinates":[-89.887454,42.6696127]},"properties":{"name":"State Highway 78","highway":"primary"}},{"type":"Feature","geometry":{"type":"Point","coordinates":[-90.4273314,43.0419529]},"properties":{"name":"Irish Hollow Road","highway":"residential"}},{"type":"Feature","geometry":{"type":"Point","coordinates":[-91.4225655,46.5670532]},"properties":{"name":"Tri County Corridor","highway":"path"}},{"type":"Feature","geometry":{"type":"Point","coordinates":[-87.875766,43.3874877]},"properties":{"name":"West Grand Avenue","highway":"primary"}},{"type":"Feature","geometry":{"type":"Point","coordinates":[-87.880744,43.3930351]},"properties":{"name":"West Pierre Lane","highway":"residential"}},{"type":"Feature","geometry":{"type":"Point","coordinates":[-91.1589862,43.7687042]},"properties":{"name":"Bloomer Mill Road","highway":"residential"}},{"type":"Feature","geometry":{"type":"Point","coordinates":[-91.1990781,43.7893522]},"properties":{"name":"Hagen Road","highway":"residential"}},{"type":"Feature","geometry":{"type":"Point","coordinates":[-91.1018935,44.0247175]},"properties":{"name":"County Highway C","highway":"tertiary"}},{"type":"Feature","geometry":{"type":"Point","coordinates":[-90.0451385,42.903105]},"properties":{"name":"Twin Bridge Road","highway":"unclassified"}},{"type":"Feature","geometry":{"type":"Point","coordinates":[-90.059783,42.9072945]},"properties":{"name":"Sunny Ridge Road","highway":"residential"}},{"type":"Feature","geometry":{"type":"Point","coordinates":[-90.2559706,43.0397409]},"properties":{"name":"County Road Q","highway":"tertiary"}},{"type":"Feature","geometry":{"type":"Point","coordinates":[-90.6954262,46.4870753]},"properties":{"name":"Elm Hoist Road","highway":"unclassified"}},{"type":"Feature","geometry":{"type":"Point","coordinates":[-90.6894987,46.599508]},"properties":{"name":"Government Road","highway":"unclassified"}},{"type":"Feature","geometry":{"type":"Point","coordinates":[-90.6001916,46.4756951]},"properties":{"name":"Potato River Road","highway":"unclassified"}},{"type":"Feature","geometry":{"type":"Point","coordinates":[-90.2719915,43.7450412]},"properties":{"name":"","highway":"cycleway"}},{"type":"Feature","geometry":{"type":"Point","coordinates":[-90.2731088,43.7453275]},"properties":{"name":"State Highway 80/82","highway":"primary"}},{"type":"Feature","geometry":{"type":"Point","coordinates":[-90.2671819,43.7338389]},"properties":{"name":"400 State Trail","highway":"cycleway"}},{"type":"Feature","geometry":{"type":"Point","coordinates":[-90.2671861,43.7395998]},"properties":{"name":"Franklin Street","highway":"tertiary"}},{"type":"Feature","geometry":{"type":"Point","coordinates":[-89.4129266,43.9028176]},"properties":{"name":"10th Lane","highway":"residential"}},{"type":"Feature","geometry":{"type":"Point","coordinates":[-89.4779301,43.8927771]},"properties":{"name":"County Highway E","highway":"tertiary"}},{"type":"Feature","geometry":{"type":"Point","coordinates":[-89.4852173,43.8890328]},"properties":{"name":"North Pioneer Park Road","highway":"residential"}},{"type":"Feature","geometry":{"type":"Point","coordinates":[-90.6663052,43.3536261]},"properties":{"name":"County Highway U","highway":"secondary"}},{"type":"Feature","geometry":{"type":"Point","coordinates":[-90.6716454,43.3443731]},"properties":{"name":"County Highway U","highway":"secondary"}},{"type":"Feature","geometry":{"type":"Point","coordinates":[-90.6624469,43.3320324]},"properties":{"name":"State Highway 171","highway":"secondary"}},{"type":"Feature","geometry":{"type":"Point","coordinates":[-90.6619895,43.3259605]},"properties":{"name":"Trout Drive","highway":"unclassified"}},{"type":"Feature","geometry":{"type":"Point","coordinates":[-90.6540314,43.3082449]},"properties":{"name":"","highway":"footway"}},{"type":"Feature","geometry":{"type":"Point","coordinates":[-90.6469906,43.3064794]},"properties":{"name":"Tower Road","highway":"unclassified"}},{"type":"Feature","geometry":{"type":"Point","coordinates":[-90.6524477,43.2990073]},"properties":{"name":"","highway":"footway"}},{"type":"Feature","geometry":{"type":"Point","coordinates":[-90.6503986,43.2909467]},"properties":{"name":"County Highway U","highway":"tertiary"}},{"type":"Feature","geometry":{"type":"Point","coordinates":[-89.8962055,42.9569942]},"properties":{"name":"County Road K","highway":"tertiary"}},{"type":"Feature","geometry":{"type":"Point","coordinates":[-89.9756914,43.0777777]},"properties":{"name":"","highway":"path"}},{"type":"Feature","geometry":{"type":"Point","coordinates":[-90.0348669,43.0155605]},"properties":{"name":"County Road Y","highway":"tertiary"}},{"type":"Feature","geometry":{"type":"Point","coordinates":[-90.6643944,43.3408377]},"properties":{"name":"County Highway U","highway":"secondary"}},{"type":"Feature","geometry":{"type":"Point","coordinates":[-89.2551873,42.8292239]},"properties":{"name":"","highway":"path"}},{"type":"Feature","geometry":{"type":"Point","coordinates":[-89.9064067,42.9529837]},"properties":{"name":"","highway":"path"}},{"type":"Feature","geometry":{"type":"Point","coordinates":[-89.9592361,42.9586556]},"properties":{"name":"Prairie Road","highway":"residential"}},{"type":"Feature","geometry":{"type":"Point","coordinates":[-89.9710065,42.9782578]},"properties":{"name":"","highway":"path"}},{"type":"Feature","geometry":{"type":"Point","coordinates":[-89.7590261,45.9115706]},"properties":{"name":"State Highway 47","highway":"primary"}},{"type":"Feature","geometry":{"type":"Point","coordinates":[-89.5392676,42.9770555]},"properties":{"name":"","highway":"footway"}},{"type":"Feature","geometry":{"type":"Point","coordinates":[-89.5310553,44.5269008]},"properties":{"name":"","highway":"motorway"}},{"type":"Feature","geometry":{"type":"Point","coordinates":[-89.530784,44.527041]},"properties":{"name":"","highway":"motorway"}},{"type":"Feature","geometry":{"type":"Point","coordinates":[-89.500539,44.5763109]},"properties":{"name":"","highway":"secondary"}},{"type":"Feature","geometry":{"type":"Point","coordinates":[-89.5011667,44.5762393]},"properties":{"name":"","highway":"secondary"}},{"type":"Feature","geometry":{"type":"Point","coordinates":[-88.3773908,45.0089866]},"properties":{"name":"Nicolet State Trail","highway":"footway"}},{"type":"Feature","geometry":{"type":"Point","coordinates":[-89.7054744,45.6373475]},"properties":{"name":"County Highway L","highway":"tertiary"}},{"type":"Feature","geometry":{"type":"Point","coordinates":[-88.3806579,44.9988296]},"properties":{"name":"","highway":"footway"}},{"type":"Feature","geometry":{"type":"Point","coordinates":[-90.5694088,42.915206]},"properties":{"name":"Rock School Road","highway":"unclassified"}},{"type":"Feature","geometry":{"type":"Point","coordinates":[-90.4288067,43.0010745]},"properties":{"name":"County Road I","highway":"tertiary"}},{"type":"Feature","geometry":{"type":"Point","coordinates":[-90.4364698,43.0038502]},"properties":{"name":"Bluff Road","highway":"unclassified"}},{"type":"Feature","geometry":{"type":"Point","coordinates":[-87.5443729,44.4615998]},"properties":{"name":"Ellis Street","highway":"secondary"}},{"type":"Feature","geometry":{"type":"Point","coordinates":[-89.2776004,44.0439179]},"properties":{"name":"Cottonville Lane","highway":"unclassified"}},{"type":"Feature","geometry":{"type":"Point","coordinates":[-89.4650084,45.3360795]},"properties":{"name":"State Highway 17","highway":"primary"}},{"type":"Feature","geometry":{"type":"Point","coordinates":[-89.4521833,45.3803623]},"properties":{"name":"R and H Road","highway":"unclassified"}},{"type":"Feature","geometry":{"type":"Point","coordinates":[-90.3314948,45.2413459]},"properties":{"name":"","highway":"service"}},{"type":"Feature","geometry":{"type":"Point","coordinates":[-90.3305728,45.2358065]},"properties":{"name":"Alfalfa Avenue","highway":"residential"}},{"type":"Feature","geometry":{"type":"Point","coordinates":[-90.3283957,45.2291652]},"properties":{"name":"Pine Line Trail","highway":"footway"}},{"type":"Feature","geometry":{"type":"Point","coordinates":[-90.3330559,45.2608719]},"properties":{"name":"Settlement Drive","highway":"residential"}},{"type":"Feature","geometry":{"type":"Point","coordinates":[-90.3354092,45.2571403]},"properties":{"name":"","highway":"track"}},{"type":"Feature","geometry":{"type":"Point","coordinates":[-90.3342435,45.2520811]},"properties":{"name":"","highway":"track"}},{"type":"Feature","geometry":{"type":"Point","coordinates":[-90.2966482,45.350186]},"properties":{"name":"Pine Line Trail","highway":"path"}},{"type":"Feature","geometry":{"type":"Point","coordinates":[-90.2974822,45.3415735]},"properties":{"name":"Pine Line Trail","highway":"path"}},{"type":"Feature","geometry":{"type":"Point","coordinates":[-90.3004949,45.3365496]},"properties":{"name":"Pine Line Trail","highway":"path"}},{"type":"Feature","geometry":{"type":"Point","coordinates":[-89.4052512,43.8982007]},"properties":{"name":"County Highway E","highway":"tertiary"}},{"type":"Feature","geometry":{"type":"Point","coordinates":[-89.4263641,43.9007962]},"properties":{"name":"County Highway E","highway":"tertiary"}},{"type":"Feature","geometry":{"type":"Point","coordinates":[-87.8523401,42.9123092]},"properties":{"name":"Oak Creek Parkway","highway":"unclassified"}},{"type":"Feature","geometry":{"type":"Point","coordinates":[-91.256267,45.6680532]},"properties":{"name":"West County Road C","highway":"tertiary"}},{"type":"Feature","geometry":{"type":"Point","coordinates":[-91.2700907,45.6680401]},"properties":{"name":"West County Road C","highway":"tertiary"}},{"type":"Feature","geometry":{"type":"Point","coordinates":[-91.3525554,45.7949153]},"properties":{"name":"North County Road C","highway":"tertiary"}},{"type":"Feature","geometry":{"type":"Point","coordinates":[-91.3301338,46.1712126]},"properties":{"name":"Leonard School Road","highway":"residential"}},{"type":"Feature","geometry":{"type":"Point","coordinates":[-91.2906785,46.1980243]},"properties":{"name":"Randysek Road","highway":"unclassified"}},{"type":"Feature","geometry":{"type":"Point","coordinates":[-91.0019477,43.7028429]},"properties":{"name":"Central Avenue","highway":"tertiary"}},{"type":"Feature","geometry":{"type":"Point","coordinates":[-89.5473932,45.2654489]},"properties":{"name":"Old State Highway 17","highway":"unclassified"}},{"type":"Feature","geometry":{"type":"Point","coordinates":[-87.7300483,43.8512812]},"properties":{"name":"","highway":"path"}},{"type":"Feature","geometry":{"type":"Point","coordinates":[-87.7404192,43.8546415]},"properties":{"name":"","highway":"path"}},{"type":"Feature","geometry":{"type":"Point","coordinates":[-87.7379278,43.8549051]},"properties":{"name":"","highway":"path"}},{"type":"Feature","geometry":{"type":"Point","coordinates":[-87.737151,43.8542612]},"properties":{"name":"","highway":"path"}},{"type":"Feature","geometry":{"type":"Point","coordinates":[-87.7347092,43.8539646]},"properties":{"name":"","highway":"footway"}},{"type":"Feature","geometry":{"type":"Point","coordinates":[-87.7332287,43.852246]},"properties":{"name":"","highway":"path"}},{"type":"Feature","geometry":{"type":"Point","coordinates":[-87.7328859,43.8517354]},"properties":{"name":"","highway":"footway"}},{"type":"Feature","geometry":{"type":"Point","coordinates":[-87.7338429,43.850931]},"properties":{"name":"","highway":"path"}},{"type":"Feature","geometry":{"type":"Point","coordinates":[-87.73545,43.8548759]},"properties":{"name":"","highway":"footway"}},{"type":"Feature","geometry":{"type":"Point","coordinates":[-87.7367536,43.8541015]},"properties":{"name":"","highway":"path"}},{"type":"Feature","geometry":{"type":"Point","coordinates":[-92.1849754,44.6116667]},"properties":{"name":"County Road U","highway":"tertiary"}},{"type":"Feature","geometry":{"type":"Point","coordinates":[-91.3508592,44.1005669]},"properties":{"name":"","highway":"path"}},{"type":"Feature","geometry":{"type":"Point","coordinates":[-89.2463999,43.4869025]},"properties":{"name":"Schliesmann Road","highway":"unclassified"}},{"type":"Feature","geometry":{"type":"Point","coordinates":[-90.4573717,46.1399575]},"properties":{"name":"Masterson Fire Lane","highway":"residential"}},{"type":"Feature","geometry":{"type":"Point","coordinates":[-90.3453898,43.7862035]},"properties":{"name":"Monitor Road","highway":"tertiary"}},{"type":"Feature","geometry":{"type":"Point","coordinates":[-89.7589136,45.9117189]},"properties":{"name":"","highway":"track"}},{"type":"Feature","geometry":{"type":"Point","coordinates":[-91.6889319,44.7427612]},"properties":{"name":"Chippewa River State Trail","highway":"cycleway"}},{"type":"Feature","geometry":{"type":"Point","coordinates":[-91.6777549,44.7511029]},"properties":{"name":"Chippewa River State Trail","highway":"cycleway"}},{"type":"Feature","geometry":{"type":"Point","coordinates":[-91.8932107,44.679895]},"properties":{"name":"Chippewa River State Trail","highway":"cycleway"}},{"type":"Feature","geometry":{"type":"Point","coordinates":[-91.865112,44.7031439]},"properties":{"name":"Chippewa River State Trail","highway":"cycleway"}},{"type":"Feature","geometry":{"type":"Point","coordinates":[-91.6957413,44.7184594]},"properties":{"name":"State Highway 85","highway":"primary"}},{"type":"Feature","geometry":{"type":"Point","coordinates":[-89.4776817,45.2932603]},"properties":{"name":"County Road J","highway":"tertiary"}},{"type":"Feature","geometry":{"type":"Point","coordinates":[-89.7303269,42.9674807]},"properties":{"name":"County Highway JG","highway":"tertiary"}},{"type":"Feature","geometry":{"type":"Point","coordinates":[-91.6320164,44.8994659]},"properties":{"name":"State Highway 29","highway":"trunk"}},{"type":"Feature","geometry":{"type":"Point","coordinates":[-91.632035,44.8996917]},"properties":{"name":"State Highway 29","highway":"trunk"}},{"type":"Feature","geometry":{"type":"Point","coordinates":[-89.2632454,44.7138169]},"properties":{"name":"State Highway 49","highway":"primary"}},{"type":"Feature","geometry":{"type":"Point","coordinates":[-89.2565967,44.71051]},"properties":{"name":"County Road VV","highway":"tertiary"}},{"type":"Feature","geometry":{"type":"Point","coordinates":[-92.3829802,44.8082038]},"properties":{"name":"730th Avenue","highway":"unclassified"}},{"type":"Feature","geometry":{"type":"Point","coordinates":[-92.322608,44.7050324]},"properties":{"name":"465th Avenue","highway":"unclassified"}},{"type":"Feature","geometry":{"type":"Point","coordinates":[-92.3318264,44.7018883]},"properties":{"name":"465th Avenue","highway":"unclassified"}},{"type":"Feature","geometry":{"type":"Point","coordinates":[-87.9909205,43.7101992]},"properties":{"name":"County Road E","highway":"tertiary"}},{"type":"Feature","geometry":{"type":"Point","coordinates":[-87.9810651,43.7038209]},"properties":{"name":"County Road U","highway":"tertiary"}},{"type":"Feature","geometry":{"type":"Point","coordinates":[-87.9842872,43.7068139]},"properties":{"name":"Winooski Road","highway":"unclassified"}},{"type":"Feature","geometry":{"type":"Point","coordinates":[-91.6742946,45.6391835]},"properties":{"name":"30th Avenue","highway":"unclassified"}},{"type":"Feature","geometry":{"type":"Point","coordinates":[-89.1319182,44.3127353]},"properties":{"name":"Rural Road","highway":"unclassified"}},{"type":"Feature","geometry":{"type":"Point","coordinates":[-91.6736365,44.3378514]},"properties":{"name":"Hesch Road","highway":"residential"}},{"type":"Feature","geometry":{"type":"Point","coordinates":[-92.3436554,44.7719505]},"properties":{"name":"County Road N","highway":"tertiary"}},{"type":"Feature","geometry":{"type":"Point","coordinates":[-92.2647675,44.9050945]},"properties":{"name":"County Highway N","highway":"tertiary"}},{"type":"Feature","geometry":{"type":"Point","coordinates":[-91.5158437,44.5796781]},"properties":{"name":"Buffalo River State Trail","highway":"cycleway"}},{"type":"Feature","geometry":{"type":"Point","coordinates":[-91.4463226,44.564562]},"properties":{"name":"Buffalo River State Trail","highway":"cycleway"}},{"type":"Feature","geometry":{"type":"Point","coordinates":[-90.0661294,45.4674418]},"properties":{"name":"River Road","highway":"residential"}},{"type":"Feature","geometry":{"type":"Point","coordinates":[-89.3431504,44.8877267]},"properties":{"name":"Wadleigh Street","highway":"residential"}},{"type":"Feature","geometry":{"type":"Point","coordinates":[-89.342663,44.8891788]},"properties":{"name":"Mountain-Bay State Trail","highway":"path"}},{"type":"Feature","geometry":{"type":"Point","coordinates":[-89.3405924,44.8912007]},"properties":{"name":"Columbus Street","highway":"residential"}},{"type":"Feature","geometry":{"type":"Point","coordinates":[-89.3311644,44.8957879]},"properties":{"name":"County Road Y","highway":"tertiary"}},{"type":"Feature","geometry":{"type":"Point","coordinates":[-89.3574937,44.8711292]},"properties":{"name":"Konkol Road","highway":"unclassified"}},{"type":"Feature","geometry":{"type":"Point","coordinates":[-89.352922,44.8635228]},"properties":{"name":"","highway":"service"}},{"type":"Feature","geometry":{"type":"Point","coordinates":[-89.356908,44.8565212]},"properties":{"name":"Townline Road","highway":"unclassified"}},{"type":"Feature","geometry":{"type":"Point","coordinates":[-89.3579232,44.8419864]},"properties":{"name":"Bridge Road","highway":"unclassified"}},{"type":"Feature","geometry":{"type":"Point","coordinates":[-89.3890611,44.7918374]},"properties":{"name":"Kristof Road","highway":"unclassified"}},{"type":"Feature","geometry":{"type":"Point","coordinates":[-89.379395,44.824664]},"properties":{"name":"Plover River Road","highway":"unclassified"}},{"type":"Feature","geometry":{"type":"Point","coordinates":[-89.3668517,44.8366652]},"properties":{"name":"Esker Road","highway":"unclassified"}},{"type":"Feature","geometry":{"type":"Point","coordinates":[-89.3919671,44.7707765]},"properties":{"name":"State Highway 153","highway":"secondary"}},{"type":"Feature","geometry":{"type":"Point","coordinates":[-89.3933045,44.7801441]},"properties":{"name":"","highway":"service"}},{"type":"Feature","geometry":{"type":"Point","coordinates":[-89.5101119,42.8280917]},"properties":{"name":"","highway":"path"}},{"type":"Feature","geometry":{"type":"Point","coordinates":[-88.0848182,44.5467606]},"properties":{"name":"","highway":"path"}},{"type":"Feature","geometry":{"type":"Point","coordinates":[-89.7337354,44.9875232]},"properties":{"name":"County Road U","highway":"tertiary"}},{"type":"Feature","geometry":{"type":"Point","coordinates":[-87.9123155,42.9964874]},"properties":{"name":"Kinnickinnic River Trail","highway":"cycleway"}},{"type":"Feature","geometry":{"type":"Point","coordinates":[-87.8174164,43.8369191]},"properties":{"name":"","highway":"footway"}},{"type":"Feature","geometry":{"type":"Point","coordinates":[-87.8244104,43.8170624]},"properties":{"name":"","highway":"footway"}},{"type":"Feature","geometry":{"type":"Point","coordinates":[-87.8242231,43.8153426]},"properties":{"name":"","highway":"footway"}},{"type":"Feature","geometry":{"type":"Point","coordinates":[-87.8172003,43.832038]},"properties":{"name":"","highway":"footway"}},{"type":"Feature","geometry":{"type":"Point","coordinates":[-91.0894392,43.6578092]},"properties":{"name":"County Road KK","highway":"tertiary"}},{"type":"Feature","geometry":{"type":"Point","coordinates":[-91.0983666,43.6555121]},"properties":{"name":"East Mill Street","highway":"secondary"}},{"type":"Feature","geometry":{"type":"Point","coordinates":[-87.8240277,43.8246373]},"properties":{"name":"Oriole Lane","highway":"residential"}},{"type":"Feature","geometry":{"type":"Point","coordinates":[-87.8240616,43.8192304]},"properties":{"name":"Millersville Avenue","highway":"tertiary"}},{"type":"Feature","geometry":{"type":"Point","coordinates":[-90.6560325,43.3748186]},"properties":{"name":"County Highway U","highway":"secondary"}},{"type":"Feature","geometry":{"type":"Point","coordinates":[-90.6549496,43.3866939]},"properties":{"name":"Fish School Road","highway":"residential"}},{"type":"Feature","geometry":{"type":"Point","coordinates":[-90.6012055,43.3849775]},"properties":{"name":"Town Line Road","highway":"residential"}},{"type":"Feature","geometry":{"type":"Point","coordinates":[-90.6098179,43.3905499]},"properties":{"name":"US Highway 14","highway":"primary"}},{"type":"Feature","geometry":{"type":"Point","coordinates":[-91.7951236,46.5816634]},"properties":{"name":"Tri County Corridor","highway":"path"}},{"type":"Feature","geometry":{"type":"Point","coordinates":[-88.0636095,43.1404812]},"properties":{"name":"West Appleton Avenue","highway":"primary"}},{"type":"Feature","geometry":{"type":"Point","coordinates":[-88.0635604,43.1406817]},"properties":{"name":"West Appleton Avenue","highway":"primary"}},{"type":"Feature","geometry":{"type":"Point","coordinates":[-87.8179286,42.7362287]},"properties":{"name":"Root River Pathway","highway":"cycleway"}},{"type":"Feature","geometry":{"type":"Point","coordinates":[-90.8101678,43.9448364]},"properties":{"name":"","highway":"path"}},{"type":"Feature","geometry":{"type":"Point","coordinates":[-90.8114184,43.9449202]},"properties":{"name":"","highway":"path"}},{"type":"Feature","geometry":{"type":"Point","coordinates":[-87.9237622,43.1138475]},"properties":{"name":"","highway":"cycleway"}},{"type":"Feature","geometry":{"type":"Point","coordinates":[-91.115037,43.8087264]},"properties":{"name":"County Road OA","highway":"tertiary"}},{"type":"Feature","geometry":{"type":"Point","coordinates":[-87.9834537,43.0430409]},"properties":{"name":"North Hawley Road","highway":"secondary"}},{"type":"Feature","geometry":{"type":"Point","coordinates":[-87.9835452,43.0430192]},"properties":{"name":"North Hawley Road","highway":"secondary"}},{"type":"Feature","geometry":{"type":"Point","coordinates":[-87.9833607,43.0433953]},"properties":{"name":"","highway":"secondary_link"}},{"type":"Feature","geometry":{"type":"Point","coordinates":[-91.384636,44.8005303]},"properties":{"name":"Nine Mile Creek Road","highway":"tertiary"}},{"type":"Feature","geometry":{"type":"Point","coordinates":[-90.6556243,46.3275917]},"properties":{"name":"East Tyler Avenue","highway":"residential"}},{"type":"Feature","geometry":{"type":"Point","coordinates":[-90.8663976,44.0612032]},"properties":{"name":"State Highway 71","highway":"secondary"}},{"type":"Feature","geometry":{"type":"Point","coordinates":[-88.0064469,44.5176742]},"properties":{"name":"University Avenue","highway":"primary"}},{"type":"Feature","geometry":{"type":"Point","coordinates":[-90.6747555,44.0122596]},"properties":{"name":"South O Street","highway":"residential"}},{"type":"Feature","geometry":{"type":"Point","coordinates":[-90.6847408,44.01248]},"properties":{"name":"South Headquarters Road","highway":"tertiary"}},{"type":"Feature","geometry":{"type":"Point","coordinates":[-89.0333574,44.4534824]},"properties":{"name":"Tomorrow River State Trail","highway":"path"}},{"type":"Feature","geometry":{"type":"Point","coordinates":[-89.2829655,44.4637966]},"properties":{"name":"Tomorrow River State Trail","highway":"path"}},{"type":"Feature","geometry":{"type":"Point","coordinates":[-92.1884598,44.6363226]},"properties":{"name":"US Highway 10","highway":"primary"}},{"type":"Feature","geometry":{"type":"Point","coordinates":[-87.8726262,42.6687919]},"properties":{"name":"County Line Road","highway":"secondary"}},{"type":"Feature","geometry":{"type":"Point","coordinates":[-89.2939468,43.1966175]},"properties":{"name":"Portage Road","highway":"tertiary"}},{"type":"Feature","geometry":{"type":"Point","coordinates":[-89.2993861,43.1947237]},"properties":{"name":"State Highway 19","highway":"primary"}},{"type":"Feature","geometry":{"type":"Point","coordinates":[-91.0956369,44.4623456]},"properties":{"name":"","highway":"motorway"}},{"type":"Feature","geometry":{"type":"Point","coordinates":[-91.0953021,44.4623819]},"properties":{"name":"","highway":"motorway"}},{"type":"Feature","geometry":{"type":"Point","coordinates":[-92.5601049,45.118815]},"properties":{"name":"West 4th Street","highway":"secondary"}},{"type":"Feature","geometry":{"type":"Point","coordinates":[-92.5375939,45.1233557]},"properties":{"name":"North Knowles Avenue","highway":"primary"}},{"type":"Feature","geometry":{"type":"Point","coordinates":[-92.5555638,45.1918431]},"properties":{"name":"County Highway H","highway":"secondary"}},{"type":"Feature","geometry":{"type":"Point","coordinates":[-90.0856771,45.1776912]},"properties":{"name":"Lemke Drive","highway":"unclassified"}},{"type":"Feature","geometry":{"type":"Point","coordinates":[-90.121136,45.2232003]},"properties":{"name":"County Highway M","highway":"tertiary"}},{"type":"Feature","geometry":{"type":"Point","coordinates":[-88.909509,45.638298]},"properties":{"name":"Pembine subdivision","highway":"track"}},{"type":"Feature","geometry":{"type":"Point","coordinates":[-92.1357818,45.2384423]},"properties":{"name":"2nd Avenue","highway":"secondary"}},{"type":"Feature","geometry":{"type":"Point","coordinates":[-89.0437959,46.0454783]},"properties":{"name":"Long Lake Dam Lane","highway":"residential"}},{"type":"Feature","geometry":{"type":"Point","coordinates":[-90.2408385,43.4298935]},"properties":{"name":"State Highway 58","highway":"primary"}},{"type":"Feature","geometry":{"type":"Point","coordinates":[-90.241788,43.4380175]},"properties":{"name":"State Highway 58","highway":"primary"}},{"type":"Feature","geometry":{"type":"Point","coordinates":[-90.2067948,43.512461]},"properties":{"name":"State Highway 58","highway":"primary"}},{"type":"Feature","geometry":{"type":"Point","coordinates":[-89.5310921,42.8912792]},"properties":{"name":"Frenchtown Road","highway":"residential"}},{"type":"Feature","geometry":{"type":"Point","coordinates":[-87.7190411,43.6726687]},"properties":{"name":"Beach Park Lane","highway":"residential"}},{"type":"Feature","geometry":{"type":"Point","coordinates":[-87.9546079,43.0261286]},"properties":{"name":"","highway":"cycleway"}},{"type":"Feature","geometry":{"type":"Point","coordinates":[-88.0611636,43.1481614]},"properties":{"name":"West Good Hope Road","highway":"primary"}},{"type":"Feature","geometry":{"type":"Point","coordinates":[-88.0611569,43.1480495]},"properties":{"name":"West Good Hope Road","highway":"primary"}},{"type":"Feature","geometry":{"type":"Point","coordinates":[-87.9109989,43.0409949]},"properties":{"name":"","highway":"footway"}},{"type":"Feature","geometry":{"type":"Point","coordinates":[-87.9110394,43.0410816]},"properties":{"name":"","highway":"footway"}},{"type":"Feature","geometry":{"type":"Point","coordinates":[-89.9638341,45.0244277]},"properties":{"name":"County Road H","highway":"tertiary"}},{"type":"Feature","geometry":{"type":"Point","coordinates":[-89.9980786,44.9947259]},"properties":{"name":"County Road U","highway":"tertiary"}},{"type":"Feature","geometry":{"type":"Point","coordinates":[-90.0695789,45.0336822]},"properties":{"name":"Degner Street","highway":"tertiary"}},{"type":"Feature","geometry":{"type":"Point","coordinates":[-90.0044445,45.0206778]},"properties":{"name":"Meridian Road","highway":"unclassified"}},{"type":"Feature","geometry":{"type":"Point","coordinates":[-87.9097544,43.0358489]},"properties":{"name":"East-West Freeway","highway":"motorway"}},{"type":"Feature","geometry":{"type":"Point","coordinates":[-89.6330466,42.8180191]},"properties":{"name":"","highway":"footway"}},{"type":"Feature","geometry":{"type":"Point","coordinates":[-87.9664717,43.038814]},"properties":{"name":"West Wisconsin Avenue","highway":"primary"}},{"type":"Feature","geometry":{"type":"Point","coordinates":[-91.8158576,45.2403381]},"properties":{"name":"","highway":"track"}},{"type":"Feature","geometry":{"type":"Point","coordinates":[-87.87503,42.6831789]},"properties":{"name":"Braun Road","highway":"tertiary"}},{"type":"Feature","geometry":{"type":"Point","coordinates":[-87.8731314,42.6607522]},"properties":{"name":"Old Green Bay Road","highway":"tertiary"}},{"type":"Feature","geometry":{"type":"Point","coordinates":[-87.8747716,42.6542344]},"properties":{"name":"7th Street","highway":"tertiary"}},{"type":"Feature","geometry":{"type":"Point","coordinates":[-87.8649706,42.6470262]},"properties":{"name":"","highway":"unclassified"}},{"type":"Feature","geometry":{"type":"Point","coordinates":[-87.8504971,42.6537792]},"properties":{"name":"7th Street","highway":"tertiary"}},{"type":"Feature","geometry":{"type":"Point","coordinates":[-87.847256,42.6576383]},"properties":{"name":"Wood Road","highway":"tertiary"}},{"type":"Feature","geometry":{"type":"Point","coordinates":[-87.8359397,42.6577331]},"properties":{"name":"22nd Avenue","highway":"tertiary"}},{"type":"Feature","geometry":{"type":"Point","coordinates":[-87.8271499,42.6551701]},"properties":{"name":"North Shore Trail","highway":"cycleway"}},{"type":"Feature","geometry":{"type":"Point","coordinates":[-87.826278,42.6542115]},"properties":{"name":"13th Avenue","highway":"residential"}},{"type":"Feature","geometry":{"type":"Point","coordinates":[-87.8234579,42.6532996]},"properties":{"name":"7th Street","highway":"tertiary"}},{"type":"Feature","geometry":{"type":"Point","coordinates":[-87.8246229,42.6388588]},"properties":{"name":"12th Street","highway":"secondary"}},{"type":"Feature","geometry":{"type":"Point","coordinates":[-87.8221901,42.622879]},"properties":{"name":"","highway":"footway"}},{"type":"Feature","geometry":{"type":"Point","coordinates":[-87.898961,43.0892367]},"properties":{"name":"East Capitol Drive","highway":"primary"}},{"type":"Feature","geometry":{"type":"Point","coordinates":[-87.8192633,44.3082481]},"properties":{"name":"Devils River State Trail","highway":"path"}},{"type":"Feature","geometry":{"type":"Point","coordinates":[-87.9974483,43.0446594]},"properties":{"name":"North 68th Street","highway":"tertiary"}},{"type":"Feature","geometry":{"type":"Point","coordinates":[-89.7055717,44.8438211]},"properties":{"name":"","highway":"tertiary"}},{"type":"Feature","geometry":{"type":"Point","coordinates":[-89.5539231,42.6312911]},"properties":{"name":"Prien Road","highway":"residential"}},{"type":"Feature","geometry":{"type":"Point","coordinates":[-89.5860238,42.6377457]},"properties":{"name":"","highway":"track"}},{"type":"Feature","geometry":{"type":"Point","coordinates":[-87.9139186,43.0064944]},"properties":{"name":"West Becher Street","highway":"secondary"}},{"type":"Feature","geometry":{"type":"Point","coordinates":[-87.9139347,43.0065782]},"properties":{"name":"West Becher Street","highway":"secondary"}},{"type":"Feature","geometry":{"type":"Point","coordinates":[-87.8724206,42.7327216]},"properties":{"name":"Pike River Pathway","highway":"cycleway"}},{"type":"Feature","geometry":{"type":"Point","coordinates":[-87.8802678,42.733126]},"properties":{"name":"South Stuart Road","highway":"tertiary"}},{"type":"Feature","geometry":{"type":"Point","coordinates":[-87.8896219,42.7345317]},"properties":{"name":"Old Spring Street","highway":"tertiary"}},{"type":"Feature","geometry":{"type":"Point","coordinates":[-87.8532514,42.9123506]},"properties":{"name":"Mill Road","highway":"tertiary"}},{"type":"Feature","geometry":{"type":"Point","coordinates":[-87.8467792,42.9080451]},"properties":{"name":"East Oak Creek Parkway","highway":"unclassified"}},{"type":"Feature","geometry":{"type":"Point","coordinates":[-87.8433993,42.907027]},"properties":{"name":"","highway":"footway"}},{"type":"Feature","geometry":{"type":"Point","coordinates":[-87.9125845,42.9968767]},"properties":{"name":"South Chase Avenue","highway":"primary"}},{"type":"Feature","geometry":{"type":"Point","coordinates":[-89.5351033,42.6278154]},"properties":{"name":"Balls Mill Road","highway":"unclassified"}},{"type":"Feature","geometry":{"type":"Point","coordinates":[-88.0611631,43.1482048]},"properties":{"name":"","highway":"cycleway"}},{"type":"Feature","geometry":{"type":"Point","coordinates":[-92.5219632,44.9421253]},"properties":{"name":"","highway":"motorway"}},{"type":"Feature","geometry":{"type":"Point","coordinates":[-92.522069,44.9418576]},"properties":{"name":"","highway":"motorway"}},{"type":"Feature","geometry":{"type":"Point","coordinates":[-92.3941234,44.9056804]},"properties":{"name":"30th Avenue","highway":"unclassified"}},{"type":"Feature","geometry":{"type":"Point","coordinates":[-92.3950429,44.9023342]},"properties":{"name":"County Road Y","highway":"tertiary"}},{"type":"Feature","geometry":{"type":"Point","coordinates":[-92.4112606,44.8875932]},"properties":{"name":"18th Avenue","highway":"unclassified"}},{"type":"Feature","geometry":{"type":"Point","coordinates":[-92.3656862,44.7890441]},"properties":{"name":"690th Avenue","highway":"residential"}},{"type":"Feature","geometry":{"type":"Point","coordinates":[-92.3470775,44.772923]},"properties":{"name":"County Road N","highway":"secondary"}},{"type":"Feature","geometry":{"type":"Point","coordinates":[-92.3437995,44.7685607]},"properties":{"name":"County Road G","highway":"tertiary"}},{"type":"Feature","geometry":{"type":"Point","coordinates":[-92.3315621,44.7460391]},"properties":{"name":"570th Avenue","highway":"residential"}},{"type":"Feature","geometry":{"type":"Point","coordinates":[-92.3264826,44.7342945]},"properties":{"name":"State Highway 72","highway":"primary"}},{"type":"Feature","geometry":{"type":"Point","coordinates":[-92.3297137,44.6946039]},"properties":{"name":"450th Avenue","highway":"residential"}},{"type":"Feature","geometry":{"type":"Point","coordinates":[-92.3273514,44.6656435]},"properties":{"name":"US Highway 10","highway":"primary"}},{"type":"Feature","geometry":{"type":"Point","coordinates":[-87.9221881,43.032108]},"properties":{"name":"","highway":"motorway_link"}},{"type":"Feature","geometry":{"type":"Point","coordinates":[-90.0594191,45.1495217]},"properties":{"name":"State Highway 64","highway":"primary"}},{"type":"Feature","geometry":{"type":"Point","coordinates":[-89.7037016,45.1789416]},"properties":{"name":"1st Street","highway":"primary"}},{"type":"Feature","geometry":{"type":"Point","coordinates":[-89.5574213,45.1777965]},"properties":{"name":"State Highway 64","highway":"primary"}},{"type":"Feature","geometry":{"type":"Point","coordinates":[-90.3711594,45.198658]},"properties":{"name":"Mulberry Lane","highway":"unclassified"}},{"type":"Feature","geometry":{"type":"Point","coordinates":[-89.9115696,45.0762338]},"properties":{"name":"Big Rib River Drive","highway":"unclassified"}},{"type":"Feature","geometry":{"type":"Point","coordinates":[-89.7485919,45.0616938]},"properties":{"name":"Lincoln Drive","highway":"unclassified"}},{"type":"Feature","geometry":{"type":"Point","coordinates":[-89.7948556,45.0615775]},"properties":{"name":"Lincoln Drive","highway":"unclassified"}},{"type":"Feature","geometry":{"type":"Point","coordinates":[-89.8089561,45.0891979]},"properties":{"name":"Valley Lane","highway":"unclassified"}},{"type":"Feature","geometry":{"type":"Point","coordinates":[-89.8091836,45.0907494]},"properties":{"name":"County Road L","highway":"tertiary"}},{"type":"Feature","geometry":{"type":"Point","coordinates":[-89.798382,45.0331506]},"properties":{"name":"North 128th Avenue","highway":"unclassified"}},{"type":"Feature","geometry":{"type":"Point","coordinates":[-89.8287451,45.0426519]},"properties":{"name":"Mitchell Lane","highway":"unclassified"}},{"type":"Feature","geometry":{"type":"Point","coordinates":[-90.1587072,45.0622024]},"properties":{"name":"Bergmann Road","highway":"unclassified"}},{"type":"Feature","geometry":{"type":"Point","coordinates":[-89.9661374,45.0907612]},"properties":{"name":"County Road L","highway":"tertiary"}},{"type":"Feature","geometry":{"type":"Point","coordinates":[-89.7856381,45.0470005]},"properties":{"name":"County Road A","highway":"tertiary"}},{"type":"Feature","geometry":{"type":"Point","coordinates":[-91.9047192,45.2004237]},"properties":{"name":"Elliot Street","highway":"tertiary"}},{"type":"Feature","geometry":{"type":"Point","coordinates":[-90.4852846,42.725279]},"properties":{"name":"","highway":"cycleway"}},{"type":"Feature","geometry":{"type":"Point","coordinates":[-87.8578682,42.6515103]},"properties":{"name":"","highway":"path"}},{"type":"Feature","geometry":{"type":"Point","coordinates":[-89.2428968,45.0295164]},"properties":{"name":"State Highway 52","highway":"primary"}},{"type":"Feature","geometry":{"type":"Point","coordinates":[-89.2644812,45.0499705]},"properties":{"name":"Nolan Road","highway":"unclassified"}},{"type":"Feature","geometry":{"type":"Point","coordinates":[-89.247987,44.0206259]},"properties":{"name":"County Road YY","highway":"tertiary"}},{"type":"Feature","geometry":{"type":"Point","coordinates":[-91.6750302,46.434065]},"properties":{"name":"County Road S","highway":"secondary"}},{"type":"Feature","geometry":{"type":"Point","coordinates":[-88.0175388,44.514892]},"properties":{"name":"West Walnut Street","highway":"primary"}},{"type":"Feature","geometry":{"type":"Point","coordinates":[-90.2847406,46.1254732]},"properties":{"name":"","highway":"track"}},{"type":"Feature","geometry":{"type":"Point","coordinates":[-89.6930578,45.118533]},"properties":{"name":"County Road K","highway":"secondary"}},{"type":"Feature","geometry":{"type":"Point","coordinates":[-87.6545833,44.0611072]},"properties":{"name":"","highway":"path"}},{"type":"Feature","geometry":{"type":"Point","coordinates":[-88.0175967,44.5148181]},"properties":{"name":"","highway":"footway"}},{"type":"Feature","geometry":{"type":"Point","coordinates":[-87.9533522,42.990376]},"properties":{"name":"","highway":"path"}},{"type":"Feature","geometry":{"type":"Point","coordinates":[-91.9501791,44.9080354]},"properties":{"name":"","highway":"motorway"}},{"type":"Feature","geometry":{"type":"Point","coordinates":[-91.9500889,44.9078384]},"properties":{"name":"","highway":"motorway"}},{"type":"Feature","geometry":{"type":"Point","coordinates":[-89.8405873,42.9240918]},"properties":{"name":"Spring Creek Road","highway":"unclassified"}},{"type":"Feature","geometry":{"type":"Point","coordinates":[-91.2107012,44.4271367]},"properties":{"name":"Ekern Street","highway":"primary"}},{"type":"Feature","geometry":{"type":"Point","coordinates":[-88.0478803,43.0846952]},"properties":{"name":"North Mayfair Road","highway":"primary"}},{"type":"Feature","geometry":{"type":"Point","coordinates":[-88.0476281,43.0846942]},"properties":{"name":"North Mayfair Road","highway":"primary"}},{"type":"Feature","geometry":{"type":"Point","coordinates":[-89.7829141,42.9782755]},"properties":{"name":"","highway":"footway"}},{"type":"Feature","geometry":{"type":"Point","coordinates":[-92.1364256,46.5861608]},"properties":{"name":"Finn Road","highway":"residential"}},{"type":"Feature","geometry":{"type":"Point","coordinates":[-92.1821415,46.5782227]},"properties":{"name":"South Dedham Road","highway":"unclassified"}},{"type":"Feature","geometry":{"type":"Point","coordinates":[-92.1195249,46.5937662]},"properties":{"name":"State Highway 35","highway":"primary"}},{"type":"Feature","geometry":{"type":"Point","coordinates":[-92.0349403,46.6967115]},"properties":{"name":"","highway":"footway"}},{"type":"Feature","geometry":{"type":"Point","coordinates":[-89.2992541,42.784343]},"properties":{"name":"","highway":"footway"}},{"type":"Feature","geometry":{"type":"Point","coordinates":[-89.2990358,42.784341]},"properties":{"name":"","highway":"footway"}},{"type":"Feature","geometry":{"type":"Point","coordinates":[-89.2644128,44.6908326]},"properties":{"name":"State Highway 49","highway":"primary"}},{"type":"Feature","geometry":{"type":"Point","coordinates":[-88.0364681,43.0749303]},"properties":{"name":"West Burleigh Street","highway":"secondary"}},{"type":"Feature","geometry":{"type":"Point","coordinates":[-88.0364843,43.0750809]},"properties":{"name":"West Burleigh Street","highway":"secondary"}},{"type":"Feature","geometry":{"type":"Point","coordinates":[-89.4663448,45.1907766]},"properties":{"name":"County Road X","highway":"secondary"}},{"type":"Feature","geometry":{"type":"Point","coordinates":[-91.2061831,44.5712309]},"properties":{"name":"County Road B","highway":"tertiary"}},{"type":"Feature","geometry":{"type":"Point","coordinates":[-90.8640122,46.7853003]},"properties":{"name":"State Highway 13","highway":"primary"}},{"type":"Feature","geometry":{"type":"Point","coordinates":[-89.6934432,42.6600301]},"properties":{"name":"County Highway J","highway":"tertiary"}},{"type":"Feature","geometry":{"type":"Point","coordinates":[-91.8978302,46.6545595]},"properties":{"name":"State Highway 13","highway":"primary"}},{"type":"Feature","geometry":{"type":"Point","coordinates":[-90.4198425,43.2922266]},"properties":{"name":"State Highway 80","highway":"primary"}},{"type":"Feature","geometry":{"type":"Point","coordinates":[-89.8319529,43.1208046]},"properties":{"name":"Sutcliffe Road","highway":"residential"}},{"type":"Feature","geometry":{"type":"Point","coordinates":[-89.8484202,43.1305141]},"properties":{"name":"County Road KK","highway":"tertiary"}},{"type":"Feature","geometry":{"type":"Point","coordinates":[-91.8098332,46.6190426]},"properties":{"name":"East Moonshine Road","highway":"unclassified"}},{"type":"Feature","geometry":{"type":"Point","coordinates":[-91.1801258,43.7944353]},"properties":{"name":"Southdale Drive","highway":"residential"}},{"type":"Feature","geometry":{"type":"Point","coordinates":[-90.3551031,43.4682749]},"properties":{"name":"State Highway 80","highway":"primary"}},{"type":"Feature","geometry":{"type":"Point","coordinates":[-90.3562106,43.4738302]},"properties":{"name":"State Highway 80","highway":"primary"}},{"type":"Feature","geometry":{"type":"Point","coordinates":[-90.364168,43.4843457]},"properties":{"name":"State Highway 80","highway":"primary"}},{"type":"Feature","geometry":{"type":"Point","coordinates":[-90.36411,43.486874]},"properties":{"name":"State Highway 80","highway":"primary"}},{"type":"Feature","geometry":{"type":"Point","coordinates":[-90.360894,43.4904451]},"properties":{"name":"State Highway 80","highway":"primary"}},{"type":"Feature","geometry":{"type":"Point","coordinates":[-90.3546014,43.4996625]},"properties":{"name":"State Highway 80","highway":"primary"}},{"type":"Feature","geometry":{"type":"Point","coordinates":[-90.3530597,43.5027573]},"properties":{"name":"State Highway 80","highway":"primary"}},{"type":"Feature","geometry":{"type":"Point","coordinates":[-90.3594711,43.5211795]},"properties":{"name":"Pliner Lane","highway":"residential"}},{"type":"Feature","geometry":{"type":"Point","coordinates":[-90.3576768,43.6322275]},"properties":{"name":"State Highway 80","highway":"primary"}},{"type":"Feature","geometry":{"type":"Point","coordinates":[-90.3579137,43.4558968]},"properties":{"name":"State Highway 80","highway":"primary"}},{"type":"Feature","geometry":{"type":"Point","coordinates":[-90.3612428,43.4083646]},"properties":{"name":"State Highway 80","highway":"primary"}},{"type":"Feature","geometry":{"type":"Point","coordinates":[-90.5484838,43.6437344]},"properties":{"name":"County Road P","highway":"tertiary"}},{"type":"Feature","geometry":{"type":"Point","coordinates":[-90.6508902,43.2246928]},"properties":{"name":"County Highway W","highway":"tertiary"}},{"type":"Feature","geometry":{"type":"Point","coordinates":[-89.9322428,43.3031182]},"properties":{"name":"Cross Road","highway":"residential"}},{"type":"Feature","geometry":{"type":"Point","coordinates":[-89.9225829,43.3004674]},"properties":{"name":"Elm Road","highway":"residential"}},{"type":"Feature","geometry":{"type":"Point","coordinates":[-90.6526148,44.1958182]},"properties":{"name":"US Highway 12","highway":"primary"}},{"type":"Feature","geometry":{"type":"Point","coordinates":[-91.2197468,43.9710275]},"properties":{"name":"Knudson Road","highway":"residential"}},{"type":"Feature","geometry":{"type":"Point","coordinates":[-90.5242021,43.7186559]},"properties":{"name":"Trout Road","highway":"residential"}},{"type":"Feature","geometry":{"type":"Point","coordinates":[-90.7886168,43.7486976]},"properties":{"name":"State Highway 27","highway":"primary"}},{"type":"Feature","geometry":{"type":"Point","coordinates":[-92.2955436,45.6873712]},"properties":{"name":"335th Avenue","highway":"tertiary"}},{"type":"Feature","geometry":{"type":"Point","coordinates":[-91.0646696,44.3531358]},"properties":{"name":"North Lincoln Road","highway":"tertiary"}},{"type":"Feature","geometry":{"type":"Point","coordinates":[-89.8854616,45.185184]},"properties":{"name":"County Road M","highway":"tertiary"}},{"type":"Feature","geometry":{"type":"Point","coordinates":[-92.5777906,44.7205126]},"properties":{"name":"County Road O","highway":"tertiary"}},{"type":"Feature","geometry":{"type":"Point","coordinates":[-91.689984,44.3239823]},"properties":{"name":"County Road U","highway":"tertiary"}},{"type":"Feature","geometry":{"type":"Point","coordinates":[-89.4665222,45.2265229]},"properties":{"name":"County Road X","highway":"secondary"}},{"type":"Feature","geometry":{"type":"Point","coordinates":[-91.2116549,44.5880102]},"properties":{"name":"","highway":"motorway"}},{"type":"Feature","geometry":{"type":"Point","coordinates":[-91.2113475,44.5881193]},"properties":{"name":"","highway":"motorway"}},{"type":"Feature","geometry":{"type":"Point","coordinates":[-91.0300144,44.9296958]},"properties":{"name":"County Highway MM","highway":"tertiary"}},{"type":"Feature","geometry":{"type":"Point","coordinates":[-92.1209918,46.5357391]},"properties":{"name":"State Highway 35","highway":"primary"}},{"type":"Feature","geometry":{"type":"Point","coordinates":[-92.5783015,44.7292717]},"properties":{"name":"County Road O","highway":"tertiary"}},{"type":"Feature","geometry":{"type":"Point","coordinates":[-92.6331737,44.8538578]},"properties":{"name":"Swinging Bridge","highway":"path"}},{"type":"Feature","geometry":{"type":"Point","coordinates":[-90.3817583,46.3996229]},"properties":{"name":"County Road E","highway":"secondary"}},{"type":"Feature","geometry":{"type":"Point","coordinates":[-87.6605967,44.0916828]},"properties":{"name":"10th Street","highway":"primary"}},{"type":"Feature","geometry":{"type":"Point","coordinates":[-87.6577861,44.0924684]},"properties":{"name":"North 8th Street","highway":"primary"}},{"type":"Feature","geometry":{"type":"Point","coordinates":[-90.5993988,45.8522718]},"properties":{"name":"State Highway 70","highway":"primary"}},{"type":"Feature","geometry":{"type":"Point","coordinates":[-90.1399734,45.0662428]},"properties":{"name":"County Road M","highway":"tertiary"}},{"type":"Feature","geometry":{"type":"Point","coordinates":[-92.6930849,45.6566454]},"properties":{"name":"East River Road","highway":"unclassified"}},{"type":"Feature","geometry":{"type":"Point","coordinates":[-87.9609357,43.6940596]},"properties":{"name":"Blueberry Lane","highway":"residential"}},{"type":"Feature","geometry":{"type":"Point","coordinates":[-88.3594617,42.9581979]},"properties":{"name":"State Highway 59","highway":"primary"}},{"type":"Feature","geometry":{"type":"Point","coordinates":[-89.0566058,46.0421181]},"properties":{"name":"County Road A","highway":"secondary"}},{"type":"Feature","geometry":{"type":"Point","coordinates":[-89.2841374,44.4326131]},"properties":{"name":"County Road A","highway":"secondary"}},{"type":"Feature","geometry":{"type":"Point","coordinates":[-88.0703472,43.1130698]},"properties":{"name":"","highway":"footway"}},{"type":"Feature","geometry":{"type":"Point","coordinates":[-89.1766894,45.95236]},"properties":{"name":"Rangeline Road","highway":"tertiary"}},{"type":"Feature","geometry":{"type":"Point","coordinates":[-91.1423049,43.8708618]},"properties":{"name":"","highway":"motorway"}},{"type":"Feature","geometry":{"type":"Point","coordinates":[-91.1424416,43.8706172]},"properties":{"name":"","highway":"motorway"}},{"type":"Feature","geometry":{"type":"Point","coordinates":[-91.001528,44.449028]},"properties":{"name":"State Highway 121","highway":"secondary"}},{"type":"Feature","geometry":{"type":"Point","coordinates":[-92.5299825,44.7939879]},"properties":{"name":"County Road W","highway":"tertiary"}},{"type":"Feature","geometry":{"type":"Point","coordinates":[-92.5784903,44.6915407]},"properties":{"name":"County Road O","highway":"tertiary"}},{"type":"Feature","geometry":{"type":"Point","coordinates":[-91.3410753,44.1003077]},"properties":{"name":"","highway":"primary"}},{"type":"Feature","geometry":{"type":"Point","coordinates":[-90.8018704,45.4645367]},"properties":{"name":"Bridge Lane","highway":"residential"}},{"type":"Feature","geometry":{"type":"Point","coordinates":[-90.8188407,45.4537361]},"properties":{"name":"State Highway 73","highway":"secondary"}},{"type":"Feature","geometry":{"type":"Point","coordinates":[-91.1454777,44.5379356]},"properties":{"name":"County Highway G","highway":"tertiary"}},{"type":"Feature","geometry":{"type":"Point","coordinates":[-88.2833928,43.0256033]},"properties":{"name":"Rockridge Road","highway":"residential"}},{"type":"Feature","geometry":{"type":"Point","coordinates":[-88.2826759,43.0265467]},"properties":{"name":"Rockridge Road","highway":"residential"}},{"type":"Feature","geometry":{"type":"Point","coordinates":[-88.1024391,44.5453866]},"properties":{"name":"","highway":"path"}},{"type":"Feature","geometry":{"type":"Point","coordinates":[-88.316317,42.9445613]},"properties":{"name":"Point Drive","highway":"tertiary"}},{"type":"Feature","geometry":{"type":"Point","coordinates":[-88.3228083,42.9480202]},"properties":{"name":"Saylesville Road","highway":"secondary"}},{"type":"Feature","geometry":{"type":"Point","coordinates":[-87.8692739,43.3864456]},"properties":{"name":"","highway":"footway"}},{"type":"Feature","geometry":{"type":"Point","coordinates":[-88.0839447,43.1676267]},"properties":{"name":"Lilly Road","highway":"tertiary"}},{"type":"Feature","geometry":{"type":"Point","coordinates":[-91.1834084,43.7526314]},"properties":{"name":"County Road MM","highway":"tertiary"}},{"type":"Feature","geometry":{"type":"Point","coordinates":[-90.6499226,43.5018166]},"properties":{"name":"State Highway 56","highway":"secondary"}},{"type":"Feature","geometry":{"type":"Point","coordinates":[-90.7696214,43.5306448]},"properties":{"name":"State Highway 56","highway":"secondary"}},{"type":"Feature","geometry":{"type":"Point","coordinates":[-91.7802684,45.8182858]},"properties":{"name":"","highway":"track"}},{"type":"Feature","geometry":{"type":"Point","coordinates":[-92.0931894,45.7168613]},"properties":{"name":"County Highway H","highway":"tertiary"}},{"type":"Feature","geometry":{"type":"Point","coordinates":[-92.0932961,45.74852]},"properties":{"name":"County Highway H","highway":"tertiary"}},{"type":"Feature","geometry":{"type":"Point","coordinates":[-89.7576484,45.010301]},"properties":{"name":"North 96th Avenue","highway":"unclassified"}},{"type":"Feature","geometry":{"type":"Point","coordinates":[-90.5204428,44.0580747]},"properties":{"name":"Ellsworth Road","highway":"unclassified"}},{"type":"Feature","geometry":{"type":"Point","coordinates":[-90.520437,44.0555481]},"properties":{"name":"Ellsworth Road","highway":"unclassified"}},{"type":"Feature","geometry":{"type":"Point","coordinates":[-91.3229063,44.1476335]},"properties":{"name":"","highway":"primary"}},{"type":"Feature","geometry":{"type":"Point","coordinates":[-91.2710648,44.17082]},"properties":{"name":"US Highway 53","highway":"primary"}},{"type":"Feature","geometry":{"type":"Point","coordinates":[-91.2528918,44.1900366]},"properties":{"name":"","highway":"primary"}},{"type":"Feature","geometry":{"type":"Point","coordinates":[-91.2374676,44.2031019]},"properties":{"name":"","highway":"primary"}},{"type":"Feature","geometry":{"type":"Point","coordinates":[-91.2395447,44.2160397]},"properties":{"name":"","highway":"primary"}},{"type":"Feature","geometry":{"type":"Point","coordinates":[-91.6493874,44.8556046]},"properties":{"name":"10th Avenue","highway":"unclassified"}},{"type":"Feature","geometry":{"type":"Point","coordinates":[-90.4725391,42.7281554]},"properties":{"name":"","highway":"path"}},{"type":"Feature","geometry":{"type":"Point","coordinates":[-90.4696695,42.7308335]},"properties":{"name":"","highway":"path"}},{"type":"Feature","geometry":{"type":"Point","coordinates":[-91.0125783,44.3858785]},"properties":{"name":"","highway":"footway"}},{"type":"Feature","geometry":{"type":"Point","coordinates":[-91.0950892,44.6754224]},"properties":{"name":"US Highway 12","highway":"primary"}},{"type":"Feature","geometry":{"type":"Point","coordinates":[-90.7785942,43.6022407]},"properties":{"name":"County Road Y","highway":"tertiary"}},{"type":"Feature","geometry":{"type":"Point","coordinates":[-90.9244911,46.4120981]},"properties":{"name":"Ashland-Bayfield Road","highway":"residential"}},{"type":"Feature","geometry":{"type":"Point","coordinates":[-90.5150704,46.1273165]},"properties":{"name":"Sinkhole Road","highway":"unclassified"}},{"type":"Feature","geometry":{"type":"Point","coordinates":[-90.506224,46.1266413]},"properties":{"name":"","highway":"service"}},{"type":"Feature","geometry":{"type":"Point","coordinates":[-88.0486079,44.5653616]},"properties":{"name":"","highway":"motorway"}},{"type":"Feature","geometry":{"type":"Point","coordinates":[-87.9812192,43.2311919]},"properties":{"name":"","highway":"footway"}},{"type":"Feature","geometry":{"type":"Point","coordinates":[-91.2785267,45.7770466]},"properties":{"name":"","highway":"path"}},{"type":"Feature","geometry":{"type":"Point","coordinates":[-91.717658,44.9996161]},"properties":{"name":"","highway":"cycleway"}},{"type":"Feature","geometry":{"type":"Point","coordinates":[-91.4598273,44.8070168]},"properties":{"name":"","highway":"cycleway"}},{"type":"Feature","geometry":{"type":"Point","coordinates":[-92.534036,44.9133989]},"properties":{"name":"County Highway J","highway":"tertiary"}},{"type":"Feature","geometry":{"type":"Point","coordinates":[-92.5073965,44.9209476]},"properties":{"name":"Pleasant Avenue","highway":"residential"}},{"type":"Feature","geometry":{"type":"Point","coordinates":[-92.5315621,44.9228902]},"properties":{"name":"Steeple Drive","highway":"residential"}},{"type":"Feature","geometry":{"type":"Point","coordinates":[-91.5937588,46.5170856]},"properties":{"name":"State Highway 27","highway":"primary"}},{"type":"Feature","geometry":{"type":"Point","coordinates":[-91.5975752,46.6329174]},"properties":{"name":"County Road FF","highway":"secondary"}},{"type":"Feature","geometry":{"type":"Point","coordinates":[-91.5833016,46.6108426]},"properties":{"name":"Park Road","highway":"unclassified"}},{"type":"Feature","geometry":{"type":"Point","coordinates":[-91.5722512,46.2614454]},"properties":{"name":"South East Mail Road","highway":"residential"}},{"type":"Feature","geometry":{"type":"Point","coordinates":[-92.1650023,46.4471913]},"properties":{"name":"State Highway 35","highway":"primary"}},{"type":"Feature","geometry":{"type":"Point","coordinates":[-92.0372933,44.7749599]},"properties":{"name":"State Highway 72","highway":"primary"}},{"type":"Feature","geometry":{"type":"Point","coordinates":[-90.9809446,45.6566377]},"properties":{"name":"Thornapple Road","highway":"unclassified"}},{"type":"Feature","geometry":{"type":"Point","coordinates":[-90.8897841,45.7838307]},"properties":{"name":"County Highway W","highway":"tertiary"}},{"type":"Feature","geometry":{"type":"Point","coordinates":[-91.6923699,45.1053426]},"properties":{"name":"County Road M","highway":"tertiary"}},{"type":"Feature","geometry":{"type":"Point","coordinates":[-91.6666623,45.1044737]},"properties":{"name":"970th Street","highway":"residential"}},{"type":"Feature","geometry":{"type":"Point","coordinates":[-91.6305677,45.0877129]},"properties":{"name":"County Highway A","highway":"tertiary"}},{"type":"Feature","geometry":{"type":"Point","coordinates":[-91.6500008,45.0983984]},"properties":{"name":"178th Avenue","highway":"residential"}},{"type":"Feature","geometry":{"type":"Point","coordinates":[-91.651577,45.0994434]},"properties":{"name":"10th Street","highway":"residential"}},{"type":"Feature","geometry":{"type":"Point","coordinates":[-91.6652629,46.5172271]},"properties":{"name":"Coolidge Memorial Highway","highway":"secondary"}},{"type":"Feature","geometry":{"type":"Point","coordinates":[-91.6604344,45.4081521]},"properties":{"name":"14th Avenue","highway":"trunk"}},{"type":"Feature","geometry":{"type":"Point","coordinates":[-90.3511127,46.5090606]},"properties":{"name":"Hendrickson Road","highway":"unclassified"}},{"type":"Feature","geometry":{"type":"Point","coordinates":[-90.3326528,46.5220799]},"properties":{"name":"Wall Street Road","highway":"unclassified"}},{"type":"Feature","geometry":{"type":"Point","coordinates":[-90.7984063,46.4247407]},"properties":{"name":"Sosin Road","highway":"unclassified"}},{"type":"Feature","geometry":{"type":"Point","coordinates":[-89.5467063,42.7414215]},"properties":{"name":"County Highway EE","highway":"tertiary"}},{"type":"Feature","geometry":{"type":"Point","coordinates":[-91.451412,44.0809615]},"properties":{"name":"","highway":"service"}},{"type":"Feature","geometry":{"type":"Point","coordinates":[-91.1992079,44.0570735]},"properties":{"name":"Baker Road","highway":"unclassified"}},{"type":"Feature","geometry":{"type":"Point","coordinates":[-91.169213,44.0384635]},"properties":{"name":"County Highway T","highway":"tertiary"}},{"type":"Feature","geometry":{"type":"Point","coordinates":[-91.1419068,44.0323128]},"properties":{"name":"County Highway M","highway":"tertiary"}},{"type":"Feature","geometry":{"type":"Point","coordinates":[-91.7548018,44.2787868]},"properties":{"name":"State Road 88","highway":"secondary"}},{"type":"Feature","geometry":{"type":"Point","coordinates":[-91.7573986,44.2795991]},"properties":{"name":"Plank Road","highway":"unclassified"}},{"type":"Feature","geometry":{"type":"Point","coordinates":[-91.4177411,44.5973315]},"properties":{"name":"County Road U","highway":"tertiary"}},{"type":"Feature","geometry":{"type":"Point","coordinates":[-92.2519879,44.8673691]},"properties":{"name":"","highway":"unclassified"}},{"type":"Feature","geometry":{"type":"Point","coordinates":[-90.4472983,42.8417664]},"properties":{"name":"State Highway 80","highway":"primary"}},{"type":"Feature","geometry":{"type":"Point","coordinates":[-90.4469139,42.8423969]},"properties":{"name":"County Road A","highway":"secondary"}},{"type":"Feature","geometry":{"type":"Point","coordinates":[-89.3524309,43.23343]},"properties":{"name":"Upper Yahara River Trail","highway":"cycleway"}},{"type":"Feature","geometry":{"type":"Point","coordinates":[-89.3561786,43.2377791]},"properties":{"name":"Upper Yahara River Trail","highway":"cycleway"}},{"type":"Feature","geometry":{"type":"Point","coordinates":[-90.4816098,42.8201797]},"properties":{"name":"Waterfall Road","highway":"residential"}},{"type":"Feature","geometry":{"type":"Point","coordinates":[-89.0720628,44.6187544]},"properties":{"name":"County Road J","highway":"tertiary"}},{"type":"Feature","geometry":{"type":"Point","coordinates":[-89.001458,44.5108816]},"properties":{"name":"State Highway 161","highway":"primary"}},{"type":"Feature","geometry":{"type":"Point","coordinates":[-89.1487544,44.5071029]},"properties":{"name":"State Highway 161","highway":"primary"}},{"type":"Feature","geometry":{"type":"Point","coordinates":[-87.7169042,43.7497098]},"properties":{"name":"","highway":"footway"}},{"type":"Feature","geometry":{"type":"Point","coordinates":[-87.7169488,43.7498821]},"properties":{"name":"","highway":"footway"}},{"type":"Feature","geometry":{"type":"Point","coordinates":[-89.9327776,42.7261876]},"properties":{"name":"County Road G","highway":"tertiary"}},{"type":"Feature","geometry":{"type":"Point","coordinates":[-89.9504492,42.7080743]},"properties":{"name":"State Highway 81","highway":"secondary"}},{"type":"Feature","geometry":{"type":"Point","coordinates":[-90.0344179,42.6667392]},"properties":{"name":"County Road M","highway":"tertiary"}},{"type":"Feature","geometry":{"type":"Point","coordinates":[-91.476331,44.683375]},"properties":{"name":"County Highway HH","highway":"tertiary"}},{"type":"Feature","geometry":{"type":"Point","coordinates":[-91.4675712,44.6833934]},"properties":{"name":"County Highway HH","highway":"tertiary"}},{"type":"Feature","geometry":{"type":"Point","coordinates":[-90.073521,42.6066206]},"properties":{"name":"South Dublin Road","highway":"residential"}},{"type":"Feature","geometry":{"type":"Point","coordinates":[-89.9048014,42.6830123]},"properties":{"name":"Spore Road","highway":"residential"}},{"type":"Feature","geometry":{"type":"Point","coordinates":[-90.2717557,45.6586942]},"properties":{"name":"County Highway D","highway":"tertiary"}},{"type":"Feature","geometry":{"type":"Point","coordinates":[-90.2896712,45.6637202]},"properties":{"name":"County Road K","highway":"tertiary"}},{"type":"Feature","geometry":{"type":"Point","coordinates":[-90.3631853,45.6829959]},"properties":{"name":"County Highway D","highway":"tertiary"}},{"type":"Feature","geometry":{"type":"Point","coordinates":[-90.5447822,43.0826177]},"properties":{"name":"Witek Road","highway":"residential"}},{"type":"Feature","geometry":{"type":"Point","coordinates":[-90.4647885,43.0314003]},"properties":{"name":"Bowers Road","highway":"residential"}},{"type":"Feature","geometry":{"type":"Point","coordinates":[-90.5585037,43.0360053]},"properties":{"name":"County Road Q","highway":"tertiary"}},{"type":"Feature","geometry":{"type":"Point","coordinates":[-90.4914374,43.1550275]},"properties":{"name":"County Road G","highway":"tertiary"}},{"type":"Feature","geometry":{"type":"Point","coordinates":[-90.7896475,43.0499594]},"properties":{"name":"County Road T","highway":"tertiary"}},{"type":"Feature","geometry":{"type":"Point","coordinates":[-90.8260591,43.0665665]},"properties":{"name":"County Road K","highway":"tertiary"}},{"type":"Feature","geometry":{"type":"Point","coordinates":[-90.5779874,43.0158766]},"properties":{"name":"Baumgartner Road","highway":"residential"}},{"type":"Feature","geometry":{"type":"Point","coordinates":[-90.5500478,43.0418134]},"properties":{"name":"","highway":"service"}},{"type":"Feature","geometry":{"type":"Point","coordinates":[-90.5735093,43.0736919]},"properties":{"name":"Coon Valley Road","highway":"residential"}},{"type":"Feature","geometry":{"type":"Point","coordinates":[-90.5756991,43.07021]},"properties":{"name":"Homer Road","highway":"residential"}},{"type":"Feature","geometry":{"type":"Point","coordinates":[-90.5420065,45.9370703]},"properties":{"name":"Trout Road","highway":"unclassified"}},{"type":"Feature","geometry":{"type":"Point","coordinates":[-90.5657033,45.9599421]},"properties":{"name":"Timm Road","highway":"unclassified"}},{"type":"Feature","geometry":{"type":"Point","coordinates":[-90.488209,45.9240792]},"properties":{"name":"County Road E","highway":"tertiary"}},{"type":"Feature","geometry":{"type":"Point","coordinates":[-90.5836331,45.9164399]},"properties":{"name":"County Road E","highway":"tertiary"}},{"type":"Feature","geometry":{"type":"Point","coordinates":[-90.4875032,45.9251259]},"properties":{"name":"Tuscobia State Trail","highway":"cycleway"}},{"type":"Feature","geometry":{"type":"Point","coordinates":[-90.6134962,42.7628255]},"properties":{"name":"Platte Road","highway":"residential"}},{"type":"Feature","geometry":{"type":"Point","coordinates":[-90.6034433,42.7525231]},"properties":{"name":"Angels Lane","highway":"residential"}},{"type":"Feature","geometry":{"type":"Point","coordinates":[-90.6098582,42.7571015]},"properties":{"name":"Baker Ford Road","highway":"unclassified"}},{"type":"Feature","geometry":{"type":"Point","coordinates":[-90.5468818,42.9062122]},"properties":{"name":"County Road E","highway":"tertiary"}},{"type":"Feature","geometry":{"type":"Point","coordinates":[-90.5624508,42.9020017]},"properties":{"name":"County Road E","highway":"tertiary"}},{"type":"Feature","geometry":{"type":"Point","coordinates":[-90.5380059,42.9123426]},"properties":{"name":"Annaton Road","highway":"residential"}},{"type":"Feature","geometry":{"type":"Point","coordinates":[-92.0358574,45.046693]},"properties":{"name":"East Street","highway":"secondary"}},{"type":"Feature","geometry":{"type":"Point","coordinates":[-90.8926829,43.4130847]},"properties":{"name":"County Road B","highway":"tertiary"}},{"type":"Feature","geometry":{"type":"Point","coordinates":[-90.8869906,43.4051328]},"properties":{"name":"Wee Drive","highway":"residential"}},{"type":"Feature","geometry":{"type":"Point","coordinates":[-89.7470866,42.7823405]},"properties":{"name":"Farmers Grove Road","highway":"residential"}},{"type":"Feature","geometry":{"type":"Point","coordinates":[-89.133465,44.6205164]},"properties":{"name":"Wolf River Road","highway":"unclassified"}},{"type":"Feature","geometry":{"type":"Point","coordinates":[-89.1730055,44.621271]},"properties":{"name":"Ness Road","highway":"unclassified"}},{"type":"Feature","geometry":{"type":"Point","coordinates":[-89.1886358,44.6428469]},"properties":{"name":"Wolf River Road","highway":"residential"}},{"type":"Feature","geometry":{"type":"Point","coordinates":[-89.210245,44.6516975]},"properties":{"name":"County Road P","highway":"tertiary"}},{"type":"Feature","geometry":{"type":"Point","coordinates":[-89.2426482,44.6847875]},"properties":{"name":"Mountain Drive","highway":"residential"}},{"type":"Feature","geometry":{"type":"Point","coordinates":[-89.262915,44.6852395]},"properties":{"name":"Mountain Drive","highway":"residential"}},{"type":"Feature","geometry":{"type":"Point","coordinates":[-89.264404,44.693764]},"properties":{"name":"State Highway 49","highway":"primary"}},{"type":"Feature","geometry":{"type":"Point","coordinates":[-89.2612625,44.6960775]},"properties":{"name":"Bobsiding Road","highway":"unclassified"}},{"type":"Feature","geometry":{"type":"Point","coordinates":[-91.8048021,46.6474781]},"properties":{"name":"State Highway 13","highway":"primary"}},{"type":"Feature","geometry":{"type":"Point","coordinates":[-91.8049395,46.6508987]},"properties":{"name":"Sleepy Valley Loop","highway":"unclassified"}},{"type":"Feature","geometry":{"type":"Point","coordinates":[-90.3531998,42.8220094]},"properties":{"name":"Sandhill Road","highway":"unclassified"}},{"type":"Feature","geometry":{"type":"Point","coordinates":[-90.7024075,43.1348076]},"properties":{"name":"","highway":"footway"}},{"type":"Feature","geometry":{"type":"Point","coordinates":[-89.684737,42.8167981]},"properties":{"name":"Legler Valley Road","highway":"residential"}},{"type":"Feature","geometry":{"type":"Point","coordinates":[-89.9466062,45.0805363]},"properties":{"name":"County Road S","highway":"tertiary"}},{"type":"Feature","geometry":{"type":"Point","coordinates":[-89.9261719,45.0782889]},"properties":{"name":"Grass Creek Lane","highway":"unclassified"}},{"type":"Feature","geometry":{"type":"Point","coordinates":[-89.9215827,45.0762807]},"properties":{"name":"Big Rib River Drive","highway":"unclassified"}},{"type":"Feature","geometry":{"type":"Point","coordinates":[-88.0640859,43.1336249]},"properties":{"name":"","highway":"footway"}},{"type":"Feature","geometry":{"type":"Point","coordinates":[-92.0278179,44.7807895]},"properties":{"name":"County Road D","highway":"secondary"}},{"type":"Feature","geometry":{"type":"Point","coordinates":[-89.0328685,44.4534789]},"properties":{"name":"Tomorrow River State Trail","highway":"path"}},{"type":"Feature","geometry":{"type":"Point","coordinates":[-91.4845062,44.7675082]},"properties":{"name":"South Lowes Creek Road","highway":"tertiary"}},{"type":"Feature","geometry":{"type":"Point","coordinates":[-88.049463,44.5648915]},"properties":{"name":"","highway":"motorway_link"}},{"type":"Feature","geometry":{"type":"Point","coordinates":[-91.5322146,44.7742335]},"properties":{"name":"Silver Springs Drive","highway":"residential"}},{"type":"Feature","geometry":{"type":"Point","coordinates":[-91.3084564,44.6469146]},"properties":{"name":"","highway":"motorway"}},{"type":"Feature","geometry":{"type":"Point","coordinates":[-91.3077948,44.6468594]},"properties":{"name":"","highway":"motorway"}},{"type":"Feature","geometry":{"type":"Point","coordinates":[-89.7563736,44.1119355]},"properties":{"name":"","highway":"tertiary"}},{"type":"Feature","geometry":{"type":"Point","coordinates":[-89.6845609,44.1704304]},"properties":{"name":"Aspen Avenue","highway":"tertiary"}},{"type":"Feature","geometry":{"type":"Point","coordinates":[-89.6581283,44.1709953]},"properties":{"name":"County Road W","highway":"tertiary"}},{"type":"Feature","geometry":{"type":"Point","coordinates":[-89.3473882,43.9647655]},"properties":{"name":"14th Avenue","highway":"unclassified"}},{"type":"Feature","geometry":{"type":"Point","coordinates":[-89.3259885,43.9522427]},"properties":{"name":"Dixie Avenue","highway":"unclassified"}},{"type":"Feature","geometry":{"type":"Point","coordinates":[-89.2770168,43.906283]},"properties":{"name":"","highway":"residential"}},{"type":"Feature","geometry":{"type":"Point","coordinates":[-89.3505265,43.9756744]},"properties":{"name":"","highway":"residential"}},{"type":"Feature","geometry":{"type":"Point","coordinates":[-89.3585324,43.9885773]},"properties":{"name":"County Highway Y","highway":"tertiary"}},{"type":"Feature","geometry":{"type":"Point","coordinates":[-91.4605792,44.7420895]},"properties":{"name":"Deerfield Road","highway":"tertiary"}},{"type":"Feature","geometry":{"type":"Point","coordinates":[-88.6779229,45.2414434]},"properties":{"name":"Rose Lake Road","highway":"unclassified"}},{"type":"Feature","geometry":{"type":"Point","coordinates":[-91.8905791,44.6177609]},"properties":{"name":"US Highway 10","highway":"primary"}},{"type":"Feature","geometry":{"type":"Point","coordinates":[-92.0642764,44.6537434]},"properties":{"name":"County Highway G","highway":"unclassified"}},{"type":"Feature","geometry":{"type":"Point","coordinates":[-92.0318474,44.6338029]},"properties":{"name":"County Road D","highway":"tertiary"}},{"type":"Feature","geometry":{"type":"Point","coordinates":[-91.6663882,44.7833107]},"properties":{"name":"960th Street","highway":"unclassified"}},{"type":"Feature","geometry":{"type":"Point","coordinates":[-91.9113428,44.6304865]},"properties":{"name":"Dorwin's Mill Road","highway":"unclassified"}},{"type":"Feature","geometry":{"type":"Point","coordinates":[-91.8732122,44.6071984]},"properties":{"name":"County Highway V","highway":"tertiary"}},{"type":"Feature","geometry":{"type":"Point","coordinates":[-92.0316838,44.6408859]},"properties":{"name":"County Highway N","highway":"tertiary"}},{"type":"Feature","geometry":{"type":"Point","coordinates":[-90.8724117,45.9027727]},"properties":{"name":"Blaisdell Lake Road","highway":"residential"}},{"type":"Feature","geometry":{"type":"Point","coordinates":[-90.4000188,43.3441466]},"properties":{"name":"","highway":"footway"}},{"type":"Feature","geometry":{"type":"Point","coordinates":[-89.2521032,45.0871706]},"properties":{"name":"County Road G","highway":"tertiary"}},{"type":"Feature","geometry":{"type":"Point","coordinates":[-91.2239362,44.5768803]},"properties":{"name":"Harmony Street","highway":"primary"}},{"type":"Feature","geometry":{"type":"Point","coordinates":[-91.2260792,44.5793944]},"properties":{"name":"10th Street","highway":"primary"}},{"type":"Feature","geometry":{"type":"Point","coordinates":[-91.2217158,44.5827458]},"properties":{"name":"Main Street","highway":"tertiary"}},{"type":"Feature","geometry":{"type":"Point","coordinates":[-91.2297389,44.5787167]},"properties":{"name":"Buffalo River State Trail","highway":"cycleway"}},{"type":"Feature","geometry":{"type":"Point","coordinates":[-89.4563839,45.1194001]},"properties":{"name":"County Line Road","highway":"unclassified"}},{"type":"Feature","geometry":{"type":"Point","coordinates":[-92.6728711,44.7176077]},"properties":{"name":"State Highway 35","highway":"primary"}},{"type":"Feature","geometry":{"type":"Point","coordinates":[-89.3092027,44.9283403]},"properties":{"name":"Birnamwood Road","highway":"unclassified"}},{"type":"Feature","geometry":{"type":"Point","coordinates":[-90.5151118,44.0150424]},"properties":{"name":"Emerson Road","highway":"residential"}},{"type":"Feature","geometry":{"type":"Point","coordinates":[-87.998545,44.511781]},"properties":{"name":"Main Street","highway":"primary"}},{"type":"Feature","geometry":{"type":"Point","coordinates":[-88.0145288,44.5181493]},"properties":{"name":"Main Street","highway":"primary"}},{"type":"Feature","geometry":{"type":"Point","coordinates":[-88.0143828,44.5181769]},"properties":{"name":"Main Street","highway":"primary"}},{"type":"Feature","geometry":{"type":"Point","coordinates":[-87.7678516,44.1390732]},"properties":{"name":"","highway":"path"}},{"type":"Feature","geometry":{"type":"Point","coordinates":[-87.7652772,44.140378]},"properties":{"name":"","highway":"path"}},{"type":"Feature","geometry":{"type":"Point","coordinates":[-92.1262201,45.0462486]},"properties":{"name":"Main Street","highway":"secondary"}},{"type":"Feature","geometry":{"type":"Point","coordinates":[-89.5786582,42.9949281]},"properties":{"name":"Military Ridge State Trail","highway":"cycleway"}},{"type":"Feature","geometry":{"type":"Point","coordinates":[-90.7782262,43.7981846]},"properties":{"name":"Market Road","highway":"unclassified"}},{"type":"Feature","geometry":{"type":"Point","coordinates":[-90.7746034,43.7992617]},"properties":{"name":"Mascot Avenue","highway":"residential"}},{"type":"Feature","geometry":{"type":"Point","coordinates":[-90.779637,43.7990381]},"properties":{"name":"State Highway 27","highway":"primary"}},{"type":"Feature","geometry":{"type":"Point","coordinates":[-90.7709815,43.805772]},"properties":{"name":"County Highway F","highway":"tertiary"}},{"type":"Feature","geometry":{"type":"Point","coordinates":[-89.810699,44.2622674]},"properties":{"name":"State Highway 13","highway":"primary"}},{"type":"Feature","geometry":{"type":"Point","coordinates":[-89.5269465,42.6269531]},"properties":{"name":"","highway":"path"}},{"type":"Feature","geometry":{"type":"Point","coordinates":[-89.5051079,42.6280212]},"properties":{"name":"County Highway S","highway":"tertiary"}},{"type":"Feature","geometry":{"type":"Point","coordinates":[-89.5894929,45.483264]},"properties":{"name":"County Road H","highway":"tertiary"}},{"type":"Feature","geometry":{"type":"Point","coordinates":[-88.1437076,44.5447061]},"properties":{"name":"","highway":"path"}},{"type":"Feature","geometry":{"type":"Point","coordinates":[-91.2006602,43.721889]},"properties":{"name":"Great River Road","highway":"primary"}},{"type":"Feature","geometry":{"type":"Point","coordinates":[-90.7806694,43.6117813]},"properties":{"name":"Smart Hollow Road","highway":"residential"}},{"type":"Feature","geometry":{"type":"Point","coordinates":[-90.7789026,43.5923639]},"properties":{"name":"River Road","highway":"residential"}},{"type":"Feature","geometry":{"type":"Point","coordinates":[-90.7672972,43.5758132]},"properties":{"name":"County Road S","highway":"tertiary"}},{"type":"Feature","geometry":{"type":"Point","coordinates":[-90.781025,43.6436783]},"properties":{"name":"Bloomingdale Road","highway":"residential"}},{"type":"Feature","geometry":{"type":"Point","coordinates":[-90.7465113,43.5418044]},"properties":{"name":"County Road S","highway":"tertiary"}},{"type":"Feature","geometry":{"type":"Point","coordinates":[-90.7418505,43.4760187]},"properties":{"name":"Harrison Valley Road","highway":"residential"}},{"type":"Feature","geometry":{"type":"Point","coordinates":[-90.7840934,43.6583862]},"properties":{"name":"County Road P","highway":"tertiary"}},{"type":"Feature","geometry":{"type":"Point","coordinates":[-89.6721087,45.3936211]},"properties":{"name":"","highway":"motorway"}},{"type":"Feature","geometry":{"type":"Point","coordinates":[-89.6724412,45.3936258]},"properties":{"name":"","highway":"motorway"}},{"type":"Feature","geometry":{"type":"Point","coordinates":[-88.0656413,43.1144058]},"properties":{"name":"North 124th Street","highway":"tertiary"}},{"type":"Feature","geometry":{"type":"Point","coordinates":[-89.3495867,43.2163594]},"properties":{"name":"Windsor Road","highway":"tertiary"}},{"type":"Feature","geometry":{"type":"Point","coordinates":[-89.3495471,43.2156835]},"properties":{"name":"","highway":"track"}},{"type":"Feature","geometry":{"type":"Point","coordinates":[-88.0064637,44.5177465]},"properties":{"name":"","highway":"footway"}},{"type":"Feature","geometry":{"type":"Point","coordinates":[-88.0154402,44.5184044]},"properties":{"name":"","highway":"footway"}},{"type":"Feature","geometry":{"type":"Point","coordinates":[-88.0162746,44.5184158]},"properties":{"name":"Dousman Street","highway":"primary"}},{"type":"Feature","geometry":{"type":"Point","coordinates":[-88.0157004,44.5182203]},"properties":{"name":"","highway":"footway"}},{"type":"Feature","geometry":{"type":"Point","coordinates":[-88.0174938,44.5149699]},"properties":{"name":"","highway":"footway"}},{"type":"Feature","geometry":{"type":"Point","coordinates":[-90.4766231,42.7260267]},"properties":{"name":"","highway":"service"}},{"type":"Feature","geometry":{"type":"Point","coordinates":[-91.1780473,43.795293]},"properties":{"name":"","highway":"footway"}},{"type":"Feature","geometry":{"type":"Point","coordinates":[-87.7192571,43.9375293]},"properties":{"name":"","highway":"path"}},{"type":"Feature","geometry":{"type":"Point","coordinates":[-88.0578153,43.1089376]},"properties":{"name":"Zoo Freeway","highway":"motorway"}},{"type":"Feature","geometry":{"type":"Point","coordinates":[-88.0575151,43.1089028]},"properties":{"name":"Zoo Freeway","highway":"motorway"}},{"type":"Feature","geometry":{"type":"Point","coordinates":[-89.076194,44.7456181]},"properties":{"name":"Snowmobile Trail","highway":"path"}},{"type":"Feature","geometry":{"type":"Point","coordinates":[-89.0715242,44.7435091]},"properties":{"name":"Snowmobile Trail","highway":"path"}},{"type":"Feature","geometry":{"type":"Point","coordinates":[-87.9104394,43.0347963]},"properties":{"name":"West Saint Paul Avenue","highway":"tertiary"}},{"type":"Feature","geometry":{"type":"Point","coordinates":[-89.613223,43.472403]},"properties":{"name":"Konkel Mill Road","highway":"residential"}},{"type":"Feature","geometry":{"type":"Point","coordinates":[-87.7358933,43.7845767]},"properties":{"name":"Mill Road","highway":"residential"}},{"type":"Feature","geometry":{"type":"Point","coordinates":[-87.7474566,43.7814022]},"properties":{"name":"Calumet Drive","highway":"primary"}},{"type":"Feature","geometry":{"type":"Point","coordinates":[-91.9654331,44.9183294]},"properties":{"name":"390th Street","highway":"unclassified"}},{"type":"Feature","geometry":{"type":"Point","coordinates":[-87.8523881,42.9122739]},"properties":{"name":"","highway":"footway"}},{"type":"Feature","geometry":{"type":"Point","coordinates":[-87.8467395,42.9080874]},"properties":{"name":"","highway":"footway"}},{"type":"Feature","geometry":{"type":"Point","coordinates":[-90.6254511,43.8379981]},"properties":{"name":"Elroy-Sparta State Trail","highway":"cycleway"}},{"type":"Feature","geometry":{"type":"Point","coordinates":[-90.3477644,43.7855001]},"properties":{"name":"Elroy-Sparta State Trail","highway":"cycleway"}},{"type":"Feature","geometry":{"type":"Point","coordinates":[-90.3175713,43.7709536]},"properties":{"name":"Elroy-Sparta State Trail","highway":"cycleway"}},{"type":"Feature","geometry":{"type":"Point","coordinates":[-90.3046389,43.7628035]},"properties":{"name":"Elroy-Sparta State Trail","highway":"cycleway"}},{"type":"Feature","geometry":{"type":"Point","coordinates":[-90.458413,42.7361999]},"properties":{"name":"Rountree Branch Trail","highway":"path"}},{"type":"Feature","geometry":{"type":"Point","coordinates":[-90.4294576,42.7376476]},"properties":{"name":"Mound View State Trail","highway":"path"}},{"type":"Feature","geometry":{"type":"Point","coordinates":[-91.1110105,43.8357977]},"properties":{"name":"County Highway OA","highway":"tertiary"}},{"type":"Feature","geometry":{"type":"Point","coordinates":[-90.4409423,42.7389355]},"properties":{"name":"Mound View State Trail","highway":"path"}},{"type":"Feature","geometry":{"type":"Point","coordinates":[-92.5774036,44.7362219]},"properties":{"name":"560th Avenue","highway":"residential"}},{"type":"Feature","geometry":{"type":"Point","coordinates":[-92.5749447,44.7126817]},"properties":{"name":"County Road O","highway":"tertiary"}},{"type":"Feature","geometry":{"type":"Point","coordinates":[-92.577446,44.7082559]},"properties":{"name":"County Road O","highway":"tertiary"}},{"type":"Feature","geometry":{"type":"Point","coordinates":[-92.5759583,44.7042416]},"properties":{"name":"County Road O","highway":"tertiary"}},{"type":"Feature","geometry":{"type":"Point","coordinates":[-92.5789256,44.6949995]},"properties":{"name":"County Road O","highway":"tertiary"}},{"type":"Feature","geometry":{"type":"Point","coordinates":[-87.9496569,45.6999607]},"properties":{"name":"Wishman Road","highway":"track"}},{"type":"Feature","geometry":{"type":"Point","coordinates":[-90.7947861,42.9471399]},"properties":{"name":"Ball Lane","highway":"unclassified"}},{"type":"Feature","geometry":{"type":"Point","coordinates":[-90.8254092,42.8888903]},"properties":{"name":"Badger Road","highway":"unclassified"}},{"type":"Feature","geometry":{"type":"Point","coordinates":[-90.8165651,42.8877133]},"properties":{"name":"Govier Road","highway":"unclassified"}},{"type":"Feature","geometry":{"type":"Point","coordinates":[-87.933749,42.9971777]},"properties":{"name":"","highway":"footway"}},{"type":"Feature","geometry":{"type":"Point","coordinates":[-88.3487401,42.9434086]},"properties":{"name":"State Highway 83","highway":"primary"}},{"type":"Feature","geometry":{"type":"Point","coordinates":[-88.3485304,42.9434603]},"properties":{"name":"State Highway 83","highway":"primary"}},{"type":"Feature","geometry":{"type":"Point","coordinates":[-87.7760026,43.726165]},"properties":{"name":"","highway":"path"}},{"type":"Feature","geometry":{"type":"Point","coordinates":[-90.5082646,46.4621005]},"properties":{"name":"State Highway 169","highway":"secondary"}},{"type":"Feature","geometry":{"type":"Point","coordinates":[-89.4657849,45.3076515]},"properties":{"name":"1st Avenue","highway":"unclassified"}},{"type":"Feature","geometry":{"type":"Point","coordinates":[-89.4862265,45.3163349]},"properties":{"name":"Bachelors Avenue","highway":"unclassified"}},{"type":"Feature","geometry":{"type":"Point","coordinates":[-90.9702624,44.5922281]},"properties":{"name":"US Highway 10","highway":"trunk"}},{"type":"Feature","geometry":{"type":"Point","coordinates":[-91.7971688,44.4601823]},"properties":{"name":"County Road J","highway":"secondary"}},{"type":"Feature","geometry":{"type":"Point","coordinates":[-91.7971744,44.454144]},"properties":{"name":"County Road J","highway":"secondary"}},{"type":"Feature","geometry":{"type":"Point","coordinates":[-91.8011129,44.4657985]},"properties":{"name":"County Road D","highway":"secondary"}},{"type":"Feature","geometry":{"type":"Point","coordinates":[-91.8174564,44.4837335]},"properties":{"name":"Moats Road","highway":"residential"}},{"type":"Feature","geometry":{"type":"Point","coordinates":[-91.824002,44.490996]},"properties":{"name":"Hager Road","highway":"residential"}},{"type":"Feature","geometry":{"type":"Point","coordinates":[-87.7691209,43.7290771]},"properties":{"name":"","highway":"path"}},{"type":"Feature","geometry":{"type":"Point","coordinates":[-88.890384,45.6515125]},"properties":{"name":"","highway":"track"}},{"type":"Feature","geometry":{"type":"Point","coordinates":[-88.04984,44.5649623]},"properties":{"name":"","highway":"cycleway"}},{"type":"Feature","geometry":{"type":"Point","coordinates":[-91.0740209,43.9159482]},"properties":{"name":"State Highway 108","highway":"primary"}},{"type":"Feature","geometry":{"type":"Point","coordinates":[-88.0079362,44.5333065]},"properties":{"name":"","highway":"motorway"}},{"type":"Feature","geometry":{"type":"Point","coordinates":[-88.0078831,44.5334087]},"properties":{"name":"Leo Frigo Bridge","highway":"motorway"}},{"type":"Feature","geometry":{"type":"Point","coordinates":[-87.9098002,43.0338223]},"properties":{"name":"","highway":"footway"}},{"type":"Feature","geometry":{"type":"Point","coordinates":[-89.0286562,44.055682]},"properties":{"name":"29th Lane","highway":"unclassified"}},{"type":"Feature","geometry":{"type":"Point","coordinates":[-90.3566567,45.1486458]},"properties":{"name":"West Allman Street","highway":"residential"}},{"type":"Feature","geometry":{"type":"Point","coordinates":[-87.6578094,44.09256]},"properties":{"name":"","highway":"footway"}},{"type":"Feature","geometry":{"type":"Point","coordinates":[-87.6578851,44.0922052]},"properties":{"name":"","highway":"footway"}},{"type":"Feature","geometry":{"type":"Point","coordinates":[-89.5481152,43.3328488]},"properties":{"name":"State Highway 113","highway":"secondary"}},{"type":"Feature","geometry":{"type":"Point","coordinates":[-91.7267714,45.0005826]},"properties":{"name":"","highway":"footway"}},{"type":"Feature","geometry":{"type":"Point","coordinates":[-91.7281078,45.0014599]},"properties":{"name":"","highway":"footway"}},{"type":"Feature","geometry":{"type":"Point","coordinates":[-91.7076327,45.1392096]},"properties":{"name":"890th Street","highway":"unclassified"}},{"type":"Feature","geometry":{"type":"Point","coordinates":[-89.543465,43.8810421]},"properties":{"name":"4th Avenue","highway":"unclassified"}},{"type":"Feature","geometry":{"type":"Point","coordinates":[-89.5381455,45.0756128]},"properties":{"name":"River Hills Road","highway":"residential"}},{"type":"Feature","geometry":{"type":"Point","coordinates":[-92.0038886,45.255506]},"properties":{"name":"County Highway A","highway":"secondary"}},{"type":"Feature","geometry":{"type":"Point","coordinates":[-89.5017689,44.5741454]},"properties":{"name":"","highway":"footway"}},{"type":"Feature","geometry":{"type":"Point","coordinates":[-91.7123677,45.0007898]},"properties":{"name":"County Road M","highway":"tertiary"}},{"type":"Feature","geometry":{"type":"Point","coordinates":[-87.8235768,42.6104318]},"properties":{"name":"","highway":"footway"}},{"type":"Feature","geometry":{"type":"Point","coordinates":[-90.5787429,46.3162827]},"properties":{"name":"","highway":"track"}},{"type":"Feature","geometry":{"type":"Point","coordinates":[-89.507986,44.33824]},"properties":{"name":"Isherwood Road","highway":"residential"}},{"type":"Feature","geometry":{"type":"Point","coordinates":[-89.7245963,44.2713707]},"properties":{"name":"80th Street South","highway":"secondary"}},{"type":"Feature","geometry":{"type":"Point","coordinates":[-89.2087104,44.5959888]},"properties":{"name":"State Highway 49","highway":"primary"}},{"type":"Feature","geometry":{"type":"Point","coordinates":[-89.5538119,45.9895665]},"properties":{"name":"Heart of Vilas County Bike Trail","highway":"cycleway"}},{"type":"Feature","geometry":{"type":"Point","coordinates":[-87.65767,44.0922267]},"properties":{"name":"","highway":"footway"}},{"type":"Feature","geometry":{"type":"Point","coordinates":[-92.2387018,44.8420189]},"properties":{"name":"McKay Avenue","highway":"tertiary"}},{"type":"Feature","geometry":{"type":"Point","coordinates":[-92.2396245,44.8418653]},"properties":{"name":"","highway":"path"}},{"type":"Feature","geometry":{"type":"Point","coordinates":[-92.2431582,44.8415524]},"properties":{"name":"Cleveland Street","highway":"residential"}},{"type":"Feature","geometry":{"type":"Point","coordinates":[-87.8701175,43.3861437]},"properties":{"name":"","highway":"service"}},{"type":"Feature","geometry":{"type":"Point","coordinates":[-87.8700925,43.3862616]},"properties":{"name":"","highway":"footway"}},{"type":"Feature","geometry":{"type":"Point","coordinates":[-92.4841791,45.5984074]},"properties":{"name":"Gandy Dancer State Trail","highway":"cycleway"}},{"type":"Feature","geometry":{"type":"Point","coordinates":[-90.4616363,42.7330496]},"properties":{"name":"East Mineral Street","highway":"residential"}},{"type":"Feature","geometry":{"type":"Point","coordinates":[-90.4616363,42.733113]},"properties":{"name":"","highway":"footway"}},{"type":"Feature","geometry":{"type":"Point","coordinates":[-88.3559532,42.9566703]},"properties":{"name":"Old Village Road","highway":"residential"}},{"type":"Feature","geometry":{"type":"Point","coordinates":[-88.2784189,42.988538]},"properties":{"name":"West Sunset Drive","highway":"secondary"}},{"type":"Feature","geometry":{"type":"Point","coordinates":[-88.2999932,43.0070421]},"properties":{"name":"Kame Terrace","highway":"residential"}},{"type":"Feature","geometry":{"type":"Point","coordinates":[-90.7128656,44.1904227]},"properties":{"name":"North Old County Road I","highway":"unclassified"}},{"type":"Feature","geometry":{"type":"Point","coordinates":[-90.760791,44.1809708]},"properties":{"name":"County Highway O","highway":"secondary"}},{"type":"Feature","geometry":{"type":"Point","coordinates":[-90.8055854,44.1907321]},"properties":{"name":"Kelly Road","highway":"unclassified"}},{"type":"Feature","geometry":{"type":"Point","coordinates":[-90.7967095,44.1936965]},"properties":{"name":"Kelly Road","highway":"unclassified"}},{"type":"Feature","geometry":{"type":"Point","coordinates":[-90.8398986,44.1968077]},"properties":{"name":"Fall Hall Road","highway":"unclassified"}},{"type":"Feature","geometry":{"type":"Point","coordinates":[-90.9677289,44.0223545]},"properties":{"name":"Wanlass Road","highway":"unclassified"}},{"type":"Feature","geometry":{"type":"Point","coordinates":[-90.7115231,44.0239012]},"properties":{"name":"Trout Falls Bridge","highway":"unclassified"}},{"type":"Feature","geometry":{"type":"Point","coordinates":[-90.7103004,44.0218384]},"properties":{"name":"West F Street","highway":"unclassified"}},{"type":"Feature","geometry":{"type":"Point","coordinates":[-91.0521556,44.0123411]},"properties":{"name":"State Highway 108","highway":"primary"}},{"type":"Feature","geometry":{"type":"Point","coordinates":[-90.9996353,43.9137215]},"properties":{"name":"State Highway 16","highway":"primary"}},{"type":"Feature","geometry":{"type":"Point","coordinates":[-90.9067491,44.1352055]},"properties":{"name":"Acorn Avenue","highway":"unclassified"}},{"type":"Feature","geometry":{"type":"Point","coordinates":[-89.535966,44.5227865]},"properties":{"name":"","highway":"footway"}},{"type":"Feature","geometry":{"type":"Point","coordinates":[-90.8662432,44.2078974]},"properties":{"name":"West Pine Hill Road","highway":"unclassified"}},{"type":"Feature","geometry":{"type":"Point","coordinates":[-90.8428979,44.0906064]},"properties":{"name":"","highway":"service"}},{"type":"Feature","geometry":{"type":"Point","coordinates":[-89.5366907,44.5233627]},"properties":{"name":"Main Street","highway":"primary"}},{"type":"Feature","geometry":{"type":"Point","coordinates":[-89.536704,44.5232999]},"properties":{"name":"","highway":"cycleway"}},{"type":"Feature","geometry":{"type":"Point","coordinates":[-89.5366893,44.5234386]},"properties":{"name":"Main Street","highway":"primary"}},{"type":"Feature","geometry":{"type":"Point","coordinates":[-88.35974,42.9590894]},"properties":{"name":"","highway":"service"}},{"type":"Feature","geometry":{"type":"Point","coordinates":[-89.359918,44.5848326]},"properties":{"name":"River Lane","highway":"residential"}},{"type":"Feature","geometry":{"type":"Point","coordinates":[-89.7497431,43.1433226]},"properties":{"name":"State Street","highway":"primary"}},{"type":"Feature","geometry":{"type":"Point","coordinates":[-89.7433312,43.1416682]},"properties":{"name":"US Highway 14","highway":"primary"}},{"type":"Feature","geometry":{"type":"Point","coordinates":[-89.7763855,43.156177]},"properties":{"name":"Olson Road","highway":"residential"}},{"type":"Feature","geometry":{"type":"Point","coordinates":[-89.5691742,45.104617]},"properties":{"name":"Little Trappe River Road","highway":"residential"}},{"type":"Feature","geometry":{"type":"Point","coordinates":[-89.2442725,45.0608845]},"properties":{"name":"Tobias Road","highway":"unclassified"}},{"type":"Feature","geometry":{"type":"Point","coordinates":[-91.138788,43.9136301]},"properties":{"name":"Gills Coulee Road","highway":"residential"}},{"type":"Feature","geometry":{"type":"Point","coordinates":[-88.4695306,42.9340076]},"properties":{"name":"Scuppernong Springs Nature Trail","highway":"footway"}},{"type":"Feature","geometry":{"type":"Point","coordinates":[-88.4704719,42.9332547]},"properties":{"name":"","highway":"footway"}},{"type":"Feature","geometry":{"type":"Point","coordinates":[-88.0900886,44.5463259]},"properties":{"name":"","highway":"path"}},{"type":"Feature","geometry":{"type":"Point","coordinates":[-91.6808618,45.6028574]},"properties":{"name":"27 1/2 Avenue","highway":"residential"}},{"type":"Feature","geometry":{"type":"Point","coordinates":[-91.2824826,44.7638299]},"properties":{"name":"","highway":"footway"}},{"type":"Feature","geometry":{"type":"Point","coordinates":[-91.282417,44.763848]},"properties":{"name":"","highway":"footway"}},{"type":"Feature","geometry":{"type":"Point","coordinates":[-90.0108072,43.5427054]},"properties":{"name":"County Highway V","highway":"tertiary"}},{"type":"Feature","geometry":{"type":"Point","coordinates":[-87.7868205,43.7901695]},"properties":{"name":"County Road J","highway":"tertiary"}},{"type":"Feature","geometry":{"type":"Point","coordinates":[-90.0736009,45.0361296]},"properties":{"name":"State Highway 97","highway":"secondary"}},{"type":"Feature","geometry":{"type":"Point","coordinates":[-91.1724395,43.8329248]},"properties":{"name":"","highway":"track"}},{"type":"Feature","geometry":{"type":"Point","coordinates":[-91.1863107,43.8585848]},"properties":{"name":"County Highway B","highway":"secondary"}},{"type":"Feature","geometry":{"type":"Point","coordinates":[-91.1766588,43.8439594]},"properties":{"name":"","highway":"track"}},{"type":"Feature","geometry":{"type":"Point","coordinates":[-91.1786006,43.8470765]},"properties":{"name":"Smith Valley Road","highway":"residential"}},{"type":"Feature","geometry":{"type":"Point","coordinates":[-91.1787943,43.8479681]},"properties":{"name":"Keil Coulee Road","highway":"residential"}},{"type":"Feature","geometry":{"type":"Point","coordinates":[-91.1735085,43.8364475]},"properties":{"name":"Hidden Springs Road","highway":"residential"}},{"type":"Feature","geometry":{"type":"Point","coordinates":[-89.0983345,44.3655079]},"properties":{"name":"","highway":"footway"}},{"type":"Feature","geometry":{"type":"Point","coordinates":[-89.0986013,44.3655852]},"properties":{"name":"","highway":"footway"}},{"type":"Feature","geometry":{"type":"Point","coordinates":[-89.0668424,44.3565649]},"properties":{"name":"","highway":"footway"}},{"type":"Feature","geometry":{"type":"Point","coordinates":[-89.0632772,44.3540228]},"properties":{"name":"","highway":"footway"}},{"type":"Feature","geometry":{"type":"Point","coordinates":[-89.0628847,44.3532207]},"properties":{"name":"","highway":"footway"}},{"type":"Feature","geometry":{"type":"Point","coordinates":[-89.0692947,44.3563845]},"properties":{"name":"","highway":"footway"}},{"type":"Feature","geometry":{"type":"Point","coordinates":[-89.0825578,44.3581763]},"properties":{"name":"","highway":"footway"}},{"type":"Feature","geometry":{"type":"Point","coordinates":[-91.6591245,44.8280823]},"properties":{"name":"410th Avenue","highway":"unclassified"}},{"type":"Feature","geometry":{"type":"Point","coordinates":[-91.6561033,44.7961816]},"properties":{"name":"County Road C","highway":"secondary"}},{"type":"Feature","geometry":{"type":"Point","coordinates":[-91.9424222,44.8741972]},"properties":{"name":"Hofland Road","highway":"secondary"}},{"type":"Feature","geometry":{"type":"Point","coordinates":[-91.8935271,44.8141624]},"properties":{"name":"County Road Y","highway":"tertiary"}},{"type":"Feature","geometry":{"type":"Point","coordinates":[-91.7065989,46.2349165]},"properties":{"name":"South Lidberg Bridge Road","highway":"residential"}},{"type":"Feature","geometry":{"type":"Point","coordinates":[-91.7578768,46.2297771]},"properties":{"name":"","highway":"residential"}},{"type":"Feature","geometry":{"type":"Point","coordinates":[-87.8724246,42.6464768]},"properties":{"name":"","highway":"footway"}},{"type":"Feature","geometry":{"type":"Point","coordinates":[-87.8656495,42.6459572]},"properties":{"name":"","highway":"cycleway"}},{"type":"Feature","geometry":{"type":"Point","coordinates":[-87.8673967,42.6451976]},"properties":{"name":"","highway":"path"}},{"type":"Feature","geometry":{"type":"Point","coordinates":[-87.8649581,42.6470839]},"properties":{"name":"","highway":"path"}},{"type":"Feature","geometry":{"type":"Point","coordinates":[-87.8743673,42.6475234]},"properties":{"name":"","highway":"footway"}},{"type":"Feature","geometry":{"type":"Point","coordinates":[-87.8742678,42.6487711]},"properties":{"name":"","highway":"unclassified"}},{"type":"Feature","geometry":{"type":"Point","coordinates":[-87.8728742,42.6526241]},"properties":{"name":"","highway":"cycleway"}},{"type":"Feature","geometry":{"type":"Point","coordinates":[-87.8696481,42.6453372]},"properties":{"name":"","highway":"footway"}},{"type":"Feature","geometry":{"type":"Point","coordinates":[-89.5147518,42.9920625]},"properties":{"name":"Military Ridge State Trail","highway":"cycleway"}},{"type":"Feature","geometry":{"type":"Point","coordinates":[-89.7380131,42.880054]},"properties":{"name":"","highway":"service"}},{"type":"Feature","geometry":{"type":"Point","coordinates":[-89.1134881,44.358851]},"properties":{"name":"","highway":"path"}},{"type":"Feature","geometry":{"type":"Point","coordinates":[-91.469541,44.7585454]},"properties":{"name":"","highway":"path"}},{"type":"Feature","geometry":{"type":"Point","coordinates":[-89.5893567,42.9082279]},"properties":{"name":"County Road A","highway":"tertiary"}},{"type":"Feature","geometry":{"type":"Point","coordinates":[-91.034723,44.9164429]},"properties":{"name":"County Highway D","highway":"tertiary"}},{"type":"Feature","geometry":{"type":"Point","coordinates":[-91.0308305,44.9203016]},"properties":{"name":"County Highway V","highway":"tertiary"}},{"type":"Feature","geometry":{"type":"Point","coordinates":[-87.8201648,42.7450128]},"properties":{"name":"","highway":"service"}},{"type":"Feature","geometry":{"type":"Point","coordinates":[-87.8171672,42.7422957]},"properties":{"name":"","highway":"path"}},{"type":"Feature","geometry":{"type":"Point","coordinates":[-87.8175356,42.7411731]},"properties":{"name":"","highway":"path"}},{"type":"Feature","geometry":{"type":"Point","coordinates":[-92.7123498,45.0110856]},"properties":{"name":"Nelson Farm Trail","highway":"path"}},{"type":"Feature","geometry":{"type":"Point","coordinates":[-88.0016935,44.5147261]},"properties":{"name":"","highway":"footway"}},{"type":"Feature","geometry":{"type":"Point","coordinates":[-88.0019439,44.5147133]},"properties":{"name":"","highway":"footway"}},{"type":"Feature","geometry":{"type":"Point","coordinates":[-87.9930058,44.5098084]},"properties":{"name":"","highway":"footway"}},{"type":"Feature","geometry":{"type":"Point","coordinates":[-87.9931654,44.5099543]},"properties":{"name":"","highway":"footway"}},{"type":"Feature","geometry":{"type":"Point","coordinates":[-88.01744,44.4566787]},"properties":{"name":"","highway":"footway"}},{"type":"Feature","geometry":{"type":"Point","coordinates":[-88.0175179,44.4565669]},"properties":{"name":"","highway":"footway"}},{"type":"Feature","geometry":{"type":"Point","coordinates":[-88.0080486,44.4745748]},"properties":{"name":"","highway":"footway"}},{"type":"Feature","geometry":{"type":"Point","coordinates":[-88.0082281,44.4744894]},"properties":{"name":"","highway":"footway"}},{"type":"Feature","geometry":{"type":"Point","coordinates":[-87.9947523,44.4989652]},"properties":{"name":"East Mason Street","highway":"secondary"}},{"type":"Feature","geometry":{"type":"Point","coordinates":[-87.9948007,44.4988934]},"properties":{"name":"","highway":"footway"}},{"type":"Feature","geometry":{"type":"Point","coordinates":[-87.9947007,44.4990422]},"properties":{"name":"","highway":"footway"}},{"type":"Feature","geometry":{"type":"Point","coordinates":[-90.9989866,43.8794683]},"properties":{"name":"State Highway 162","highway":"secondary"}},{"type":"Feature","geometry":{"type":"Point","coordinates":[-88.0064008,44.5174746]},"properties":{"name":"","highway":"footway"}},{"type":"Feature","geometry":{"type":"Point","coordinates":[-90.5633982,42.8939194]},"properties":{"name":"Sleepy Hollow Road","highway":"unclassified"}},{"type":"Feature","geometry":{"type":"Point","coordinates":[-91.6163213,44.9291711]},"properties":{"name":"County Highway M South","highway":"tertiary"}},{"type":"Feature","geometry":{"type":"Point","coordinates":[-90.6091623,42.7834662]},"properties":{"name":"Ellenboro Road","highway":"unclassified"}},{"type":"Feature","geometry":{"type":"Point","coordinates":[-90.6286794,42.7858387]},"properties":{"name":"Airport Road","highway":"unclassified"}},{"type":"Feature","geometry":{"type":"Point","coordinates":[-89.650196,45.2356362]},"properties":{"name":"County Road C","highway":"tertiary"}},{"type":"Feature","geometry":{"type":"Point","coordinates":[-89.5564799,45.2792487]},"properties":{"name":"Heineman Road","highway":"residential"}},{"type":"Feature","geometry":{"type":"Point","coordinates":[-89.5484526,45.2877421]},"properties":{"name":"Prairie Drive","highway":"residential"}},{"type":"Feature","geometry":{"type":"Point","coordinates":[-89.5463778,45.2938154]},"properties":{"name":"County Road J","highway":"tertiary"}},{"type":"Feature","geometry":{"type":"Point","coordinates":[-89.5275321,45.3037042]},"properties":{"name":"Axen Road","highway":"residential"}},{"type":"Feature","geometry":{"type":"Point","coordinates":[-89.5273978,45.3086445]},"properties":{"name":"Prairie Forks Drive","highway":"residential"}},{"type":"Feature","geometry":{"type":"Point","coordinates":[-89.5158378,45.3083842]},"properties":{"name":"Prairie Forks Drive","highway":"residential"}},{"type":"Feature","geometry":{"type":"Point","coordinates":[-89.5068835,45.3106966]},"properties":{"name":"Town Hall Road","highway":"residential"}},{"type":"Feature","geometry":{"type":"Point","coordinates":[-87.7847137,42.7339135]},"properties":{"name":"","highway":"footway"}},{"type":"Feature","geometry":{"type":"Point","coordinates":[-87.7845013,42.7339403]},"properties":{"name":"","highway":"footway"}},{"type":"Feature","geometry":{"type":"Point","coordinates":[-87.7856822,42.7315742]},"properties":{"name":"","highway":"footway"}},{"type":"Feature","geometry":{"type":"Point","coordinates":[-87.7856839,42.7317387]},"properties":{"name":"","highway":"footway"}},{"type":"Feature","geometry":{"type":"Point","coordinates":[-92.7672171,45.5996037]},"properties":{"name":"Evergreen Avenue","highway":"unclassified"}},{"type":"Feature","geometry":{"type":"Point","coordinates":[-87.9986398,44.5116417]},"properties":{"name":"","highway":"footway"}},{"type":"Feature","geometry":{"type":"Point","coordinates":[-87.9985151,44.511819]},"properties":{"name":"","highway":"footway"}},{"type":"Feature","geometry":{"type":"Point","coordinates":[-91.9090619,46.6308465]},"properties":{"name":"County Road U","highway":"secondary"}},{"type":"Feature","geometry":{"type":"Point","coordinates":[-92.6292868,44.8523129]},"properties":{"name":"","highway":"footway"}},{"type":"Feature","geometry":{"type":"Point","coordinates":[-90.8081845,46.4158213]},"properties":{"name":"Ensinger Road","highway":"residential"}},{"type":"Feature","geometry":{"type":"Point","coordinates":[-87.9104361,43.0347154]},"properties":{"name":"","highway":"footway"}},{"type":"Feature","geometry":{"type":"Point","coordinates":[-87.9104425,43.0348769]},"properties":{"name":"","highway":"footway"}},{"type":"Feature","geometry":{"type":"Point","coordinates":[-90.2299688,46.4314748]},"properties":{"name":"Wisconsin Avenue","highway":"primary"}},{"type":"Feature","geometry":{"type":"Point","coordinates":[-87.9329955,43.0327726]},"properties":{"name":"North 16th Street","highway":"secondary"}},{"type":"Feature","geometry":{"type":"Point","coordinates":[-91.0952934,43.8303766]},"properties":{"name":"County Road YY","highway":"tertiary"}},{"type":"Feature","geometry":{"type":"Point","coordinates":[-91.0892433,43.8199867]},"properties":{"name":"County Road YY","highway":"tertiary"}},{"type":"Feature","geometry":{"type":"Point","coordinates":[-90.0400072,42.8109728]},"properties":{"name":"County Road D","highway":"tertiary"}},{"type":"Feature","geometry":{"type":"Point","coordinates":[-90.0442979,42.8138873]},"properties":{"name":"County Road S","highway":"tertiary"}},{"type":"Feature","geometry":{"type":"Point","coordinates":[-87.9827164,43.7664629]},"properties":{"name":"State Highway 67","highway":"secondary"}},{"type":"Feature","geometry":{"type":"Point","coordinates":[-88.027371,43.0563066]},"properties":{"name":"","highway":"footway"}},{"type":"Feature","geometry":{"type":"Point","coordinates":[-90.011665,43.545174]},"properties":{"name":"County Highway V","highway":"tertiary"}},{"type":"Feature","geometry":{"type":"Point","coordinates":[-89.9784425,45.1051285]},"properties":{"name":"Rainbow Drive","highway":"unclassified"}},{"type":"Feature","geometry":{"type":"Point","coordinates":[-89.9561102,45.0762868]},"properties":{"name":"Big Rib River Drive","highway":"unclassified"}},{"type":"Feature","geometry":{"type":"Point","coordinates":[-90.0993464,45.0509142]},"properties":{"name":"Corland Road","highway":"unclassified"}},{"type":"Feature","geometry":{"type":"Point","coordinates":[-90.1590652,45.0765472]},"properties":{"name":"County Road L","highway":"tertiary"}},{"type":"Feature","geometry":{"type":"Point","coordinates":[-90.0049071,45.0889159]},"properties":{"name":"County Road L","highway":"tertiary"}},{"type":"Feature","geometry":{"type":"Point","coordinates":[-89.9563342,45.0618504]},"properties":{"name":"McGinnis Creek Lane","highway":"unclassified"}},{"type":"Feature","geometry":{"type":"Point","coordinates":[-89.6721639,45.6964016]},"properties":{"name":"Bearskin State Trail","highway":"cycleway"}},{"type":"Feature","geometry":{"type":"Point","coordinates":[-87.9129465,43.0457866]},"properties":{"name":"","highway":"footway"}},{"type":"Feature","geometry":{"type":"Point","coordinates":[-92.1430948,44.7903745]},"properties":{"name":"County Road P","highway":"secondary"}},{"type":"Feature","geometry":{"type":"Point","coordinates":[-87.8551628,45.7088978]},"properties":{"name":"Chapman Road","highway":"residential"}},{"type":"Feature","geometry":{"type":"Point","coordinates":[-87.8508887,45.7072447]},"properties":{"name":"Don Chapman Road","highway":"residential"}},{"type":"Feature","geometry":{"type":"Point","coordinates":[-87.8460427,45.7074293]},"properties":{"name":"Don Chapman Road","highway":"residential"}},{"type":"Feature","geometry":{"type":"Point","coordinates":[-91.9679495,44.8830627]},"properties":{"name":"550th Avenue","highway":"unclassified"}},{"type":"Feature","geometry":{"type":"Point","coordinates":[-91.9564697,44.8351506]},"properties":{"name":"County Road D","highway":"secondary"}},{"type":"Feature","geometry":{"type":"Point","coordinates":[-91.953861,44.835376]},"properties":{"name":"Red Cedar State Trail","highway":"cycleway"}},{"type":"Feature","geometry":{"type":"Point","coordinates":[-91.9425614,44.7979522]},"properties":{"name":"330th Avenue","highway":"service"}},{"type":"Feature","geometry":{"type":"Point","coordinates":[-92.0657011,44.9600079]},"properties":{"name":"County Road O","highway":"tertiary"}},{"type":"Feature","geometry":{"type":"Point","coordinates":[-89.3565642,43.2420262]},"properties":{"name":"","highway":"footway"}},{"type":"Feature","geometry":{"type":"Point","coordinates":[-89.3566392,43.2421523]},"properties":{"name":"","highway":"footway"}},{"type":"Feature","geometry":{"type":"Point","coordinates":[-90.7742169,46.3920044]},"properties":{"name":"State Highway 13","highway":"primary"}},{"type":"Feature","geometry":{"type":"Point","coordinates":[-91.0916402,46.3725087]},"properties":{"name":"North Sweden Road","highway":"residential"}},{"type":"Feature","geometry":{"type":"Point","coordinates":[-91.416296,46.5709834]},"properties":{"name":"North Main Street","highway":"residential"}},{"type":"Feature","geometry":{"type":"Point","coordinates":[-90.9968072,46.2944018]},"properties":{"name":"Wisco Road","highway":"unclassified"}},{"type":"Feature","geometry":{"type":"Point","coordinates":[-91.9707715,44.3917103]},"properties":{"name":"State Road 35","highway":"primary"}},{"type":"Feature","geometry":{"type":"Point","coordinates":[-91.3487176,46.1467212]},"properties":{"name":"Mossback Road","highway":"residential"}},{"type":"Feature","geometry":{"type":"Point","coordinates":[-89.788071,44.0859705]},"properties":{"name":"Buttercup Avenue","highway":"residential"}},{"type":"Feature","geometry":{"type":"Point","coordinates":[-89.3469827,43.2264358]},"properties":{"name":"Innovation Drive","highway":"tertiary"}},{"type":"Feature","geometry":{"type":"Point","coordinates":[-89.3203544,43.1860488]},"properties":{"name":"Token Creek Lane","highway":"unclassified"}},{"type":"Feature","geometry":{"type":"Point","coordinates":[-89.5228867,42.9019203]},"properties":{"name":"","highway":"track"}},{"type":"Feature","geometry":{"type":"Point","coordinates":[-91.3957687,45.8753262]},"properties":{"name":"County Highway E","highway":"secondary"}},{"type":"Feature","geometry":{"type":"Point","coordinates":[-91.3178875,45.7928353]},"properties":{"name":"","highway":"path"}},{"type":"Feature","geometry":{"type":"Point","coordinates":[-89.1021908,44.049237]},"properties":{"name":"County Highway E","highway":"tertiary"}},{"type":"Feature","geometry":{"type":"Point","coordinates":[-89.1246628,44.0484961]},"properties":{"name":"Happersett Lane","highway":"residential"}},{"type":"Feature","geometry":{"type":"Point","coordinates":[-88.4161616,45.1954659]},"properties":{"name":"National Forest Rd 2630","highway":"unclassified"}},{"type":"Feature","geometry":{"type":"Point","coordinates":[-91.5876264,46.5502788]},"properties":{"name":"","highway":"service"}},{"type":"Feature","geometry":{"type":"Point","coordinates":[-87.980879,43.2214224]},"properties":{"name":"","highway":"footway"}},{"type":"Feature","geometry":{"type":"Point","coordinates":[-87.9810204,43.2217054]},"properties":{"name":"","highway":"footway"}},{"type":"Feature","geometry":{"type":"Point","coordinates":[-91.8922658,45.2085058]},"properties":{"name":"Barron Dunn","highway":"tertiary"}},{"type":"Feature","geometry":{"type":"Point","coordinates":[-90.7398747,43.1866924]},"properties":{"name":"Marietta Valley Road","highway":"residential"}},{"type":"Feature","geometry":{"type":"Point","coordinates":[-90.7145639,43.1721402]},"properties":{"name":"","highway":"service"}},{"type":"Feature","geometry":{"type":"Point","coordinates":[-92.6549043,44.7559583]},"properties":{"name":"1040th Street","highway":"residential"}},{"type":"Feature","geometry":{"type":"Point","coordinates":[-92.6547549,44.7503369]},"properties":{"name":"1040th Street","highway":"residential"}},{"type":"Feature","geometry":{"type":"Point","coordinates":[-92.6568471,44.7425331]},"properties":{"name":"560th Avenue","highway":"residential"}},{"type":"Feature","geometry":{"type":"Point","coordinates":[-92.5785777,44.8992685]},"properties":{"name":"Liberty Road","highway":"residential"}},{"type":"Feature","geometry":{"type":"Point","coordinates":[-92.5581808,44.9013466]},"properties":{"name":"North River Road","highway":"residential"}},{"type":"Feature","geometry":{"type":"Point","coordinates":[-92.6483148,44.8983289]},"properties":{"name":"","highway":"cycleway"}},{"type":"Feature","geometry":{"type":"Point","coordinates":[-87.7929996,42.7291421]},"properties":{"name":"","highway":"footway"}},{"type":"Feature","geometry":{"type":"Point","coordinates":[-87.7928142,42.7292485]},"properties":{"name":"","highway":"footway"}},{"type":"Feature","geometry":{"type":"Point","coordinates":[-89.2761604,44.4296343]},"properties":{"name":"Keener Road","highway":"residential"}},{"type":"Feature","geometry":{"type":"Point","coordinates":[-90.7315198,43.1811135]},"properties":{"name":"","highway":"track"}},{"type":"Feature","geometry":{"type":"Point","coordinates":[-90.7709301,43.1253743]},"properties":{"name":"State Highway 60","highway":"primary"}},{"type":"Feature","geometry":{"type":"Point","coordinates":[-90.7420644,43.208862]},"properties":{"name":"Spencer Hill Road","highway":"residential"}},{"type":"Feature","geometry":{"type":"Point","coordinates":[-90.8409368,43.8961637]},"properties":{"name":"Jackpot Avenue","highway":"unclassified"}},{"type":"Feature","geometry":{"type":"Point","coordinates":[-90.7327068,43.2196675]},"properties":{"name":"Graham Hollow Road","highway":"residential"}},{"type":"Feature","geometry":{"type":"Point","coordinates":[-90.7232748,43.2296317]},"properties":{"name":"Clun Lane","highway":"service"}},{"type":"Feature","geometry":{"type":"Point","coordinates":[-90.7164043,43.2368876]},"properties":{"name":"Graham Hollow Road","highway":"residential"}},{"type":"Feature","geometry":{"type":"Point","coordinates":[-90.7217762,43.2310809]},"properties":{"name":"","highway":"service"}},{"type":"Feature","geometry":{"type":"Point","coordinates":[-90.7494863,43.2223339]},"properties":{"name":"Childs Hollow Road","highway":"residential"}},{"type":"Feature","geometry":{"type":"Point","coordinates":[-92.532781,45.1968678]},"properties":{"name":"Bridge Avenue","highway":"secondary"}},{"type":"Feature","geometry":{"type":"Point","coordinates":[-92.4718504,45.2797862]},"properties":{"name":"150th Street","highway":"unclassified"}},{"type":"Feature","geometry":{"type":"Point","coordinates":[-92.501766,45.269665]},"properties":{"name":"State Highway 65","highway":"primary"}},{"type":"Feature","geometry":{"type":"Point","coordinates":[-92.5066279,45.2322451]},"properties":{"name":"West Church Road","highway":"residential"}},{"type":"Feature","geometry":{"type":"Point","coordinates":[-90.7563897,43.2360771]},"properties":{"name":"Hound Dog Lane","highway":"residential"}},{"type":"Feature","geometry":{"type":"Point","coordinates":[-90.7557199,43.2354524]},"properties":{"name":"Byers Road","highway":"residential"}},{"type":"Feature","geometry":{"type":"Point","coordinates":[-89.8198908,43.0957837]},"properties":{"name":"","highway":"service"}},{"type":"Feature","geometry":{"type":"Point","coordinates":[-89.8165509,43.1077198]},"properties":{"name":"County Highway F","highway":"tertiary"}},{"type":"Feature","geometry":{"type":"Point","coordinates":[-89.7829971,43.0591945]},"properties":{"name":"County Highway J","highway":"tertiary"}},{"type":"Feature","geometry":{"type":"Point","coordinates":[-89.7845913,43.0605535]},"properties":{"name":"","highway":"track"}},{"type":"Feature","geometry":{"type":"Point","coordinates":[-89.814557,43.0860257]},"properties":{"name":"County Highway F","highway":"tertiary"}},{"type":"Feature","geometry":{"type":"Point","coordinates":[-89.7755947,43.0454608]},"properties":{"name":"County Road JG","highway":"tertiary"}},{"type":"Feature","geometry":{"type":"Point","coordinates":[-89.7779834,43.0426791]},"properties":{"name":"Bohn Road","highway":"tertiary"}},{"type":"Feature","geometry":{"type":"Point","coordinates":[-89.7953199,43.065376]},"properties":{"name":"","highway":"service"}},{"type":"Feature","geometry":{"type":"Point","coordinates":[-89.8056267,43.0812787]},"properties":{"name":"Blue Mounds Trail","highway":"unclassified"}},{"type":"Feature","geometry":{"type":"Point","coordinates":[-89.8358525,43.1286225]},"properties":{"name":"Reeve Road","highway":"residential"}},{"type":"Feature","geometry":{"type":"Point","coordinates":[-90.0582602,43.1137767]},"properties":{"name":"County Road Z","highway":"tertiary"}},{"type":"Feature","geometry":{"type":"Point","coordinates":[-90.064642,43.0210348]},"properties":{"name":"","highway":"service"}},{"type":"Feature","geometry":{"type":"Point","coordinates":[-90.0653861,43.1328073]},"properties":{"name":"","highway":"cycleway"}},{"type":"Feature","geometry":{"type":"Point","coordinates":[-90.0644847,43.1333549]},"properties":{"name":"County Road T;County Road Z","highway":"tertiary"}},{"type":"Feature","geometry":{"type":"Point","coordinates":[-88.2906297,42.9939676]},"properties":{"name":"Les Paul Parkway","highway":"primary"}},{"type":"Feature","geometry":{"type":"Point","coordinates":[-89.8123719,43.9981291]},"properties":{"name":"State Highway 13","highway":"primary"}},{"type":"Feature","geometry":{"type":"Point","coordinates":[-88.2904245,42.9940266]},"properties":{"name":"Les Paul Parkway","highway":"primary"}},{"type":"Feature","geometry":{"type":"Point","coordinates":[-89.3105552,44.4935786]},"properties":{"name":"","highway":"tertiary"}},{"type":"Feature","geometry":{"type":"Point","coordinates":[-89.858077,43.1112004]},"properties":{"name":"Frame Road","highway":"residential"}},{"type":"Feature","geometry":{"type":"Point","coordinates":[-89.8590236,43.1035323]},"properties":{"name":"Richardson Road","highway":"residential"}},{"type":"Feature","geometry":{"type":"Point","coordinates":[-89.8609165,43.0958251]},"properties":{"name":"Zwettler Road","highway":"residential"}},{"type":"Feature","geometry":{"type":"Point","coordinates":[-89.8686406,43.089326]},"properties":{"name":"County Road K","highway":"tertiary"}},{"type":"Feature","geometry":{"type":"Point","coordinates":[-88.7101204,42.8171345]},"properties":{"name":"Willis Ray Road","highway":"tertiary"}},{"type":"Feature","geometry":{"type":"Point","coordinates":[-89.1173298,42.5042234]},"properties":{"name":"West Saint Lawrence Avenue","highway":"tertiary"}},{"type":"Feature","geometry":{"type":"Point","coordinates":[-88.1142683,43.179283]},"properties":{"name":"Main Street","highway":"secondary"}},{"type":"Feature","geometry":{"type":"Point","coordinates":[-88.1134829,43.1781892]},"properties":{"name":"Menomonee River Parkway Multi-use Trail","highway":"path"}},{"type":"Feature","geometry":{"type":"Point","coordinates":[-88.1090252,43.1753174]},"properties":{"name":"","highway":"footway"}},{"type":"Feature","geometry":{"type":"Point","coordinates":[-88.1089845,43.1752666]},"properties":{"name":"Arthur Avenue","highway":"residential"}},{"type":"Feature","geometry":{"type":"Point","coordinates":[-88.0978215,43.1733613]},"properties":{"name":"Menomonee River Parkway Multi-use Trail","highway":"path"}},{"type":"Feature","geometry":{"type":"Point","coordinates":[-88.087828,43.1731061]},"properties":{"name":"","highway":"path"}},{"type":"Feature","geometry":{"type":"Point","coordinates":[-90.3193143,45.6621838]},"properties":{"name":"Little Elk Road","highway":"residential"}},{"type":"Feature","geometry":{"type":"Point","coordinates":[-90.3090966,45.672404]},"properties":{"name":"Murphy Lake Road","highway":"unclassified"}},{"type":"Feature","geometry":{"type":"Point","coordinates":[-90.3497616,45.6777274]},"properties":{"name":"South Worcester Road","highway":"residential"}},{"type":"Feature","geometry":{"type":"Point","coordinates":[-90.0477077,42.6112548]},"properties":{"name":"County Road K","highway":"tertiary"}},{"type":"Feature","geometry":{"type":"Point","coordinates":[-90.8416195,42.9092389]},"properties":{"name":"Milner Road","highway":"residential"}},{"type":"Feature","geometry":{"type":"Point","coordinates":[-91.2064244,44.8362016]},"properties":{"name":"County Road XX","highway":"tertiary"}},{"type":"Feature","geometry":{"type":"Point","coordinates":[-89.7251212,43.0634882]},"properties":{"name":"State Highway 78","highway":"primary"}},{"type":"Feature","geometry":{"type":"Point","coordinates":[-91.1866948,43.864688]},"properties":{"name":"La Crosse River State Trail","highway":"cycleway"}},{"type":"Feature","geometry":{"type":"Point","coordinates":[-91.1363578,43.8695549]},"properties":{"name":"La Crosse River State Trail","highway":"cycleway"}},{"type":"Feature","geometry":{"type":"Point","coordinates":[-90.9255191,43.9016339]},"properties":{"name":"La Crosse River State Trail","highway":"cycleway"}},{"type":"Feature","geometry":{"type":"Point","coordinates":[-91.5437798,44.7787484]},"properties":{"name":"Chippewa River State Trail","highway":"cycleway"}},{"type":"Feature","geometry":{"type":"Point","coordinates":[-88.0790613,43.159508]},"properties":{"name":"","highway":"service"}},{"type":"Feature","geometry":{"type":"Point","coordinates":[-92.4862249,45.6089645]},"properties":{"name":"Gandy Dancer State Trail","highway":"cycleway"}},{"type":"Feature","geometry":{"type":"Point","coordinates":[-90.7801951,45.8887588]},"properties":{"name":"Tuscobia State Trail","highway":"cycleway"}},{"type":"Feature","geometry":{"type":"Point","coordinates":[-90.7211441,45.8993508]},"properties":{"name":"","highway":"cycleway"}},{"type":"Feature","geometry":{"type":"Point","coordinates":[-90.639788,45.9103125]},"properties":{"name":"Tuscobia State Trail","highway":"path"}},{"type":"Feature","geometry":{"type":"Point","coordinates":[-90.6043343,45.9131599]},"properties":{"name":"Tuscobia State Trail","highway":"cycleway"}},{"type":"Feature","geometry":{"type":"Point","coordinates":[-90.5903323,45.911743]},"properties":{"name":"Tuscobia State Trail","highway":"cycleway"}},{"type":"Feature","geometry":{"type":"Point","coordinates":[-88.0742046,43.1585057]},"properties":{"name":"","highway":"service"}},{"type":"Feature","geometry":{"type":"Point","coordinates":[-92.5336664,45.3067367]},"properties":{"name":"Stower Seven Lakes State Trail","highway":"path"}},{"type":"Feature","geometry":{"type":"Point","coordinates":[-92.4921881,45.3046891]},"properties":{"name":"Stower Seven Lakes State Trail","highway":"path"}},{"type":"Feature","geometry":{"type":"Point","coordinates":[-87.7444251,43.741025]},"properties":{"name":"","highway":"cycleway"}},{"type":"Feature","geometry":{"type":"Point","coordinates":[-87.7594141,43.7418371]},"properties":{"name":"","highway":"cycleway"}},{"type":"Feature","geometry":{"type":"Point","coordinates":[-88.0763174,43.1584572]},"properties":{"name":"","highway":"service"}},{"type":"Feature","geometry":{"type":"Point","coordinates":[-90.1768034,42.8546569]},"properties":{"name":"Cheese Country Trail","highway":"path"}},{"type":"Feature","geometry":{"type":"Point","coordinates":[-90.7963808,42.8891714]},"properties":{"name":"Govier Road","highway":"unclassified"}},{"type":"Feature","geometry":{"type":"Point","coordinates":[-91.2568498,43.9642037]},"properties":{"name":"North Main Street","highway":"secondary"}},{"type":"Feature","geometry":{"type":"Point","coordinates":[-89.6471391,42.9198044]},"properties":{"name":"County Road U","highway":"tertiary"}},{"type":"Feature","geometry":{"type":"Point","coordinates":[-89.6461689,42.6542592]},"properties":{"name":"Benkert Road","highway":"unclassified"}},{"type":"Feature","geometry":{"type":"Point","coordinates":[-91.9957284,44.8933569]},"properties":{"name":"330th Street","highway":"unclassified"}},{"type":"Feature","geometry":{"type":"Point","coordinates":[-92.0145819,44.8901792]},"properties":{"name":"County Road K","highway":"secondary"}},{"type":"Feature","geometry":{"type":"Point","coordinates":[-92.0248986,44.89008]},"properties":{"name":"270th Street","highway":"residential"}},{"type":"Feature","geometry":{"type":"Point","coordinates":[-92.0605365,44.8870165]},"properties":{"name":"200th Street","highway":"residential"}},{"type":"Feature","geometry":{"type":"Point","coordinates":[-92.083497,44.8865386]},"properties":{"name":"State Highway 29","highway":"primary"}},{"type":"Feature","geometry":{"type":"Point","coordinates":[-92.0960137,44.8909331]},"properties":{"name":"2nd Street","highway":"unclassified"}},{"type":"Feature","geometry":{"type":"Point","coordinates":[-92.1010826,44.8978509]},"properties":{"name":"120th Street","highway":"residential"}},{"type":"Feature","geometry":{"type":"Point","coordinates":[-92.1083318,44.9008922]},"properties":{"name":"County Road N","highway":"tertiary"}},{"type":"Feature","geometry":{"type":"Point","coordinates":[-92.1163188,44.9083988]},"properties":{"name":"90th Street","highway":"residential"}},{"type":"Feature","geometry":{"type":"Point","coordinates":[-92.0959184,44.8841963]},"properties":{"name":"2nd Street","highway":"unclassified"}},{"type":"Feature","geometry":{"type":"Point","coordinates":[-87.9025684,43.0547839]},"properties":{"name":"","highway":"steps"}},{"type":"Feature","geometry":{"type":"Point","coordinates":[-87.9032409,43.054294]},"properties":{"name":"","highway":"steps"}},{"type":"Feature","geometry":{"type":"Point","coordinates":[-91.6679931,44.5678553]},"properties":{"name":"East Main Street","highway":"primary"}},{"type":"Feature","geometry":{"type":"Point","coordinates":[-91.1198879,43.9016128]},"properties":{"name":"Gills Coulee Road South","highway":"residential"}},{"type":"Feature","geometry":{"type":"Point","coordinates":[-91.9956043,44.8453504]},"properties":{"name":"County Road K","highway":"secondary"}},{"type":"Feature","geometry":{"type":"Point","coordinates":[-91.4818709,44.9445007]},"properties":{"name":"County Highway N","highway":"tertiary"}},{"type":"Feature","geometry":{"type":"Point","coordinates":[-91.479065,44.9432421]},"properties":{"name":"95th Street","highway":"residential"}},{"type":"Feature","geometry":{"type":"Point","coordinates":[-91.4790402,44.9474763]},"properties":{"name":"County Highway HH","highway":"tertiary"}},{"type":"Feature","geometry":{"type":"Point","coordinates":[-90.9020444,43.949867]},"properties":{"name":"Hamilton Avenue","highway":"residential"}},{"type":"Feature","geometry":{"type":"Point","coordinates":[-90.8988283,43.9570019]},"properties":{"name":"Garden Avenue","highway":"tertiary"}},{"type":"Feature","geometry":{"type":"Point","coordinates":[-90.8724304,44.5029217]},"properties":{"name":"Elker Road","highway":"residential"}},{"type":"Feature","geometry":{"type":"Point","coordinates":[-92.0172945,45.4096642]},"properties":{"name":"14th Avenue","highway":"trunk"}},{"type":"Feature","geometry":{"type":"Point","coordinates":[-92.005193,45.3966249]},"properties":{"name":"13th Avenue","highway":"unclassified"}},{"type":"Feature","geometry":{"type":"Point","coordinates":[-92.2462201,44.8404961]},"properties":{"name":"Park Drive","highway":"residential"}},{"type":"Feature","geometry":{"type":"Point","coordinates":[-92.2440213,44.8485479]},"properties":{"name":"","highway":"service"}},{"type":"Feature","geometry":{"type":"Point","coordinates":[-90.8467723,43.2742315]},"properties":{"name":"Little Haney Road","highway":"residential"}},{"type":"Feature","geometry":{"type":"Point","coordinates":[-89.6350882,42.8037234]},"properties":{"name":"","highway":"path"}},{"type":"Feature","geometry":{"type":"Point","coordinates":[-89.4042166,43.3885075]},"properties":{"name":"","highway":"footway"}},{"type":"Feature","geometry":{"type":"Point","coordinates":[-89.4027315,43.3888788]},"properties":{"name":"North Main Street","highway":"secondary"}},{"type":"Feature","geometry":{"type":"Point","coordinates":[-89.8902318,44.332888]},"properties":{"name":"","highway":"path"}},{"type":"Feature","geometry":{"type":"Point","coordinates":[-92.0383102,45.047181]},"properties":{"name":"","highway":"footway"}},{"type":"Feature","geometry":{"type":"Point","coordinates":[-92.0130495,45.0605764]},"properties":{"name":"County Road N","highway":"tertiary"}},{"type":"Feature","geometry":{"type":"Point","coordinates":[-89.5415123,42.9395584]},"properties":{"name":"","highway":"track"}},{"type":"Feature","geometry":{"type":"Point","coordinates":[-89.5320013,42.9301227]},"properties":{"name":"","highway":"footway"}},{"type":"Feature","geometry":{"type":"Point","coordinates":[-92.157931,45.0540431]},"properties":{"name":"Maple Street","highway":"secondary"}},{"type":"Feature","geometry":{"type":"Point","coordinates":[-92.1568967,45.0463584]},"properties":{"name":"320th Street","highway":"residential"}},{"type":"Feature","geometry":{"type":"Point","coordinates":[-89.8393529,42.7771321]},"properties":{"name":"","highway":"service"}},{"type":"Feature","geometry":{"type":"Point","coordinates":[-89.4628356,43.7921368]},"properties":{"name":"State Highway 23","highway":"primary"}},{"type":"Feature","geometry":{"type":"Point","coordinates":[-89.5737722,43.7637485]},"properties":{"name":"Fox Road","highway":"residential"}},{"type":"Feature","geometry":{"type":"Point","coordinates":[-89.5762506,43.7794715]},"properties":{"name":"West Chauncey Street","highway":"tertiary"}},{"type":"Feature","geometry":{"type":"Point","coordinates":[-90.9944941,43.8898882]},"properties":{"name":"La Crosse River State Trail","highway":"cycleway"}},{"type":"Feature","geometry":{"type":"Point","coordinates":[-87.9335141,42.9971717]},"properties":{"name":"","highway":"footway"}},{"type":"Feature","geometry":{"type":"Point","coordinates":[-87.9357842,42.9957454]},"properties":{"name":"","highway":"footway"}},{"type":"Feature","geometry":{"type":"Point","coordinates":[-87.9357899,42.9956202]},"properties":{"name":"","highway":"footway"}},{"type":"Feature","geometry":{"type":"Point","coordinates":[-89.446129,44.0454599]},"properties":{"name":"9th Avenue","highway":"residential"}},{"type":"Feature","geometry":{"type":"Point","coordinates":[-89.4439661,44.0295359]},"properties":{"name":"State Highway 21","highway":"trunk"}},{"type":"Feature","geometry":{"type":"Point","coordinates":[-89.4357077,44.0254958]},"properties":{"name":"County Highway B","highway":"tertiary"}},{"type":"Feature","geometry":{"type":"Point","coordinates":[-89.4268402,44.0221303]},"properties":{"name":"Cumberland Road","highway":"residential"}},{"type":"Feature","geometry":{"type":"Point","coordinates":[-89.3914544,44.0073379]},"properties":{"name":"11th Road","highway":"unclassified"}},{"type":"Feature","geometry":{"type":"Point","coordinates":[-88.8713951,43.8582931]},"properties":{"name":"South Koro Road","highway":"residential"}},{"type":"Feature","geometry":{"type":"Point","coordinates":[-89.4964858,42.8137255]},"properties":{"name":"County Highway X","highway":"tertiary"}},{"type":"Feature","geometry":{"type":"Point","coordinates":[-89.7560648,42.7672342]},"properties":{"name":"","highway":"service"}},{"type":"Feature","geometry":{"type":"Point","coordinates":[-89.7596556,42.7636979]},"properties":{"name":"Apple Grove Road","highway":"residential"}},{"type":"Feature","geometry":{"type":"Point","coordinates":[-89.7698505,42.7543732]},"properties":{"name":"Meadow Brook Road","highway":"unclassified"}},{"type":"Feature","geometry":{"type":"Point","coordinates":[-89.7814226,42.7300204]},"properties":{"name":"Prairie View Road","highway":"residential"}},{"type":"Feature","geometry":{"type":"Point","coordinates":[-89.8386134,42.7726321]},"properties":{"name":"Gould Hill Road","highway":"unclassified"}},{"type":"Feature","geometry":{"type":"Point","coordinates":[-89.8154446,42.7746852]},"properties":{"name":"Vinger Road","highway":"unclassified"}},{"type":"Feature","geometry":{"type":"Point","coordinates":[-89.7640152,42.8316451]},"properties":{"name":"York Center Road","highway":"unclassified"}},{"type":"Feature","geometry":{"type":"Point","coordinates":[-90.4086771,45.9311668]},"properties":{"name":"Bradle Road","highway":"residential"}},{"type":"Feature","geometry":{"type":"Point","coordinates":[-90.4864856,46.0242105]},"properties":{"name":"County Road F","highway":"secondary"}},{"type":"Feature","geometry":{"type":"Point","coordinates":[-91.3998954,45.4083255]},"properties":{"name":"County Highway F","highway":"secondary"}},{"type":"Feature","geometry":{"type":"Point","coordinates":[-90.4263524,46.3899924]},"properties":{"name":"","highway":"track"}},{"type":"Feature","geometry":{"type":"Point","coordinates":[-90.7768482,45.4787317]},"properties":{"name":"Nessa Road","highway":"residential"}},{"type":"Feature","geometry":{"type":"Point","coordinates":[-90.7600815,45.4824659]},"properties":{"name":"Hanson Road","highway":"residential"}},{"type":"Feature","geometry":{"type":"Point","coordinates":[-88.4973462,45.2992073]},"properties":{"name":"","highway":"service"}},{"type":"Feature","geometry":{"type":"Point","coordinates":[-88.4955015,45.298455]},"properties":{"name":"","highway":"service"}},{"type":"Feature","geometry":{"type":"Point","coordinates":[-88.4960567,45.2985564]},"properties":{"name":"","highway":"service"}},{"type":"Feature","geometry":{"type":"Point","coordinates":[-88.4974141,45.2996947]},"properties":{"name":"","highway":"service"}},{"type":"Feature","geometry":{"type":"Point","coordinates":[-91.7854979,46.6482338]},"properties":{"name":"State Highway 13","highway":"primary"}},{"type":"Feature","geometry":{"type":"Point","coordinates":[-91.8087476,46.3619575]},"properties":{"name":"Brancel Road","highway":"residential"}},{"type":"Feature","geometry":{"type":"Point","coordinates":[-92.657575,45.3924473]},"properties":{"name":"","highway":"service"}},{"type":"Feature","geometry":{"type":"Point","coordinates":[-92.6575402,45.3924555]},"properties":{"name":"Lake of the Dalles Trail","highway":"path"}},{"type":"Feature","geometry":{"type":"Point","coordinates":[-91.827882,45.3828866]},"properties":{"name":"16th Street","highway":"residential"}},{"type":"Feature","geometry":{"type":"Point","coordinates":[-92.4576293,45.1070141]},"properties":{"name":"170th Street","highway":"residential"}},{"type":"Feature","geometry":{"type":"Point","coordinates":[-92.4780784,45.1053804]},"properties":{"name":"160th Street","highway":"residential"}},{"type":"Feature","geometry":{"type":"Point","coordinates":[-92.4365675,45.1197009]},"properties":{"name":"County Highway T","highway":"tertiary"}},{"type":"Feature","geometry":{"type":"Point","coordinates":[-88.5384234,43.6920042]},"properties":{"name":"Wild Goose State Trail","highway":"path"}},{"type":"Feature","geometry":{"type":"Point","coordinates":[-92.364306,45.1729035]},"properties":{"name":"220th Street","highway":"residential"}},{"type":"Feature","geometry":{"type":"Point","coordinates":[-92.3799378,45.1655574]},"properties":{"name":"210th Avenue","highway":"residential"}},{"type":"Feature","geometry":{"type":"Point","coordinates":[-92.4050809,45.1505281]},"properties":{"name":"200th Street","highway":"residential"}},{"type":"Feature","geometry":{"type":"Point","coordinates":[-92.3842755,45.1591188]},"properties":{"name":"State Highway 46","highway":"secondary"}},{"type":"Feature","geometry":{"type":"Point","coordinates":[-91.9969368,44.9299068]},"properties":{"name":"690th Avenue","highway":"unclassified"}},{"type":"Feature","geometry":{"type":"Point","coordinates":[-92.0144439,44.9358297]},"properties":{"name":"County Road K","highway":"secondary"}},{"type":"Feature","geometry":{"type":"Point","coordinates":[-92.0509414,45.3095313]},"properties":{"name":"7th Avenue","highway":"secondary"}},{"type":"Feature","geometry":{"type":"Point","coordinates":[-92.2579588,45.6397012]},"properties":{"name":"300th Avenue","highway":"secondary"}},{"type":"Feature","geometry":{"type":"Point","coordinates":[-91.9978623,45.3383265]},"properties":{"name":"9th Avenue","highway":"tertiary"}},{"type":"Feature","geometry":{"type":"Point","coordinates":[-91.6621578,44.574459]},"properties":{"name":"North Washington Street","highway":"residential"}},{"type":"Feature","geometry":{"type":"Point","coordinates":[-88.3845879,43.1640721]},"properties":{"name":"","highway":"service"}},{"type":"Feature","geometry":{"type":"Point","coordinates":[-89.1334815,44.1798615]},"properties":{"name":"Covered Bridge Road","highway":"residential"}},{"type":"Feature","geometry":{"type":"Point","coordinates":[-91.6449547,44.5848991]},"properties":{"name":"State Road 37","highway":"primary"}},{"type":"Feature","geometry":{"type":"Point","coordinates":[-91.6680155,44.567921]},"properties":{"name":"","highway":"footway"}},{"type":"Feature","geometry":{"type":"Point","coordinates":[-92.0961188,45.1182481]},"properties":{"name":"1205th Avenue","highway":"unclassified"}},{"type":"Feature","geometry":{"type":"Point","coordinates":[-92.0979854,45.1352461]},"properties":{"name":"State Highway 64","highway":"primary"}},{"type":"Feature","geometry":{"type":"Point","coordinates":[-92.0950098,45.1388149]},"properties":{"name":"County Road K","highway":"secondary"}},{"type":"Feature","geometry":{"type":"Point","coordinates":[-92.0968924,45.1634523]},"properties":{"name":"1330th Avenue","highway":"unclassified"}},{"type":"Feature","geometry":{"type":"Point","coordinates":[-92.1272063,45.0354306]},"properties":{"name":"County Road Q","highway":"tertiary"}},{"type":"Feature","geometry":{"type":"Point","coordinates":[-91.6680156,44.5677922]},"properties":{"name":"","highway":"footway"}},{"type":"Feature","geometry":{"type":"Point","coordinates":[-91.2129418,44.5744411]},"properties":{"name":"","highway":"path"}},{"type":"Feature","geometry":{"type":"Point","coordinates":[-91.2138351,44.5741277]},"properties":{"name":"","highway":"path"}},{"type":"Feature","geometry":{"type":"Point","coordinates":[-89.5011492,44.5761801]},"properties":{"name":"","highway":"footway"}},{"type":"Feature","geometry":{"type":"Point","coordinates":[-89.5004981,44.5762709]},"properties":{"name":"","highway":"footway"}},{"type":"Feature","geometry":{"type":"Point","coordinates":[-90.7227828,44.2996155]},"properties":{"name":"","highway":"residential"}},{"type":"Feature","geometry":{"type":"Point","coordinates":[-92.2628816,44.8672792]},"properties":{"name":"Boston Road","highway":"unclassified"}},{"type":"Feature","geometry":{"type":"Point","coordinates":[-92.1046925,44.8728091]},"properties":{"name":"110th Street","highway":"residential"}},{"type":"Feature","geometry":{"type":"Point","coordinates":[-92.0963397,44.8833303]},"properties":{"name":"561st Avenue","highway":"residential"}},{"type":"Feature","geometry":{"type":"Point","coordinates":[-92.1732828,45.0587056]},"properties":{"name":"West Oak Street","highway":"secondary"}},{"type":"Feature","geometry":{"type":"Point","coordinates":[-89.5469816,45.2640349]},"properties":{"name":"State Highway 17","highway":"primary"}},{"type":"Feature","geometry":{"type":"Point","coordinates":[-91.5874752,46.5502762]},"properties":{"name":"","highway":"path"}},{"type":"Feature","geometry":{"type":"Point","coordinates":[-91.8229533,46.5947384]},"properties":{"name":"Tri County Corridor","highway":"path"}},{"type":"Feature","geometry":{"type":"Point","coordinates":[-89.9799211,45.4492089]},"properties":{"name":"Bridge Avenue","highway":"unclassified"}},{"type":"Feature","geometry":{"type":"Point","coordinates":[-89.1051173,44.1667556]},"properties":{"name":"","highway":"service"}},{"type":"Feature","geometry":{"type":"Point","coordinates":[-91.182904,43.7234942]},"properties":{"name":"","highway":"residential"}},{"type":"Feature","geometry":{"type":"Point","coordinates":[-91.1753843,43.7239247]},"properties":{"name":"Elm Drive","highway":"residential"}},{"type":"Feature","geometry":{"type":"Point","coordinates":[-91.1719498,43.7207332]},"properties":{"name":"County Road K","highway":"tertiary"}},{"type":"Feature","geometry":{"type":"Point","coordinates":[-91.1684345,43.716892]},"properties":{"name":"County Road K","highway":"tertiary"}},{"type":"Feature","geometry":{"type":"Point","coordinates":[-91.164065,43.7144957]},"properties":{"name":"","highway":"service"}},{"type":"Feature","geometry":{"type":"Point","coordinates":[-91.1609515,43.7116813]},"properties":{"name":"County Road K","highway":"tertiary"}},{"type":"Feature","geometry":{"type":"Point","coordinates":[-91.1349272,43.7240934]},"properties":{"name":"Bendel Lane","highway":"residential"}},{"type":"Feature","geometry":{"type":"Point","coordinates":[-89.2929082,44.4305514]},"properties":{"name":"","highway":"service"}},{"type":"Feature","geometry":{"type":"Point","coordinates":[-91.1438403,43.7650058]},"properties":{"name":"","highway":"trunk"}},{"type":"Feature","geometry":{"type":"Point","coordinates":[-91.1408699,43.7666334]},"properties":{"name":"Breidel Coulee Road","highway":"residential"}},{"type":"Feature","geometry":{"type":"Point","coordinates":[-87.9188176,42.9962179]},"properties":{"name":"","highway":"footway"}},{"type":"Feature","geometry":{"type":"Point","coordinates":[-91.1044454,43.7528078]},"properties":{"name":"Schmaltz Road","highway":"residential"}},{"type":"Feature","geometry":{"type":"Point","coordinates":[-91.0884546,43.7470998]},"properties":{"name":"County Highway M","highway":"tertiary"}},{"type":"Feature","geometry":{"type":"Point","coordinates":[-91.070068,43.7529932]},"properties":{"name":"County Road NN","highway":"tertiary"}},{"type":"Feature","geometry":{"type":"Point","coordinates":[-91.0853475,43.8103623]},"properties":{"name":"","highway":"service"}},{"type":"Feature","geometry":{"type":"Point","coordinates":[-91.0855902,43.8115083]},"properties":{"name":"Dummer Valley Drive","highway":"residential"}},{"type":"Feature","geometry":{"type":"Point","coordinates":[-91.1274314,43.8647998]},"properties":{"name":"County Highway B","highway":"tertiary"}},{"type":"Feature","geometry":{"type":"Point","coordinates":[-88.2334965,44.0485061]},"properties":{"name":"","highway":"service"}},{"type":"Feature","geometry":{"type":"Point","coordinates":[-90.9236733,43.8977978]},"properties":{"name":"","highway":"motorway"}},{"type":"Feature","geometry":{"type":"Point","coordinates":[-90.923422,43.8975566]},"properties":{"name":"","highway":"motorway"}},{"type":"Feature","geometry":{"type":"Point","coordinates":[-90.9202417,43.8930285]},"properties":{"name":"County Highway J","highway":"tertiary"}},{"type":"Feature","geometry":{"type":"Point","coordinates":[-90.9204432,43.8819771]},"properties":{"name":"County Highway J","highway":"tertiary"}},{"type":"Feature","geometry":{"type":"Point","coordinates":[-89.1587297,44.3753848]},"properties":{"name":"","highway":"service"}},{"type":"Feature","geometry":{"type":"Point","coordinates":[-90.9282608,43.9065324]},"properties":{"name":"County Highway U","highway":"tertiary"}},{"type":"Feature","geometry":{"type":"Point","coordinates":[-90.8442706,43.0752212]},"properties":{"name":"","highway":"service"}},{"type":"Feature","geometry":{"type":"Point","coordinates":[-90.8084886,43.9433866]},"properties":{"name":"East Oak Street","highway":"tertiary"}},{"type":"Feature","geometry":{"type":"Point","coordinates":[-90.809595,43.9444074]},"properties":{"name":"East Main Street","highway":"tertiary"}},{"type":"Feature","geometry":{"type":"Point","coordinates":[-90.811838,43.9459061]},"properties":{"name":"West Franklin Street","highway":"residential"}},{"type":"Feature","geometry":{"type":"Point","coordinates":[-89.1275684,44.1773781]},"properties":{"name":"Portage Street","highway":"residential"}},{"type":"Feature","geometry":{"type":"Point","coordinates":[-91.5434329,44.7780771]},"properties":{"name":"Jopke Road","highway":"residential"}},{"type":"Feature","geometry":{"type":"Point","coordinates":[-88.4751265,43.6973368]},"properties":{"name":"County Road B","highway":"tertiary"}},{"type":"Feature","geometry":{"type":"Point","coordinates":[-88.1393436,45.6736914]},"properties":{"name":"","highway":"track"}},{"type":"Feature","geometry":{"type":"Point","coordinates":[-87.6587661,45.0434309]},"properties":{"name":"","highway":"service"}},{"type":"Feature","geometry":{"type":"Point","coordinates":[-87.6476564,45.0391225]},"properties":{"name":"Krause Road","highway":"residential"}},{"type":"Feature","geometry":{"type":"Point","coordinates":[-90.338299,46.4364031]},"properties":{"name":"Uller Trail","highway":"footway"}},{"type":"Feature","geometry":{"type":"Point","coordinates":[-90.3112553,46.4241047]},"properties":{"name":"Uller Trail","highway":"footway"}},{"type":"Feature","geometry":{"type":"Point","coordinates":[-87.9590846,43.3380223]},"properties":{"name":"Cedar Creek Road","highway":"tertiary"}},{"type":"Feature","geometry":{"type":"Point","coordinates":[-91.1895693,43.7907994]},"properties":{"name":"","highway":"service"}},{"type":"Feature","geometry":{"type":"Point","coordinates":[-89.6867337,42.9592268]},"properties":{"name":"","highway":"footway"}},{"type":"Feature","geometry":{"type":"Point","coordinates":[-89.681703,42.9591455]},"properties":{"name":"Sutter Drive","highway":"residential"}},{"type":"Feature","geometry":{"type":"Point","coordinates":[-89.6714642,42.9560302]},"properties":{"name":"North Access Trail","highway":"footway"}},{"type":"Feature","geometry":{"type":"Point","coordinates":[-89.6739502,42.9643256]},"properties":{"name":"Donald Rock Trail","highway":"footway"}},{"type":"Feature","geometry":{"type":"Point","coordinates":[-89.6741373,42.9623208]},"properties":{"name":"North Access Trail","highway":"footway"}},{"type":"Feature","geometry":{"type":"Point","coordinates":[-87.9607568,42.9960861]},"properties":{"name":"","highway":"footway"}},{"type":"Feature","geometry":{"type":"Point","coordinates":[-88.703061,42.8038934]},"properties":{"name":"Millis Road","highway":"residential"}},{"type":"Feature","geometry":{"type":"Point","coordinates":[-91.455693,44.7995138]},"properties":{"name":"","highway":"motorway"}},{"type":"Feature","geometry":{"type":"Point","coordinates":[-91.4560721,44.7996955]},"properties":{"name":"","highway":"motorway"}},{"type":"Feature","geometry":{"type":"Point","coordinates":[-91.4561867,44.799717]},"properties":{"name":"","highway":"motorway_link"}},{"type":"Feature","geometry":{"type":"Point","coordinates":[-91.4533902,44.7953823]},"properties":{"name":"","highway":"cycleway"}},{"type":"Feature","geometry":{"type":"Point","coordinates":[-89.1257137,42.526234]},"properties":{"name":"West Spring Creek Road","highway":"residential"}},{"type":"Feature","geometry":{"type":"Point","coordinates":[-91.9780925,46.5648906]},"properties":{"name":"Rice Farm Road","highway":"residential"}},{"type":"Feature","geometry":{"type":"Point","coordinates":[-91.9837313,46.5575979]},"properties":{"name":"County Road K","highway":"secondary"}},{"type":"Feature","geometry":{"type":"Point","coordinates":[-92.1602936,46.0263477]},"properties":{"name":"Bear Lake Loops","highway":"path"}},{"type":"Feature","geometry":{"type":"Point","coordinates":[-87.9575734,43.0249589]},"properties":{"name":"","highway":"footway"}},{"type":"Feature","geometry":{"type":"Point","coordinates":[-87.9578231,43.0249577]},"properties":{"name":"","highway":"footway"}},{"type":"Feature","geometry":{"type":"Point","coordinates":[-90.5693084,46.3959462]},"properties":{"name":"State Highway 169","highway":"secondary"}},{"type":"Feature","geometry":{"type":"Point","coordinates":[-91.0606638,43.7566344]},"properties":{"name":"Kreibich Coulee Road","highway":"residential"}},{"type":"Feature","geometry":{"type":"Point","coordinates":[-91.1264903,43.7641926]},"properties":{"name":"County Road YY","highway":"secondary"}},{"type":"Feature","geometry":{"type":"Point","coordinates":[-91.0376947,43.7648438]},"properties":{"name":"","highway":"service"}},{"type":"Feature","geometry":{"type":"Point","coordinates":[-92.2465318,46.5506223]},"properties":{"name":"West County Road W","highway":"tertiary"}},{"type":"Feature","geometry":{"type":"Point","coordinates":[-91.4381142,45.163476]},"properties":{"name":"220th Avenue","highway":"residential"}},{"type":"Feature","geometry":{"type":"Point","coordinates":[-89.3072377,44.9576269]},"properties":{"name":"Pine View Road","highway":"unclassified"}},{"type":"Feature","geometry":{"type":"Point","coordinates":[-89.2461437,45.0240499]},"properties":{"name":"","highway":"footway"}},{"type":"Feature","geometry":{"type":"Point","coordinates":[-90.1322604,45.2375933]},"properties":{"name":"Tower Avenue","highway":"residential"}},{"type":"Feature","geometry":{"type":"Point","coordinates":[-89.7018406,45.1802369]},"properties":{"name":"","highway":"footway"}},{"type":"Feature","geometry":{"type":"Point","coordinates":[-89.7024741,45.1808082]},"properties":{"name":"","highway":"footway"}},{"type":"Feature","geometry":{"type":"Point","coordinates":[-89.7027605,45.1804981]},"properties":{"name":"","highway":"footway"}},{"type":"Feature","geometry":{"type":"Point","coordinates":[-89.7025812,45.1804436]},"properties":{"name":"","highway":"footway"}},{"type":"Feature","geometry":{"type":"Point","coordinates":[-89.7036312,45.1790108]},"properties":{"name":"","highway":"footway"}},{"type":"Feature","geometry":{"type":"Point","coordinates":[-89.7750775,45.1538843]},"properties":{"name":"Snow Hill Road","highway":"unclassified"}},{"type":"Feature","geometry":{"type":"Point","coordinates":[-89.7790978,45.1489282]},"properties":{"name":"County Road Z","highway":"tertiary"}},{"type":"Feature","geometry":{"type":"Point","coordinates":[-89.7620232,45.2144966]},"properties":{"name":"State Highway 107","highway":"secondary"}},{"type":"Feature","geometry":{"type":"Point","coordinates":[-89.2914607,44.0579271]},"properties":{"name":"Chicago Road","highway":"residential"}},{"type":"Feature","geometry":{"type":"Point","coordinates":[-89.2898761,44.0684387]},"properties":{"name":"West Division Street","highway":"residential"}},{"type":"Feature","geometry":{"type":"Point","coordinates":[-89.2899085,44.0684856]},"properties":{"name":"","highway":"footway"}},{"type":"Feature","geometry":{"type":"Point","coordinates":[-89.2915149,44.0720557]},"properties":{"name":"West River Street","highway":"residential"}},{"type":"Feature","geometry":{"type":"Point","coordinates":[-89.2917208,44.0748355]},"properties":{"name":"","highway":"service"}},{"type":"Feature","geometry":{"type":"Point","coordinates":[-89.292593,44.0735446]},"properties":{"name":"West Elm Street","highway":"residential"}},{"type":"Feature","geometry":{"type":"Point","coordinates":[-89.8765928,45.2069511]},"properties":{"name":"Cranberry Trail","highway":"unclassified"}},{"type":"Feature","geometry":{"type":"Point","coordinates":[-89.7378475,45.2210735]},"properties":{"name":"Lone Pine Drive","highway":"residential"}},{"type":"Feature","geometry":{"type":"Point","coordinates":[-89.6401747,45.1040622]},"properties":{"name":"Rainbow Drive","highway":"unclassified"}},{"type":"Feature","geometry":{"type":"Point","coordinates":[-89.6038896,45.0829553]},"properties":{"name":"Shady Lane Road","highway":"residential"}},{"type":"Feature","geometry":{"type":"Point","coordinates":[-87.8931539,43.0710107]},"properties":{"name":"","highway":"footway"}},{"type":"Feature","geometry":{"type":"Point","coordinates":[-89.6375087,45.2036899]},"properties":{"name":"State Highway 17","highway":"primary"}},{"type":"Feature","geometry":{"type":"Point","coordinates":[-89.6675154,45.235765]},"properties":{"name":"North Star Drive","highway":"tertiary"}},{"type":"Feature","geometry":{"type":"Point","coordinates":[-89.51402,42.9919979]},"properties":{"name":"","highway":"path"}},{"type":"Feature","geometry":{"type":"Point","coordinates":[-89.294742,44.0490939]},"properties":{"name":"State Highway 22","highway":"primary"}},{"type":"Feature","geometry":{"type":"Point","coordinates":[-89.3184035,44.0522694]},"properties":{"name":"Cottonville Avenue","highway":"residential"}},{"type":"Feature","geometry":{"type":"Point","coordinates":[-89.3525571,44.0803704]},"properties":{"name":"County Road T","highway":"tertiary"}},{"type":"Feature","geometry":{"type":"Point","coordinates":[-89.2952036,44.4755943]},"properties":{"name":"Lake Meyers Road","highway":"unclassified"}},{"type":"Feature","geometry":{"type":"Point","coordinates":[-89.3250741,44.5091094]},"properties":{"name":"","highway":"service"}},{"type":"Feature","geometry":{"type":"Point","coordinates":[-89.3221113,44.5039698]},"properties":{"name":"Loberg Road","highway":"primary"}},{"type":"Feature","geometry":{"type":"Point","coordinates":[-89.3341517,44.5141523]},"properties":{"name":"","highway":"service"}},{"type":"Feature","geometry":{"type":"Point","coordinates":[-89.3196004,43.9933134]},"properties":{"name":"Czech Court","highway":"unclassified"}},{"type":"Feature","geometry":{"type":"Point","coordinates":[-89.3034246,43.9704857]},"properties":{"name":"Dakota Lane","highway":"residential"}},{"type":"Feature","geometry":{"type":"Point","coordinates":[-89.2413421,43.9713802]},"properties":{"name":"19th Court","highway":"residential"}},{"type":"Feature","geometry":{"type":"Point","coordinates":[-90.5279405,43.3316155]},"properties":{"name":"State Highway 171","highway":"secondary"}},{"type":"Feature","geometry":{"type":"Point","coordinates":[-90.5303769,43.3287841]},"properties":{"name":"County Highway E","highway":"secondary"}},{"type":"Feature","geometry":{"type":"Point","coordinates":[-87.9845719,42.9844825]},"properties":{"name":"","highway":"footway"}},{"type":"Feature","geometry":{"type":"Point","coordinates":[-87.9847746,42.9850639]},"properties":{"name":"","highway":"footway"}},{"type":"Feature","geometry":{"type":"Point","coordinates":[-87.9848385,42.9832887]},"properties":{"name":"","highway":"footway"}},{"type":"Feature","geometry":{"type":"Point","coordinates":[-87.8162916,43.8410578]},"properties":{"name":"Roosevelt Road","highway":"unclassified"}},{"type":"Feature","geometry":{"type":"Point","coordinates":[-87.8174158,43.8333286]},"properties":{"name":"Madison Avenue","highway":"primary"}},{"type":"Feature","geometry":{"type":"Point","coordinates":[-87.8125318,43.8047743]},"properties":{"name":"Playbird Road","highway":"unclassified"}},{"type":"Feature","geometry":{"type":"Point","coordinates":[-87.6325826,45.0415179]},"properties":{"name":"","highway":"service"}},{"type":"Feature","geometry":{"type":"Point","coordinates":[-87.8931379,43.0711774]},"properties":{"name":"","highway":"footway"}},{"type":"Feature","geometry":{"type":"Point","coordinates":[-91.3618248,45.5960537]},"properties":{"name":"Meadow Dam Road","highway":"residential"}},{"type":"Feature","geometry":{"type":"Point","coordinates":[-89.6563402,43.1138557]},"properties":{"name":"","highway":"footway"}},{"type":"Feature","geometry":{"type":"Point","coordinates":[-89.6479025,43.1120664]},"properties":{"name":"Ice Age Trail","highway":"footway"}},{"type":"Feature","geometry":{"type":"Point","coordinates":[-89.6519718,43.1134198]},"properties":{"name":"","highway":"footway"}},{"type":"Feature","geometry":{"type":"Point","coordinates":[-90.2271493,43.2560083]},"properties":{"name":"State Highway 130","highway":"secondary"}},{"type":"Feature","geometry":{"type":"Point","coordinates":[-89.5992332,43.7902584]},"properties":{"name":"1st Court","highway":"residential"}},{"type":"Feature","geometry":{"type":"Point","coordinates":[-89.6148668,43.7971305]},"properties":{"name":"1st Lane","highway":"residential"}},{"type":"Feature","geometry":{"type":"Point","coordinates":[-89.4730696,43.8139217]},"properties":{"name":"Fawn Court","highway":"residential"}},{"type":"Feature","geometry":{"type":"Point","coordinates":[-89.5973658,43.8980722]},"properties":{"name":"1st Avenue","highway":"residential"}},{"type":"Feature","geometry":{"type":"Point","coordinates":[-89.5695099,43.8942778]},"properties":{"name":"Eagle Avenue","highway":"unclassified"}},{"type":"Feature","geometry":{"type":"Point","coordinates":[-89.4851746,43.8888642]},"properties":{"name":"","highway":"footway"}},{"type":"Feature","geometry":{"type":"Point","coordinates":[-89.5461981,43.882526]},"properties":{"name":"County Highway E","highway":"secondary"}},{"type":"Feature","geometry":{"type":"Point","coordinates":[-91.6971589,45.1400144]},"properties":{"name":"County Road M","highway":"tertiary"}},{"type":"Feature","geometry":{"type":"Point","coordinates":[-90.2080457,43.2857405]},"properties":{"name":"St Killians Road","highway":"unclassified"}},{"type":"Feature","geometry":{"type":"Point","coordinates":[-90.2265275,43.2767265]},"properties":{"name":"State Highway 130","highway":"secondary"}},{"type":"Feature","geometry":{"type":"Point","coordinates":[-90.2320453,43.2711354]},"properties":{"name":"County Road B","highway":"tertiary"}},{"type":"Feature","geometry":{"type":"Point","coordinates":[-90.177248,43.362677]},"properties":{"name":"Croal Hollow Road","highway":"residential"}},{"type":"Feature","geometry":{"type":"Point","coordinates":[-90.1773917,43.3584069]},"properties":{"name":"","highway":"residential"}},{"type":"Feature","geometry":{"type":"Point","coordinates":[-90.1807259,43.3507042]},"properties":{"name":"","highway":"track"}},{"type":"Feature","geometry":{"type":"Point","coordinates":[-90.1757534,43.3273143]},"properties":{"name":"County Highway N","highway":"tertiary"}},{"type":"Feature","geometry":{"type":"Point","coordinates":[-90.192277,43.306894]},"properties":{"name":"Marble Quarry Road","highway":"unclassified"}},{"type":"Feature","geometry":{"type":"Point","coordinates":[-89.6456373,43.1109624]},"properties":{"name":"County Highway P","highway":"secondary"}},{"type":"Feature","geometry":{"type":"Point","coordinates":[-89.6455542,43.1108936]},"properties":{"name":"County Highway P","highway":"secondary"}},{"type":"Feature","geometry":{"type":"Point","coordinates":[-89.646003,43.1119396]},"properties":{"name":"Main Street","highway":"primary"}},{"type":"Feature","geometry":{"type":"Point","coordinates":[-89.6460863,43.1118589]},"properties":{"name":"Main Street","highway":"primary"}},{"type":"Feature","geometry":{"type":"Point","coordinates":[-89.5788032,43.8971179]},"properties":{"name":"","highway":"service"}},{"type":"Feature","geometry":{"type":"Point","coordinates":[-90.8274253,44.4658462]},"properties":{"name":"West Kovar Road","highway":"residential"}},{"type":"Feature","geometry":{"type":"Point","coordinates":[-90.3938187,46.1373878]},"properties":{"name":"Silver Creek Road","highway":"residential"}},{"type":"Feature","geometry":{"type":"Point","coordinates":[-90.3626449,46.3611727]},"properties":{"name":"","highway":"service"}},{"type":"Feature","geometry":{"type":"Point","coordinates":[-88.0000045,43.045464]},"properties":{"name":"","highway":"footway"}},{"type":"Feature","geometry":{"type":"Point","coordinates":[-87.9998586,43.0454644]},"properties":{"name":"","highway":"footway"}},{"type":"Feature","geometry":{"type":"Point","coordinates":[-87.997535,43.0446851]},"properties":{"name":"","highway":"footway"}},{"type":"Feature","geometry":{"type":"Point","coordinates":[-87.9973471,43.044634]},"properties":{"name":"","highway":"footway"}},{"type":"Feature","geometry":{"type":"Point","coordinates":[-90.7201864,44.2982339]},"properties":{"name":"porcupine","highway":"path"}},{"type":"Feature","geometry":{"type":"Point","coordinates":[-89.0580795,44.0481622]},"properties":{"name":"28th Road","highway":"residential"}},{"type":"Feature","geometry":{"type":"Point","coordinates":[-89.1347114,44.0937589]},"properties":{"name":"Brown Deer Avenue","highway":"residential"}},{"type":"Feature","geometry":{"type":"Point","coordinates":[-89.1363767,44.1051159]},"properties":{"name":"Blackhawk Road","highway":"residential"}},{"type":"Feature","geometry":{"type":"Point","coordinates":[-89.142262,44.0551497]},"properties":{"name":"County Highway S","highway":"tertiary"}},{"type":"Feature","geometry":{"type":"Point","coordinates":[-89.1473865,44.0690645]},"properties":{"name":"Chicago Avenue","highway":"unclassified"}},{"type":"Feature","geometry":{"type":"Point","coordinates":[-89.174994,44.1267737]},"properties":{"name":"Bighorn Avenue","highway":"residential"}},{"type":"Feature","geometry":{"type":"Point","coordinates":[-89.1896251,44.1411354]},"properties":{"name":"Beechnut Avenue","highway":"residential"}},{"type":"Feature","geometry":{"type":"Point","coordinates":[-91.3662426,45.6127301]},"properties":{"name":"Serley Camp Trail","highway":"track"}},{"type":"Feature","geometry":{"type":"Point","coordinates":[-89.3178564,43.9351113]},"properties":{"name":"","highway":"service"}},{"type":"Feature","geometry":{"type":"Point","coordinates":[-89.3155371,43.9324755]},"properties":{"name":"","highway":"service"}},{"type":"Feature","geometry":{"type":"Point","coordinates":[-89.3195891,43.9377717]},"properties":{"name":"Dover Avenue","highway":"residential"}},{"type":"Feature","geometry":{"type":"Point","coordinates":[-89.3474277,43.9709332]},"properties":{"name":"14th Avenue","highway":"unclassified"}},{"type":"Feature","geometry":{"type":"Point","coordinates":[-87.9125888,43.0325366]},"properties":{"name":"","highway":"footway"}},{"type":"Feature","geometry":{"type":"Point","coordinates":[-87.9123561,43.0325459]},"properties":{"name":"","highway":"footway"}},{"type":"Feature","geometry":{"type":"Point","coordinates":[-87.9100318,43.0313036]},"properties":{"name":"","highway":"footway"}},{"type":"Feature","geometry":{"type":"Point","coordinates":[-87.9098555,43.0312352]},"properties":{"name":"","highway":"footway"}},{"type":"Feature","geometry":{"type":"Point","coordinates":[-87.9075806,43.030175]},"properties":{"name":"","highway":"footway"}},{"type":"Feature","geometry":{"type":"Point","coordinates":[-87.907426,43.0300675]},"properties":{"name":"","highway":"footway"}},{"type":"Feature","geometry":{"type":"Point","coordinates":[-88.0209714,44.5085248]},"properties":{"name":"West Mason Street","highway":"primary"}},{"type":"Feature","geometry":{"type":"Point","coordinates":[-88.0224226,44.5090759]},"properties":{"name":"West Mason Street","highway":"primary"}},{"type":"Feature","geometry":{"type":"Point","coordinates":[-92.6428937,44.8399565]},"properties":{"name":"","highway":"footway"}},{"type":"Feature","geometry":{"type":"Point","coordinates":[-89.0683535,44.1409177]},"properties":{"name":"County Highway E","highway":"tertiary"}},{"type":"Feature","geometry":{"type":"Point","coordinates":[-89.0588515,44.1411978]},"properties":{"name":"28th Court","highway":"unclassified"}},{"type":"Feature","geometry":{"type":"Point","coordinates":[-89.0770811,44.1504708]},"properties":{"name":"County Highway E","highway":"tertiary"}},{"type":"Feature","geometry":{"type":"Point","coordinates":[-91.147742,46.5302435]},"properties":{"name":"Major Richard I. Bong Memorial Highway","highway":"trunk"}},{"type":"Feature","geometry":{"type":"Point","coordinates":[-91.553784,44.9474385]},"properties":{"name":"County Road T","highway":"secondary"}},{"type":"Feature","geometry":{"type":"Point","coordinates":[-87.9082887,43.0083805]},"properties":{"name":"","highway":"footway"}},{"type":"Feature","geometry":{"type":"Point","coordinates":[-87.9084779,43.0083262]},"properties":{"name":"","highway":"footway"}},{"type":"Feature","geometry":{"type":"Point","coordinates":[-87.9110931,43.0083539]},"properties":{"name":"","highway":"footway"}},{"type":"Feature","geometry":{"type":"Point","coordinates":[-87.9112923,43.0083568]},"properties":{"name":"","highway":"footway"}},{"type":"Feature","geometry":{"type":"Point","coordinates":[-87.9139553,43.0066579]},"properties":{"name":"","highway":"footway"}},{"type":"Feature","geometry":{"type":"Point","coordinates":[-90.7797678,45.8844068]},"properties":{"name":"State Highway 70","highway":"primary"}},{"type":"Feature","geometry":{"type":"Point","coordinates":[-89.0367389,44.230342]},"properties":{"name":"29th Drive","highway":"unclassified"}},{"type":"Feature","geometry":{"type":"Point","coordinates":[-89.0519171,44.2186513]},"properties":{"name":"Pine Hill Road","highway":"residential"}},{"type":"Feature","geometry":{"type":"Point","coordinates":[-91.0214002,44.9442033]},"properties":{"name":"County Road X","highway":"secondary"}},{"type":"Feature","geometry":{"type":"Point","coordinates":[-89.0471558,44.2353075]},"properties":{"name":"Akron Court","highway":"unclassified"}},{"type":"Feature","geometry":{"type":"Point","coordinates":[-89.0567265,44.2421416]},"properties":{"name":"Pine Hill Road","highway":"residential"}},{"type":"Feature","geometry":{"type":"Point","coordinates":[-89.0669581,44.2485963]},"properties":{"name":"Saxeville Road","highway":"unclassified"}},{"type":"Feature","geometry":{"type":"Point","coordinates":[-91.6531774,44.5785989]},"properties":{"name":"","highway":"residential"}},{"type":"Feature","geometry":{"type":"Point","coordinates":[-91.6674859,44.566846]},"properties":{"name":"","highway":"footway"}},{"type":"Feature","geometry":{"type":"Point","coordinates":[-91.6688298,44.5654422]},"properties":{"name":"","highway":"footway"}},{"type":"Feature","geometry":{"type":"Point","coordinates":[-91.6688882,44.5676056]},"properties":{"name":"","highway":"service"}},{"type":"Feature","geometry":{"type":"Point","coordinates":[-91.6361331,44.5893427]},"properties":{"name":"Whitworth Road","highway":"residential"}},{"type":"Feature","geometry":{"type":"Point","coordinates":[-91.6419191,44.585386]},"properties":{"name":"Golf Road","highway":"residential"}},{"type":"Feature","geometry":{"type":"Point","coordinates":[-91.448565,46.0262996]},"properties":{"name":"West Hospital Road","highway":"unclassified"}},{"type":"Feature","geometry":{"type":"Point","coordinates":[-91.4419639,46.038697]},"properties":{"name":"","highway":"track"}},{"type":"Feature","geometry":{"type":"Point","coordinates":[-91.4314558,46.051536]},"properties":{"name":"West Phipps Road","highway":"residential"}},{"type":"Feature","geometry":{"type":"Point","coordinates":[-89.8196062,43.9994287]},"properties":{"name":"","highway":"footway"}},{"type":"Feature","geometry":{"type":"Point","coordinates":[-89.798705,44.0250599]},"properties":{"name":"State Highway 21","highway":"trunk"}},{"type":"Feature","geometry":{"type":"Point","coordinates":[-89.8273463,43.9959585]},"properties":{"name":"13th Drive","highway":"residential"}},{"type":"Feature","geometry":{"type":"Point","coordinates":[-89.3472356,43.9506181]},"properties":{"name":"14th Avenue","highway":"unclassified"}},{"type":"Feature","geometry":{"type":"Point","coordinates":[-89.3836966,43.954253]},"properties":{"name":"","highway":"residential"}},{"type":"Feature","geometry":{"type":"Point","coordinates":[-89.4059064,43.9795701]},"properties":{"name":"","highway":"residential"}},{"type":"Feature","geometry":{"type":"Point","coordinates":[-89.3923008,43.970777]},"properties":{"name":"","highway":"residential"}},{"type":"Feature","geometry":{"type":"Point","coordinates":[-89.4961299,43.9817205]},"properties":{"name":"","highway":"motorway"}},{"type":"Feature","geometry":{"type":"Point","coordinates":[-89.5000806,43.9816204]},"properties":{"name":"","highway":"footway"}},{"type":"Feature","geometry":{"type":"Point","coordinates":[-89.5109766,43.9889081]},"properties":{"name":"","highway":"residential"}},{"type":"Feature","geometry":{"type":"Point","coordinates":[-89.4623088,43.9813789]},"properties":{"name":"7th Drive","highway":"tertiary"}},{"type":"Feature","geometry":{"type":"Point","coordinates":[-89.1365282,44.1809158]},"properties":{"name":"County Highway A","highway":"tertiary"}},{"type":"Feature","geometry":{"type":"Point","coordinates":[-87.9665942,42.9975495]},"properties":{"name":"","highway":"footway"}},{"type":"Feature","geometry":{"type":"Point","coordinates":[-87.9139158,43.0064301]},"properties":{"name":"","highway":"footway"}},{"type":"Feature","geometry":{"type":"Point","coordinates":[-87.9119533,43.0029552]},"properties":{"name":"","highway":"footway"}},{"type":"Feature","geometry":{"type":"Point","coordinates":[-87.9118687,43.0027724]},"properties":{"name":"","highway":"footway"}},{"type":"Feature","geometry":{"type":"Point","coordinates":[-87.9115027,43.0023319]},"properties":{"name":"","highway":"footway"}},{"type":"Feature","geometry":{"type":"Point","coordinates":[-87.9124316,42.9970274]},"properties":{"name":"","highway":"footway"}},{"type":"Feature","geometry":{"type":"Point","coordinates":[-87.9126175,42.9967766]},"properties":{"name":"","highway":"footway"}},{"type":"Feature","geometry":{"type":"Point","coordinates":[-87.9189977,42.9963351]},"properties":{"name":"","highway":"footway"}},{"type":"Feature","geometry":{"type":"Point","coordinates":[-87.9236521,42.9974553]},"properties":{"name":"","highway":"footway"}},{"type":"Feature","geometry":{"type":"Point","coordinates":[-87.9284914,42.9971204]},"properties":{"name":"","highway":"footway"}},{"type":"Feature","geometry":{"type":"Point","coordinates":[-87.9238215,42.9974445]},"properties":{"name":"","highway":"footway"}},{"type":"Feature","geometry":{"type":"Point","coordinates":[-89.139033,45.1444304]},"properties":{"name":"","highway":"footway"}},{"type":"Feature","geometry":{"type":"Point","coordinates":[-87.9480689,42.9915283]},"properties":{"name":"","highway":"footway"}},{"type":"Feature","geometry":{"type":"Point","coordinates":[-87.9338293,42.9937026]},"properties":{"name":"","highway":"footway"}},{"type":"Feature","geometry":{"type":"Point","coordinates":[-89.3215796,44.0732026]},"properties":{"name":"Antler Drive","highway":"residential"}},{"type":"Feature","geometry":{"type":"Point","coordinates":[-89.1594029,44.0604113]},"properties":{"name":"County Road Z","highway":"tertiary"}},{"type":"Feature","geometry":{"type":"Point","coordinates":[-89.055425,44.1847391]},"properties":{"name":"Archer Avenue","highway":"unclassified"}},{"type":"Feature","geometry":{"type":"Point","coordinates":[-89.4299901,43.9917504]},"properties":{"name":"","highway":"service"}},{"type":"Feature","geometry":{"type":"Point","coordinates":[-89.4582606,44.0019968]},"properties":{"name":"","highway":"footway"}},{"type":"Feature","geometry":{"type":"Point","coordinates":[-89.7375942,44.003473]},"properties":{"name":"8th Avenue","highway":"residential"}},{"type":"Feature","geometry":{"type":"Point","coordinates":[-89.7518688,43.9968016]},"properties":{"name":"Czech Avenue","highway":"residential"}},{"type":"Feature","geometry":{"type":"Point","coordinates":[-89.7776391,43.9837978]},"properties":{"name":"10th Avenue","highway":"tertiary"}},{"type":"Feature","geometry":{"type":"Point","coordinates":[-87.9287088,42.9970956]},"properties":{"name":"","highway":"footway"}},{"type":"Feature","geometry":{"type":"Point","coordinates":[-87.9336032,42.9937128]},"properties":{"name":"","highway":"footway"}},{"type":"Feature","geometry":{"type":"Point","coordinates":[-87.8848364,44.8834576]},"properties":{"name":"","highway":"cycleway"}},{"type":"Feature","geometry":{"type":"Point","coordinates":[-88.3594222,42.9581471]},"properties":{"name":"State Highway 59","highway":"primary"}},{"type":"Feature","geometry":{"type":"Point","coordinates":[-88.1241715,44.5635433]},"properties":{"name":"Shawano Avenue","highway":"tertiary"}},{"type":"Feature","geometry":{"type":"Point","coordinates":[-91.7926773,46.6872278]},"properties":{"name":"Halkett Road","highway":"residential"}},{"type":"Feature","geometry":{"type":"Point","coordinates":[-88.5402865,43.5794625]},"properties":{"name":"","highway":"service"}},{"type":"Feature","geometry":{"type":"Point","coordinates":[-88.5761296,42.5438927]},"properties":{"name":"East Dewey Avenue","highway":"service"}},{"type":"Feature","geometry":{"type":"Point","coordinates":[-91.5579752,44.5678021]},"properties":{"name":"Gonty Road","highway":"residential"}},{"type":"Feature","geometry":{"type":"Point","coordinates":[-87.7796953,43.7658664]},"properties":{"name":"County Road Y","highway":"secondary"}},{"type":"Feature","geometry":{"type":"Point","coordinates":[-87.8004914,43.7967548]},"properties":{"name":"Rangeline Road","highway":"unclassified"}},{"type":"Feature","geometry":{"type":"Point","coordinates":[-87.8049289,43.8773659]},"properties":{"name":"Orchard Road","highway":"unclassified"}},{"type":"Feature","geometry":{"type":"Point","coordinates":[-89.0977884,44.3190967]},"properties":{"name":"Shadow Road","highway":"residential"}},{"type":"Feature","geometry":{"type":"Point","coordinates":[-89.0977322,44.319547]},"properties":{"name":"Shadow Road","highway":"residential"}},{"type":"Feature","geometry":{"type":"Point","coordinates":[-90.9676305,45.5209456]},"properties":{"name":"","highway":"footway"}},{"type":"Feature","geometry":{"type":"Point","coordinates":[-90.9657726,45.5198094]},"properties":{"name":"Josie Creek Road","highway":"residential"}},{"type":"Feature","geometry":{"type":"Point","coordinates":[-91.7631965,45.2158039]},"properties":{"name":"19 1/4 Street","highway":"unclassified"}},{"type":"Feature","geometry":{"type":"Point","coordinates":[-91.7785952,45.2202474]},"properties":{"name":"18 1/2 Street","highway":"residential"}},{"type":"Feature","geometry":{"type":"Point","coordinates":[-91.8095693,45.2321661]},"properties":{"name":"County Highway U","highway":"tertiary"}},{"type":"Feature","geometry":{"type":"Point","coordinates":[-91.8201929,45.244662]},"properties":{"name":"2 1/2 Avenue","highway":"residential"}},{"type":"Feature","geometry":{"type":"Point","coordinates":[-88.7721235,43.4537402]},"properties":{"name":"","highway":"path"}},{"type":"Feature","geometry":{"type":"Point","coordinates":[-88.538515,42.5781285]},"properties":{"name":"","highway":"footway"}},{"type":"Feature","geometry":{"type":"Point","coordinates":[-92.5173327,44.9517442]},"properties":{"name":"140th Street","highway":"residential"}},{"type":"Feature","geometry":{"type":"Point","coordinates":[-88.0052464,44.5363579]},"properties":{"name":"","highway":"footway"}},{"type":"Feature","geometry":{"type":"Point","coordinates":[-88.0052157,44.5364887]},"properties":{"name":"","highway":"footway"}},{"type":"Feature","geometry":{"type":"Point","coordinates":[-88.0053759,44.5361838]},"properties":{"name":"","highway":"footway"}},{"type":"Feature","geometry":{"type":"Point","coordinates":[-88.0055129,44.5359243]},"properties":{"name":"","highway":"footway"}},{"type":"Feature","geometry":{"type":"Point","coordinates":[-88.0054488,44.5358284]},"properties":{"name":"","highway":"footway"}},{"type":"Feature","geometry":{"type":"Point","coordinates":[-88.0054661,44.5360139]},"properties":{"name":"","highway":"footway"}},{"type":"Feature","geometry":{"type":"Point","coordinates":[-88.0511095,44.6325881]},"properties":{"name":"","highway":"cycleway"}},{"type":"Feature","geometry":{"type":"Point","coordinates":[-87.6470166,44.1049235]},"properties":{"name":"","highway":"footway"}},{"type":"Feature","geometry":{"type":"Point","coordinates":[-87.7031493,44.5559917]},"properties":{"name":"North Main Street","highway":"tertiary"}},{"type":"Feature","geometry":{"type":"Point","coordinates":[-91.4891646,44.919352]},"properties":{"name":"90th Street","highway":"residential"}},{"type":"Feature","geometry":{"type":"Point","coordinates":[-89.8621469,44.7863063]},"properties":{"name":"Sugar Bush Road","highway":"unclassified"}},{"type":"Feature","geometry":{"type":"Point","coordinates":[-89.6711451,42.9577962]},"properties":{"name":"","highway":"bridleway"}},{"type":"Feature","geometry":{"type":"Point","coordinates":[-89.8515032,43.0174873]},"properties":{"name":"Military Ridge State Trail","highway":"cycleway"}},{"type":"Feature","geometry":{"type":"Point","coordinates":[-87.909728,43.0349554]},"properties":{"name":"","highway":"footway"}},{"type":"Feature","geometry":{"type":"Point","coordinates":[-87.9097203,43.0348054]},"properties":{"name":"","highway":"footway"}},{"type":"Feature","geometry":{"type":"Point","coordinates":[-90.6197425,43.7235043]},"properties":{"name":"Hoff Valley Road","highway":"residential"}},{"type":"Feature","geometry":{"type":"Point","coordinates":[-89.5927223,42.9150571]},"properties":{"name":"Fritz Road","highway":"residential"}},{"type":"Feature","geometry":{"type":"Point","coordinates":[-89.5917139,42.9239065]},"properties":{"name":"","highway":"track"}},{"type":"Feature","geometry":{"type":"Point","coordinates":[-89.7030295,42.9091962]},"properties":{"name":"County Road G","highway":"tertiary"}},{"type":"Feature","geometry":{"type":"Point","coordinates":[-92.4454031,44.6162081]},"properties":{"name":"County Road EE","highway":"secondary"}},{"type":"Feature","geometry":{"type":"Point","coordinates":[-92.442952,44.6207998]},"properties":{"name":"County Road EE","highway":"secondary"}},{"type":"Feature","geometry":{"type":"Point","coordinates":[-92.4268787,44.6500573]},"properties":{"name":"620th Street","highway":"unclassified"}},{"type":"Feature","geometry":{"type":"Point","coordinates":[-92.4281536,44.6538456]},"properties":{"name":"620th Street","highway":"unclassified"}},{"type":"Feature","geometry":{"type":"Point","coordinates":[-92.4282951,44.6546747]},"properties":{"name":"620th Street","highway":"unclassified"}},{"type":"Feature","geometry":{"type":"Point","coordinates":[-92.4321489,44.659532]},"properties":{"name":"620th Street","highway":"residential"}},{"type":"Feature","geometry":{"type":"Point","coordinates":[-92.4324678,44.6575684]},"properties":{"name":"620th Street","highway":"residential"}},{"type":"Feature","geometry":{"type":"Point","coordinates":[-92.4444215,44.6708483]},"properties":{"name":"620th Street","highway":"residential"}},{"type":"Feature","geometry":{"type":"Point","coordinates":[-92.4403897,44.6692819]},"properties":{"name":"620th Street","highway":"residential"}},{"type":"Feature","geometry":{"type":"Point","coordinates":[-92.2809032,44.5443068]},"properties":{"name":"County Road AA","highway":"tertiary"}},{"type":"Feature","geometry":{"type":"Point","coordinates":[-88.2897187,42.9940704]},"properties":{"name":"","highway":"path"}},{"type":"Feature","geometry":{"type":"Point","coordinates":[-88.2902927,42.9940498]},"properties":{"name":"","highway":"path"}},{"type":"Feature","geometry":{"type":"Point","coordinates":[-90.8153782,43.0578558]},"properties":{"name":"","highway":"service"}},{"type":"Feature","geometry":{"type":"Point","coordinates":[-91.6706692,44.5618092]},"properties":{"name":"","highway":"footway"}},{"type":"Feature","geometry":{"type":"Point","coordinates":[-89.7377118,43.016052]},"properties":{"name":"Creekside Loop","highway":"footway"}},{"type":"Feature","geometry":{"type":"Point","coordinates":[-89.7387874,43.0170278]},"properties":{"name":"Creekside Loop","highway":"footway"}},{"type":"Feature","geometry":{"type":"Point","coordinates":[-89.7402852,43.0214713]},"properties":{"name":"","highway":"footway"}},{"type":"Feature","geometry":{"type":"Point","coordinates":[-91.5994259,46.4958539]},"properties":{"name":"","highway":"footway"}},{"type":"Feature","geometry":{"type":"Point","coordinates":[-90.9731026,43.9427034]},"properties":{"name":"Jewett Road","highway":"residential"}},{"type":"Feature","geometry":{"type":"Point","coordinates":[-91.9006972,44.3571301]},"properties":{"name":"State Road 37","highway":"primary"}},{"type":"Feature","geometry":{"type":"Point","coordinates":[-87.9598658,42.9940512]},"properties":{"name":"","highway":"footway"}},{"type":"Feature","geometry":{"type":"Point","coordinates":[-87.9597806,42.9937942]},"properties":{"name":"","highway":"footway"}},{"type":"Feature","geometry":{"type":"Point","coordinates":[-89.1431174,44.3074717]},"properties":{"name":"Sanders Road","highway":"residential"}},{"type":"Feature","geometry":{"type":"Point","coordinates":[-89.1486848,44.3105447]},"properties":{"name":"","highway":"service"}},{"type":"Feature","geometry":{"type":"Point","coordinates":[-89.159626,44.3126685]},"properties":{"name":"Main Street","highway":"residential"}},{"type":"Feature","geometry":{"type":"Point","coordinates":[-88.1142414,43.1792206]},"properties":{"name":"","highway":"footway"}},{"type":"Feature","geometry":{"type":"Point","coordinates":[-91.6549325,44.9409987]},"properties":{"name":"","highway":"service"}},{"type":"Feature","geometry":{"type":"Point","coordinates":[-91.8927111,44.5132423]},"properties":{"name":"County Road F","highway":"secondary"}},{"type":"Feature","geometry":{"type":"Point","coordinates":[-91.0816286,43.8330742]},"properties":{"name":"","highway":"service"}},{"type":"Feature","geometry":{"type":"Point","coordinates":[-91.6516391,44.579589]},"properties":{"name":"","highway":"service"}},{"type":"Feature","geometry":{"type":"Point","coordinates":[-91.5567722,44.9619636]},"properties":{"name":"","highway":"service"}},{"type":"Feature","geometry":{"type":"Point","coordinates":[-90.9750219,43.7080136]},"properties":{"name":"","highway":"service"}},{"type":"Feature","geometry":{"type":"Point","coordinates":[-90.8323451,43.5451869]},"properties":{"name":"","highway":"service"}},{"type":"Feature","geometry":{"type":"Point","coordinates":[-91.0977879,44.8400174]},"properties":{"name":"Hay Creek Road","highway":"residential"}},{"type":"Feature","geometry":{"type":"Point","coordinates":[-91.2064107,44.8093886]},"properties":{"name":"County Road D","highway":"tertiary"}},{"type":"Feature","geometry":{"type":"Point","coordinates":[-91.7446523,44.5879221]},"properties":{"name":"US Highway 10","highway":"primary"}},{"type":"Feature","geometry":{"type":"Point","coordinates":[-88.4685555,43.1263391]},"properties":{"name":"","highway":"footway"}},{"type":"Feature","geometry":{"type":"Point","coordinates":[-88.5030819,42.886797]},"properties":{"name":"Ice Age Trail","highway":"path"}},{"type":"Feature","geometry":{"type":"Point","coordinates":[-90.9491904,43.7653947]},"properties":{"name":"","highway":"service"}},{"type":"Feature","geometry":{"type":"Point","coordinates":[-91.9193619,44.464389]},"properties":{"name":"County Road D","highway":"secondary"}},{"type":"Feature","geometry":{"type":"Point","coordinates":[-91.064371,44.6580676]},"properties":{"name":"","highway":"service"}},{"type":"Feature","geometry":{"type":"Point","coordinates":[-90.8474341,46.4283339]},"properties":{"name":"Marengo River Road","highway":"residential"}},{"type":"Feature","geometry":{"type":"Point","coordinates":[-90.840802,46.4302963]},"properties":{"name":"Riemer Road","highway":"residential"}},{"type":"Feature","geometry":{"type":"Point","coordinates":[-91.0550799,43.676227]},"properties":{"name":"Hagen Lane","highway":"residential"}},{"type":"Feature","geometry":{"type":"Point","coordinates":[-91.8817156,44.4728981]},"properties":{"name":"","highway":"service"}},{"type":"Feature","geometry":{"type":"Point","coordinates":[-91.636606,44.2079542]},"properties":{"name":"","highway":"service"}},{"type":"Feature","geometry":{"type":"Point","coordinates":[-90.9801374,44.0207551]},"properties":{"name":"","highway":"service"}},{"type":"Feature","geometry":{"type":"Point","coordinates":[-91.0958955,44.2226533]},"properties":{"name":"","highway":"service"}},{"type":"Feature","geometry":{"type":"Point","coordinates":[-90.8984056,43.4739548]},"properties":{"name":"","highway":"service"}},{"type":"Feature","geometry":{"type":"Point","coordinates":[-91.1567716,43.97516]},"properties":{"name":"","highway":"service"}},{"type":"Feature","geometry":{"type":"Point","coordinates":[-91.9229079,44.5280442]},"properties":{"name":"","highway":"service"}},{"type":"Feature","geometry":{"type":"Point","coordinates":[-90.9223809,46.3505321]},"properties":{"name":"","highway":"path"}},{"type":"Feature","geometry":{"type":"Point","coordinates":[-90.9240679,46.3515326]},"properties":{"name":"Ashland-Bayfield Road","highway":"residential"}},{"type":"Feature","geometry":{"type":"Point","coordinates":[-92.0389233,45.2160902]},"properties":{"name":"1/2 Avenue","highway":"residential"}},{"type":"Feature","geometry":{"type":"Point","coordinates":[-91.0683666,43.8305866]},"properties":{"name":"","highway":"service"}},{"type":"Feature","geometry":{"type":"Point","coordinates":[-90.7274374,46.3869349]},"properties":{"name":"State Highway 13","highway":"primary"}},{"type":"Feature","geometry":{"type":"Point","coordinates":[-92.0291255,44.7835424]},"properties":{"name":"","highway":"track"}},{"type":"Feature","geometry":{"type":"Point","coordinates":[-90.9604332,43.9607594]},"properties":{"name":"Craig Road","highway":"residential"}},{"type":"Feature","geometry":{"type":"Point","coordinates":[-91.2820799,46.4746318]},"properties":{"name":"Scenic Drive","highway":"residential"}},{"type":"Feature","geometry":{"type":"Point","coordinates":[-91.1635624,44.3153583]},"properties":{"name":"","highway":"service"}},{"type":"Feature","geometry":{"type":"Point","coordinates":[-91.4746287,44.5273829]},"properties":{"name":"","highway":"service"}},{"type":"Feature","geometry":{"type":"Point","coordinates":[-91.5011173,44.6127473]},"properties":{"name":"","highway":"service"}},{"type":"Feature","geometry":{"type":"Point","coordinates":[-90.9517976,43.8274248]},"properties":{"name":"","highway":"service"}},{"type":"Feature","geometry":{"type":"Point","coordinates":[-90.8011776,43.6038499]},"properties":{"name":"","highway":"service"}},{"type":"Feature","geometry":{"type":"Point","coordinates":[-91.4816978,46.0090708]},"properties":{"name":"State Highway 27","highway":"primary"}},{"type":"Feature","geometry":{"type":"Point","coordinates":[-90.6278186,43.7269686]},"properties":{"name":"","highway":"service"}},{"type":"Feature","geometry":{"type":"Point","coordinates":[-90.8362269,43.4858065]},"properties":{"name":"","highway":"service"}},{"type":"Feature","geometry":{"type":"Point","coordinates":[-90.55425,43.6834279]},"properties":{"name":"","highway":"service"}},{"type":"Feature","geometry":{"type":"Point","coordinates":[-89.4929495,43.9212805]},"properties":{"name":"County Road CH","highway":"tertiary"}},{"type":"Feature","geometry":{"type":"Point","coordinates":[-89.7399306,43.0181823]},"properties":{"name":"","highway":"footway"}},{"type":"Feature","geometry":{"type":"Point","coordinates":[-89.4638269,43.4052147]},"properties":{"name":"County Highway J","highway":"tertiary"}},{"type":"Feature","geometry":{"type":"Point","coordinates":[-90.2637452,46.4858943]},"properties":{"name":"","highway":"service"}},{"type":"Feature","geometry":{"type":"Point","coordinates":[-90.25245,46.4592075]},"properties":{"name":"Iron Horse Trail","highway":"footway"}},{"type":"Feature","geometry":{"type":"Point","coordinates":[-90.2405728,46.4467442]},"properties":{"name":"South Drive","highway":"residential"}},{"type":"Feature","geometry":{"type":"Point","coordinates":[-90.3091266,45.2834132]},"properties":{"name":"Pine Line Trail","highway":"path"}},{"type":"Feature","geometry":{"type":"Point","coordinates":[-89.5305267,44.5282617]},"properties":{"name":"Henneghan Bridge","highway":"path"}},{"type":"Feature","geometry":{"type":"Point","coordinates":[-89.1153888,44.17443]},"properties":{"name":"County Highway W","highway":"tertiary"}},{"type":"Feature","geometry":{"type":"Point","coordinates":[-91.4632036,44.7092167]},"properties":{"name":"Cedar Road","highway":"residential"}},{"type":"Feature","geometry":{"type":"Point","coordinates":[-90.909344,46.4977039]},"properties":{"name":"State Highway 112","highway":"secondary"}},{"type":"Feature","geometry":{"type":"Point","coordinates":[-89.2021219,44.3087896]},"properties":{"name":"Emmons Creek Road","highway":"unclassified"}},{"type":"Feature","geometry":{"type":"Point","coordinates":[-90.6841613,46.2438512]},"properties":{"name":"Cayuga Road","highway":"residential"}},{"type":"Feature","geometry":{"type":"Point","coordinates":[-89.6546881,44.3045222]},"properties":{"name":"","highway":"service"}},{"type":"Feature","geometry":{"type":"Point","coordinates":[-88.0545312,43.0892302]},"properties":{"name":"West Capitol Drive","highway":"primary"}},{"type":"Feature","geometry":{"type":"Point","coordinates":[-88.0545257,43.0892022]},"properties":{"name":"","highway":"primary_link"}},{"type":"Feature","geometry":{"type":"Point","coordinates":[-88.0544426,43.0894092]},"properties":{"name":"","highway":"primary_link"}},{"type":"Feature","geometry":{"type":"Point","coordinates":[-88.05446,43.0893756]},"properties":{"name":"West Capitol Drive","highway":"primary"}},{"type":"Feature","geometry":{"type":"Point","coordinates":[-88.0521553,43.0879614]},"properties":{"name":"","highway":"path"}},{"type":"Feature","geometry":{"type":"Point","coordinates":[-87.983137,43.0429715]},"properties":{"name":"","highway":"footway"}},{"type":"Feature","geometry":{"type":"Point","coordinates":[-87.9831574,43.0431885]},"properties":{"name":"","highway":"footway"}},{"type":"Feature","geometry":{"type":"Point","coordinates":[-87.9653608,43.0389066]},"properties":{"name":"","highway":"footway"}},{"type":"Feature","geometry":{"type":"Point","coordinates":[-87.9650678,43.0387176]},"properties":{"name":"","highway":"footway"}},{"type":"Feature","geometry":{"type":"Point","coordinates":[-87.9650752,43.0386296]},"properties":{"name":"","highway":"footway"}},{"type":"Feature","geometry":{"type":"Point","coordinates":[-91.7984046,46.6192391]},"properties":{"name":"East Moonshine Road","highway":"unclassified"}},{"type":"Feature","geometry":{"type":"Point","coordinates":[-87.983601,43.0430092]},"properties":{"name":"","highway":"footway"}},{"type":"Feature","geometry":{"type":"Point","coordinates":[-90.6664587,43.2656172]},"properties":{"name":"Blackbird Road","highway":"residential"}},{"type":"Feature","geometry":{"type":"Point","coordinates":[-90.6960445,43.2756324]},"properties":{"name":"South Sleepy Hollow Road","highway":"residential"}},{"type":"Feature","geometry":{"type":"Point","coordinates":[-90.69444,43.2733834]},"properties":{"name":"County Highway S","highway":"tertiary"}},{"type":"Feature","geometry":{"type":"Point","coordinates":[-90.681652,43.2693712]},"properties":{"name":"County Highway S","highway":"tertiary"}},{"type":"Feature","geometry":{"type":"Point","coordinates":[-90.6544723,43.2629436]},"properties":{"name":"County Highway S","highway":"tertiary"}},{"type":"Feature","geometry":{"type":"Point","coordinates":[-91.1452148,43.5508296]},"properties":{"name":"South Creek Road","highway":"unclassified"}},{"type":"Feature","geometry":{"type":"Point","coordinates":[-91.469541,44.7585454]},"properties":{"name":"Ski Trail","highway":"path"}},{"type":"Feature","geometry":{"type":"Point","coordinates":[-91.5008513,45.0381347]},"properties":{"name":"County Highway C","highway":"tertiary"}},{"type":"Feature","geometry":{"type":"Point","coordinates":[-91.5132216,45.0382042]},"properties":{"name":"County Highway C","highway":"tertiary"}},{"type":"Feature","geometry":{"type":"Point","coordinates":[-91.50971,45.0370587]},"properties":{"name":"County Highway F","highway":"secondary"}},{"type":"Feature","geometry":{"type":"Point","coordinates":[-89.8790065,43.5594285]},"properties":{"name":"Briar Bluff Road","highway":"residential"}},{"type":"Feature","geometry":{"type":"Point","coordinates":[-90.4942832,42.7268562]},"properties":{"name":"Southwest Road","highway":"unclassified"}},{"type":"Feature","geometry":{"type":"Point","coordinates":[-89.7852448,44.2565872]},"properties":{"name":"Bell Road","highway":"residential"}},{"type":"Feature","geometry":{"type":"Point","coordinates":[-90.5091137,46.4873404]},"properties":{"name":"State Highway 169","highway":"secondary"}},{"type":"Feature","geometry":{"type":"Point","coordinates":[-90.7322549,43.4083949]},"properties":{"name":"","highway":"service"}},{"type":"Feature","geometry":{"type":"Point","coordinates":[-90.4024177,46.4857557]},"properties":{"name":"","highway":"track"}},{"type":"Feature","geometry":{"type":"Point","coordinates":[-90.9143055,46.6636634]},"properties":{"name":"","highway":"cycleway"}},{"type":"Feature","geometry":{"type":"Point","coordinates":[-90.6082694,43.4007432]},"properties":{"name":"","highway":"service"}},{"type":"Feature","geometry":{"type":"Point","coordinates":[-90.6994773,43.1030186]},"properties":{"name":"","highway":"service"}},{"type":"Feature","geometry":{"type":"Point","coordinates":[-91.4663076,44.813886]},"properties":{"name":"","highway":"path"}},{"type":"Feature","geometry":{"type":"Point","coordinates":[-91.4631866,44.8121084]},"properties":{"name":"","highway":"path"}},{"type":"Feature","geometry":{"type":"Point","coordinates":[-89.791454,43.6783046]},"properties":{"name":"River Road","highway":"unclassified"}},{"type":"Feature","geometry":{"type":"Point","coordinates":[-89.6797479,43.1100975]},"properties":{"name":"Garfoot Road","highway":"residential"}},{"type":"Feature","geometry":{"type":"Point","coordinates":[-89.6817676,43.1117917]},"properties":{"name":"County Road KP","highway":"secondary"}},{"type":"Feature","geometry":{"type":"Point","coordinates":[-89.6544031,43.1135424]},"properties":{"name":"","highway":"footway"}},{"type":"Feature","geometry":{"type":"Point","coordinates":[-89.6456892,43.1110016]},"properties":{"name":"","highway":"footway"}},{"type":"Feature","geometry":{"type":"Point","coordinates":[-89.6461515,43.1117978]},"properties":{"name":"","highway":"footway"}},{"type":"Feature","geometry":{"type":"Point","coordinates":[-88.1143823,43.1793586]},"properties":{"name":"","highway":"footway"}},{"type":"Feature","geometry":{"type":"Point","coordinates":[-88.2834218,43.0255556]},"properties":{"name":"","highway":"footway"}},{"type":"Feature","geometry":{"type":"Point","coordinates":[-88.2826284,43.0265786]},"properties":{"name":"","highway":"footway"}},{"type":"Feature","geometry":{"type":"Point","coordinates":[-88.2931825,43.0139297]},"properties":{"name":"Madison Street","highway":"tertiary"}},{"type":"Feature","geometry":{"type":"Point","coordinates":[-90.6010932,46.3882932]},"properties":{"name":"Will Road","highway":"residential"}},{"type":"Feature","geometry":{"type":"Point","coordinates":[-90.6037363,46.3854027]},"properties":{"name":"Morgan Road","highway":"residential"}},{"type":"Feature","geometry":{"type":"Point","coordinates":[-90.5900207,46.3946322]},"properties":{"name":"Stricker Road","highway":"residential"}},{"type":"Feature","geometry":{"type":"Point","coordinates":[-90.5694859,46.4057234]},"properties":{"name":"State Highway 169","highway":"secondary"}},{"type":"Feature","geometry":{"type":"Point","coordinates":[-89.755361,43.1406499]},"properties":{"name":"Danz Drive","highway":"residential"}},{"type":"Feature","geometry":{"type":"Point","coordinates":[-89.7382458,43.0898114]},"properties":{"name":"Vermont Church Road","highway":"residential"}},{"type":"Feature","geometry":{"type":"Point","coordinates":[-87.9922317,43.0420213]},"properties":{"name":"Wood Thrush Hollow Path","highway":"footway"}},{"type":"Feature","geometry":{"type":"Point","coordinates":[-90.9070186,46.7267703]},"properties":{"name":"Friendly Valley Road","highway":"unclassified"}},{"type":"Feature","geometry":{"type":"Point","coordinates":[-90.9398351,46.614135]},"properties":{"name":"State Highway 13","highway":"primary"}},{"type":"Feature","geometry":{"type":"Point","coordinates":[-90.9655346,46.5948585]},"properties":{"name":"Wickstrom Road","highway":"unclassified"}},{"type":"Feature","geometry":{"type":"Point","coordinates":[-90.9565247,46.5944293]},"properties":{"name":"Cherryville Road","highway":"residential"}},{"type":"Feature","geometry":{"type":"Point","coordinates":[-90.9550741,46.5949742]},"properties":{"name":"State Highway 13","highway":"primary"}},{"type":"Feature","geometry":{"type":"Point","coordinates":[-90.8825929,43.4346396]},"properties":{"name":"Tainter Hollow Road West","highway":"residential"}},{"type":"Feature","geometry":{"type":"Point","coordinates":[-89.0546769,44.3428166]},"properties":{"name":"","highway":"service"}},{"type":"Feature","geometry":{"type":"Point","coordinates":[-88.9591002,44.126657]},"properties":{"name":"","highway":"service"}},{"type":"Feature","geometry":{"type":"Point","coordinates":[-87.8178709,43.8550605]},"properties":{"name":"","highway":"service"}},{"type":"Feature","geometry":{"type":"Point","coordinates":[-88.0223294,43.79468]},"properties":{"name":"","highway":"service"}},{"type":"Feature","geometry":{"type":"Point","coordinates":[-92.0435145,45.4199325]},"properties":{"name":"Alma Street North","highway":"residential"}},{"type":"Feature","geometry":{"type":"Point","coordinates":[-89.346974,43.2265039]},"properties":{"name":"","highway":"footway"}},{"type":"Feature","geometry":{"type":"Point","coordinates":[-87.7990333,42.7236989]},"properties":{"name":"","highway":"footway"}},{"type":"Feature","geometry":{"type":"Point","coordinates":[-87.7988532,42.7237171]},"properties":{"name":"","highway":"footway"}},{"type":"Feature","geometry":{"type":"Point","coordinates":[-87.8051349,42.7259234]},"properties":{"name":"","highway":"footway"}},{"type":"Feature","geometry":{"type":"Point","coordinates":[-89.5522696,44.4720886]},"properties":{"name":"True North Trail","highway":"service"}},{"type":"Feature","geometry":{"type":"Point","coordinates":[-92.0498922,45.0891936]},"properties":{"name":"State Highway 79","highway":"secondary"}},{"type":"Feature","geometry":{"type":"Point","coordinates":[-89.3626273,43.229006]},"properties":{"name":"River Road","highway":"tertiary"}},{"type":"Feature","geometry":{"type":"Point","coordinates":[-90.3499559,46.4896771]},"properties":{"name":"","highway":"track"}},{"type":"Feature","geometry":{"type":"Point","coordinates":[-91.7239339,45.103285]},"properties":{"name":"County Road W","highway":"secondary"}},{"type":"Feature","geometry":{"type":"Point","coordinates":[-87.8743551,42.6487266]},"properties":{"name":"","highway":"cycleway"}},{"type":"Feature","geometry":{"type":"Point","coordinates":[-87.8351814,42.6580122]},"properties":{"name":"","highway":"path"}},{"type":"Feature","geometry":{"type":"Point","coordinates":[-87.8329638,42.6584575]},"properties":{"name":"","highway":"path"}},{"type":"Feature","geometry":{"type":"Point","coordinates":[-87.8323896,42.6588354]},"properties":{"name":"","highway":"path"}},{"type":"Feature","geometry":{"type":"Point","coordinates":[-87.8333083,42.6581285]},"properties":{"name":"","highway":"path"}},{"type":"Feature","geometry":{"type":"Point","coordinates":[-87.8315631,42.6588147]},"properties":{"name":"","highway":"path"}},{"type":"Feature","geometry":{"type":"Point","coordinates":[-87.8342842,42.6586487]},"properties":{"name":"","highway":"path"}},{"type":"Feature","geometry":{"type":"Point","coordinates":[-87.8299669,42.6563852]},"properties":{"name":"","highway":"service"}},{"type":"Feature","geometry":{"type":"Point","coordinates":[-87.8293941,42.6560196]},"properties":{"name":"","highway":"service"}},{"type":"Feature","geometry":{"type":"Point","coordinates":[-87.8278369,42.6555221]},"properties":{"name":"","highway":"path"}},{"type":"Feature","geometry":{"type":"Point","coordinates":[-90.1548784,46.3260626]},"properties":{"name":"","highway":"trunk"}},{"type":"Feature","geometry":{"type":"Point","coordinates":[-89.1532466,45.0535833]},"properties":{"name":"","highway":"trunk"}},{"type":"Feature","geometry":{"type":"Point","coordinates":[-88.0275983,43.0563066]},"properties":{"name":"","highway":"footway"}},{"type":"Feature","geometry":{"type":"Point","coordinates":[-87.9868539,42.9943793]},"properties":{"name":"","highway":"footway"}},{"type":"Feature","geometry":{"type":"Point","coordinates":[-89.719591,45.7567658]},"properties":{"name":"","highway":"trunk"}},{"type":"Feature","geometry":{"type":"Point","coordinates":[-87.829746,42.6572864]},"properties":{"name":"","highway":"service"}},{"type":"Feature","geometry":{"type":"Point","coordinates":[-87.8547214,42.6505629]},"properties":{"name":"","highway":"path"}},{"type":"Feature","geometry":{"type":"Point","coordinates":[-87.8248257,42.6389596]},"properties":{"name":"","highway":"path"}},{"type":"Feature","geometry":{"type":"Point","coordinates":[-87.823715,42.6255858]},"properties":{"name":"Sheridan Road","highway":"primary"}},{"type":"Feature","geometry":{"type":"Point","coordinates":[-87.8235737,42.625515]},"properties":{"name":"Sheridan Road","highway":"primary"}},{"type":"Feature","geometry":{"type":"Point","coordinates":[-87.8250322,42.6219106]},"properties":{"name":"Alford Park Drive","highway":"primary"}},{"type":"Feature","geometry":{"type":"Point","coordinates":[-87.8251961,42.6218746]},"properties":{"name":"Alford Park Drive","highway":"primary"}},{"type":"Feature","geometry":{"type":"Point","coordinates":[-87.8214335,42.6082785]},"properties":{"name":"Alford Park Drive","highway":"primary"}},{"type":"Feature","geometry":{"type":"Point","coordinates":[-87.8055667,42.7269787]},"properties":{"name":"Root River Pathway","highway":"cycleway"}},{"type":"Feature","geometry":{"type":"Point","coordinates":[-87.8056749,42.7270265]},"properties":{"name":"","highway":"footway"}},{"type":"Feature","geometry":{"type":"Point","coordinates":[-87.8041104,42.7319502]},"properties":{"name":"","highway":"footway"}},{"type":"Feature","geometry":{"type":"Point","coordinates":[-88.2902375,43.0191874]},"properties":{"name":"","highway":"path"}},{"type":"Feature","geometry":{"type":"Point","coordinates":[-88.0098703,43.0493315]},"properties":{"name":"","highway":"footway"}},{"type":"Feature","geometry":{"type":"Point","coordinates":[-90.9157148,46.3489087]},"properties":{"name":"","highway":"footway"}},{"type":"Feature","geometry":{"type":"Point","coordinates":[-90.9175386,46.3502239]},"properties":{"name":"","highway":"footway"}},{"type":"Feature","geometry":{"type":"Point","coordinates":[-88.0318848,43.0591225]},"properties":{"name":"","highway":"service"}},{"type":"Feature","geometry":{"type":"Point","coordinates":[-88.2860424,43.0928792]},"properties":{"name":"Capitol Drive","highway":"secondary"}},{"type":"Feature","geometry":{"type":"Point","coordinates":[-90.7242719,44.0002769]},"properties":{"name":"County Highway BB","highway":"tertiary"}},{"type":"Feature","geometry":{"type":"Point","coordinates":[-90.7485985,44.011399]},"properties":{"name":"Finch Avenue","highway":"unclassified"}},{"type":"Feature","geometry":{"type":"Point","coordinates":[-90.6385585,44.014473]},"properties":{"name":"","highway":"unclassified"}},{"type":"Feature","geometry":{"type":"Point","coordinates":[-90.6642125,43.9331012]},"properties":{"name":"Hawk Road","highway":"residential"}},{"type":"Feature","geometry":{"type":"Point","coordinates":[-90.7282818,43.957132]},"properties":{"name":"13th Avenue","highway":"unclassified"}},{"type":"Feature","geometry":{"type":"Point","coordinates":[-90.6807035,43.9415705]},"properties":{"name":"State Highway 16","highway":"primary"}},{"type":"Feature","geometry":{"type":"Point","coordinates":[-90.6909934,44.0254149]},"properties":{"name":"West J Street","highway":"residential"}},{"type":"Feature","geometry":{"type":"Point","coordinates":[-90.6326935,44.0476169]},"properties":{"name":"","highway":"unclassified"}},{"type":"Feature","geometry":{"type":"Point","coordinates":[-90.6707784,44.0522852]},"properties":{"name":"","highway":"unclassified"}},{"type":"Feature","geometry":{"type":"Point","coordinates":[-90.6958886,44.0343782]},"properties":{"name":"West N Street","highway":"residential"}},{"type":"Feature","geometry":{"type":"Point","coordinates":[-87.9791635,43.2311251]},"properties":{"name":"","highway":"footway"}},{"type":"Feature","geometry":{"type":"Point","coordinates":[-87.9737976,43.2164287]},"properties":{"name":"","highway":"path"}},{"type":"Feature","geometry":{"type":"Point","coordinates":[-90.6420216,43.7275166]},"properties":{"name":"Opaque Road","highway":"residential"}},{"type":"Feature","geometry":{"type":"Point","coordinates":[-90.6625191,43.727703]},"properties":{"name":"Omnibus Road","highway":"unclassified"}},{"type":"Feature","geometry":{"type":"Point","coordinates":[-90.6520548,43.7292695]},"properties":{"name":"Opal Road","highway":"residential"}},{"type":"Feature","geometry":{"type":"Point","coordinates":[-90.7723945,43.6378135]},"properties":{"name":"County Road S","highway":"tertiary"}},{"type":"Feature","geometry":{"type":"Point","coordinates":[-90.7678643,43.7911536]},"properties":{"name":"Neptune Road","highway":"residential"}},{"type":"Feature","geometry":{"type":"Point","coordinates":[-90.7910627,43.8505857]},"properties":{"name":"County Highway XX","highway":"tertiary"}},{"type":"Feature","geometry":{"type":"Point","coordinates":[-90.9815564,43.8503831]},"properties":{"name":"Darling Road","highway":"residential"}},{"type":"Feature","geometry":{"type":"Point","coordinates":[-90.975606,43.8479217]},"properties":{"name":"Colemen Road","highway":"residential"}},{"type":"Feature","geometry":{"type":"Point","coordinates":[-90.0038776,43.5548614]},"properties":{"name":"rotary walking path","highway":"footway"}},{"type":"Feature","geometry":{"type":"Point","coordinates":[-90.6066995,43.5728774]},"properties":{"name":"County Road D","highway":"tertiary"}},{"type":"Feature","geometry":{"type":"Point","coordinates":[-90.5764199,43.5393249]},"properties":{"name":"County Highway MM","highway":"tertiary"}},{"type":"Feature","geometry":{"type":"Point","coordinates":[-90.5867992,43.5591732]},"properties":{"name":"Cornell Drive","highway":"unclassified"}},{"type":"Feature","geometry":{"type":"Point","coordinates":[-90.603159,43.5635742]},"properties":{"name":"Thompson Road","highway":"residential"}},{"type":"Feature","geometry":{"type":"Point","coordinates":[-90.6069363,43.5677876]},"properties":{"name":"","highway":"service"}},{"type":"Feature","geometry":{"type":"Point","coordinates":[-90.5709298,43.5607563]},"properties":{"name":"","highway":"service"}},{"type":"Feature","geometry":{"type":"Point","coordinates":[-90.5811368,43.5605496]},"properties":{"name":"","highway":"service"}},{"type":"Feature","geometry":{"type":"Point","coordinates":[-90.5842902,43.5590677]},"properties":{"name":"County Road D","highway":"tertiary"}},{"type":"Feature","geometry":{"type":"Point","coordinates":[-90.5587183,43.5831424]},"properties":{"name":"Newburn Avenue","highway":"residential"}},{"type":"Feature","geometry":{"type":"Point","coordinates":[-90.6517347,43.5744577]},"properties":{"name":"State Highway 82","highway":"secondary"}},{"type":"Feature","geometry":{"type":"Point","coordinates":[-90.6640981,43.5815154]},"properties":{"name":"Zahm Road","highway":"residential"}},{"type":"Feature","geometry":{"type":"Point","coordinates":[-90.6724095,43.5852153]},"properties":{"name":"State Highway 82","highway":"secondary"}},{"type":"Feature","geometry":{"type":"Point","coordinates":[-90.6844677,43.5902571]},"properties":{"name":"State Highway 82","highway":"secondary"}},{"type":"Feature","geometry":{"type":"Point","coordinates":[-90.7037016,43.6080384]},"properties":{"name":"County Road D","highway":"tertiary"}},{"type":"Feature","geometry":{"type":"Point","coordinates":[-91.0787337,43.5139345]},"properties":{"name":"Anderson Ridge Road","highway":"unclassified"}},{"type":"Feature","geometry":{"type":"Point","coordinates":[-91.0697379,43.5132356]},"properties":{"name":"South Bad Axe Road","highway":"unclassified"}},{"type":"Feature","geometry":{"type":"Point","coordinates":[-91.1071465,43.5192697]},"properties":{"name":"Oliver Road","highway":"unclassified"}},{"type":"Feature","geometry":{"type":"Point","coordinates":[-91.0035518,43.5038004]},"properties":{"name":"County Road NN","highway":"tertiary"}},{"type":"Feature","geometry":{"type":"Point","coordinates":[-90.9992856,43.4897286]},"properties":{"name":"","highway":"residential"}},{"type":"Feature","geometry":{"type":"Point","coordinates":[-90.9815606,43.4865829]},"properties":{"name":"Weber Road","highway":"residential"}},{"type":"Feature","geometry":{"type":"Point","coordinates":[-91.0287864,43.4999758]},"properties":{"name":"County Road NN","highway":"tertiary"}},{"type":"Feature","geometry":{"type":"Point","coordinates":[-90.9905768,43.6270412]},"properties":{"name":"","highway":"service"}},{"type":"Feature","geometry":{"type":"Point","coordinates":[-90.9859709,43.6245551]},"properties":{"name":"Helgeson Road","highway":"residential"}},{"type":"Feature","geometry":{"type":"Point","coordinates":[-90.9582505,43.6304736]},"properties":{"name":"County Road B","highway":"tertiary"}},{"type":"Feature","geometry":{"type":"Point","coordinates":[-90.9518005,43.635684]},"properties":{"name":"Erlandson Lane","highway":"service"}},{"type":"Feature","geometry":{"type":"Point","coordinates":[-90.9436777,43.6353561]},"properties":{"name":"Esofea Road","highway":"unclassified"}},{"type":"Feature","geometry":{"type":"Point","coordinates":[-91.0434702,43.5905024]},"properties":{"name":"Upper Newton Road","highway":"residential"}},{"type":"Feature","geometry":{"type":"Point","coordinates":[-91.0627757,43.5890802]},"properties":{"name":"County Road O","highway":"tertiary"}},{"type":"Feature","geometry":{"type":"Point","coordinates":[-91.1118811,43.5877055]},"properties":{"name":"Newton Road","highway":"unclassified"}},{"type":"Feature","geometry":{"type":"Point","coordinates":[-91.1091339,43.5567367]},"properties":{"name":"State Highway 56","highway":"secondary"}},{"type":"Feature","geometry":{"type":"Point","coordinates":[-91.1447787,43.532368]},"properties":{"name":"Kuehn Road","highway":"unclassified"}},{"type":"Feature","geometry":{"type":"Point","coordinates":[-91.1227455,43.5241999]},"properties":{"name":"Lockington Road","highway":"unclassified"}},{"type":"Feature","geometry":{"type":"Point","coordinates":[-91.0765639,43.3964699]},"properties":{"name":"","highway":"service"}},{"type":"Feature","geometry":{"type":"Point","coordinates":[-91.1272619,43.3896003]},"properties":{"name":"Rush Creek Road","highway":"unclassified"}},{"type":"Feature","geometry":{"type":"Point","coordinates":[-91.0348614,43.3744791]},"properties":{"name":"Chellevold Road","highway":"residential"}},{"type":"Feature","geometry":{"type":"Point","coordinates":[-91.0005704,43.3774356]},"properties":{"name":"Sugar Creek Bible Camp Road","highway":"unclassified"}},{"type":"Feature","geometry":{"type":"Point","coordinates":[-90.9883835,43.383789]},"properties":{"name":"","highway":"residential"}},{"type":"Feature","geometry":{"type":"Point","coordinates":[-89.2938695,43.1966442]},"properties":{"name":"","highway":"footway"}},{"type":"Feature","geometry":{"type":"Point","coordinates":[-88.5475425,43.690576]},"properties":{"name":"North Main Street","highway":"tertiary"}},{"type":"Feature","geometry":{"type":"Point","coordinates":[-88.2607584,43.7246768]},"properties":{"name":"Northview Road","highway":"tertiary"}},{"type":"Feature","geometry":{"type":"Point","coordinates":[-88.2668003,43.7322818]},"properties":{"name":"County Road H/W","highway":"tertiary"}},{"type":"Feature","geometry":{"type":"Point","coordinates":[-88.2474596,43.7177961]},"properties":{"name":"Cedar Road","highway":"tertiary"}},{"type":"Feature","geometry":{"type":"Point","coordinates":[-91.668887,44.5694197]},"properties":{"name":"","highway":"footway"}},{"type":"Feature","geometry":{"type":"Point","coordinates":[-88.5259805,43.6877867]},"properties":{"name":"County Road D","highway":"secondary"}},{"type":"Feature","geometry":{"type":"Point","coordinates":[-88.5225267,43.6824843]},"properties":{"name":"Mill Pond Road","highway":"unclassified"}},{"type":"Feature","geometry":{"type":"Point","coordinates":[-88.5225345,43.6803021]},"properties":{"name":"Mill Pond Road","highway":"unclassified"}},{"type":"Feature","geometry":{"type":"Point","coordinates":[-88.0475584,43.0846886]},"properties":{"name":"","highway":"footway"}},{"type":"Feature","geometry":{"type":"Point","coordinates":[-89.1096127,44.3195154]},"properties":{"name":"County Road K","highway":"tertiary"}},{"type":"Feature","geometry":{"type":"Point","coordinates":[-90.4209235,43.668172]},"properties":{"name":"Grimm Road","highway":"residential"}},{"type":"Feature","geometry":{"type":"Point","coordinates":[-90.3661744,43.6544721]},"properties":{"name":"Sebranek Lane","highway":"residential"}},{"type":"Feature","geometry":{"type":"Point","coordinates":[-90.3885236,43.6572166]},"properties":{"name":"State Highway 33","highway":"primary"}},{"type":"Feature","geometry":{"type":"Point","coordinates":[-90.3938702,43.6565757]},"properties":{"name":"State Highway 33","highway":"primary"}},{"type":"Feature","geometry":{"type":"Point","coordinates":[-90.3601168,43.6295262]},"properties":{"name":"","highway":"service"}},{"type":"Feature","geometry":{"type":"Point","coordinates":[-90.3817356,43.6189193]},"properties":{"name":"Kouba Valley Road","highway":"residential"}},{"type":"Feature","geometry":{"type":"Point","coordinates":[-90.3919556,43.612719]},"properties":{"name":"Saint Patrick Road","highway":"residential"}},{"type":"Feature","geometry":{"type":"Point","coordinates":[-89.998156,42.7752964]},"properties":{"name":"County Road F","highway":"tertiary"}},{"type":"Feature","geometry":{"type":"Point","coordinates":[-90.0056601,42.8040781]},"properties":{"name":"Gilbertson Road","highway":"unclassified"}},{"type":"Feature","geometry":{"type":"Point","coordinates":[-90.0151588,42.8070372]},"properties":{"name":"English Hollow Road","highway":"unclassified"}},{"type":"Feature","geometry":{"type":"Point","coordinates":[-90.034953,42.8101421]},"properties":{"name":"English Hollow Road","highway":"unclassified"}},{"type":"Feature","geometry":{"type":"Point","coordinates":[-89.2314447,44.3805532]},"properties":{"name":"Durant Road","highway":"unclassified"}},{"type":"Feature","geometry":{"type":"Point","coordinates":[-89.2159982,44.3751039]},"properties":{"name":"Cobbtown Road","highway":"unclassified"}},{"type":"Feature","geometry":{"type":"Point","coordinates":[-89.204631,44.3669085]},"properties":{"name":"Frost Valley Road","highway":"unclassified"}},{"type":"Feature","geometry":{"type":"Point","coordinates":[-89.1233022,44.3657797]},"properties":{"name":"Anderson Road","highway":"unclassified"}},{"type":"Feature","geometry":{"type":"Point","coordinates":[-89.2099155,44.3656412]},"properties":{"name":"","highway":"service"}},{"type":"Feature","geometry":{"type":"Point","coordinates":[-89.1527139,44.6009842]},"properties":{"name":"Drake Road","highway":"residential"}},{"type":"Feature","geometry":{"type":"Point","coordinates":[-90.2823222,43.7535436]},"properties":{"name":"County Road PP","highway":"tertiary"}},{"type":"Feature","geometry":{"type":"Point","coordinates":[-87.8818624,42.6397578]},"properties":{"name":"12th Street","highway":"tertiary"}},{"type":"Feature","geometry":{"type":"Point","coordinates":[-87.8749202,42.655356]},"properties":{"name":"","highway":"cycleway"}},{"type":"Feature","geometry":{"type":"Point","coordinates":[-88.0544431,43.0894921]},"properties":{"name":"","highway":"footway"}},{"type":"Feature","geometry":{"type":"Point","coordinates":[-91.8670147,45.2280277]},"properties":{"name":"","highway":"track"}},{"type":"Feature","geometry":{"type":"Point","coordinates":[-90.6296501,43.2540141]},"properties":{"name":"County Highway F","highway":"tertiary"}},{"type":"Feature","geometry":{"type":"Point","coordinates":[-90.6357494,43.2780269]},"properties":{"name":"County Highway F","highway":"tertiary"}},{"type":"Feature","geometry":{"type":"Point","coordinates":[-90.6356749,43.2889814]},"properties":{"name":"County Highway F","highway":"tertiary"}},{"type":"Feature","geometry":{"type":"Point","coordinates":[-87.8726241,42.6685293]},"properties":{"name":"","highway":"cycleway"}},{"type":"Feature","geometry":{"type":"Point","coordinates":[-87.8754233,42.7003301]},"properties":{"name":"Pike River Pathway","highway":"cycleway"}},{"type":"Feature","geometry":{"type":"Point","coordinates":[-88.0364814,43.07489]},"properties":{"name":"","highway":"footway"}},{"type":"Feature","geometry":{"type":"Point","coordinates":[-88.0364902,43.0751499]},"properties":{"name":"","highway":"footway"}},{"type":"Feature","geometry":{"type":"Point","coordinates":[-90.9429696,46.4140065]},"properties":{"name":"County Road E","highway":"tertiary"}},{"type":"Feature","geometry":{"type":"Point","coordinates":[-91.3269708,44.5631207]},"properties":{"name":"Peterson Road","highway":"unclassified"}},{"type":"Feature","geometry":{"type":"Point","coordinates":[-88.2932143,43.013998]},"properties":{"name":"","highway":"footway"}},{"type":"Feature","geometry":{"type":"Point","coordinates":[-87.8987661,43.0893099]},"properties":{"name":"","highway":"footway"}},{"type":"Feature","geometry":{"type":"Point","coordinates":[-87.8984696,43.0890414]},"properties":{"name":"","highway":"footway"}},{"type":"Feature","geometry":{"type":"Point","coordinates":[-90.7890685,46.8426289]},"properties":{"name":"Brickyard Creek Road","highway":"residential"}},{"type":"Feature","geometry":{"type":"Point","coordinates":[-89.083439,44.3604578]},"properties":{"name":"","highway":"footway"}},{"type":"Feature","geometry":{"type":"Point","coordinates":[-89.0833741,44.3603407]},"properties":{"name":"","highway":"footway"}},{"type":"Feature","geometry":{"type":"Point","coordinates":[-87.948441,42.9914953]},"properties":{"name":"","highway":"footway"}},{"type":"Feature","geometry":{"type":"Point","coordinates":[-91.2866084,44.6426422]},"properties":{"name":"County Highway HH","highway":"tertiary"}},{"type":"Feature","geometry":{"type":"Point","coordinates":[-91.2960516,44.6440528]},"properties":{"name":"County Highway KK","highway":"tertiary"}},{"type":"Feature","geometry":{"type":"Point","coordinates":[-87.9730466,43.0417561]},"properties":{"name":"","highway":"motorway"}},{"type":"Feature","geometry":{"type":"Point","coordinates":[-87.9732521,43.0418126]},"properties":{"name":"","highway":"motorway"}},{"type":"Feature","geometry":{"type":"Point","coordinates":[-87.9523451,42.9907954]},"properties":{"name":"","highway":"footway"}},{"type":"Feature","geometry":{"type":"Point","coordinates":[-87.9522904,42.9909479]},"properties":{"name":"","highway":"path"}},{"type":"Feature","geometry":{"type":"Point","coordinates":[-87.9505833,42.9917652]},"properties":{"name":"","highway":"footway"}},{"type":"Feature","geometry":{"type":"Point","coordinates":[-87.9507375,42.9917633]},"properties":{"name":"","highway":"footway"}},{"type":"Feature","geometry":{"type":"Point","coordinates":[-87.8980028,43.0891058]},"properties":{"name":"East Capitol Drive","highway":"primary"}},{"type":"Feature","geometry":{"type":"Point","coordinates":[-87.8982802,43.0892376]},"properties":{"name":"East Capitol Drive","highway":"primary"}},{"type":"Feature","geometry":{"type":"Point","coordinates":[-87.9205324,43.1185332]},"properties":{"name":"","highway":"footway"}},{"type":"Feature","geometry":{"type":"Point","coordinates":[-88.0348503,43.0602959]},"properties":{"name":"","highway":"footway"}},{"type":"Feature","geometry":{"type":"Point","coordinates":[-90.8582518,46.7881036]},"properties":{"name":"Salmo Trail","highway":"footway"}},{"type":"Feature","geometry":{"type":"Point","coordinates":[-90.8592996,46.7887626]},"properties":{"name":"Salmo Trail","highway":"footway"}},{"type":"Feature","geometry":{"type":"Point","coordinates":[-90.8600942,46.7885655]},"properties":{"name":"Salmo Trail","highway":"footway"}},{"type":"Feature","geometry":{"type":"Point","coordinates":[-91.4480067,44.670029]},"properties":{"name":"State Highway 93","highway":"trunk"}},{"type":"Feature","geometry":{"type":"Point","coordinates":[-87.9483044,42.9914884]},"properties":{"name":"","highway":"primary_link"}},{"type":"Feature","geometry":{"type":"Point","coordinates":[-90.9708227,46.5943395]},"properties":{"name":"Ondossagon Road","highway":"residential"}},{"type":"Feature","geometry":{"type":"Point","coordinates":[-91.0632855,46.5491153]},"properties":{"name":"Old US 2","highway":"unclassified"}},{"type":"Feature","geometry":{"type":"Point","coordinates":[-91.4816393,46.009085]},"properties":{"name":"","highway":"footway"}},{"type":"Feature","geometry":{"type":"Point","coordinates":[-87.9228601,43.0330007]},"properties":{"name":"North-South Freeway","highway":"motorway"}},{"type":"Feature","geometry":{"type":"Point","coordinates":[-87.923381,43.0328191]},"properties":{"name":"","highway":"motorway_link"}},{"type":"Feature","geometry":{"type":"Point","coordinates":[-89.8497885,45.4400317]},"properties":{"name":"County Road O","highway":"tertiary"}},{"type":"Feature","geometry":{"type":"Point","coordinates":[-89.84586,45.4967827]},"properties":{"name":"Somo Dam Drive","highway":"residential"}},{"type":"Feature","geometry":{"type":"Point","coordinates":[-89.9738075,45.4559975]},"properties":{"name":"Spirit Falls Road","highway":"residential"}},{"type":"Feature","geometry":{"type":"Point","coordinates":[-89.9743216,45.4563885]},"properties":{"name":"State Highway 86","highway":"secondary"}},{"type":"Feature","geometry":{"type":"Point","coordinates":[-89.9800003,45.4611994]},"properties":{"name":"Phalzgraff Road","highway":"residential"}},{"type":"Feature","geometry":{"type":"Point","coordinates":[-87.9260885,43.143106]},"properties":{"name":"","highway":"footway"}},{"type":"Feature","geometry":{"type":"Point","coordinates":[-90.0270501,45.442577]},"properties":{"name":"Fox Farm Road","highway":"residential"}},{"type":"Feature","geometry":{"type":"Point","coordinates":[-90.040063,45.4537498]},"properties":{"name":"State Highway 86","highway":"secondary"}},{"type":"Feature","geometry":{"type":"Point","coordinates":[-90.0427485,45.4573192]},"properties":{"name":"County Highway YY","highway":"tertiary"}},{"type":"Feature","geometry":{"type":"Point","coordinates":[-90.4223284,45.9129487]},"properties":{"name":"","highway":"service"}},{"type":"Feature","geometry":{"type":"Point","coordinates":[-90.4231034,45.9117828]},"properties":{"name":"Divine Rapids Road","highway":"residential"}},{"type":"Feature","geometry":{"type":"Point","coordinates":[-91.2531528,44.5759654]},"properties":{"name":"Buffalo River State Trail","highway":"cycleway"}},{"type":"Feature","geometry":{"type":"Point","coordinates":[-91.2077259,44.5905607]},"properties":{"name":"Buffalo River State Trail","highway":"cycleway"}},{"type":"Feature","geometry":{"type":"Point","coordinates":[-89.9265995,45.5872965]},"properties":{"name":"East Village Road","highway":"residential"}},{"type":"Feature","geometry":{"type":"Point","coordinates":[-88.8856522,43.8536397]},"properties":{"name":"Dead End Road","highway":"residential"}},{"type":"Feature","geometry":{"type":"Point","coordinates":[-90.045605,45.7646759]},"properties":{"name":"Forest Road 130","highway":"unclassified"}},{"type":"Feature","geometry":{"type":"Point","coordinates":[-89.6932251,45.3974621]},"properties":{"name":"State Highway 107","highway":"secondary"}},{"type":"Feature","geometry":{"type":"Point","coordinates":[-89.8947211,45.3018364]},"properties":{"name":"Ice Age Trail","highway":"path"}},{"type":"Feature","geometry":{"type":"Point","coordinates":[-91.0017892,46.320234]},"properties":{"name":"Marengo Lake Road","highway":"residential"}},{"type":"Feature","geometry":{"type":"Point","coordinates":[-90.7123245,44.0351496]},"properties":{"name":"West J Street","highway":"residential"}},{"type":"Feature","geometry":{"type":"Point","coordinates":[-90.6563078,44.0875487]},"properties":{"name":"","highway":"unclassified"}},{"type":"Feature","geometry":{"type":"Point","coordinates":[-89.24376,44.2963232]},"properties":{"name":"","highway":"footway"}},{"type":"Feature","geometry":{"type":"Point","coordinates":[-89.525785,43.3115372]},"properties":{"name":"","highway":"footway"}},{"type":"Feature","geometry":{"type":"Point","coordinates":[-89.5264742,43.3102805]},"properties":{"name":"","highway":"footway"}},{"type":"Feature","geometry":{"type":"Point","coordinates":[-89.5342655,42.9800534]},"properties":{"name":"","highway":"path"}},{"type":"Feature","geometry":{"type":"Point","coordinates":[-88.0012727,43.8186691]},"properties":{"name":"Garton Road","highway":"tertiary"}},{"type":"Feature","geometry":{"type":"Point","coordinates":[-90.0782059,45.3328093]},"properties":{"name":"Ice Age Trail","highway":"path"}},{"type":"Feature","geometry":{"type":"Point","coordinates":[-90.0817586,45.3395144]},"properties":{"name":"Ice Age Trail","highway":"path"}},{"type":"Feature","geometry":{"type":"Point","coordinates":[-90.0371506,42.6082862]},"properties":{"name":"Cheese Country Trail","highway":"path"}},{"type":"Feature","geometry":{"type":"Point","coordinates":[-90.0260028,42.5667876]},"properties":{"name":"State Highway 78","highway":"primary"}},{"type":"Feature","geometry":{"type":"Point","coordinates":[-87.9579432,42.9906273]},"properties":{"name":"","highway":"footway"}},{"type":"Feature","geometry":{"type":"Point","coordinates":[-87.958219,42.9907096]},"properties":{"name":"","highway":"footway"}},{"type":"Feature","geometry":{"type":"Point","coordinates":[-91.0308106,44.3815354]},"properties":{"name":"North Sechlerville Road","highway":"residential"}},{"type":"Feature","geometry":{"type":"Point","coordinates":[-91.029205,44.3809308]},"properties":{"name":"State Highway 95","highway":"primary"}},{"type":"Feature","geometry":{"type":"Point","coordinates":[-91.0306911,44.3776848]},"properties":{"name":"South Sechlerville Road","highway":"residential"}},{"type":"Feature","geometry":{"type":"Point","coordinates":[-90.9782657,46.3554925]},"properties":{"name":"East Altamont Road","highway":"unclassified"}},{"type":"Feature","geometry":{"type":"Point","coordinates":[-89.464353,45.343572]},"properties":{"name":"Bridge Drive","highway":"residential"}},{"type":"Feature","geometry":{"type":"Point","coordinates":[-89.4609569,45.3435672]},"properties":{"name":"Bridge Drive","highway":"residential"}},{"type":"Feature","geometry":{"type":"Point","coordinates":[-89.8154288,43.0143574]},"properties":{"name":"Military Ridge State Trail Bridge 12","highway":"cycleway"}},{"type":"Feature","geometry":{"type":"Point","coordinates":[-92.0347989,46.696766]},"properties":{"name":"East 2nd Street","highway":"trunk"}},{"type":"Feature","geometry":{"type":"Point","coordinates":[-91.1682672,45.8934972]},"properties":{"name":"West Flowage Road","highway":"residential"}},{"type":"Feature","geometry":{"type":"Point","coordinates":[-88.5502827,45.508162]},"properties":{"name":"","highway":"path"}},{"type":"Feature","geometry":{"type":"Point","coordinates":[-91.0525756,44.0117937]},"properties":{"name":"County Road DE","highway":"tertiary"}},{"type":"Feature","geometry":{"type":"Point","coordinates":[-91.4609347,44.809783]},"properties":{"name":"","highway":"path"}},{"type":"Feature","geometry":{"type":"Point","coordinates":[-88.034853,43.0604787]},"properties":{"name":"","highway":"footway"}},{"type":"Feature","geometry":{"type":"Point","coordinates":[-91.1596001,46.5169486]},"properties":{"name":"Keystone Road","highway":"residential"}},{"type":"Feature","geometry":{"type":"Point","coordinates":[-89.4864953,45.2901179]},"properties":{"name":"County Road X","highway":"secondary"}},{"type":"Feature","geometry":{"type":"Point","coordinates":[-88.967008,45.9121951]},"properties":{"name":"","highway":"path"}},{"type":"Feature","geometry":{"type":"Point","coordinates":[-91.5927755,46.2556675]},"properties":{"name":"Johnson Road","highway":"residential"}},{"type":"Feature","geometry":{"type":"Point","coordinates":[-89.081048,44.3438113]},"properties":{"name":"Berlin Street","highway":"tertiary"}},{"type":"Feature","geometry":{"type":"Point","coordinates":[-89.0704202,44.3436052]},"properties":{"name":"","highway":"footway"}},{"type":"Feature","geometry":{"type":"Point","coordinates":[-90.507812,46.3984377]},"properties":{"name":"","highway":"footway"}},{"type":"Feature","geometry":{"type":"Point","coordinates":[-91.3856898,46.1070322]},"properties":{"name":"North Larsen Road","highway":"residential"}},{"type":"Feature","geometry":{"type":"Point","coordinates":[-91.3982881,46.0993526]},"properties":{"name":"Tagalder Trail","highway":"residential"}},{"type":"Feature","geometry":{"type":"Point","coordinates":[-89.4614048,45.2352868]},"properties":{"name":"County Road C","highway":"secondary"}},{"type":"Feature","geometry":{"type":"Point","coordinates":[-89.7961965,43.3725722]},"properties":{"name":"Kings Corner Road","highway":"residential"}},{"type":"Feature","geometry":{"type":"Point","coordinates":[-90.0501548,43.318517]},"properties":{"name":"Leland Road","highway":"residential"}},{"type":"Feature","geometry":{"type":"Point","coordinates":[-90.064082,43.2945476]},"properties":{"name":"Rim Lane","highway":"residential"}},{"type":"Feature","geometry":{"type":"Point","coordinates":[-90.0553564,43.293116]},"properties":{"name":"County Highway N","highway":"tertiary"}},{"type":"Feature","geometry":{"type":"Point","coordinates":[-90.0442015,43.2923501]},"properties":{"name":"State Highway 23","highway":"primary"}},{"type":"Feature","geometry":{"type":"Point","coordinates":[-90.037332,43.293125]},"properties":{"name":"Willow Road","highway":"residential"}},{"type":"Feature","geometry":{"type":"Point","coordinates":[-90.0298114,43.2776994]},"properties":{"name":"Mill Road","highway":"residential"}},{"type":"Feature","geometry":{"type":"Point","coordinates":[-90.0612883,43.3329336]},"properties":{"name":"Hickory Road","highway":"residential"}},{"type":"Feature","geometry":{"type":"Point","coordinates":[-90.066116,43.3438675]},"properties":{"name":"Valley View Road","highway":"residential"}},{"type":"Feature","geometry":{"type":"Point","coordinates":[-90.0688483,43.3466861]},"properties":{"name":"State Highway 23","highway":"primary"}},{"type":"Feature","geometry":{"type":"Point","coordinates":[-90.0830494,43.3074499]},"properties":{"name":"Bridge Lane","highway":"residential"}},{"type":"Feature","geometry":{"type":"Point","coordinates":[-91.0694472,43.6672055]},"properties":{"name":"Dodson Hollow Road","highway":"residential"}},{"type":"Feature","geometry":{"type":"Point","coordinates":[-91.092631,43.6558333]},"properties":{"name":"Chaseburg Nature Trail","highway":"path"}},{"type":"Feature","geometry":{"type":"Point","coordinates":[-90.4660958,43.5525094]},"properties":{"name":"Muncie Road","highway":"residential"}},{"type":"Feature","geometry":{"type":"Point","coordinates":[-90.4611965,43.5506143]},"properties":{"name":"Heidenreich Lane","highway":"residential"}},{"type":"Feature","geometry":{"type":"Point","coordinates":[-90.4462372,43.5449439]},"properties":{"name":"Resac Lane","highway":"residential"}},{"type":"Feature","geometry":{"type":"Point","coordinates":[-90.4332727,43.5500854]},"properties":{"name":"County Highway H","highway":"tertiary"}},{"type":"Feature","geometry":{"type":"Point","coordinates":[-90.4159949,43.5227337]},"properties":{"name":"County Highway C","highway":"tertiary"}},{"type":"Feature","geometry":{"type":"Point","coordinates":[-90.4306052,43.5391776]},"properties":{"name":"County Highway C","highway":"tertiary"}},{"type":"Feature","geometry":{"type":"Point","coordinates":[-90.2392118,43.5174847]},"properties":{"name":"Dix Lane","highway":"unclassified"}},{"type":"Feature","geometry":{"type":"Point","coordinates":[-90.2041919,43.518359]},"properties":{"name":"Sparks Hill Drive","highway":"residential"}},{"type":"Feature","geometry":{"type":"Point","coordinates":[-90.2248591,43.5234206]},"properties":{"name":"County Highway II","highway":"tertiary"}},{"type":"Feature","geometry":{"type":"Point","coordinates":[-90.2166299,43.5211829]},"properties":{"name":"Duren Drive","highway":"residential"}},{"type":"Feature","geometry":{"type":"Point","coordinates":[-91.7400059,44.2704663]},"properties":{"name":"Fimian Road","highway":"residential"}},{"type":"Feature","geometry":{"type":"Point","coordinates":[-90.9117965,43.1280639]},"properties":{"name":"Plum Creek Road","highway":"residential"}},{"type":"Feature","geometry":{"type":"Point","coordinates":[-90.9326158,46.5792917]},"properties":{"name":"","highway":"footway"}},{"type":"Feature","geometry":{"type":"Point","coordinates":[-90.192472,46.4656978]},"properties":{"name":"West Cloverland Drive","highway":"trunk"}},{"type":"Feature","geometry":{"type":"Point","coordinates":[-90.1925366,46.4654959]},"properties":{"name":"West Cloverland Drive","highway":"trunk"}},{"type":"Feature","geometry":{"type":"Point","coordinates":[-90.837621,43.489691]},"properties":{"name":"Green Acres Road","highway":"residential"}},{"type":"Feature","geometry":{"type":"Point","coordinates":[-91.6404874,44.5481783]},"properties":{"name":"Nelson Road","highway":"residential"}},{"type":"Feature","geometry":{"type":"Point","coordinates":[-91.7858144,46.5612807]},"properties":{"name":"East Middle River Road","highway":"residential"}},{"type":"Feature","geometry":{"type":"Point","coordinates":[-87.7719118,43.7676979]},"properties":{"name":"","highway":"path"}},{"type":"Feature","geometry":{"type":"Point","coordinates":[-91.469508,44.5741126]},"properties":{"name":"Chimney Rock Road","highway":"residential"}},{"type":"Feature","geometry":{"type":"Point","coordinates":[-87.6081356,44.5171232]},"properties":{"name":"County Road C","highway":"secondary"}},{"type":"Feature","geometry":{"type":"Point","coordinates":[-87.6355228,44.5450773]},"properties":{"name":"Rockledge Road","highway":"residential"}},{"type":"Feature","geometry":{"type":"Point","coordinates":[-87.635306,44.5437672]},"properties":{"name":"Ahnapee State Trail","highway":"cycleway"}},{"type":"Feature","geometry":{"type":"Point","coordinates":[-87.6180328,44.5559706]},"properties":{"name":"Church Avenue","highway":"secondary"}},{"type":"Feature","geometry":{"type":"Point","coordinates":[-87.8726552,42.6686299]},"properties":{"name":"County Line Road","highway":"secondary"}},{"type":"Feature","geometry":{"type":"Point","coordinates":[-87.6347791,44.5317077]},"properties":{"name":"","highway":"track"}},{"type":"Feature","geometry":{"type":"Point","coordinates":[-87.6282765,44.5132914]},"properties":{"name":"County Road A","highway":"secondary"}},{"type":"Feature","geometry":{"type":"Point","coordinates":[-89.131176,44.5093105]},"properties":{"name":"","highway":"footway"}},{"type":"Feature","geometry":{"type":"Point","coordinates":[-89.13097,44.5093409]},"properties":{"name":"","highway":"footway"}},{"type":"Feature","geometry":{"type":"Point","coordinates":[-89.1354594,44.5091592]},"properties":{"name":"","highway":"path"}},{"type":"Feature","geometry":{"type":"Point","coordinates":[-89.1325629,44.5092979]},"properties":{"name":"","highway":"path"}},{"type":"Feature","geometry":{"type":"Point","coordinates":[-89.1314008,44.5093337]},"properties":{"name":"","highway":"path"}},{"type":"Feature","geometry":{"type":"Point","coordinates":[-89.1404799,45.1496296]},"properties":{"name":"Springbrook Trail","highway":"path"}},{"type":"Feature","geometry":{"type":"Point","coordinates":[-89.1304692,44.5093575]},"properties":{"name":"","highway":"footway"}},{"type":"Feature","geometry":{"type":"Point","coordinates":[-89.1498768,44.4971611]},"properties":{"name":"County Road G","highway":"tertiary"}},{"type":"Feature","geometry":{"type":"Point","coordinates":[-89.1499773,44.497161]},"properties":{"name":"County Road G","highway":"tertiary"}},{"type":"Feature","geometry":{"type":"Point","coordinates":[-91.4340085,44.3812773]},"properties":{"name":"","highway":"service"}},{"type":"Feature","geometry":{"type":"Point","coordinates":[-91.420155,44.3581789]},"properties":{"name":"Osseo Road","highway":"trunk"}},{"type":"Feature","geometry":{"type":"Point","coordinates":[-91.2161,44.5754572]},"properties":{"name":"Stoddard Sidewalk","highway":"footway"}},{"type":"Feature","geometry":{"type":"Point","coordinates":[-91.2161991,44.5749385]},"properties":{"name":"Stoddard Sidewalk","highway":"footway"}},{"type":"Feature","geometry":{"type":"Point","coordinates":[-90.6176385,43.8297808]},"properties":{"name":"County Highway U","highway":"tertiary"}},{"type":"Feature","geometry":{"type":"Point","coordinates":[-90.6108655,43.825521]},"properties":{"name":"Elroy-Sparta State Trail","highway":"cycleway"}},{"type":"Feature","geometry":{"type":"Point","coordinates":[-90.6151533,43.8280956]},"properties":{"name":"Elroy-Sparta State Trail","highway":"cycleway"}},{"type":"Feature","geometry":{"type":"Point","coordinates":[-90.5990749,43.8011081]},"properties":{"name":"County Highway T","highway":"tertiary"}},{"type":"Feature","geometry":{"type":"Point","coordinates":[-90.5969424,43.7933781]},"properties":{"name":"County Highway T","highway":"tertiary"}},{"type":"Feature","geometry":{"type":"Point","coordinates":[-90.6205284,43.832009]},"properties":{"name":"","highway":"cycleway"}},{"type":"Feature","geometry":{"type":"Point","coordinates":[-89.0977709,44.3656802]},"properties":{"name":"Bailey Street","highway":"residential"}},{"type":"Feature","geometry":{"type":"Point","coordinates":[-91.6327654,44.6907236]},"properties":{"name":"Nelson Road","highway":"residential"}},{"type":"Feature","geometry":{"type":"Point","coordinates":[-91.6557119,44.7125224]},"properties":{"name":"90th Avenue","highway":"unclassified"}},{"type":"Feature","geometry":{"type":"Point","coordinates":[-92.3323845,44.626716]},"properties":{"name":"385th Street","highway":"residential"}},{"type":"Feature","geometry":{"type":"Point","coordinates":[-92.3213391,44.6099538]},"properties":{"name":"385th Street","highway":"residential"}},{"type":"Feature","geometry":{"type":"Point","coordinates":[-89.0607277,44.3516463]},"properties":{"name":"","highway":"footway"}},{"type":"Feature","geometry":{"type":"Point","coordinates":[-91.6555921,46.2504333]},"properties":{"name":"McCumber Road","highway":"tertiary"}},{"type":"Feature","geometry":{"type":"Point","coordinates":[-91.1840274,44.4400576]},"properties":{"name":"","highway":"service"}},{"type":"Feature","geometry":{"type":"Point","coordinates":[-90.8093674,43.4578044]},"properties":{"name":"Riley Road","highway":"residential"}},{"type":"Feature","geometry":{"type":"Point","coordinates":[-90.773878,43.4439266]},"properties":{"name":"","highway":"service"}},{"type":"Feature","geometry":{"type":"Point","coordinates":[-90.7792167,43.4471102]},"properties":{"name":"County Highway M","highway":"tertiary"}},{"type":"Feature","geometry":{"type":"Point","coordinates":[-90.7835891,43.4450977]},"properties":{"name":"Norske Road","highway":"residential"}},{"type":"Feature","geometry":{"type":"Point","coordinates":[-89.4529514,43.9087766]},"properties":{"name":"Dyke Avenue","highway":"residential"}},{"type":"Feature","geometry":{"type":"Point","coordinates":[-90.8003943,43.4422708]},"properties":{"name":"Prestegard Road","highway":"residential"}},{"type":"Feature","geometry":{"type":"Point","coordinates":[-90.8294484,43.4769091]},"properties":{"name":"County Road JJ","highway":"tertiary"}},{"type":"Feature","geometry":{"type":"Point","coordinates":[-90.8336744,43.482501]},"properties":{"name":"","highway":"service"}},{"type":"Feature","geometry":{"type":"Point","coordinates":[-90.8433085,43.5008401]},"properties":{"name":"","highway":"service"}},{"type":"Feature","geometry":{"type":"Point","coordinates":[-90.8509568,43.5090768]},"properties":{"name":"Brookville Road","highway":"residential"}},{"type":"Feature","geometry":{"type":"Point","coordinates":[-90.7586019,43.4839117]},"properties":{"name":"Harrison Valley Road","highway":"residential"}},{"type":"Feature","geometry":{"type":"Point","coordinates":[-90.7666407,43.4915197]},"properties":{"name":"Harrison Valley Road","highway":"residential"}},{"type":"Feature","geometry":{"type":"Point","coordinates":[-90.7652893,43.4857136]},"properties":{"name":"","highway":"service"}},{"type":"Feature","geometry":{"type":"Point","coordinates":[-90.7690427,43.4978526]},"properties":{"name":"North Harrison Hollow Road","highway":"residential"}},{"type":"Feature","geometry":{"type":"Point","coordinates":[-90.7762628,43.5335721]},"properties":{"name":"Starr Drive","highway":"service"}},{"type":"Feature","geometry":{"type":"Point","coordinates":[-90.7977134,43.5394039]},"properties":{"name":"","highway":"service"}},{"type":"Feature","geometry":{"type":"Point","coordinates":[-90.8070178,43.5446361]},"properties":{"name":"Deaver Lane","highway":"unclassified"}},{"type":"Feature","geometry":{"type":"Point","coordinates":[-90.820726,43.5483961]},"properties":{"name":"State Highway 56","highway":"secondary"}},{"type":"Feature","geometry":{"type":"Point","coordinates":[-90.8274115,43.5591808]},"properties":{"name":"Maple Dale Road","highway":"residential"}},{"type":"Feature","geometry":{"type":"Point","coordinates":[-90.846152,43.5643339]},"properties":{"name":"Maple Dale Road","highway":"residential"}},{"type":"Feature","geometry":{"type":"Point","coordinates":[-90.8436512,43.5635266]},"properties":{"name":"Maple Dale Road","highway":"residential"}},{"type":"Feature","geometry":{"type":"Point","coordinates":[-90.744373,43.5503525]},"properties":{"name":"North Elk Run Road","highway":"residential"}},{"type":"Feature","geometry":{"type":"Point","coordinates":[-90.8450142,43.5430755]},"properties":{"name":"Cook Hill Road","highway":"unclassified"}},{"type":"Feature","geometry":{"type":"Point","coordinates":[-90.6559176,43.5295308]},"properties":{"name":"River Drive","highway":"unclassified"}},{"type":"Feature","geometry":{"type":"Point","coordinates":[-90.6524591,43.504681]},"properties":{"name":"River Drive","highway":"unclassified"}},{"type":"Feature","geometry":{"type":"Point","coordinates":[-90.8971452,43.3585678]},"properties":{"name":"Freeman Road","highway":"residential"}},{"type":"Feature","geometry":{"type":"Point","coordinates":[-90.9714898,43.3174394]},"properties":{"name":"","highway":"residential"}},{"type":"Feature","geometry":{"type":"Point","coordinates":[-90.9944931,43.3069441]},"properties":{"name":"Emerson Road","highway":"residential"}},{"type":"Feature","geometry":{"type":"Point","coordinates":[-90.8688882,43.2807659]},"properties":{"name":"Zintz Road","highway":"residential"}},{"type":"Feature","geometry":{"type":"Point","coordinates":[-90.8941436,43.1733545]},"properties":{"name":"Walker Hollow Road","highway":"residential"}},{"type":"Feature","geometry":{"type":"Point","coordinates":[-90.9597303,43.2078857]},"properties":{"name":"Duha Ridge Road","highway":"residential"}},{"type":"Feature","geometry":{"type":"Point","coordinates":[-89.5273606,45.3331878]},"properties":{"name":"Dudley Road","highway":"residential"}},{"type":"Feature","geometry":{"type":"Point","coordinates":[-91.0231091,46.2449614]},"properties":{"name":"Old Grade Road","highway":"unclassified"}},{"type":"Feature","geometry":{"type":"Point","coordinates":[-91.1569322,46.2973391]},"properties":{"name":"Porcupine Lake Road","highway":"unclassified"}},{"type":"Feature","geometry":{"type":"Point","coordinates":[-91.1605192,46.2965514]},"properties":{"name":"Porcupine Lake Road","highway":"unclassified"}},{"type":"Feature","geometry":{"type":"Point","coordinates":[-90.9523256,46.2680484]},"properties":{"name":"Snake Trail Road","highway":"unclassified"}},{"type":"Feature","geometry":{"type":"Point","coordinates":[-91.7401786,44.2725371]},"properties":{"name":"County Road E","highway":"tertiary"}},{"type":"Feature","geometry":{"type":"Point","coordinates":[-91.7042016,44.2983225]},"properties":{"name":"County Road E","highway":"tertiary"}},{"type":"Feature","geometry":{"type":"Point","coordinates":[-91.3093978,46.1882846]},"properties":{"name":"Wild River Trail","highway":"path"}},{"type":"Feature","geometry":{"type":"Point","coordinates":[-90.3623942,45.2059949]},"properties":{"name":"County Highway M","highway":"tertiary"}},{"type":"Feature","geometry":{"type":"Point","coordinates":[-87.893461,43.0861482]},"properties":{"name":"Milwaukee River Trail","highway":"footway"}},{"type":"Feature","geometry":{"type":"Point","coordinates":[-91.5100565,44.3807952]},"properties":{"name":"Lyga Valley Road","highway":"unclassified"}},{"type":"Feature","geometry":{"type":"Point","coordinates":[-90.1791708,46.4532549]},"properties":{"name":"","highway":"footway"}},{"type":"Feature","geometry":{"type":"Point","coordinates":[-89.674145,45.6530434]},"properties":{"name":"Bearskin State Trail","highway":"cycleway"}},{"type":"Feature","geometry":{"type":"Point","coordinates":[-89.6938569,45.6438742]},"properties":{"name":"Bearskin State Trail","highway":"cycleway"}},{"type":"Feature","geometry":{"type":"Point","coordinates":[-90.3456264,43.1225737]},"properties":{"name":"","highway":"service"}},{"type":"Feature","geometry":{"type":"Point","coordinates":[-90.3432596,43.1286137]},"properties":{"name":"","highway":"service"}},{"type":"Feature","geometry":{"type":"Point","coordinates":[-90.3417358,43.137074]},"properties":{"name":"Sand Hill Road","highway":"unclassified"}},{"type":"Feature","geometry":{"type":"Point","coordinates":[-90.3420984,43.14774]},"properties":{"name":"Meadow Brook Road","highway":"tertiary"}},{"type":"Feature","geometry":{"type":"Point","coordinates":[-90.3466318,43.115978]},"properties":{"name":"Hach Road","highway":"unclassified"}},{"type":"Feature","geometry":{"type":"Point","coordinates":[-90.3435503,43.1621607]},"properties":{"name":"","highway":"service"}},{"type":"Feature","geometry":{"type":"Point","coordinates":[-90.3443615,43.1711559]},"properties":{"name":"D Street","highway":"unclassified"}},{"type":"Feature","geometry":{"type":"Point","coordinates":[-89.6568098,45.6621657]},"properties":{"name":"Bearskin State Trail","highway":"cycleway"}},{"type":"Feature","geometry":{"type":"Point","coordinates":[-89.6636662,45.6565935]},"properties":{"name":"Bearskin State Trail","highway":"cycleway"}},{"type":"Feature","geometry":{"type":"Point","coordinates":[-89.6545368,45.6680492]},"properties":{"name":"Bearskin State Trail","highway":"cycleway"}},{"type":"Feature","geometry":{"type":"Point","coordinates":[-89.6546383,45.6705116]},"properties":{"name":"Bearskin State Trail","highway":"cycleway"}},{"type":"Feature","geometry":{"type":"Point","coordinates":[-89.6567693,45.6812688]},"properties":{"name":"Bearskin State Trail","highway":"cycleway"}},{"type":"Feature","geometry":{"type":"Point","coordinates":[-89.6618431,45.6878825]},"properties":{"name":"Bearskin State Trail","highway":"cycleway"}},{"type":"Feature","geometry":{"type":"Point","coordinates":[-89.6749352,45.699169]},"properties":{"name":"Bearskin State Trail","highway":"cycleway"}},{"type":"Feature","geometry":{"type":"Point","coordinates":[-89.6555078,45.6658469]},"properties":{"name":"Church Road","highway":"unclassified"}},{"type":"Feature","geometry":{"type":"Point","coordinates":[-92.0608151,44.5295186]},"properties":{"name":"County Highway N","highway":"tertiary"}},{"type":"Feature","geometry":{"type":"Point","coordinates":[-92.0739507,44.5398242]},"properties":{"name":"Kallstrom Road","highway":"residential"}},{"type":"Feature","geometry":{"type":"Point","coordinates":[-87.7738821,43.769944]},"properties":{"name":"","highway":"path"}},{"type":"Feature","geometry":{"type":"Point","coordinates":[-91.4762544,45.0311211]},"properties":{"name":"130th Avenue","highway":"residential"}},{"type":"Feature","geometry":{"type":"Point","coordinates":[-91.4369648,45.0130597]},"properties":{"name":"118th Avenue","highway":"residential"}},{"type":"Feature","geometry":{"type":"Point","coordinates":[-91.4320948,45.0038593]},"properties":{"name":"County Highway B","highway":"secondary"}},{"type":"Feature","geometry":{"type":"Point","coordinates":[-91.4455746,45.0183642]},"properties":{"name":"County Highway Q","highway":"secondary"}},{"type":"Feature","geometry":{"type":"Point","coordinates":[-89.7893787,45.2891137]},"properties":{"name":"Ice Age Trail","highway":"path"}},{"type":"Feature","geometry":{"type":"Point","coordinates":[-89.7868788,45.2912523]},"properties":{"name":"Ice Age Trail","highway":"path"}},{"type":"Feature","geometry":{"type":"Point","coordinates":[-89.7892801,45.2895568]},"properties":{"name":"Ice Age Trail","highway":"path"}},{"type":"Feature","geometry":{"type":"Point","coordinates":[-90.538556,45.939003]},"properties":{"name":"County Highway B","highway":"tertiary"}},{"type":"Feature","geometry":{"type":"Point","coordinates":[-89.3038286,44.0695879]},"properties":{"name":"","highway":"footway"}},{"type":"Feature","geometry":{"type":"Point","coordinates":[-87.6561712,44.0624153]},"properties":{"name":"","highway":"path"}},{"type":"Feature","geometry":{"type":"Point","coordinates":[-87.6596634,44.0629058]},"properties":{"name":"","highway":"track"}},{"type":"Feature","geometry":{"type":"Point","coordinates":[-89.0810436,44.3571316]},"properties":{"name":"","highway":"footway"}},{"type":"Feature","geometry":{"type":"Point","coordinates":[-89.0812343,44.357133]},"properties":{"name":"","highway":"footway"}},{"type":"Feature","geometry":{"type":"Point","coordinates":[-92.2235665,45.760462]},"properties":{"name":"County Road B","highway":"secondary"}},{"type":"Feature","geometry":{"type":"Point","coordinates":[-92.2782253,45.7617357]},"properties":{"name":"Malone Road","highway":"residential"}},{"type":"Feature","geometry":{"type":"Point","coordinates":[-90.7872012,43.9495663]},"properties":{"name":"","highway":"path"}},{"type":"Feature","geometry":{"type":"Point","coordinates":[-90.7926286,43.9454454]},"properties":{"name":"","highway":"path"}},{"type":"Feature","geometry":{"type":"Point","coordinates":[-91.0392257,46.3278666]},"properties":{"name":"Camp Eight Road","highway":"unclassified"}},{"type":"Feature","geometry":{"type":"Point","coordinates":[-91.4652133,45.0522448]},"properties":{"name":"","highway":"motorway"}},{"type":"Feature","geometry":{"type":"Point","coordinates":[-91.4657265,45.0522423]},"properties":{"name":"","highway":"motorway"}},{"type":"Feature","geometry":{"type":"Point","coordinates":[-87.9505653,43.0266353]},"properties":{"name":"","highway":"footway"}},{"type":"Feature","geometry":{"type":"Point","coordinates":[-91.6135152,46.4632702]},"properties":{"name":"Cedar Island","highway":"residential"}},{"type":"Feature","geometry":{"type":"Point","coordinates":[-91.7373929,46.2239429]},"properties":{"name":"South Lawler Bridge Road","highway":"residential"}},{"type":"Feature","geometry":{"type":"Point","coordinates":[-91.2438585,44.6762875]},"properties":{"name":"County Road V","highway":"tertiary"}},{"type":"Feature","geometry":{"type":"Point","coordinates":[-91.0790269,46.3520373]},"properties":{"name":"","highway":"track"}},{"type":"Feature","geometry":{"type":"Point","coordinates":[-91.1706159,46.5026589]},"properties":{"name":"","highway":"service"}},{"type":"Feature","geometry":{"type":"Point","coordinates":[-91.1746342,46.5021989]},"properties":{"name":"Motel Road","highway":"residential"}},{"type":"Feature","geometry":{"type":"Point","coordinates":[-91.199133,43.7893116]},"properties":{"name":"","highway":"footway"}},{"type":"Feature","geometry":{"type":"Point","coordinates":[-91.1660725,43.6527777]},"properties":{"name":"Hilltop Road","highway":"residential"}},{"type":"Feature","geometry":{"type":"Point","coordinates":[-91.6038525,46.7053043]},"properties":{"name":"McNeils Landing Road","highway":"residential"}},{"type":"Feature","geometry":{"type":"Point","coordinates":[-91.1318973,43.6586933]},"properties":{"name":"Lietke Lane","highway":"residential"}},{"type":"Feature","geometry":{"type":"Point","coordinates":[-91.1425038,43.6607564]},"properties":{"name":"State Highway 162","highway":"secondary"}},{"type":"Feature","geometry":{"type":"Point","coordinates":[-91.1141935,43.6655713]},"properties":{"name":"Hanson Lane","highway":"residential"}},{"type":"Feature","geometry":{"type":"Point","coordinates":[-91.4323137,46.0223432]},"properties":{"name":"","highway":"cycleway"}},{"type":"Feature","geometry":{"type":"Point","coordinates":[-91.5550138,44.304456]},"properties":{"name":"County Road C","highway":"tertiary"}},{"type":"Feature","geometry":{"type":"Point","coordinates":[-91.5544119,44.3023846]},"properties":{"name":"County Road C","highway":"tertiary"}},{"type":"Feature","geometry":{"type":"Point","coordinates":[-91.6783794,44.2093119]},"properties":{"name":"County Road G","highway":"tertiary"}},{"type":"Feature","geometry":{"type":"Point","coordinates":[-91.6643124,44.3454795]},"properties":{"name":"County Road U","highway":"tertiary"}},{"type":"Feature","geometry":{"type":"Point","coordinates":[-91.6652701,44.3543481]},"properties":{"name":"County Road U","highway":"tertiary"}},{"type":"Feature","geometry":{"type":"Point","coordinates":[-91.7734523,44.3158069]},"properties":{"name":"County Road E","highway":"tertiary"}},{"type":"Feature","geometry":{"type":"Point","coordinates":[-92.2009681,44.6265165]},"properties":{"name":"County Road S","highway":"tertiary"}},{"type":"Feature","geometry":{"type":"Point","coordinates":[-87.7708156,43.7695127]},"properties":{"name":"","highway":"path"}},{"type":"Feature","geometry":{"type":"Point","coordinates":[-90.993137,46.3087222]},"properties":{"name":"North Country Trail","highway":"footway"}},{"type":"Feature","geometry":{"type":"Point","coordinates":[-90.9316517,46.2845576]},"properties":{"name":"Snake Trail Road","highway":"unclassified"}},{"type":"Feature","geometry":{"type":"Point","coordinates":[-92.352661,45.2825006]},"properties":{"name":"95th Street","highway":"residential"}},{"type":"Feature","geometry":{"type":"Point","coordinates":[-92.3168054,45.2834986]},"properties":{"name":"75th Street","highway":"secondary"}},{"type":"Feature","geometry":{"type":"Point","coordinates":[-92.4182558,45.2734842]},"properties":{"name":"45th Avenue","highway":"tertiary"}},{"type":"Feature","geometry":{"type":"Point","coordinates":[-91.8418267,45.7728965]},"properties":{"name":"","highway":"track"}},{"type":"Feature","geometry":{"type":"Point","coordinates":[-89.7774573,43.163945]},"properties":{"name":"Helen's Bridge","highway":"path"}},{"type":"Feature","geometry":{"type":"Point","coordinates":[-92.3191141,45.28217]},"properties":{"name":"50th Avenue","highway":"residential"}},{"type":"Feature","geometry":{"type":"Point","coordinates":[-91.5158784,45.1348559]},"properties":{"name":"State Highway 64","highway":"primary"}},{"type":"Feature","geometry":{"type":"Point","coordinates":[-91.46619,45.0708976]},"properties":{"name":"157th Avenue","highway":"residential"}},{"type":"Feature","geometry":{"type":"Point","coordinates":[-90.3514131,45.3630705]},"properties":{"name":"Zimmerman Road","highway":"residential"}},{"type":"Feature","geometry":{"type":"Point","coordinates":[-91.0292492,43.0836987]},"properties":{"name":"Gran Grae Road","highway":"unclassified"}},{"type":"Feature","geometry":{"type":"Point","coordinates":[-91.0193741,43.0753465]},"properties":{"name":"Gran Grae Road","highway":"residential"}},{"type":"Feature","geometry":{"type":"Point","coordinates":[-91.0268846,43.0892309]},"properties":{"name":"Elderman Hill Road","highway":"unclassified"}},{"type":"Feature","geometry":{"type":"Point","coordinates":[-90.9078737,46.7983663]},"properties":{"name":"Star Route Connector","highway":"footway"}},{"type":"Feature","geometry":{"type":"Point","coordinates":[-91.422238,44.4065188]},"properties":{"name":"State Road 121","highway":"secondary"}},{"type":"Feature","geometry":{"type":"Point","coordinates":[-91.4089018,44.418063]},"properties":{"name":"North 36th Road","highway":"residential"}},{"type":"Feature","geometry":{"type":"Point","coordinates":[-91.3866773,44.4315096]},"properties":{"name":"Halama Road","highway":"residential"}},{"type":"Feature","geometry":{"type":"Point","coordinates":[-91.4306197,44.3884175]},"properties":{"name":"Swede Valley Road","highway":"unclassified"}},{"type":"Feature","geometry":{"type":"Point","coordinates":[-91.9886101,44.4994012]},"properties":{"name":"Little Bear Creek Road","highway":"residential"}},{"type":"Feature","geometry":{"type":"Point","coordinates":[-91.9355269,44.5030227]},"properties":{"name":"Weisenbeck Road","highway":"residential"}},{"type":"Feature","geometry":{"type":"Point","coordinates":[-87.756201,43.7780305]},"properties":{"name":"","highway":"path"}},{"type":"Feature","geometry":{"type":"Point","coordinates":[-87.7475516,43.7813068]},"properties":{"name":"","highway":"path"}},{"type":"Feature","geometry":{"type":"Point","coordinates":[-91.8949157,44.4807165]},"properties":{"name":"County Road D","highway":"secondary"}},{"type":"Feature","geometry":{"type":"Point","coordinates":[-91.8927332,44.5084789]},"properties":{"name":"County Road F","highway":"secondary"}},{"type":"Feature","geometry":{"type":"Point","coordinates":[-91.8927254,44.5099405]},"properties":{"name":"County Road F","highway":"secondary"}},{"type":"Feature","geometry":{"type":"Point","coordinates":[-91.9010841,44.5000314]},"properties":{"name":"County Road K","highway":"secondary"}},{"type":"Feature","geometry":{"type":"Point","coordinates":[-87.7735722,43.7689215]},"properties":{"name":"","highway":"path"}},{"type":"Feature","geometry":{"type":"Point","coordinates":[-91.1954999,44.4337807]},"properties":{"name":"","highway":"service"}},{"type":"Feature","geometry":{"type":"Point","coordinates":[-89.6955548,44.9554104]},"properties":{"name":"","highway":"footway"}},{"type":"Feature","geometry":{"type":"Point","coordinates":[-89.6955537,44.9552678]},"properties":{"name":"","highway":"footway"}},{"type":"Feature","geometry":{"type":"Point","coordinates":[-91.7030713,44.3015934]},"properties":{"name":"","highway":"service"}},{"type":"Feature","geometry":{"type":"Point","coordinates":[-89.4081487,44.9423175]},"properties":{"name":"County Road Q","highway":"tertiary"}},{"type":"Feature","geometry":{"type":"Point","coordinates":[-88.315904,45.9608883]},"properties":{"name":"","highway":"trunk"}},{"type":"Feature","geometry":{"type":"Point","coordinates":[-89.1229252,44.3154237]},"properties":{"name":"Parfreyville Road","highway":"residential"}},{"type":"Feature","geometry":{"type":"Point","coordinates":[-89.3947285,45.6263749]},"properties":{"name":"Newell Street","highway":"residential"}},{"type":"Feature","geometry":{"type":"Point","coordinates":[-89.9307597,43.4271632]},"properties":{"name":"Klein Road","highway":"residential"}},{"type":"Feature","geometry":{"type":"Point","coordinates":[-90.66061,46.3243347]},"properties":{"name":"","highway":"footway"}},{"type":"Feature","geometry":{"type":"Point","coordinates":[-89.9348415,43.3911543]},"properties":{"name":"County Highway PF","highway":"tertiary"}},{"type":"Feature","geometry":{"type":"Point","coordinates":[-89.9493906,43.4166005]},"properties":{"name":"County Highway W","highway":"secondary"}},{"type":"Feature","geometry":{"type":"Point","coordinates":[-89.9479853,43.4197968]},"properties":{"name":"County Highway W","highway":"secondary"}},{"type":"Feature","geometry":{"type":"Point","coordinates":[-90.6576149,46.323732]},"properties":{"name":"","highway":"footway"}},{"type":"Feature","geometry":{"type":"Point","coordinates":[-90.6604493,46.3243344]},"properties":{"name":"","highway":"footway"}},{"type":"Feature","geometry":{"type":"Point","coordinates":[-89.9766099,43.3540444]},"properties":{"name":"Skyview Road","highway":"residential"}},{"type":"Feature","geometry":{"type":"Point","coordinates":[-90.7677529,43.2705864]},"properties":{"name":"Jerrett Lane","highway":"residential"}},{"type":"Feature","geometry":{"type":"Point","coordinates":[-90.7775144,43.2721257]},"properties":{"name":"County Highway S","highway":"tertiary"}},{"type":"Feature","geometry":{"type":"Point","coordinates":[-90.7973069,43.272678]},"properties":{"name":"Walker Road","highway":"residential"}},{"type":"Feature","geometry":{"type":"Point","coordinates":[-90.2414067,43.4223037]},"properties":{"name":"Doolittle Road","highway":"residential"}},{"type":"Feature","geometry":{"type":"Point","coordinates":[-90.2277067,43.4125938]},"properties":{"name":"Robin Hollow Road","highway":"residential"}},{"type":"Feature","geometry":{"type":"Point","coordinates":[-90.2343748,43.4127076]},"properties":{"name":"Smyth Hollow Road","highway":"residential"}},{"type":"Feature","geometry":{"type":"Point","coordinates":[-90.2893782,43.3319022]},"properties":{"name":"County Road N","highway":"tertiary"}},{"type":"Feature","geometry":{"type":"Point","coordinates":[-90.236918,43.4113466]},"properties":{"name":"Smyth Hollow Road","highway":"residential"}},{"type":"Feature","geometry":{"type":"Point","coordinates":[-90.238491,43.4021058]},"properties":{"name":"Lost Hollow Road","highway":"residential"}},{"type":"Feature","geometry":{"type":"Point","coordinates":[-90.2801231,43.0839737]},"properties":{"name":"County Road P","highway":"tertiary"}},{"type":"Feature","geometry":{"type":"Point","coordinates":[-90.3002111,43.0701124]},"properties":{"name":"Nels Road","highway":"unclassified"}},{"type":"Feature","geometry":{"type":"Point","coordinates":[-90.2806466,43.0766054]},"properties":{"name":"County Road P","highway":"tertiary"}},{"type":"Feature","geometry":{"type":"Point","coordinates":[-90.2784836,43.0781249]},"properties":{"name":"","highway":"service"}},{"type":"Feature","geometry":{"type":"Point","coordinates":[-90.2694587,43.0872294]},"properties":{"name":"","highway":"track"}},{"type":"Feature","geometry":{"type":"Point","coordinates":[-90.2571362,43.0891005]},"properties":{"name":"County Road II","highway":"tertiary"}},{"type":"Feature","geometry":{"type":"Point","coordinates":[-90.2411843,43.0140324]},"properties":{"name":"Mount Hope Road","highway":"residential"}},{"type":"Feature","geometry":{"type":"Point","coordinates":[-90.2411752,43.0152861]},"properties":{"name":"Mount Hope Road","highway":"residential"}},{"type":"Feature","geometry":{"type":"Point","coordinates":[-90.2756237,43.031199]},"properties":{"name":"","highway":"service"}},{"type":"Feature","geometry":{"type":"Point","coordinates":[-90.2643291,43.0343097]},"properties":{"name":"","highway":"service"}},{"type":"Feature","geometry":{"type":"Point","coordinates":[-90.2453448,43.0603761]},"properties":{"name":"Miess Road","highway":"unclassified"}},{"type":"Feature","geometry":{"type":"Point","coordinates":[-90.2530907,43.0622752]},"properties":{"name":"Highland Road","highway":"unclassified"}},{"type":"Feature","geometry":{"type":"Point","coordinates":[-90.2262955,43.0232717]},"properties":{"name":"County Road Q","highway":"tertiary"}},{"type":"Feature","geometry":{"type":"Point","coordinates":[-90.2462155,43.0296033]},"properties":{"name":"Mount Hope Road","highway":"residential"}},{"type":"Feature","geometry":{"type":"Point","coordinates":[-90.2538172,43.0371858]},"properties":{"name":"","highway":"service"}},{"type":"Feature","geometry":{"type":"Point","coordinates":[-90.3158077,43.0820304]},"properties":{"name":"County Road I","highway":"tertiary"}},{"type":"Feature","geometry":{"type":"Point","coordinates":[-90.4619365,45.9305299]},"properties":{"name":"","highway":"track"}},{"type":"Feature","geometry":{"type":"Point","coordinates":[-91.5508315,44.560217]},"properties":{"name":"Segerstrom Road","highway":"residential"}},{"type":"Feature","geometry":{"type":"Point","coordinates":[-91.5427306,44.5529827]},"properties":{"name":"County Road HH","highway":"tertiary"}},{"type":"Feature","geometry":{"type":"Point","coordinates":[-89.0995312,44.4362264]},"properties":{"name":"Elm Valley Road","highway":"unclassified"}},{"type":"Feature","geometry":{"type":"Point","coordinates":[-89.093453,44.4311517]},"properties":{"name":"Elm Valley Road","highway":"unclassified"}},{"type":"Feature","geometry":{"type":"Point","coordinates":[-89.0906369,44.4237811]},"properties":{"name":"Elm Valley Road","highway":"unclassified"}},{"type":"Feature","geometry":{"type":"Point","coordinates":[-91.0742594,43.6425145]},"properties":{"name":"County Road KK","highway":"tertiary"}},{"type":"Feature","geometry":{"type":"Point","coordinates":[-91.0611459,43.6731477]},"properties":{"name":"Peterson Lane","highway":"residential"}},{"type":"Feature","geometry":{"type":"Point","coordinates":[-91.0457202,43.6766783]},"properties":{"name":"Koll Road","highway":"unclassified"}},{"type":"Feature","geometry":{"type":"Point","coordinates":[-91.0419886,43.683103]},"properties":{"name":"Knudson Lane","highway":"residential"}},{"type":"Feature","geometry":{"type":"Point","coordinates":[-91.0295385,43.6975247]},"properties":{"name":"","highway":"service"}},{"type":"Feature","geometry":{"type":"Point","coordinates":[-91.0992332,43.6551843]},"properties":{"name":"South Main Street","highway":"tertiary"}},{"type":"Feature","geometry":{"type":"Point","coordinates":[-91.2873869,44.7270749]},"properties":{"name":"County Road JJ","highway":"tertiary"}},{"type":"Feature","geometry":{"type":"Point","coordinates":[-90.4732313,43.8667447]},"properties":{"name":"Kiln Avenue","highway":"residential"}},{"type":"Feature","geometry":{"type":"Point","coordinates":[-91.1683261,43.7252544]},"properties":{"name":"","highway":"residential"}},{"type":"Feature","geometry":{"type":"Point","coordinates":[-91.1639072,43.7267128]},"properties":{"name":"R Herold Road","highway":"residential"}},{"type":"Feature","geometry":{"type":"Point","coordinates":[-89.923152,43.6131013]},"properties":{"name":"North Avenue","highway":"residential"}},{"type":"Feature","geometry":{"type":"Point","coordinates":[-89.9175575,43.6097665]},"properties":{"name":"Town Hall Road","highway":"residential"}},{"type":"Feature","geometry":{"type":"Point","coordinates":[-89.903188,43.6023374]},"properties":{"name":"County Highway H","highway":"secondary"}},{"type":"Feature","geometry":{"type":"Point","coordinates":[-90.9433017,43.5852]},"properties":{"name":"","highway":"residential"}},{"type":"Feature","geometry":{"type":"Point","coordinates":[-90.9417062,43.5824683]},"properties":{"name":"Vikemyr Road","highway":"residential"}},{"type":"Feature","geometry":{"type":"Point","coordinates":[-89.9413563,43.6298381]},"properties":{"name":"County Highway HH","highway":"tertiary"}},{"type":"Feature","geometry":{"type":"Point","coordinates":[-90.7675477,43.6880534]},"properties":{"name":"Mc Elhose Hollow Road","highway":"residential"}},{"type":"Feature","geometry":{"type":"Point","coordinates":[-90.7749755,43.6841107]},"properties":{"name":"","highway":"residential"}},{"type":"Feature","geometry":{"type":"Point","coordinates":[-90.7754737,43.6840956]},"properties":{"name":"Knapp Valley Road","highway":"unclassified"}},{"type":"Feature","geometry":{"type":"Point","coordinates":[-90.789439,43.6655161]},"properties":{"name":"Knapp Valley Road","highway":"unclassified"}},{"type":"Feature","geometry":{"type":"Point","coordinates":[-90.7673453,43.6367699]},"properties":{"name":"Bloomingdale Road","highway":"residential"}},{"type":"Feature","geometry":{"type":"Point","coordinates":[-89.4260352,44.7362006]},"properties":{"name":"Pinery Road","highway":"unclassified"}},{"type":"Feature","geometry":{"type":"Point","coordinates":[-91.8730252,44.81964]},"properties":{"name":"570th Street","highway":"unclassified"}},{"type":"Feature","geometry":{"type":"Point","coordinates":[-91.8603452,44.8178921]},"properties":{"name":"","highway":"service"}},{"type":"Feature","geometry":{"type":"Point","coordinates":[-91.8375239,44.815854]},"properties":{"name":"640th Street","highway":"unclassified"}},{"type":"Feature","geometry":{"type":"Point","coordinates":[-90.7725956,42.8601904]},"properties":{"name":"County Road A","highway":"tertiary"}},{"type":"Feature","geometry":{"type":"Point","coordinates":[-90.748457,42.8720418]},"properties":{"name":"Pine Knob Road","highway":"residential"}},{"type":"Feature","geometry":{"type":"Point","coordinates":[-90.6699077,42.9148679]},"properties":{"name":"Lincoln Avenue","highway":"trunk"}},{"type":"Feature","geometry":{"type":"Point","coordinates":[-90.7184431,42.9445789]},"properties":{"name":"","highway":"residential"}},{"type":"Feature","geometry":{"type":"Point","coordinates":[-90.7125704,42.9294702]},"properties":{"name":"","highway":"residential"}},{"type":"Feature","geometry":{"type":"Point","coordinates":[-90.7267548,42.9030059]},"properties":{"name":"Borah Road","highway":"residential"}},{"type":"Feature","geometry":{"type":"Point","coordinates":[-89.6936704,42.9284608]},"properties":{"name":"","highway":"track"}},{"type":"Feature","geometry":{"type":"Point","coordinates":[-89.71966,42.9447391]},"properties":{"name":"Lewis Road","highway":"unclassified"}},{"type":"Feature","geometry":{"type":"Point","coordinates":[-88.4673733,42.935188]},"properties":{"name":"Scuppernong Springs Nature Trail","highway":"footway"}},{"type":"Feature","geometry":{"type":"Point","coordinates":[-90.5016765,42.9271289]},"properties":{"name":"Hopewell Road","highway":"unclassified"}},{"type":"Feature","geometry":{"type":"Point","coordinates":[-90.4448075,42.9514379]},"properties":{"name":"Ebenezer Road","highway":"unclassified"}},{"type":"Feature","geometry":{"type":"Point","coordinates":[-90.4883025,42.8934527]},"properties":{"name":"Crowbranch Lane","highway":"unclassified"}},{"type":"Feature","geometry":{"type":"Point","coordinates":[-90.4702901,42.9124111]},"properties":{"name":"Rock Church Road","highway":"unclassified"}},{"type":"Feature","geometry":{"type":"Point","coordinates":[-90.4777003,42.940665]},"properties":{"name":"Rock Church Road","highway":"unclassified"}},{"type":"Feature","geometry":{"type":"Point","coordinates":[-90.4629504,42.9444236]},"properties":{"name":"Laplatte Road","highway":"residential"}},{"type":"Feature","geometry":{"type":"Point","coordinates":[-90.5569345,43.1184254]},"properties":{"name":"County Road M","highway":"tertiary"}},{"type":"Feature","geometry":{"type":"Point","coordinates":[-92.0599735,44.9590722]},"properties":{"name":"770th Avenue","highway":"unclassified"}},{"type":"Feature","geometry":{"type":"Point","coordinates":[-87.7836957,43.7475685]},"properties":{"name":"Woodlake Path","highway":"footway"}},{"type":"Feature","geometry":{"type":"Point","coordinates":[-91.1664782,44.3070905]},"properties":{"name":"South River Road","highway":"residential"}},{"type":"Feature","geometry":{"type":"Point","coordinates":[-87.9262622,43.129761]},"properties":{"name":"","highway":"footway"}},{"type":"Feature","geometry":{"type":"Point","coordinates":[-87.9261381,43.1296381]},"properties":{"name":"","highway":"footway"}},{"type":"Feature","geometry":{"type":"Point","coordinates":[-87.928465,43.1481137]},"properties":{"name":"","highway":"footway"}},{"type":"Feature","geometry":{"type":"Point","coordinates":[-87.9284828,43.1477758]},"properties":{"name":"","highway":"footway"}},{"type":"Feature","geometry":{"type":"Point","coordinates":[-89.8640696,45.3232559]},"properties":{"name":"County Road E","highway":"unclassified"}},{"type":"Feature","geometry":{"type":"Point","coordinates":[-90.8103916,43.056111]},"properties":{"name":"","highway":"service"}},{"type":"Feature","geometry":{"type":"Point","coordinates":[-91.6361388,46.1949846]},"properties":{"name":"Cheever Road","highway":"unclassified"}},{"type":"Feature","geometry":{"type":"Point","coordinates":[-91.6747803,46.1733766]},"properties":{"name":"East Cheever Road","highway":"unclassified"}},{"type":"Feature","geometry":{"type":"Point","coordinates":[-91.5642682,46.2239611]},"properties":{"name":"Coppermine Scenic Drive Loop","highway":"unclassified"}},{"type":"Feature","geometry":{"type":"Point","coordinates":[-91.5756449,46.2164937]},"properties":{"name":"Coppermine Scenic Drive Loop","highway":"unclassified"}},{"type":"Feature","geometry":{"type":"Point","coordinates":[-88.5412567,42.6458111]},"properties":{"name":"State Highway 67","highway":"primary"}},{"type":"Feature","geometry":{"type":"Point","coordinates":[-88.5219024,42.641347]},"properties":{"name":"Petrie Road","highway":"tertiary"}},{"type":"Feature","geometry":{"type":"Point","coordinates":[-88.5179801,42.6404253]},"properties":{"name":"County Road H","highway":"tertiary"}},{"type":"Feature","geometry":{"type":"Point","coordinates":[-88.5387887,42.5783098]},"properties":{"name":"East Geneva Street","highway":"tertiary"}},{"type":"Feature","geometry":{"type":"Point","coordinates":[-87.8726176,42.6688922]},"properties":{"name":"","highway":"cycleway"}},{"type":"Feature","geometry":{"type":"Point","coordinates":[-88.5663942,45.6058317]},"properties":{"name":"Peshtigo River Road","highway":"unclassified"}},{"type":"Feature","geometry":{"type":"Point","coordinates":[-88.0542809,43.1020981]},"properties":{"name":"","highway":"cycleway"}},{"type":"Feature","geometry":{"type":"Point","coordinates":[-88.054736,43.104683]},"properties":{"name":"","highway":"footway"}},{"type":"Feature","geometry":{"type":"Point","coordinates":[-88.0547356,43.1049232]},"properties":{"name":"","highway":"footway"}},{"type":"Feature","geometry":{"type":"Point","coordinates":[-87.8719743,42.6641068]},"properties":{"name":"","highway":"cycleway"}},{"type":"Feature","geometry":{"type":"Point","coordinates":[-90.5617584,43.0378108]},"properties":{"name":"Homer Road","highway":"unclassified"}},{"type":"Feature","geometry":{"type":"Point","coordinates":[-89.7678232,45.0160211]},"properties":{"name":"County Road O","highway":"tertiary"}},{"type":"Feature","geometry":{"type":"Point","coordinates":[-90.8795084,45.8884593]},"properties":{"name":"Dam Road","highway":"residential"}},{"type":"Feature","geometry":{"type":"Point","coordinates":[-92.6222576,44.8747905]},"properties":{"name":"","highway":"footway"}},{"type":"Feature","geometry":{"type":"Point","coordinates":[-92.6221423,44.8745694]},"properties":{"name":"","highway":"footway"}},{"type":"Feature","geometry":{"type":"Point","coordinates":[-92.6221805,44.874656]},"properties":{"name":"","highway":"footway"}},{"type":"Feature","geometry":{"type":"Point","coordinates":[-92.7624953,45.5697993]},"properties":{"name":"Sunrise Ferry Hiking Trail","highway":"footway"}},{"type":"Feature","geometry":{"type":"Point","coordinates":[-87.9752935,43.4099679]},"properties":{"name":"","highway":"path"}},{"type":"Feature","geometry":{"type":"Point","coordinates":[-87.7228322,43.7553769]},"properties":{"name":"","highway":"footway"}},{"type":"Feature","geometry":{"type":"Point","coordinates":[-87.7230517,43.7553767]},"properties":{"name":"","highway":"footway"}},{"type":"Feature","geometry":{"type":"Point","coordinates":[-91.7792765,44.9041526]},"properties":{"name":"620th Avenue","highway":"unclassified"}},{"type":"Feature","geometry":{"type":"Point","coordinates":[-87.7130679,43.7444726]},"properties":{"name":"","highway":"footway"}},{"type":"Feature","geometry":{"type":"Point","coordinates":[-87.7128434,43.7444729]},"properties":{"name":"","highway":"footway"}},{"type":"Feature","geometry":{"type":"Point","coordinates":[-89.5212914,42.9128367]},"properties":{"name":"","highway":"service"}},{"type":"Feature","geometry":{"type":"Point","coordinates":[-87.7299383,43.7464392]},"properties":{"name":"","highway":"footway"}},{"type":"Feature","geometry":{"type":"Point","coordinates":[-87.7298472,43.7465961]},"properties":{"name":"","highway":"footway"}},{"type":"Feature","geometry":{"type":"Point","coordinates":[-88.7722106,45.1523944]},"properties":{"name":"Shawano - Crandon Line","highway":"track"}},{"type":"Feature","geometry":{"type":"Point","coordinates":[-92.1923976,44.6650759]},"properties":{"name":"355th Avenue","highway":"residential"}},{"type":"Feature","geometry":{"type":"Point","coordinates":[-92.1903603,44.6388628]},"properties":{"name":"County Road S","highway":"tertiary"}},{"type":"Feature","geometry":{"type":"Point","coordinates":[-92.1897932,44.6324216]},"properties":{"name":"Pine Avenue East","highway":"residential"}},{"type":"Feature","geometry":{"type":"Point","coordinates":[-92.2831268,45.6726643]},"properties":{"name":"Ice Age Trail","highway":"footway"}},{"type":"Feature","geometry":{"type":"Point","coordinates":[-92.2867765,45.6628161]},"properties":{"name":"Ice Age Trail","highway":"footway"}},{"type":"Feature","geometry":{"type":"Point","coordinates":[-92.0519484,45.6644431]},"properties":{"name":"Ice Age Trail","highway":"footway"}},{"type":"Feature","geometry":{"type":"Point","coordinates":[-89.9974969,45.3032812]},"properties":{"name":"Ice Age Trail","highway":"path"}},{"type":"Feature","geometry":{"type":"Point","coordinates":[-89.5617571,45.3531857]},"properties":{"name":"Alta Springs Road","highway":"residential"}},{"type":"Feature","geometry":{"type":"Point","coordinates":[-91.192884,46.185826]},"properties":{"name":"","highway":"service"}},{"type":"Feature","geometry":{"type":"Point","coordinates":[-87.9750841,43.8569684]},"properties":{"name":"","highway":"footway"}},{"type":"Feature","geometry":{"type":"Point","coordinates":[-91.2396817,46.1746238]},"properties":{"name":"","highway":"service"}},{"type":"Feature","geometry":{"type":"Point","coordinates":[-88.0541099,43.0892469]},"properties":{"name":"West Capitol Drive","highway":"primary"}},{"type":"Feature","geometry":{"type":"Point","coordinates":[-91.7772538,46.3839923]},"properties":{"name":"County Road A","highway":"secondary"}},{"type":"Feature","geometry":{"type":"Point","coordinates":[-87.8533225,42.9123641]},"properties":{"name":"","highway":"footway"}},{"type":"Feature","geometry":{"type":"Point","coordinates":[-87.7473807,43.7814848]},"properties":{"name":"","highway":"path"}},{"type":"Feature","geometry":{"type":"Point","coordinates":[-89.9014857,43.5872492]},"properties":{"name":"Simpson Road","highway":"residential"}},{"type":"Feature","geometry":{"type":"Point","coordinates":[-89.8995986,43.5910404]},"properties":{"name":"County Highway P","highway":"secondary"}},{"type":"Feature","geometry":{"type":"Point","coordinates":[-89.8671487,43.5528551]},"properties":{"name":"Coon Bluff Road","highway":"residential"}},{"type":"Feature","geometry":{"type":"Point","coordinates":[-89.842195,43.5591137]},"properties":{"name":"State Highway 23","highway":"primary"}},{"type":"Feature","geometry":{"type":"Point","coordinates":[-89.5764345,43.7814882]},"properties":{"name":"","highway":"footway"}},{"type":"Feature","geometry":{"type":"Point","coordinates":[-89.5764089,43.7816224]},"properties":{"name":"","highway":"footway"}},{"type":"Feature","geometry":{"type":"Point","coordinates":[-92.1894643,44.625885]},"properties":{"name":"","highway":"track"}},{"type":"Feature","geometry":{"type":"Point","coordinates":[-92.1921728,44.6283739]},"properties":{"name":"","highway":"footway"}},{"type":"Feature","geometry":{"type":"Point","coordinates":[-92.1925504,44.6310642]},"properties":{"name":"","highway":"service"}},{"type":"Feature","geometry":{"type":"Point","coordinates":[-91.9057759,44.8057994]},"properties":{"name":"","highway":"service"}},{"type":"Feature","geometry":{"type":"Point","coordinates":[-91.9087355,44.8053513]},"properties":{"name":"","highway":"service"}},{"type":"Feature","geometry":{"type":"Point","coordinates":[-91.9110589,44.8028873]},"properties":{"name":"","highway":"service"}},{"type":"Feature","geometry":{"type":"Point","coordinates":[-87.7489039,43.7784281]},"properties":{"name":"","highway":"path"}},{"type":"Feature","geometry":{"type":"Point","coordinates":[-87.7376447,43.7840432]},"properties":{"name":"","highway":"path"}},{"type":"Feature","geometry":{"type":"Point","coordinates":[-87.7470357,43.7817864]},"properties":{"name":"Quarry Loop","highway":"path"}},{"type":"Feature","geometry":{"type":"Point","coordinates":[-87.7953277,42.7260132]},"properties":{"name":"","highway":"footway"}},{"type":"Feature","geometry":{"type":"Point","coordinates":[-87.795335,42.72587]},"properties":{"name":"","highway":"footway"}},{"type":"Feature","geometry":{"type":"Point","coordinates":[-91.0657573,44.8718167]},"properties":{"name":"20th Avenue","highway":"residential"}},{"type":"Feature","geometry":{"type":"Point","coordinates":[-91.0720213,44.8571408]},"properties":{"name":"10th Avenue","highway":"residential"}},{"type":"Feature","geometry":{"type":"Point","coordinates":[-91.8652991,45.1007027]},"properties":{"name":"County Road S","highway":"tertiary"}},{"type":"Feature","geometry":{"type":"Point","coordinates":[-91.0751531,44.8433591]},"properties":{"name":"Gravel Pit Road","highway":"residential"}},{"type":"Feature","geometry":{"type":"Point","coordinates":[-92.0349186,44.9333476]},"properties":{"name":"250th Street","highway":"unclassified"}},{"type":"Feature","geometry":{"type":"Point","coordinates":[-88.1089468,43.1752206]},"properties":{"name":"","highway":"footway"}},{"type":"Feature","geometry":{"type":"Point","coordinates":[-92.0750819,44.7200484]},"properties":{"name":"","highway":"service"}},{"type":"Feature","geometry":{"type":"Point","coordinates":[-88.1318159,43.7174213]},"properties":{"name":"Watercress Road","highway":"residential"}},{"type":"Feature","geometry":{"type":"Point","coordinates":[-91.4465829,44.1685272]},"properties":{"name":"State Highway 93","highway":"trunk"}},{"type":"Feature","geometry":{"type":"Point","coordinates":[-91.4425778,44.1571667]},"properties":{"name":"State Highway 93","highway":"trunk"}},{"type":"Feature","geometry":{"type":"Point","coordinates":[-90.9399332,45.8699031]},"properties":{"name":"South Clover Road","highway":"residential"}},{"type":"Feature","geometry":{"type":"Point","coordinates":[-90.9252163,45.8768067]},"properties":{"name":"South Clover Road","highway":"residential"}},{"type":"Feature","geometry":{"type":"Point","coordinates":[-90.8835268,45.8876769]},"properties":{"name":"Knowles Road","highway":"residential"}},{"type":"Feature","geometry":{"type":"Point","coordinates":[-88.5708883,42.5459577]},"properties":{"name":"","highway":"footway"}},{"type":"Feature","geometry":{"type":"Point","coordinates":[-88.1033646,45.3887328]},"properties":{"name":"","highway":"footway"}},{"type":"Feature","geometry":{"type":"Point","coordinates":[-91.9259219,44.8022098]},"properties":{"name":"","highway":"service"}},{"type":"Feature","geometry":{"type":"Point","coordinates":[-92.0329531,44.9737146]},"properties":{"name":"County Road K","highway":"tertiary"}},{"type":"Feature","geometry":{"type":"Point","coordinates":[-92.0392843,44.9882432]},"properties":{"name":"280th Street","highway":"residential"}},{"type":"Feature","geometry":{"type":"Point","coordinates":[-92.0148623,44.9603749]},"properties":{"name":"County Road K","highway":"tertiary"}},{"type":"Feature","geometry":{"type":"Point","coordinates":[-92.0301219,44.9694942]},"properties":{"name":"265th Street","highway":"residential"}},{"type":"Feature","geometry":{"type":"Point","coordinates":[-91.9957524,44.9461682]},"properties":{"name":"330th Street","highway":"unclassified"}},{"type":"Feature","geometry":{"type":"Point","coordinates":[-92.0101016,44.959041]},"properties":{"name":"770th Avenue","highway":"unclassified"}},{"type":"Feature","geometry":{"type":"Point","coordinates":[-92.0451488,44.8558472]},"properties":{"name":"County Road P","highway":"secondary"}},{"type":"Feature","geometry":{"type":"Point","coordinates":[-92.0171592,44.8513399]},"properties":{"name":"470th Avenue","highway":"unclassified"}},{"type":"Feature","geometry":{"type":"Point","coordinates":[-91.0191448,44.1681337]},"properties":{"name":"County Highway H","highway":"tertiary"}},{"type":"Feature","geometry":{"type":"Point","coordinates":[-92.0957905,44.9571064]},"properties":{"name":"County Road Q","highway":"tertiary"}},{"type":"Feature","geometry":{"type":"Point","coordinates":[-92.1158368,44.9501235]},"properties":{"name":"80th Street","highway":"unclassified"}},{"type":"Feature","geometry":{"type":"Point","coordinates":[-92.1330065,44.948495]},"properties":{"name":"","highway":"service"}},{"type":"Feature","geometry":{"type":"Point","coordinates":[-92.178545,44.7860375]},"properties":{"name":"710th Avenue","highway":"residential"}},{"type":"Feature","geometry":{"type":"Point","coordinates":[-87.9233733,43.1974398]},"properties":{"name":"","highway":"footway"}},{"type":"Feature","geometry":{"type":"Point","coordinates":[-87.9284002,43.1372341]},"properties":{"name":"","highway":"footway"}},{"type":"Feature","geometry":{"type":"Point","coordinates":[-88.0008608,43.8000438]},"properties":{"name":"Kettle Bottoms Trail","highway":"pedestrian"}},{"type":"Feature","geometry":{"type":"Point","coordinates":[-89.2743998,44.3961193]},"properties":{"name":"Two Rivers Drive","highway":"service"}},{"type":"Feature","geometry":{"type":"Point","coordinates":[-89.769209,42.8249204]},"properties":{"name":"Badger Road","highway":"unclassified"}},{"type":"Feature","geometry":{"type":"Point","coordinates":[-89.768105,42.8257849]},"properties":{"name":"","highway":"service"}},{"type":"Feature","geometry":{"type":"Point","coordinates":[-92.0245069,44.9226956]},"properties":{"name":"670th Avenue","highway":"unclassified"}},{"type":"Feature","geometry":{"type":"Point","coordinates":[-92.1530177,45.6615334]},"properties":{"name":"Ice Age Trail","highway":"footway"}},{"type":"Feature","geometry":{"type":"Point","coordinates":[-92.0142565,44.783926]},"properties":{"name":"290th Street","highway":"unclassified"}},{"type":"Feature","geometry":{"type":"Point","coordinates":[-92.0249016,44.7816901]},"properties":{"name":"270th Street","highway":"unclassified"}},{"type":"Feature","geometry":{"type":"Point","coordinates":[-92.0656751,44.8147826]},"properties":{"name":"County Road X","highway":"secondary"}},{"type":"Feature","geometry":{"type":"Point","coordinates":[-91.3827694,44.5529367]},"properties":{"name":"Elm Street","highway":"residential"}},{"type":"Feature","geometry":{"type":"Point","coordinates":[-91.0342213,46.3075568]},"properties":{"name":"North Country Trail","highway":"footway"}},{"type":"Feature","geometry":{"type":"Point","coordinates":[-90.1186259,43.1329761]},"properties":{"name":"Lower Wyoming Road","highway":"residential"}},{"type":"Feature","geometry":{"type":"Point","coordinates":[-90.1112692,43.1259858]},"properties":{"name":"State Highway 23","highway":"primary"}},{"type":"Feature","geometry":{"type":"Point","coordinates":[-90.1135491,43.1291911]},"properties":{"name":"Lower Wyoming Road","highway":"residential"}},{"type":"Feature","geometry":{"type":"Point","coordinates":[-88.0550823,44.5645795]},"properties":{"name":"","highway":"path"}},{"type":"Feature","geometry":{"type":"Point","coordinates":[-90.1371126,43.1470724]},"properties":{"name":"Rush Creek Road","highway":"residential"}},{"type":"Feature","geometry":{"type":"Point","coordinates":[-90.1283719,43.1452616]},"properties":{"name":"Lower Wyoming Road","highway":"residential"}},{"type":"Feature","geometry":{"type":"Point","coordinates":[-88.0750685,44.5642473]},"properties":{"name":"Howard Trail","highway":"path"}},{"type":"Feature","geometry":{"type":"Point","coordinates":[-88.0886184,44.5602364]},"properties":{"name":"","highway":"path"}},{"type":"Feature","geometry":{"type":"Point","coordinates":[-88.093593,44.5598334]},"properties":{"name":"","highway":"path"}},{"type":"Feature","geometry":{"type":"Point","coordinates":[-88.1000945,44.5582648]},"properties":{"name":"Hillcrest Heights","highway":"tertiary"}},{"type":"Feature","geometry":{"type":"Point","coordinates":[-88.1026619,44.5581698]},"properties":{"name":"Shawano Avenue","highway":"tertiary"}},{"type":"Feature","geometry":{"type":"Point","coordinates":[-88.1151942,44.5513462]},"properties":{"name":"Seminole Trail","highway":"residential"}},{"type":"Feature","geometry":{"type":"Point","coordinates":[-88.1149487,44.5539721]},"properties":{"name":"","highway":"motorway"}},{"type":"Feature","geometry":{"type":"Point","coordinates":[-88.120943,44.548416]},"properties":{"name":"Indian Trail","highway":"residential"}},{"type":"Feature","geometry":{"type":"Point","coordinates":[-88.1437378,44.5437496]},"properties":{"name":"","highway":"service"}},{"type":"Feature","geometry":{"type":"Point","coordinates":[-88.1400918,44.5477151]},"properties":{"name":"","highway":"service"}},{"type":"Feature","geometry":{"type":"Point","coordinates":[-88.075748,44.5635157]},"properties":{"name":"Howard Trail","highway":"path"}},{"type":"Feature","geometry":{"type":"Point","coordinates":[-89.2267498,43.4913895]},"properties":{"name":"","highway":"tertiary"}},{"type":"Feature","geometry":{"type":"Point","coordinates":[-89.2605817,43.4953304]},"properties":{"name":"","highway":"tertiary"}},{"type":"Feature","geometry":{"type":"Point","coordinates":[-89.2462979,43.4888407]},"properties":{"name":"Schliesmann Road","highway":"unclassified"}},{"type":"Feature","geometry":{"type":"Point","coordinates":[-90.1007042,43.0977927]},"properties":{"name":"Upper Wyoming Road","highway":"unclassified"}},{"type":"Feature","geometry":{"type":"Point","coordinates":[-90.1048018,43.1086227]},"properties":{"name":"","highway":"residential"}},{"type":"Feature","geometry":{"type":"Point","coordinates":[-90.1093476,43.1208383]},"properties":{"name":"","highway":"track"}},{"type":"Feature","geometry":{"type":"Point","coordinates":[-90.1030837,43.0838492]},"properties":{"name":"Weaver Road","highway":"unclassified"}},{"type":"Feature","geometry":{"type":"Point","coordinates":[-91.2295704,44.2929506]},"properties":{"name":"East 2nd Street","highway":"residential"}},{"type":"Feature","geometry":{"type":"Point","coordinates":[-88.5406392,42.5833009]},"properties":{"name":"","highway":"footway"}},{"type":"Feature","geometry":{"type":"Point","coordinates":[-91.4600844,44.581312]},"properties":{"name":"County Road U","highway":"tertiary"}},{"type":"Feature","geometry":{"type":"Point","coordinates":[-91.4694161,44.5757944]},"properties":{"name":"Mondovi Street East","highway":"primary"}},{"type":"Feature","geometry":{"type":"Point","coordinates":[-91.4682676,44.5892021]},"properties":{"name":"State Highway 93","highway":"trunk"}},{"type":"Feature","geometry":{"type":"Point","coordinates":[-87.9234086,43.1971015]},"properties":{"name":"North Port Washington Road","highway":"secondary"}},{"type":"Feature","geometry":{"type":"Point","coordinates":[-91.0232894,44.8283821]},"properties":{"name":"County Highway MM","highway":"tertiary"}},{"type":"Feature","geometry":{"type":"Point","coordinates":[-91.0199362,44.9586884]},"properties":{"name":"80th Avenue","highway":"residential"}},{"type":"Feature","geometry":{"type":"Point","coordinates":[-91.5815369,45.4640957]},"properties":{"name":"28th Street","highway":"residential"}},{"type":"Feature","geometry":{"type":"Point","coordinates":[-91.9758584,45.2807521]},"properties":{"name":"5th Avenue","highway":"residential"}},{"type":"Feature","geometry":{"type":"Point","coordinates":[-91.9912491,45.3019772]},"properties":{"name":"6 1/2 Avenue","highway":"residential"}},{"type":"Feature","geometry":{"type":"Point","coordinates":[-91.9913791,45.3101932]},"properties":{"name":"7th Avenue","highway":"residential"}},{"type":"Feature","geometry":{"type":"Point","coordinates":[-91.9961176,45.323685]},"properties":{"name":"8th Avenue","highway":"residential"}},{"type":"Feature","geometry":{"type":"Point","coordinates":[-90.3178676,43.469183]},"properties":{"name":"Hawkins Creek Road","highway":"unclassified"}},{"type":"Feature","geometry":{"type":"Point","coordinates":[-92.0651352,44.7170715]},"properties":{"name":"190th Street","highway":"unclassified"}},{"type":"Feature","geometry":{"type":"Point","coordinates":[-89.8873188,43.5765026]},"properties":{"name":"South Avenue","highway":"residential"}},{"type":"Feature","geometry":{"type":"Point","coordinates":[-89.700505,45.1821015]},"properties":{"name":"","highway":"footway"}},{"type":"Feature","geometry":{"type":"Point","coordinates":[-89.7032212,45.179818]},"properties":{"name":"","highway":"footway"}},{"type":"Feature","geometry":{"type":"Point","coordinates":[-91.4783852,45.0283272]},"properties":{"name":"County Highway C","highway":"tertiary"}},{"type":"Feature","geometry":{"type":"Point","coordinates":[-91.4897845,45.0166008]},"properties":{"name":"120th Avenue","highway":"residential"}},{"type":"Feature","geometry":{"type":"Point","coordinates":[-91.4891818,45.0177104]},"properties":{"name":"90th Street","highway":"residential"}},{"type":"Feature","geometry":{"type":"Point","coordinates":[-92.0305579,44.7932398]},"properties":{"name":"350th Avenue","highway":"residential"}},{"type":"Feature","geometry":{"type":"Point","coordinates":[-92.0295438,44.7928491]},"properties":{"name":"County Road D","highway":"secondary"}},{"type":"Feature","geometry":{"type":"Point","coordinates":[-92.0297187,44.7879603]},"properties":{"name":"County Road D","highway":"secondary"}},{"type":"Feature","geometry":{"type":"Point","coordinates":[-89.9199878,45.2059434]},"properties":{"name":"Wegner Road","highway":"residential"}},{"type":"Feature","geometry":{"type":"Point","coordinates":[-89.9251125,45.2153751]},"properties":{"name":"Wegner Road","highway":"residential"}},{"type":"Feature","geometry":{"type":"Point","coordinates":[-92.123322,45.2094296]},"properties":{"name":"County Line Road","highway":"unclassified"}},{"type":"Feature","geometry":{"type":"Point","coordinates":[-92.1254904,45.2138193]},"properties":{"name":"1 1/2 Street","highway":"secondary"}},{"type":"Feature","geometry":{"type":"Point","coordinates":[-92.0735711,45.0965367]},"properties":{"name":"1150th Avenue","highway":"unclassified"}},{"type":"Feature","geometry":{"type":"Point","coordinates":[-92.1010833,45.1540001]},"properties":{"name":"","highway":"service"}},{"type":"Feature","geometry":{"type":"Point","coordinates":[-92.1070381,45.1692087]},"properties":{"name":"110th Street","highway":"track"}},{"type":"Feature","geometry":{"type":"Point","coordinates":[-92.1112496,45.1848203]},"properties":{"name":"1390th Avenue","highway":"unclassified"}},{"type":"Feature","geometry":{"type":"Point","coordinates":[-92.1192501,45.1959493]},"properties":{"name":"County Road K","highway":"secondary"}},{"type":"Feature","geometry":{"type":"Point","coordinates":[-92.1239919,45.1991467]},"properties":{"name":"87th Street","highway":"unclassified"}},{"type":"Feature","geometry":{"type":"Point","coordinates":[-91.2313397,44.8154401]},"properties":{"name":"South 150th Avenue","highway":"residential"}},{"type":"Feature","geometry":{"type":"Point","coordinates":[-89.1870726,44.432474]},"properties":{"name":"Peterson Road","highway":"unclassified"}},{"type":"Feature","geometry":{"type":"Point","coordinates":[-89.7960251,43.3939542]},"properties":{"name":"Stones Pocket Road","highway":"track"}},{"type":"Feature","geometry":{"type":"Point","coordinates":[-89.7987749,43.3851962]},"properties":{"name":"Stones Pocket Road","highway":"track"}},{"type":"Feature","geometry":{"type":"Point","coordinates":[-89.7980419,43.3765934]},"properties":{"name":"","highway":"service"}},{"type":"Feature","geometry":{"type":"Point","coordinates":[-89.7981961,43.3965167]},"properties":{"name":"","highway":"track"}},{"type":"Feature","geometry":{"type":"Point","coordinates":[-88.054111,43.0893922]},"properties":{"name":"West Capitol Drive","highway":"primary"}},{"type":"Feature","geometry":{"type":"Point","coordinates":[-90.0785766,45.4667259]},"properties":{"name":"Ernst Drive","highway":"residential"}},{"type":"Feature","geometry":{"type":"Point","coordinates":[-92.6883967,45.328937]},"properties":{"name":"","highway":"footway"}},{"type":"Feature","geometry":{"type":"Point","coordinates":[-87.5034835,44.4631732]},"properties":{"name":"","highway":"footway"}},{"type":"Feature","geometry":{"type":"Point","coordinates":[-92.0525263,44.9590382]},"properties":{"name":"770th Avenue","highway":"unclassified"}},{"type":"Feature","geometry":{"type":"Point","coordinates":[-92.0555948,44.9603123]},"properties":{"name":"210th Street","highway":"unclassified"}},{"type":"Feature","geometry":{"type":"Point","coordinates":[-92.0657193,44.96391]},"properties":{"name":"County Road O","highway":"tertiary"}},{"type":"Feature","geometry":{"type":"Point","coordinates":[-92.1058759,44.9769632]},"properties":{"name":"County Road Q","highway":"tertiary"}},{"type":"Feature","geometry":{"type":"Point","coordinates":[-92.1155079,44.9888192]},"properties":{"name":"County Road Q","highway":"tertiary"}},{"type":"Feature","geometry":{"type":"Point","coordinates":[-92.141655,45.029172]},"properties":{"name":"County Road W","highway":"tertiary"}},{"type":"Feature","geometry":{"type":"Point","coordinates":[-92.1570643,45.0115869]},"properties":{"name":"","highway":"service"}},{"type":"Feature","geometry":{"type":"Point","coordinates":[-92.1510559,45.0227419]},"properties":{"name":"Rustic Road Number 4","highway":"unclassified"}},{"type":"Feature","geometry":{"type":"Point","coordinates":[-92.1517413,45.0163524]},"properties":{"name":"Rustic Road Number 4","highway":"unclassified"}},{"type":"Feature","geometry":{"type":"Point","coordinates":[-91.9561286,45.0553093]},"properties":{"name":"County Road F","highway":"tertiary"}},{"type":"Feature","geometry":{"type":"Point","coordinates":[-92.0356893,45.0716855]},"properties":{"name":"State Highway 79","highway":"secondary"}},{"type":"Feature","geometry":{"type":"Point","coordinates":[-92.0483103,45.0771558]},"properties":{"name":"231st Street","highway":"unclassified"}},{"type":"Feature","geometry":{"type":"Point","coordinates":[-90.2991543,43.7593288]},"properties":{"name":"Elroy-Sparta State Trail","highway":"cycleway"}},{"type":"Feature","geometry":{"type":"Point","coordinates":[-90.3025693,43.7599069]},"properties":{"name":"","highway":"service"}},{"type":"Feature","geometry":{"type":"Point","coordinates":[-90.3252298,43.7763599]},"properties":{"name":"Elroy-Sparta State Trail","highway":"cycleway"}},{"type":"Feature","geometry":{"type":"Point","coordinates":[-90.3258202,43.7782392]},"properties":{"name":"Nutmeg Road","highway":"unclassified"}},{"type":"Feature","geometry":{"type":"Point","coordinates":[-90.3277069,43.7785705]},"properties":{"name":"Elroy-Sparta State Trail","highway":"cycleway"}},{"type":"Feature","geometry":{"type":"Point","coordinates":[-90.3328164,43.7825643]},"properties":{"name":"Elroy-Sparta State Trail","highway":"cycleway"}},{"type":"Feature","geometry":{"type":"Point","coordinates":[-90.3652767,43.7917682]},"properties":{"name":"Elroy-Sparta State Trail","highway":"cycleway"}},{"type":"Feature","geometry":{"type":"Point","coordinates":[-90.4101252,43.807113]},"properties":{"name":"Elroy-Sparta State Trail","highway":"cycleway"}},{"type":"Feature","geometry":{"type":"Point","coordinates":[-90.3676365,43.7943053]},"properties":{"name":"County Highway W","highway":"tertiary"}},{"type":"Feature","geometry":{"type":"Point","coordinates":[-90.3667508,43.7938568]},"properties":{"name":"Glendale Road","highway":"tertiary"}},{"type":"Feature","geometry":{"type":"Point","coordinates":[-90.3745023,43.7965758]},"properties":{"name":"Spring Street","highway":"residential"}},{"type":"Feature","geometry":{"type":"Point","coordinates":[-90.3784541,43.7999729]},"properties":{"name":"","highway":"service"}},{"type":"Feature","geometry":{"type":"Point","coordinates":[-90.3890932,43.8049587]},"properties":{"name":"State Highway 71","highway":"secondary"}},{"type":"Feature","geometry":{"type":"Point","coordinates":[-90.3924484,43.805968]},"properties":{"name":"","highway":"service"}},{"type":"Feature","geometry":{"type":"Point","coordinates":[-90.4047097,43.8071205]},"properties":{"name":"","highway":"service"}},{"type":"Feature","geometry":{"type":"Point","coordinates":[-90.4143543,43.8042303]},"properties":{"name":"","highway":"service"}},{"type":"Feature","geometry":{"type":"Point","coordinates":[-90.4201297,43.8036831]},"properties":{"name":"Missouri Avenue","highway":"residential"}},{"type":"Feature","geometry":{"type":"Point","coordinates":[-90.4314253,43.8054915]},"properties":{"name":"Missouri Avenue","highway":"residential"}},{"type":"Feature","geometry":{"type":"Point","coordinates":[-90.6215355,43.832799]},"properties":{"name":"","highway":"footway"}},{"type":"Feature","geometry":{"type":"Point","coordinates":[-90.2691635,43.6820053]},"properties":{"name":"","highway":"path"}},{"type":"Feature","geometry":{"type":"Point","coordinates":[-92.0976807,45.0539894]},"properties":{"name":"Anderson Road","highway":"service"}},{"type":"Feature","geometry":{"type":"Point","coordinates":[-92.0582813,45.0448249]},"properties":{"name":"Duffy Street","highway":"unclassified"}},{"type":"Feature","geometry":{"type":"Point","coordinates":[-92.035929,45.0467099]},"properties":{"name":"","highway":"footway"}},{"type":"Feature","geometry":{"type":"Point","coordinates":[-92.0806947,45.0494611]},"properties":{"name":"1020th Avenue","highway":"unclassified"}},{"type":"Feature","geometry":{"type":"Point","coordinates":[-92.0868459,45.0500674]},"properties":{"name":"150th Street","highway":"unclassified"}},{"type":"Feature","geometry":{"type":"Point","coordinates":[-89.2411276,46.0891258]},"properties":{"name":"US 45","highway":"trunk"}},{"type":"Feature","geometry":{"type":"Point","coordinates":[-89.2414913,46.0889114]},"properties":{"name":"","highway":"track"}},{"type":"Feature","geometry":{"type":"Point","coordinates":[-90.5999834,42.8406474]},"properties":{"name":"","highway":"track"}},{"type":"Feature","geometry":{"type":"Point","coordinates":[-90.6014942,42.8394008]},"properties":{"name":"County Road A","highway":"secondary"}},{"type":"Feature","geometry":{"type":"Point","coordinates":[-92.0033229,46.5468858]},"properties":{"name":"East Neuman Road","highway":"residential"}},{"type":"Feature","geometry":{"type":"Point","coordinates":[-92.1151632,45.2106605]},"properties":{"name":"2nd Street","highway":"residential"}},{"type":"Feature","geometry":{"type":"Point","coordinates":[-92.1179402,45.2094037]},"properties":{"name":"County Line Road","highway":"residential"}},{"type":"Feature","geometry":{"type":"Point","coordinates":[-90.5618386,43.6850395]},"properties":{"name":"","highway":"service"}},{"type":"Feature","geometry":{"type":"Point","coordinates":[-89.3152562,43.9158427]},"properties":{"name":"15th Drive","highway":"residential"}},{"type":"Feature","geometry":{"type":"Point","coordinates":[-90.6896633,43.8678451]},"properties":{"name":"State Highway 71","highway":"secondary"}},{"type":"Feature","geometry":{"type":"Point","coordinates":[-90.6961955,43.8703113]},"properties":{"name":"State Highway 71","highway":"secondary"}},{"type":"Feature","geometry":{"type":"Point","coordinates":[-90.7305678,43.8829262]},"properties":{"name":"County Highway AA","highway":"tertiary"}},{"type":"Feature","geometry":{"type":"Point","coordinates":[-90.1786111,46.4499854]},"properties":{"name":"","highway":"footway"}},{"type":"Feature","geometry":{"type":"Point","coordinates":[-90.2371475,46.4380288]},"properties":{"name":"","highway":"track"}},{"type":"Feature","geometry":{"type":"Point","coordinates":[-91.513051,45.5741655]},"properties":{"name":"","highway":"footway"}},{"type":"Feature","geometry":{"type":"Point","coordinates":[-90.2580777,45.5180366]},"properties":{"name":"County Road C","highway":"tertiary"}},{"type":"Feature","geometry":{"type":"Point","coordinates":[-88.0847763,44.5618667]},"properties":{"name":"Cardinal Lane","highway":"tertiary"}},{"type":"Feature","geometry":{"type":"Point","coordinates":[-87.9998925,45.5000329]},"properties":{"name":"","highway":"footway"}},{"type":"Feature","geometry":{"type":"Point","coordinates":[-87.8977702,43.0575353]},"properties":{"name":"","highway":"footway"}},{"type":"Feature","geometry":{"type":"Point","coordinates":[-87.9125227,42.9967566]},"properties":{"name":"South Chase Avenue","highway":"primary"}},{"type":"Feature","geometry":{"type":"Point","coordinates":[-91.9856066,44.9446662]},"properties":{"name":"730th Avenue","highway":"residential"}},{"type":"Feature","geometry":{"type":"Point","coordinates":[-91.1248775,46.3603217]},"properties":{"name":"Old 63 South","highway":"residential"}},{"type":"Feature","geometry":{"type":"Point","coordinates":[-91.1092882,46.379654]},"properties":{"name":"Raymond Avenue","highway":"residential"}},{"type":"Feature","geometry":{"type":"Point","coordinates":[-92.6244889,44.8626768]},"properties":{"name":"","highway":"footway"}},{"type":"Feature","geometry":{"type":"Point","coordinates":[-92.6245203,44.8625554]},"properties":{"name":"","highway":"footway"}},{"type":"Feature","geometry":{"type":"Point","coordinates":[-91.8474821,45.5072271]},"properties":{"name":"State Highway 25","highway":"primary"}},{"type":"Feature","geometry":{"type":"Point","coordinates":[-91.8598051,45.2881766]},"properties":{"name":"14 1/2 Street","highway":"primary"}},{"type":"Feature","geometry":{"type":"Point","coordinates":[-92.1430286,45.0478027]},"properties":{"name":"","highway":"track"}},{"type":"Feature","geometry":{"type":"Point","coordinates":[-92.1738318,45.0568821]},"properties":{"name":"","highway":"service"}},{"type":"Feature","geometry":{"type":"Point","coordinates":[-92.1734331,45.057832]},"properties":{"name":"","highway":"service"}},{"type":"Feature","geometry":{"type":"Point","coordinates":[-92.1752542,45.0516396]},"properties":{"name":"","highway":"service"}},{"type":"Feature","geometry":{"type":"Point","coordinates":[-92.1751946,45.0553121]},"properties":{"name":"","highway":"service"}},{"type":"Feature","geometry":{"type":"Point","coordinates":[-89.7513535,43.135514]},"properties":{"name":"Madison Street","highway":"tertiary"}},{"type":"Feature","geometry":{"type":"Point","coordinates":[-89.3091249,44.4927909]},"properties":{"name":"","highway":"footway"}},{"type":"Feature","geometry":{"type":"Point","coordinates":[-90.8688278,46.4244003]},"properties":{"name":"Mika Road","highway":"residential"}},{"type":"Feature","geometry":{"type":"Point","coordinates":[-90.9452204,46.4101466]},"properties":{"name":"Four Corners Store Road","highway":"residential"}},{"type":"Feature","geometry":{"type":"Point","coordinates":[-91.5442305,45.0958181]},"properties":{"name":"State Highway 40","highway":"primary"}},{"type":"Feature","geometry":{"type":"Point","coordinates":[-91.5500024,45.090992]},"properties":{"name":"State Highway 40","highway":"primary"}},{"type":"Feature","geometry":{"type":"Point","coordinates":[-92.1770844,45.1099978]},"properties":{"name":"310th Street","highway":"unclassified"}},{"type":"Feature","geometry":{"type":"Point","coordinates":[-92.1364107,45.0619242]},"properties":{"name":"50th Street","highway":"residential"}},{"type":"Feature","geometry":{"type":"Point","coordinates":[-92.136425,45.0575867]},"properties":{"name":"50th Street","highway":"residential"}},{"type":"Feature","geometry":{"type":"Point","coordinates":[-92.1638299,45.098478]},"properties":{"name":"","highway":"track"}},{"type":"Feature","geometry":{"type":"Point","coordinates":[-89.3113178,44.4941429]},"properties":{"name":"1st Street","highway":"residential"}},{"type":"Feature","geometry":{"type":"Point","coordinates":[-91.186325,43.8585043]},"properties":{"name":"","highway":"footway"}},{"type":"Feature","geometry":{"type":"Point","coordinates":[-91.1824182,43.8557168]},"properties":{"name":"Smith Valley Road","highway":"residential"}},{"type":"Feature","geometry":{"type":"Point","coordinates":[-91.3728322,44.7873619]},"properties":{"name":"North Elco Road","highway":"residential"}},{"type":"Feature","geometry":{"type":"Point","coordinates":[-91.8838652,45.4378136]},"properties":{"name":"16th Avenue","highway":"residential"}},{"type":"Feature","geometry":{"type":"Point","coordinates":[-90.8994345,45.8840012]},"properties":{"name":"State Highway 70","highway":"primary"}},{"type":"Feature","geometry":{"type":"Point","coordinates":[-91.2510248,44.193736]},"properties":{"name":"Hagestad Lane","highway":"unclassified"}},{"type":"Feature","geometry":{"type":"Point","coordinates":[-91.8537937,45.1071522]},"properties":{"name":"","highway":"service"}},{"type":"Feature","geometry":{"type":"Point","coordinates":[-90.6254728,43.8526797]},"properties":{"name":"County Highway T","highway":"tertiary"}},{"type":"Feature","geometry":{"type":"Point","coordinates":[-88.5355587,42.8755681]},"properties":{"name":"Ice Age Trail","highway":"footway"}},{"type":"Feature","geometry":{"type":"Point","coordinates":[-92.0401821,44.7595317]},"properties":{"name":"220th Street","highway":"unclassified"}},{"type":"Feature","geometry":{"type":"Point","coordinates":[-92.178557,44.8590361]},"properties":{"name":"Pierce Saint Croix","highway":"unclassified"}},{"type":"Feature","geometry":{"type":"Point","coordinates":[-88.7777746,43.4548142]},"properties":{"name":"","highway":"path"}},{"type":"Feature","geometry":{"type":"Point","coordinates":[-90.6303554,42.8203923]},"properties":{"name":"Graney Road","highway":"unclassified"}},{"type":"Feature","geometry":{"type":"Point","coordinates":[-90.635572,42.8159557]},"properties":{"name":"Kingsford Road","highway":"unclassified"}},{"type":"Feature","geometry":{"type":"Point","coordinates":[-90.3615444,43.4211001]},"properties":{"name":"State Highway 80","highway":"primary"}},{"type":"Feature","geometry":{"type":"Point","coordinates":[-90.3733924,43.4498516]},"properties":{"name":"County Highway D","highway":"tertiary"}},{"type":"Feature","geometry":{"type":"Point","coordinates":[-89.6653855,43.3888636]},"properties":{"name":"","highway":"footway"}},{"type":"Feature","geometry":{"type":"Point","coordinates":[-89.6721438,42.7692574]},"properties":{"name":"Disch Road","highway":"residential"}},{"type":"Feature","geometry":{"type":"Point","coordinates":[-89.7204348,42.8243064]},"properties":{"name":"Poplar Grove Road","highway":"unclassified"}},{"type":"Feature","geometry":{"type":"Point","coordinates":[-87.7492711,43.7780563]},"properties":{"name":"","highway":"path"}},{"type":"Feature","geometry":{"type":"Point","coordinates":[-87.75744,43.7777332]},"properties":{"name":"","highway":"path"}},{"type":"Feature","geometry":{"type":"Point","coordinates":[-87.7575166,43.7776707]},"properties":{"name":"","highway":"path"}},{"type":"Feature","geometry":{"type":"Point","coordinates":[-87.7575748,43.7776318]},"properties":{"name":"","highway":"path"}},{"type":"Feature","geometry":{"type":"Point","coordinates":[-87.7573915,43.7780033]},"properties":{"name":"","highway":"path"}},{"type":"Feature","geometry":{"type":"Point","coordinates":[-87.7559274,43.7782502]},"properties":{"name":"","highway":"path"}},{"type":"Feature","geometry":{"type":"Point","coordinates":[-87.7583207,43.7774552]},"properties":{"name":"","highway":"path"}},{"type":"Feature","geometry":{"type":"Point","coordinates":[-87.7580847,43.7776491]},"properties":{"name":"","highway":"path"}},{"type":"Feature","geometry":{"type":"Point","coordinates":[-92.2180664,45.0518502]},"properties":{"name":"290th Street","highway":"residential"}},{"type":"Feature","geometry":{"type":"Point","coordinates":[-92.1740481,45.0436416]},"properties":{"name":"State Highway 128","highway":"secondary"}},{"type":"Feature","geometry":{"type":"Point","coordinates":[-87.7886045,43.7482917]},"properties":{"name":"","highway":"path"}},{"type":"Feature","geometry":{"type":"Point","coordinates":[-87.7878377,43.7482885]},"properties":{"name":"","highway":"path"}},{"type":"Feature","geometry":{"type":"Point","coordinates":[-87.9509428,43.9019409]},"properties":{"name":"","highway":"path"}},{"type":"Feature","geometry":{"type":"Point","coordinates":[-87.9473336,43.9014644]},"properties":{"name":"","highway":"path"}},{"type":"Feature","geometry":{"type":"Point","coordinates":[-87.950795,43.8991016]},"properties":{"name":"","highway":"path"}},{"type":"Feature","geometry":{"type":"Point","coordinates":[-87.7477278,43.7405512]},"properties":{"name":"","highway":"cycleway"}},{"type":"Feature","geometry":{"type":"Point","coordinates":[-91.6657689,45.174797]},"properties":{"name":"10th Street","highway":"unclassified"}},{"type":"Feature","geometry":{"type":"Point","coordinates":[-91.685971,45.1668368]},"properties":{"name":"Bridge Street","highway":"secondary"}},{"type":"Feature","geometry":{"type":"Point","coordinates":[-91.8865924,45.423355]},"properties":{"name":"15th Avenue","highway":"unclassified"}},{"type":"Feature","geometry":{"type":"Point","coordinates":[-91.8878611,45.4662025]},"properties":{"name":"18th Avenue","highway":"residential"}},{"type":"Feature","geometry":{"type":"Point","coordinates":[-91.8918048,45.4992034]},"properties":{"name":"20 1/2 Avenue","highway":"residential"}},{"type":"Feature","geometry":{"type":"Point","coordinates":[-91.9179603,45.5423962]},"properties":{"name":"23 1/4 Avenue","highway":"residential"}},{"type":"Feature","geometry":{"type":"Point","coordinates":[-90.8772899,43.3979993]},"properties":{"name":"County Road B","highway":"tertiary"}},{"type":"Feature","geometry":{"type":"Point","coordinates":[-92.389096,44.7317127]},"properties":{"name":"State Highway 72","highway":"primary"}},{"type":"Feature","geometry":{"type":"Point","coordinates":[-92.312282,44.7312818]},"properties":{"name":"","highway":"service"}},{"type":"Feature","geometry":{"type":"Point","coordinates":[-92.3083148,44.7332465]},"properties":{"name":"State Highway 72","highway":"primary"}},{"type":"Feature","geometry":{"type":"Point","coordinates":[-91.0267562,43.0775488]},"properties":{"name":"","highway":"service"}},{"type":"Feature","geometry":{"type":"Point","coordinates":[-91.0014611,43.060629]},"properties":{"name":"Gran Grae Road","highway":"residential"}},{"type":"Feature","geometry":{"type":"Point","coordinates":[-91.0000817,43.0589493]},"properties":{"name":"","highway":"service"}},{"type":"Feature","geometry":{"type":"Point","coordinates":[-90.9894257,43.0472451]},"properties":{"name":"Gran Grae Road","highway":"residential"}},{"type":"Feature","geometry":{"type":"Point","coordinates":[-90.9426108,43.0877736]},"properties":{"name":"Dutch Ridge Road","highway":"residential"}},{"type":"Feature","geometry":{"type":"Point","coordinates":[-87.8605127,42.6485667]},"properties":{"name":"","highway":"path"}},{"type":"Feature","geometry":{"type":"Point","coordinates":[-87.8605558,42.649275]},"properties":{"name":"","highway":"path"}},{"type":"Feature","geometry":{"type":"Point","coordinates":[-90.7117309,44.0363007]},"properties":{"name":"","highway":"unclassified"}},{"type":"Feature","geometry":{"type":"Point","coordinates":[-90.7083147,44.0443249]},"properties":{"name":"West N Street","highway":"residential"}},{"type":"Feature","geometry":{"type":"Point","coordinates":[-90.7091098,44.0535156]},"properties":{"name":"","highway":"track"}},{"type":"Feature","geometry":{"type":"Point","coordinates":[-91.6579435,45.0371257]},"properties":{"name":"990th Avenue","highway":"residential"}},{"type":"Feature","geometry":{"type":"Point","coordinates":[-91.659107,45.0357585]},"properties":{"name":"","highway":"service"}},{"type":"Feature","geometry":{"type":"Point","coordinates":[-91.6691257,45.0081009]},"properties":{"name":"State Highway 40","highway":"primary"}},{"type":"Feature","geometry":{"type":"Point","coordinates":[-92.1201357,45.1392926]},"properties":{"name":"County Road Q","highway":"tertiary"}},{"type":"Feature","geometry":{"type":"Point","coordinates":[-92.1187417,45.1344198]},"properties":{"name":"State Highway 64","highway":"primary"}},{"type":"Feature","geometry":{"type":"Point","coordinates":[-92.1112352,45.0997904]},"properties":{"name":"County Road Q","highway":"tertiary"}},{"type":"Feature","geometry":{"type":"Point","coordinates":[-89.9361712,42.6974951]},"properties":{"name":"Apple Grove Church Road","highway":"unclassified"}},{"type":"Feature","geometry":{"type":"Point","coordinates":[-89.9182768,42.6937304]},"properties":{"name":"Apple Branch Road","highway":"unclassified"}},{"type":"Feature","geometry":{"type":"Point","coordinates":[-89.9162629,42.6926927]},"properties":{"name":"Nall Road","highway":"unclassified"}},{"type":"Feature","geometry":{"type":"Point","coordinates":[-92.2701718,45.194642]},"properties":{"name":"County Highway Q","highway":"tertiary"}},{"type":"Feature","geometry":{"type":"Point","coordinates":[-88.0616365,44.5643833]},"properties":{"name":"","highway":"service"}},{"type":"Feature","geometry":{"type":"Point","coordinates":[-88.0630829,44.5643355]},"properties":{"name":"","highway":"footway"}},{"type":"Feature","geometry":{"type":"Point","coordinates":[-88.0624265,44.5579194]},"properties":{"name":"Velp Avenue","highway":"tertiary"}},{"type":"Feature","geometry":{"type":"Point","coordinates":[-91.6665776,45.0259068]},"properties":{"name":"945th Avenue","highway":"unclassified"}},{"type":"Feature","geometry":{"type":"Point","coordinates":[-91.6916114,45.0015338]},"properties":{"name":"930th Street","highway":"unclassified"}},{"type":"Feature","geometry":{"type":"Point","coordinates":[-90.7167382,44.0084811]},"properties":{"name":"Treatment Drive","highway":"unclassified"}},{"type":"Feature","geometry":{"type":"Point","coordinates":[-88.0181798,44.5150247]},"properties":{"name":"","highway":"footway"}},{"type":"Feature","geometry":{"type":"Point","coordinates":[-88.0180779,44.5151739]},"properties":{"name":"","highway":"footway"}},{"type":"Feature","geometry":{"type":"Point","coordinates":[-88.0142288,44.5180908]},"properties":{"name":"Main Street","highway":"primary"}},{"type":"Feature","geometry":{"type":"Point","coordinates":[-90.2617839,43.8892725]},"properties":{"name":"County Road H","highway":"tertiary"}},{"type":"Feature","geometry":{"type":"Point","coordinates":[-90.2779254,43.8894497]},"properties":{"name":"","highway":"track"}},{"type":"Feature","geometry":{"type":"Point","coordinates":[-90.2937987,43.8806424]},"properties":{"name":"County Road A","highway":"tertiary"}},{"type":"Feature","geometry":{"type":"Point","coordinates":[-90.3120506,43.8741396]},"properties":{"name":"33rd Lane","highway":"residential"}},{"type":"Feature","geometry":{"type":"Point","coordinates":[-90.2696601,43.8873626]},"properties":{"name":"Omaha Trail","highway":"cycleway"}},{"type":"Feature","geometry":{"type":"Point","coordinates":[-90.3003137,43.8781682]},"properties":{"name":"","highway":"track"}},{"type":"Feature","geometry":{"type":"Point","coordinates":[-90.3046753,43.8786169]},"properties":{"name":"","highway":"track"}},{"type":"Feature","geometry":{"type":"Point","coordinates":[-90.3269112,43.8741537]},"properties":{"name":"","highway":"track"}},{"type":"Feature","geometry":{"type":"Point","coordinates":[-89.426621,43.9002117]},"properties":{"name":"","highway":"service"}},{"type":"Feature","geometry":{"type":"Point","coordinates":[-89.4274901,43.9098818]},"properties":{"name":"County Highway B","highway":"tertiary"}},{"type":"Feature","geometry":{"type":"Point","coordinates":[-92.1075988,45.1310488]},"properties":{"name":"","highway":"service"}},{"type":"Feature","geometry":{"type":"Point","coordinates":[-92.1095976,45.1324877]},"properties":{"name":"100th Street","highway":"unclassified"}},{"type":"Feature","geometry":{"type":"Point","coordinates":[-92.1119648,45.1345389]},"properties":{"name":"State Highway 64","highway":"primary"}},{"type":"Feature","geometry":{"type":"Point","coordinates":[-92.1153003,45.1344797]},"properties":{"name":"State Highway 64","highway":"primary"}},{"type":"Feature","geometry":{"type":"Point","coordinates":[-89.5494384,45.496711]},"properties":{"name":"","highway":"footway"}},{"type":"Feature","geometry":{"type":"Point","coordinates":[-92.004507,45.4097119]},"properties":{"name":"14th Avenue","highway":"trunk"}},{"type":"Feature","geometry":{"type":"Point","coordinates":[-91.2827987,44.7634896]},"properties":{"name":"","highway":"footway"}},{"type":"Feature","geometry":{"type":"Point","coordinates":[-91.2827888,44.763351]},"properties":{"name":"","highway":"footway"}},{"type":"Feature","geometry":{"type":"Point","coordinates":[-90.364108,43.4294881]},"properties":{"name":"","highway":"service"}},{"type":"Feature","geometry":{"type":"Point","coordinates":[-89.5284746,44.4735444]},"properties":{"name":"Hoover Road Trail","highway":"cycleway"}},{"type":"Feature","geometry":{"type":"Point","coordinates":[-89.5284715,44.4734326]},"properties":{"name":"Hoover Road Trail","highway":"cycleway"}},{"type":"Feature","geometry":{"type":"Point","coordinates":[-89.5365679,44.5233]},"properties":{"name":"","highway":"cycleway"}},{"type":"Feature","geometry":{"type":"Point","coordinates":[-89.2961765,42.7802648]},"properties":{"name":"","highway":"footway"}},{"type":"Feature","geometry":{"type":"Point","coordinates":[-92.2723437,45.1802065]},"properties":{"name":"220th Avenue","highway":"residential"}},{"type":"Feature","geometry":{"type":"Point","coordinates":[-89.2966671,42.7790246]},"properties":{"name":"","highway":"footway"}},{"type":"Feature","geometry":{"type":"Point","coordinates":[-92.072705,45.1502148]},"properties":{"name":"1290th Avenue","highway":"unclassified"}},{"type":"Feature","geometry":{"type":"Point","coordinates":[-92.0848773,45.1451547]},"properties":{"name":"County Road V","highway":"tertiary"}},{"type":"Feature","geometry":{"type":"Point","coordinates":[-92.0949576,45.1687495]},"properties":{"name":"","highway":"track"}},{"type":"Feature","geometry":{"type":"Point","coordinates":[-91.6871335,45.1443091]},"properties":{"name":"County Road M","highway":"secondary"}},{"type":"Feature","geometry":{"type":"Point","coordinates":[-91.6661193,45.1450968]},"properties":{"name":"10th Street","highway":"unclassified"}},{"type":"Feature","geometry":{"type":"Point","coordinates":[-91.685013,45.1673323]},"properties":{"name":"","highway":"footway"}},{"type":"Feature","geometry":{"type":"Point","coordinates":[-89.8622606,42.8905069]},"properties":{"name":"Brue Road","highway":"unclassified"}},{"type":"Feature","geometry":{"type":"Point","coordinates":[-89.8648469,42.9083484]},"properties":{"name":"East Sandy Rock Road","highway":"unclassified"}},{"type":"Feature","geometry":{"type":"Point","coordinates":[-87.5042423,44.4637436]},"properties":{"name":"","highway":"footway"}},{"type":"Feature","geometry":{"type":"Point","coordinates":[-87.5030314,44.4635435]},"properties":{"name":"","highway":"footway"}},{"type":"Feature","geometry":{"type":"Point","coordinates":[-87.5024615,44.4634822]},"properties":{"name":"","highway":"footway"}},{"type":"Feature","geometry":{"type":"Point","coordinates":[-87.5022599,44.4625361]},"properties":{"name":"","highway":"footway"}},{"type":"Feature","geometry":{"type":"Point","coordinates":[-87.5030139,44.4639449]},"properties":{"name":"","highway":"footway"}},{"type":"Feature","geometry":{"type":"Point","coordinates":[-87.5017821,44.462743]},"properties":{"name":"","highway":"footway"}},{"type":"Feature","geometry":{"type":"Point","coordinates":[-89.1774412,44.8705217]},"properties":{"name":"Short Lane","highway":"residential"}},{"type":"Feature","geometry":{"type":"Point","coordinates":[-87.892505,43.0710884]},"properties":{"name":"East Locust Street","highway":"secondary"}},{"type":"Feature","geometry":{"type":"Point","coordinates":[-89.2831825,44.450749]},"properties":{"name":"","highway":"footway"}},{"type":"Feature","geometry":{"type":"Point","coordinates":[-89.2832168,44.4506509]},"properties":{"name":"","highway":"footway"}},{"type":"Feature","geometry":{"type":"Point","coordinates":[-91.6859342,45.1668662]},"properties":{"name":"","highway":"footway"}},{"type":"Feature","geometry":{"type":"Point","coordinates":[-90.6014637,43.8245862]},"properties":{"name":"Elroy-Sparta State Trail","highway":"cycleway"}},{"type":"Feature","geometry":{"type":"Point","coordinates":[-90.3730349,43.7955541]},"properties":{"name":"Elroy-Sparta State Trail","highway":"cycleway"}},{"type":"Feature","geometry":{"type":"Point","coordinates":[-90.7874628,43.9361781]},"properties":{"name":"Canadian Pacific Railway","highway":"track"}},{"type":"Feature","geometry":{"type":"Point","coordinates":[-90.7868295,43.9366958]},"properties":{"name":"Harmony Avenue","highway":"residential"}},{"type":"Feature","geometry":{"type":"Point","coordinates":[-90.7510766,43.9637938]},"properties":{"name":"Canadian Pacific Railway","highway":"track"}},{"type":"Feature","geometry":{"type":"Point","coordinates":[-87.8708013,43.3865695]},"properties":{"name":"","highway":"footway"}},{"type":"Feature","geometry":{"type":"Point","coordinates":[-87.8709519,43.3865816]},"properties":{"name":"","highway":"footway"}},{"type":"Feature","geometry":{"type":"Point","coordinates":[-87.8756922,43.3873893]},"properties":{"name":"","highway":"footway"}},{"type":"Feature","geometry":{"type":"Point","coordinates":[-89.216712,44.3254584]},"properties":{"name":"","highway":"path"}},{"type":"Feature","geometry":{"type":"Point","coordinates":[-89.2168079,44.3255448]},"properties":{"name":"","highway":"path"}},{"type":"Feature","geometry":{"type":"Point","coordinates":[-89.2021052,44.3258473]},"properties":{"name":"","highway":"path"}},{"type":"Feature","geometry":{"type":"Point","coordinates":[-88.0293128,43.8019964]},"properties":{"name":"","highway":"path"}},{"type":"Feature","geometry":{"type":"Point","coordinates":[-91.6817215,45.1699319]},"properties":{"name":"","highway":"track"}},{"type":"Feature","geometry":{"type":"Point","coordinates":[-90.3526904,46.3365823]},"properties":{"name":"Snake Trail Road","highway":"residential"}},{"type":"Feature","geometry":{"type":"Point","coordinates":[-91.8179113,46.3519162]},"properties":{"name":"","highway":"footway"}},{"type":"Feature","geometry":{"type":"Point","coordinates":[-87.7012691,44.0952965]},"properties":{"name":"","highway":"path"}},{"type":"Feature","geometry":{"type":"Point","coordinates":[-88.5818452,42.5382115]},"properties":{"name":"","highway":"footway"}},{"type":"Feature","geometry":{"type":"Point","coordinates":[-88.581154,42.5387363]},"properties":{"name":"","highway":"footway"}},{"type":"Feature","geometry":{"type":"Point","coordinates":[-92.2063088,44.4793118]},"properties":{"name":"Bogus Road","highway":"unclassified"}},{"type":"Feature","geometry":{"type":"Point","coordinates":[-90.3656955,43.7899436]},"properties":{"name":"","highway":"footway"}},{"type":"Feature","geometry":{"type":"Point","coordinates":[-90.3694005,43.798681]},"properties":{"name":"County Highway W","highway":"tertiary"}},{"type":"Feature","geometry":{"type":"Point","coordinates":[-90.2751943,43.6971492]},"properties":{"name":"County Road W","highway":"tertiary"}},{"type":"Feature","geometry":{"type":"Point","coordinates":[-90.2910537,43.7014275]},"properties":{"name":"Raese Road","highway":"unclassified"}},{"type":"Feature","geometry":{"type":"Point","coordinates":[-90.334631,43.7129842]},"properties":{"name":"County Road WW","highway":"tertiary"}},{"type":"Feature","geometry":{"type":"Point","coordinates":[-90.3519621,43.7200017]},"properties":{"name":"Shaker Road","highway":"unclassified"}},{"type":"Feature","geometry":{"type":"Point","coordinates":[-90.3697907,43.7324428]},"properties":{"name":"Overbrook Avenue","highway":"residential"}},{"type":"Feature","geometry":{"type":"Point","coordinates":[-90.7759539,43.92004]},"properties":{"name":"","highway":"service"}},{"type":"Feature","geometry":{"type":"Point","coordinates":[-90.7496636,43.9023207]},"properties":{"name":"State Highway 71","highway":"secondary"}},{"type":"Feature","geometry":{"type":"Point","coordinates":[-90.7535947,43.905793]},"properties":{"name":"State Highway 71","highway":"secondary"}},{"type":"Feature","geometry":{"type":"Point","coordinates":[-90.7700239,43.9160757]},"properties":{"name":"Janus Avenue","highway":"residential"}},{"type":"Feature","geometry":{"type":"Point","coordinates":[-91.6598461,44.8410973]},"properties":{"name":"County Road EE","highway":"secondary"}},{"type":"Feature","geometry":{"type":"Point","coordinates":[-89.4614546,42.8752877]},"properties":{"name":"Bellbrook Road","highway":"residential"}},{"type":"Feature","geometry":{"type":"Point","coordinates":[-89.2961992,42.7804227]},"properties":{"name":"","highway":"footway"}},{"type":"Feature","geometry":{"type":"Point","coordinates":[-89.2954646,42.7767402]},"properties":{"name":"","highway":"footway"}},{"type":"Feature","geometry":{"type":"Point","coordinates":[-91.328603,44.8295681]},"properties":{"name":"Sandusky Drive","highway":"track"}},{"type":"Feature","geometry":{"type":"Point","coordinates":[-91.7714049,44.8726536]},"properties":{"name":"","highway":"track"}},{"type":"Feature","geometry":{"type":"Point","coordinates":[-90.0149942,43.5365367]},"properties":{"name":"","highway":"footway"}},{"type":"Feature","geometry":{"type":"Point","coordinates":[-90.0150749,43.5376385]},"properties":{"name":"Haymeadow Trail","highway":"footway"}},{"type":"Feature","geometry":{"type":"Point","coordinates":[-91.1352353,44.5365216]},"properties":{"name":"Bluff View Road","highway":"residential"}},{"type":"Feature","geometry":{"type":"Point","coordinates":[-92.093461,45.1636071]},"properties":{"name":"1330th Avenue","highway":"unclassified"}},{"type":"Feature","geometry":{"type":"Point","coordinates":[-90.0038742,43.5549625]},"properties":{"name":"Barbara Ann Drive","highway":"residential"}},{"type":"Feature","geometry":{"type":"Point","coordinates":[-91.6344955,45.1734029]},"properties":{"name":"25th Street","highway":"tertiary"}},{"type":"Feature","geometry":{"type":"Point","coordinates":[-89.668739,42.8475454]},"properties":{"name":"","highway":"track"}},{"type":"Feature","geometry":{"type":"Point","coordinates":[-89.6426575,42.8045282]},"properties":{"name":"","highway":"footway"}},{"type":"Feature","geometry":{"type":"Point","coordinates":[-91.7327392,45.2038503]},"properties":{"name":"","highway":"track"}},{"type":"Feature","geometry":{"type":"Point","coordinates":[-91.7327918,45.2032789]},"properties":{"name":"","highway":"track"}},{"type":"Feature","geometry":{"type":"Point","coordinates":[-91.8742945,45.3662083]},"properties":{"name":"11th Avenue","highway":"residential"}},{"type":"Feature","geometry":{"type":"Point","coordinates":[-87.6740456,44.0970439]},"properties":{"name":"South 21st Street","highway":"secondary"}},{"type":"Feature","geometry":{"type":"Point","coordinates":[-87.6738863,44.0969521]},"properties":{"name":"","highway":"footway"}},{"type":"Feature","geometry":{"type":"Point","coordinates":[-87.6740951,44.0970727]},"properties":{"name":"","highway":"footway"}},{"type":"Feature","geometry":{"type":"Point","coordinates":[-91.8182155,45.2675528]},"properties":{"name":"County Highway U","highway":"tertiary"}},{"type":"Feature","geometry":{"type":"Point","coordinates":[-91.7683086,45.1835463]},"properties":{"name":"770th Street","highway":"unclassified"}},{"type":"Feature","geometry":{"type":"Point","coordinates":[-92.4828664,45.5978362]},"properties":{"name":"","highway":"service"}},{"type":"Feature","geometry":{"type":"Point","coordinates":[-89.3439004,43.2495838]},"properties":{"name":"North Main Street","highway":"secondary"}},{"type":"Feature","geometry":{"type":"Point","coordinates":[-91.3826215,44.552713]},"properties":{"name":"Buffalo River State Trail","highway":"cycleway"}},{"type":"Feature","geometry":{"type":"Point","coordinates":[-87.7397859,43.8547396]},"properties":{"name":"","highway":"path"}},{"type":"Feature","geometry":{"type":"Point","coordinates":[-87.7388574,43.8549802]},"properties":{"name":"","highway":"path"}},{"type":"Feature","geometry":{"type":"Point","coordinates":[-88.8562817,44.6712208]},"properties":{"name":"Magolski Road","highway":"unclassified"}},{"type":"Feature","geometry":{"type":"Point","coordinates":[-87.7362275,43.8542328]},"properties":{"name":"","highway":"footway"}},{"type":"Feature","geometry":{"type":"Point","coordinates":[-90.5175743,44.0595018]},"properties":{"name":"","highway":"motorway"}},{"type":"Feature","geometry":{"type":"Point","coordinates":[-90.517272,44.059595]},"properties":{"name":"","highway":"motorway"}},{"type":"Feature","geometry":{"type":"Point","coordinates":[-91.8862343,45.2127496]},"properties":{"name":"13 1/2 13 1/4 Street","highway":"residential"}},{"type":"Feature","geometry":{"type":"Point","coordinates":[-91.6810575,44.6836601]},"properties":{"name":"D Road East","highway":"unclassified"}},{"type":"Feature","geometry":{"type":"Point","coordinates":[-89.9020536,42.8882225]},"properties":{"name":"Star Valley Road","highway":"unclassified"}},{"type":"Feature","geometry":{"type":"Point","coordinates":[-89.9071178,42.8864142]},"properties":{"name":"Star Valley Road","highway":"unclassified"}},{"type":"Feature","geometry":{"type":"Point","coordinates":[-89.863745,42.9012853]},"properties":{"name":"Sandy Rock Road","highway":"unclassified"}},{"type":"Feature","geometry":{"type":"Point","coordinates":[-90.7489645,43.017898]},"properties":{"name":"Green River Road","highway":"unclassified"}},{"type":"Feature","geometry":{"type":"Point","coordinates":[-90.700679,43.0199727]},"properties":{"name":"","highway":"residential"}},{"type":"Feature","geometry":{"type":"Point","coordinates":[-90.7917009,43.039732]},"properties":{"name":"County Road K","highway":"tertiary"}},{"type":"Feature","geometry":{"type":"Point","coordinates":[-89.5857898,42.7194972]},"properties":{"name":"Feldt Road","highway":"residential"}},{"type":"Feature","geometry":{"type":"Point","coordinates":[-89.6926532,45.1187064]},"properties":{"name":"","highway":"residential"}},{"type":"Feature","geometry":{"type":"Point","coordinates":[-89.6926761,45.1185972]},"properties":{"name":"Driveway","highway":"residential"}},{"type":"Feature","geometry":{"type":"Point","coordinates":[-89.6914664,45.1156279]},"properties":{"name":"Sandy Drive","highway":"residential"}},{"type":"Feature","geometry":{"type":"Point","coordinates":[-90.1557094,46.3252471]},"properties":{"name":"Parking Lot Trail","highway":"path"}},{"type":"Feature","geometry":{"type":"Point","coordinates":[-89.852085,42.6994448]},"properties":{"name":"","highway":"service"}},{"type":"Feature","geometry":{"type":"Point","coordinates":[-90.1688351,42.858046]},"properties":{"name":"Merry Christmas Lane","highway":"residential"}},{"type":"Feature","geometry":{"type":"Point","coordinates":[-90.447829,43.0011399]},"properties":{"name":"Vavricka Road","highway":"unclassified"}},{"type":"Feature","geometry":{"type":"Point","coordinates":[-90.4080695,43.0054398]},"properties":{"name":"Blue River Road","highway":"residential"}},{"type":"Feature","geometry":{"type":"Point","coordinates":[-90.4531007,43.0522494]},"properties":{"name":"Spring Valley Road","highway":"residential"}},{"type":"Feature","geometry":{"type":"Point","coordinates":[-90.4836349,43.0763715]},"properties":{"name":"Shemak Road","highway":"residential"}},{"type":"Feature","geometry":{"type":"Point","coordinates":[-90.4839331,43.0937711]},"properties":{"name":"Biba Road","highway":"residential"}},{"type":"Feature","geometry":{"type":"Point","coordinates":[-90.4902072,43.1041671]},"properties":{"name":"County Road Q","highway":"tertiary"}},{"type":"Feature","geometry":{"type":"Point","coordinates":[-90.4693673,43.1048747]},"properties":{"name":"Pine Tree Road","highway":"residential"}},{"type":"Feature","geometry":{"type":"Point","coordinates":[-90.4394786,43.0858395]},"properties":{"name":"Pine Tree Road","highway":"residential"}},{"type":"Feature","geometry":{"type":"Point","coordinates":[-90.4177815,43.0776736]},"properties":{"name":"Big Springs Road","highway":"residential"}},{"type":"Feature","geometry":{"type":"Point","coordinates":[-89.5513684,42.7345512]},"properties":{"name":"Krueger Road","highway":"residential"}},{"type":"Feature","geometry":{"type":"Point","coordinates":[-90.1734799,43.8563299]},"properties":{"name":"State Highway 80","highway":"primary"}},{"type":"Feature","geometry":{"type":"Point","coordinates":[-92.3797854,45.6949143]},"properties":{"name":"","highway":"service"}},{"type":"Feature","geometry":{"type":"Point","coordinates":[-88.0780625,43.1586802]},"properties":{"name":"","highway":"service"}},{"type":"Feature","geometry":{"type":"Point","coordinates":[-91.6300944,44.4673686]},"properties":{"name":"Richards Road","highway":"residential"}},{"type":"Feature","geometry":{"type":"Point","coordinates":[-91.2467503,44.6746909]},"properties":{"name":"County Road V","highway":"tertiary"}},{"type":"Feature","geometry":{"type":"Point","coordinates":[-90.7910399,42.9531552]},"properties":{"name":"Shady Dell Road","highway":"residential"}},{"type":"Feature","geometry":{"type":"Point","coordinates":[-90.2284592,45.7439639]},"properties":{"name":"County Highway H","highway":"tertiary"}},{"type":"Feature","geometry":{"type":"Point","coordinates":[-89.8313114,43.0309574]},"properties":{"name":"Overlode","highway":"path"}},{"type":"Feature","geometry":{"type":"Point","coordinates":[-87.9834275,43.2303898]},"properties":{"name":"","highway":"footway"}},{"type":"Feature","geometry":{"type":"Point","coordinates":[-87.983438,43.2305049]},"properties":{"name":"","highway":"footway"}},{"type":"Feature","geometry":{"type":"Point","coordinates":[-90.8322329,44.2876936]},"properties":{"name":"Andrews Road","highway":"residential"}},{"type":"Feature","geometry":{"type":"Point","coordinates":[-88.1300034,44.5758625]},"properties":{"name":"Evergreen Avenue","highway":"residential"}},{"type":"Feature","geometry":{"type":"Point","coordinates":[-89.3045039,44.6277651]},"properties":{"name":"Grand Avenue East","highway":"secondary"}},{"type":"Feature","geometry":{"type":"Point","coordinates":[-89.3045059,44.6277075]},"properties":{"name":"","highway":"footway"}},{"type":"Feature","geometry":{"type":"Point","coordinates":[-88.8863037,44.6721163]},"properties":{"name":"North Parkview Avenue","highway":"residential"}},{"type":"Feature","geometry":{"type":"Point","coordinates":[-91.6754303,44.749073]},"properties":{"name":"Bruce Road","highway":"unclassified"}},{"type":"Feature","geometry":{"type":"Point","coordinates":[-90.0850332,43.3552446]},"properties":{"name":"Lake Trail","highway":"path"}},{"type":"Feature","geometry":{"type":"Point","coordinates":[-92.1806228,44.6057526]},"properties":{"name":"County Road U","highway":"tertiary"}},{"type":"Feature","geometry":{"type":"Point","coordinates":[-87.9483442,42.991393]},"properties":{"name":"South 27th Street","highway":"primary"}},{"type":"Feature","geometry":{"type":"Point","coordinates":[-92.0594254,45.2162367]},"properties":{"name":"1/2 Avenue","highway":"unclassified"}},{"type":"Feature","geometry":{"type":"Point","coordinates":[-92.0218978,45.1357754]},"properties":{"name":"State Highway 64","highway":"primary"}},{"type":"Feature","geometry":{"type":"Point","coordinates":[-91.9721387,45.1400193]},"properties":{"name":"State Highway 64","highway":"primary"}},{"type":"Feature","geometry":{"type":"Point","coordinates":[-91.8308781,45.1979697]},"properties":{"name":"County Road V","highway":"tertiary"}},{"type":"Feature","geometry":{"type":"Point","coordinates":[-91.8489275,45.2084273]},"properties":{"name":"County Road V","highway":"tertiary"}},{"type":"Feature","geometry":{"type":"Point","coordinates":[-91.8626742,45.2229214]},"properties":{"name":"1st Avenue","highway":"unclassified"}},{"type":"Feature","geometry":{"type":"Point","coordinates":[-91.8556,45.2151426]},"properties":{"name":"","highway":"track"}},{"type":"Feature","geometry":{"type":"Point","coordinates":[-91.9165283,45.1525701]},"properties":{"name":"","highway":"track"}},{"type":"Feature","geometry":{"type":"Point","coordinates":[-91.809428,45.1878579]},"properties":{"name":"705th Street","highway":"unclassified"}},{"type":"Feature","geometry":{"type":"Point","coordinates":[-90.9597089,43.5441198]},"properties":{"name":"Lake Loop","highway":"cycleway"}},{"type":"Feature","geometry":{"type":"Point","coordinates":[-90.9552265,43.552424]},"properties":{"name":"County Road XX","highway":"tertiary"}},{"type":"Feature","geometry":{"type":"Point","coordinates":[-90.9505803,43.5376064]},"properties":{"name":"Lake Loop","highway":"cycleway"}},{"type":"Feature","geometry":{"type":"Point","coordinates":[-91.6308135,44.9051273]},"properties":{"name":"20th Street","highway":"unclassified"}},{"type":"Feature","geometry":{"type":"Point","coordinates":[-91.6232677,44.9146703]},"properties":{"name":"50th Avenue","highway":"unclassified"}},{"type":"Feature","geometry":{"type":"Point","coordinates":[-88.3410835,45.5185504]},"properties":{"name":"","highway":"path"}},{"type":"Feature","geometry":{"type":"Point","coordinates":[-88.3295965,45.4774972]},"properties":{"name":"","highway":"footway"}},{"type":"Feature","geometry":{"type":"Point","coordinates":[-88.3298655,45.4784685]},"properties":{"name":"","highway":"path"}},{"type":"Feature","geometry":{"type":"Point","coordinates":[-88.3369307,45.516226]},"properties":{"name":"","highway":"path"}},{"type":"Feature","geometry":{"type":"Point","coordinates":[-87.9195586,43.1969876]},"properties":{"name":"","highway":"footway"}},{"type":"Feature","geometry":{"type":"Point","coordinates":[-88.4359894,42.8563004]},"properties":{"name":"","highway":"service"}},{"type":"Feature","geometry":{"type":"Point","coordinates":[-89.4439339,44.699082]},"properties":{"name":"Shantytown Drive","highway":"unclassified"}},{"type":"Feature","geometry":{"type":"Point","coordinates":[-91.6162252,46.5261192]},"properties":{"name":"Afterhours Road","highway":"unclassified"}},{"type":"Feature","geometry":{"type":"Point","coordinates":[-88.0943891,44.5597497]},"properties":{"name":"","highway":"path"}},{"type":"Feature","geometry":{"type":"Point","coordinates":[-88.0986394,44.5595786]},"properties":{"name":"","highway":"path"}},{"type":"Feature","geometry":{"type":"Point","coordinates":[-88.1001774,44.5582517]},"properties":{"name":"","highway":"footway"}},{"type":"Feature","geometry":{"type":"Point","coordinates":[-88.0783106,44.5626533]},"properties":{"name":"","highway":"footway"}},{"type":"Feature","geometry":{"type":"Point","coordinates":[-91.0611455,43.8294249]},"properties":{"name":"County Highway M","highway":"tertiary"}},{"type":"Feature","geometry":{"type":"Point","coordinates":[-91.0603917,43.826849]},"properties":{"name":"County Road I","highway":"tertiary"}},{"type":"Feature","geometry":{"type":"Point","coordinates":[-89.5303895,44.5299298]},"properties":{"name":"","highway":"path"}},{"type":"Feature","geometry":{"type":"Point","coordinates":[-91.8912102,45.1231278]},"properties":{"name":"","highway":"track"}},{"type":"Feature","geometry":{"type":"Point","coordinates":[-91.814739,46.3514142]},"properties":{"name":"","highway":"footway"}},{"type":"Feature","geometry":{"type":"Point","coordinates":[-91.8176409,46.3519363]},"properties":{"name":"","highway":"footway"}},{"type":"Feature","geometry":{"type":"Point","coordinates":[-91.8140281,46.3511126]},"properties":{"name":"","highway":"footway"}},{"type":"Feature","geometry":{"type":"Point","coordinates":[-91.8161644,46.3518677]},"properties":{"name":"","highway":"footway"}},{"type":"Feature","geometry":{"type":"Point","coordinates":[-91.8170162,46.3520762]},"properties":{"name":"","highway":"footway"}},{"type":"Feature","geometry":{"type":"Point","coordinates":[-92.0959217,45.1009343]},"properties":{"name":"130th Street","highway":"unclassified"}},{"type":"Feature","geometry":{"type":"Point","coordinates":[-92.2885226,46.6013066]},"properties":{"name":"North Country National Scenic Trail","highway":"footway"}},{"type":"Feature","geometry":{"type":"Point","coordinates":[-87.6575835,44.0925931]},"properties":{"name":"","highway":"footway"}},{"type":"Feature","geometry":{"type":"Point","coordinates":[-89.2913612,46.0264335]},"properties":{"name":"","highway":"track"}},{"type":"Feature","geometry":{"type":"Point","coordinates":[-89.7720142,44.0539602]},"properties":{"name":"Cottonville Avenue","highway":"unclassified"}},{"type":"Feature","geometry":{"type":"Point","coordinates":[-90.4357287,43.4785922]},"properties":{"name":"Old County Farm Drive","highway":"unclassified"}},{"type":"Feature","geometry":{"type":"Point","coordinates":[-90.5135552,43.350178]},"properties":{"name":"","highway":"service"}},{"type":"Feature","geometry":{"type":"Point","coordinates":[-91.8176592,46.3606173]},"properties":{"name":"North Country Trail","highway":"footway"}},{"type":"Feature","geometry":{"type":"Point","coordinates":[-91.8302805,46.3499061]},"properties":{"name":"","highway":"footway"}},{"type":"Feature","geometry":{"type":"Point","coordinates":[-91.815335,46.3518085]},"properties":{"name":"","highway":"footway"}},{"type":"Feature","geometry":{"type":"Point","coordinates":[-91.8154679,46.3518825]},"properties":{"name":"","highway":"footway"}},{"type":"Feature","geometry":{"type":"Point","coordinates":[-87.9231971,43.1971573]},"properties":{"name":"North Port Washington Road","highway":"secondary"}},{"type":"Feature","geometry":{"type":"Point","coordinates":[-92.7336125,45.8649531]},"properties":{"name":"River View","highway":"path"}},{"type":"Feature","geometry":{"type":"Point","coordinates":[-89.873699,44.2645218]},"properties":{"name":"","highway":"secondary"}},{"type":"Feature","geometry":{"type":"Point","coordinates":[-87.9580629,42.99057]},"properties":{"name":"South 35th Street","highway":"secondary"}},{"type":"Feature","geometry":{"type":"Point","coordinates":[-87.9548645,45.3797497]},"properties":{"name":"","highway":"footway"}},{"type":"Feature","geometry":{"type":"Point","coordinates":[-87.9550288,45.3797376]},"properties":{"name":"","highway":"footway"}},{"type":"Feature","geometry":{"type":"Point","coordinates":[-92.0070423,45.2089354]},"properties":{"name":"Barron Dunn Avenue","highway":"unclassified"}},{"type":"Feature","geometry":{"type":"Point","coordinates":[-87.8237958,42.6256395]},"properties":{"name":"","highway":"footway"}},{"type":"Feature","geometry":{"type":"Point","coordinates":[-90.5283476,44.0658209]},"properties":{"name":"Desoto Avenue","highway":"residential"}},{"type":"Feature","geometry":{"type":"Point","coordinates":[-90.502772,43.9285318]},"properties":{"name":"State Highway 131","highway":"secondary"}},{"type":"Feature","geometry":{"type":"Point","coordinates":[-90.5052563,44.0548402]},"properties":{"name":"US Highway 12","highway":"primary"}},{"type":"Feature","geometry":{"type":"Point","coordinates":[-90.490051,44.0514087]},"properties":{"name":"Dolphin Road","highway":"unclassified"}},{"type":"Feature","geometry":{"type":"Point","coordinates":[-90.5003289,44.0545611]},"properties":{"name":"England Road","highway":"unclassified"}},{"type":"Feature","geometry":{"type":"Point","coordinates":[-88.4094278,45.1584338]},"properties":{"name":"","highway":"track"}},{"type":"Feature","geometry":{"type":"Point","coordinates":[-88.4011023,45.1260359]},"properties":{"name":"Jack Pine Road","highway":"residential"}},{"type":"Feature","geometry":{"type":"Point","coordinates":[-89.294279,42.7753363]},"properties":{"name":"","highway":"service"}},{"type":"Feature","geometry":{"type":"Point","coordinates":[-92.0490518,45.2196785]},"properties":{"name":"5 1/4 Street","highway":"service"}},{"type":"Feature","geometry":{"type":"Point","coordinates":[-92.0491844,45.2196933]},"properties":{"name":"","highway":"service"}},{"type":"Feature","geometry":{"type":"Point","coordinates":[-92.0541133,45.2180292]},"properties":{"name":"5th Street","highway":"service"}},{"type":"Feature","geometry":{"type":"Point","coordinates":[-90.6811991,44.0475742]},"properties":{"name":"","highway":"unclassified"}},{"type":"Feature","geometry":{"type":"Point","coordinates":[-90.6148223,44.0222671]},"properties":{"name":"Eden Avenue","highway":"residential"}},{"type":"Feature","geometry":{"type":"Point","coordinates":[-90.8118048,44.063344]},"properties":{"name":"Dellview Road","highway":"unclassified"}},{"type":"Feature","geometry":{"type":"Point","coordinates":[-90.7392489,44.0003725]},"properties":{"name":"County Highway BB","highway":"tertiary"}},{"type":"Feature","geometry":{"type":"Point","coordinates":[-90.8292886,44.0766141]},"properties":{"name":"County Highway B","highway":"secondary"}},{"type":"Feature","geometry":{"type":"Point","coordinates":[-91.0518766,43.8113579]},"properties":{"name":"Kloss Road","highway":"residential"}},{"type":"Feature","geometry":{"type":"Point","coordinates":[-89.6912929,43.0144562]},"properties":{"name":"Town Hall Road","highway":"residential"}},{"type":"Feature","geometry":{"type":"Point","coordinates":[-89.6787401,43.0198909]},"properties":{"name":"Military Ridge State Trail","highway":"cycleway"}},{"type":"Feature","geometry":{"type":"Point","coordinates":[-89.6823225,43.0183494]},"properties":{"name":"Military Ridge State Trail","highway":"cycleway"}},{"type":"Feature","geometry":{"type":"Point","coordinates":[-89.6717422,43.0228772]},"properties":{"name":"Military Ridge State Trail","highway":"cycleway"}},{"type":"Feature","geometry":{"type":"Point","coordinates":[-89.6741377,43.0218596]},"properties":{"name":"Military Ridge State Trail","highway":"cycleway"}},{"type":"Feature","geometry":{"type":"Point","coordinates":[-89.6602209,43.0278235]},"properties":{"name":"Military Ridge State Trail","highway":"cycleway"}},{"type":"Feature","geometry":{"type":"Point","coordinates":[-89.5334195,42.8608565]},"properties":{"name":"","highway":"footway"}},{"type":"Feature","geometry":{"type":"Point","coordinates":[-89.5332365,42.8608643]},"properties":{"name":"","highway":"footway"}},{"type":"Feature","geometry":{"type":"Point","coordinates":[-91.0023307,44.0961051]},"properties":{"name":"State Highway 108","highway":"primary"}},{"type":"Feature","geometry":{"type":"Point","coordinates":[-90.8397336,43.9847717]},"properties":{"name":"State Highway 27","highway":"primary"}},{"type":"Feature","geometry":{"type":"Point","coordinates":[-90.863502,44.0786954]},"properties":{"name":"Cardinal Road","highway":"residential"}},{"type":"Feature","geometry":{"type":"Point","coordinates":[-90.8939015,44.0080684]},"properties":{"name":"","highway":"service"}},{"type":"Feature","geometry":{"type":"Point","coordinates":[-90.9021265,43.9868277]},"properties":{"name":"Fairway Road","highway":"residential"}},{"type":"Feature","geometry":{"type":"Point","coordinates":[-90.9644991,43.964699]},"properties":{"name":"State Highway 162","highway":"secondary"}},{"type":"Feature","geometry":{"type":"Point","coordinates":[-90.9896516,43.9281882]},"properties":{"name":"Kastenschmidt Road","highway":"unclassified"}},{"type":"Feature","geometry":{"type":"Point","coordinates":[-90.9389096,43.9935237]},"properties":{"name":"Quall Coulee Road","highway":"residential"}},{"type":"Feature","geometry":{"type":"Point","coordinates":[-90.9456008,43.9853713]},"properties":{"name":"Johnson Coulee Road","highway":"residential"}},{"type":"Feature","geometry":{"type":"Point","coordinates":[-90.9463932,43.9856891]},"properties":{"name":"Johnson Coulee Road","highway":"residential"}},{"type":"Feature","geometry":{"type":"Point","coordinates":[-90.9758175,43.9366301]},"properties":{"name":"County Highway E","highway":"tertiary"}},{"type":"Feature","geometry":{"type":"Point","coordinates":[-90.9152761,43.9260277]},"properties":{"name":"","highway":"primary"}},{"type":"Feature","geometry":{"type":"Point","coordinates":[-90.8943772,43.9749162]},"properties":{"name":"County Highway BC","highway":"tertiary"}},{"type":"Feature","geometry":{"type":"Point","coordinates":[-90.8135357,43.9498301]},"properties":{"name":"West Montgomery Street","highway":"secondary"}},{"type":"Feature","geometry":{"type":"Point","coordinates":[-90.9121875,43.9388458]},"properties":{"name":"Herman Road","highway":"residential"}},{"type":"Feature","geometry":{"type":"Point","coordinates":[-90.9464545,43.9752233]},"properties":{"name":"Garves Coulee Road","highway":"residential"}},{"type":"Feature","geometry":{"type":"Point","coordinates":[-91.8244667,46.3198663]},"properties":{"name":"North Country Trail","highway":"footway"}},{"type":"Feature","geometry":{"type":"Point","coordinates":[-90.9928652,43.8906481]},"properties":{"name":"","highway":"footway"}},{"type":"Feature","geometry":{"type":"Point","coordinates":[-89.6787639,45.1936844]},"properties":{"name":"","highway":"footway"}},{"type":"Feature","geometry":{"type":"Point","coordinates":[-91.8789821,45.1573978]},"properties":{"name":"","highway":"track"}},{"type":"Feature","geometry":{"type":"Point","coordinates":[-87.8050842,42.7296281]},"properties":{"name":"","highway":"path"}},{"type":"Feature","geometry":{"type":"Point","coordinates":[-90.9875578,44.0437851]},"properties":{"name":"","highway":"service"}},{"type":"Feature","geometry":{"type":"Point","coordinates":[-91.0010372,44.0893067]},"properties":{"name":"Lake Road","highway":"unclassified"}},{"type":"Feature","geometry":{"type":"Point","coordinates":[-91.210622,43.9721382]},"properties":{"name":"County Highway D","highway":"tertiary"}},{"type":"Feature","geometry":{"type":"Point","coordinates":[-91.1065835,43.9231065]},"properties":{"name":"County Highway M","highway":"tertiary"}},{"type":"Feature","geometry":{"type":"Point","coordinates":[-91.1132708,43.9280045]},"properties":{"name":"Erickson Road","highway":"residential"}},{"type":"Feature","geometry":{"type":"Point","coordinates":[-91.2086838,44.0280222]},"properties":{"name":"County Highway V","highway":"tertiary"}},{"type":"Feature","geometry":{"type":"Point","coordinates":[-91.2555938,43.9878279]},"properties":{"name":"County Highway V","highway":"tertiary"}},{"type":"Feature","geometry":{"type":"Point","coordinates":[-91.1791292,44.0398256]},"properties":{"name":"County Highway T","highway":"tertiary"}},{"type":"Feature","geometry":{"type":"Point","coordinates":[-91.1621126,43.9739362]},"properties":{"name":"County Highway M","highway":"tertiary"}},{"type":"Feature","geometry":{"type":"Point","coordinates":[-91.0223561,44.0150473]},"properties":{"name":"Wenzel Road","highway":"residential"}},{"type":"Feature","geometry":{"type":"Point","coordinates":[-91.0078184,44.0167762]},"properties":{"name":"County Highway T","highway":"tertiary"}},{"type":"Feature","geometry":{"type":"Point","coordinates":[-91.0287111,44.0139446]},"properties":{"name":"County Highway T","highway":"tertiary"}},{"type":"Feature","geometry":{"type":"Point","coordinates":[-91.2139892,44.0947503]},"properties":{"name":"State Highway 54","highway":"primary"}},{"type":"Feature","geometry":{"type":"Point","coordinates":[-91.1505389,43.9218835]},"properties":{"name":"Gills Coulee Road","highway":"residential"}},{"type":"Feature","geometry":{"type":"Point","coordinates":[-91.0438098,44.0500736]},"properties":{"name":"County Highway A","highway":"tertiary"}},{"type":"Feature","geometry":{"type":"Point","coordinates":[-91.0724651,43.9171314]},"properties":{"name":"Old Highway 16","highway":"residential"}},{"type":"Feature","geometry":{"type":"Point","coordinates":[-91.0209332,43.9208088]},"properties":{"name":"J Jones Road","highway":"unclassified"}},{"type":"Feature","geometry":{"type":"Point","coordinates":[-91.0772194,43.94138]},"properties":{"name":"County Highway C","highway":"tertiary"}},{"type":"Feature","geometry":{"type":"Point","coordinates":[-91.0961826,43.9188392]},"properties":{"name":"Asmus Road","highway":"unclassified"}},{"type":"Feature","geometry":{"type":"Point","coordinates":[-91.0689395,43.9223932]},"properties":{"name":"State Highway 108","highway":"primary"}},{"type":"Feature","geometry":{"type":"Point","coordinates":[-92.0134169,45.2055252]},"properties":{"name":"290th Street","highway":"unclassified"}},{"type":"Feature","geometry":{"type":"Point","coordinates":[-88.1162573,44.8368633]},"properties":{"name":"","highway":"path"}},{"type":"Feature","geometry":{"type":"Point","coordinates":[-91.2296144,44.2930099]},"properties":{"name":"","highway":"footway"}},{"type":"Feature","geometry":{"type":"Point","coordinates":[-89.2236946,44.3421965]},"properties":{"name":"Ice Age Trail","highway":"footway"}},{"type":"Feature","geometry":{"type":"Point","coordinates":[-92.0550135,44.8023695]},"properties":{"name":"210th Street","highway":"unclassified"}},{"type":"Feature","geometry":{"type":"Point","coordinates":[-87.6960291,44.0974889]},"properties":{"name":"","highway":"footway"}},{"type":"Feature","geometry":{"type":"Point","coordinates":[-91.2677544,44.5731021]},"properties":{"name":"Tracey Valley Road","highway":"unclassified"}},{"type":"Feature","geometry":{"type":"Point","coordinates":[-91.2610291,44.5612421]},"properties":{"name":"Riphenberg Road","highway":"unclassified"}},{"type":"Feature","geometry":{"type":"Point","coordinates":[-91.1994204,44.5919599]},"properties":{"name":"Buffalo River State Trail","highway":"cycleway"}},{"type":"Feature","geometry":{"type":"Point","coordinates":[-91.192161,44.5919089]},"properties":{"name":"Buffalo River State Trail","highway":"cycleway"}},{"type":"Feature","geometry":{"type":"Point","coordinates":[-89.2525439,44.2780769]},"properties":{"name":"IAT - Murry Creek Trail","highway":"footway"}},{"type":"Feature","geometry":{"type":"Point","coordinates":[-88.0333323,43.0604927]},"properties":{"name":"","highway":"footway"}},{"type":"Feature","geometry":{"type":"Point","coordinates":[-88.0333466,43.0604465]},"properties":{"name":"West North Avenue","highway":"secondary"}},{"type":"Feature","geometry":{"type":"Point","coordinates":[-88.0333481,43.0603538]},"properties":{"name":"West North Avenue","highway":"secondary"}},{"type":"Feature","geometry":{"type":"Point","coordinates":[-88.0333365,43.0603102]},"properties":{"name":"","highway":"footway"}},{"type":"Feature","geometry":{"type":"Point","coordinates":[-90.681246,44.1946372]},"properties":{"name":"","highway":"track"}},{"type":"Feature","geometry":{"type":"Point","coordinates":[-90.209259,45.3419303]},"properties":{"name":"Ice Age Trail","highway":"footway"}},{"type":"Feature","geometry":{"type":"Point","coordinates":[-92.3663389,45.5872602]},"properties":{"name":"Ice Age Trail","highway":"footway"}},{"type":"Feature","geometry":{"type":"Point","coordinates":[-91.879195,45.0601995]},"properties":{"name":"County Road N","highway":"tertiary"}},{"type":"Feature","geometry":{"type":"Point","coordinates":[-92.0370342,44.7740869]},"properties":{"name":"","highway":"track"}},{"type":"Feature","geometry":{"type":"Point","coordinates":[-90.0621424,45.4097474]},"properties":{"name":"Meier Road","highway":"residential"}},{"type":"Feature","geometry":{"type":"Point","coordinates":[-90.0626814,45.4253058]},"properties":{"name":"Strucker Road","highway":"residential"}},{"type":"Feature","geometry":{"type":"Point","coordinates":[-90.0895078,45.4002434]},"properties":{"name":"South German Settlement Road","highway":"residential"}},{"type":"Feature","geometry":{"type":"Point","coordinates":[-90.0629007,45.4419272]},"properties":{"name":"Johnson Road","highway":"residential"}},{"type":"Feature","geometry":{"type":"Point","coordinates":[-89.9704767,45.4635401]},"properties":{"name":"County Road T","highway":"tertiary"}},{"type":"Feature","geometry":{"type":"Point","coordinates":[-89.9705014,45.4658145]},"properties":{"name":"County Road T","highway":"tertiary"}},{"type":"Feature","geometry":{"type":"Point","coordinates":[-89.9865128,45.4671477]},"properties":{"name":"Phalzgraff Road","highway":"residential"}},{"type":"Feature","geometry":{"type":"Point","coordinates":[-90.103359,45.4540354]},"properties":{"name":"State Highway 86","highway":"secondary"}},{"type":"Feature","geometry":{"type":"Point","coordinates":[-87.967874,42.9970978]},"properties":{"name":"","highway":"footway"}},{"type":"Feature","geometry":{"type":"Point","coordinates":[-87.9676619,42.9971204]},"properties":{"name":"","highway":"footway"}},{"type":"Feature","geometry":{"type":"Point","coordinates":[-87.967771,42.9971073]},"properties":{"name":"South 43rd Street","highway":"secondary"}},{"type":"Feature","geometry":{"type":"Point","coordinates":[-87.9677716,42.9970459]},"properties":{"name":"South 43rd Street","highway":"secondary"}},{"type":"Feature","geometry":{"type":"Point","coordinates":[-87.6733233,44.0543201]},"properties":{"name":"South 19th Street","highway":"residential"}},{"type":"Feature","geometry":{"type":"Point","coordinates":[-87.9066609,43.097526]},"properties":{"name":"Milwaukee River Greenway Westside","highway":"footway"}},{"type":"Feature","geometry":{"type":"Point","coordinates":[-91.0996857,44.461585]},"properties":{"name":"County Road FF","highway":"tertiary"}},{"type":"Feature","geometry":{"type":"Point","coordinates":[-90.4654579,43.4867715]},"properties":{"name":"County Highway H","highway":"tertiary"}},{"type":"Feature","geometry":{"type":"Point","coordinates":[-90.4643308,43.4919067]},"properties":{"name":"County Highway H","highway":"tertiary"}},{"type":"Feature","geometry":{"type":"Point","coordinates":[-90.4261439,43.4733088]},"properties":{"name":"Woodstock Drive","highway":"unclassified"}},{"type":"Feature","geometry":{"type":"Point","coordinates":[-90.4198148,43.4740783]},"properties":{"name":"Wolf Lane","highway":"unclassified"}},{"type":"Feature","geometry":{"type":"Point","coordinates":[-91.1251193,43.4264742]},"properties":{"name":"Bohland Hollow Road","highway":"unclassified"}},{"type":"Feature","geometry":{"type":"Point","coordinates":[-91.130525,43.448734]},"properties":{"name":"Taylor Road","highway":"unclassified"}},{"type":"Feature","geometry":{"type":"Point","coordinates":[-91.04785,43.5171359]},"properties":{"name":"County Road N","highway":"tertiary"}},{"type":"Feature","geometry":{"type":"Point","coordinates":[-91.1200734,43.4377795]},"properties":{"name":"Hayden Road","highway":"residential"}},{"type":"Feature","geometry":{"type":"Point","coordinates":[-91.1219678,43.3936305]},"properties":{"name":"Rush Creek Road","highway":"unclassified"}},{"type":"Feature","geometry":{"type":"Point","coordinates":[-91.1275999,43.4220124]},"properties":{"name":"Coulee Creek Road","highway":"unclassified"}},{"type":"Feature","geometry":{"type":"Point","coordinates":[-90.0689208,43.3477647]},"properties":{"name":"State Highway 23","highway":"primary"}},{"type":"Feature","geometry":{"type":"Point","coordinates":[-92.6307576,45.4577975]},"properties":{"name":"","highway":"service"}},{"type":"Feature","geometry":{"type":"Point","coordinates":[-92.6308623,45.4573501]},"properties":{"name":"","highway":"service"}},{"type":"Feature","geometry":{"type":"Point","coordinates":[-92.6346594,45.456338]},"properties":{"name":"","highway":"service"}},{"type":"Feature","geometry":{"type":"Point","coordinates":[-92.6352921,45.4561913]},"properties":{"name":"Big Rock Creek Drive","highway":"residential"}},{"type":"Feature","geometry":{"type":"Point","coordinates":[-87.660721,44.0920017]},"properties":{"name":"","highway":"footway"}},{"type":"Feature","geometry":{"type":"Point","coordinates":[-89.0771242,44.150998]},"properties":{"name":"County Highway E","highway":"tertiary"}},{"type":"Feature","geometry":{"type":"Point","coordinates":[-87.6605114,44.0920064]},"properties":{"name":"","highway":"footway"}},{"type":"Feature","geometry":{"type":"Point","coordinates":[-91.7479046,44.2459674]},"properties":{"name":"Schoepps Valley Road","highway":"unclassified"}},{"type":"Feature","geometry":{"type":"Point","coordinates":[-87.6585438,44.1228605]},"properties":{"name":"","highway":"footway"}},{"type":"Feature","geometry":{"type":"Point","coordinates":[-92.0348254,44.9421088]},"properties":{"name":"250th Street","highway":"unclassified"}},{"type":"Feature","geometry":{"type":"Point","coordinates":[-91.6373003,44.8702909]},"properties":{"name":"20th Avenue","highway":"residential"}},{"type":"Feature","geometry":{"type":"Point","coordinates":[-90.7229588,45.8474808]},"properties":{"name":"Payne Farm Road","highway":"service"}},{"type":"Feature","geometry":{"type":"Point","coordinates":[-90.1740104,43.8892528]},"properties":{"name":"County Road M","highway":"tertiary"}},{"type":"Feature","geometry":{"type":"Point","coordinates":[-90.1874785,43.8942371]},"properties":{"name":"McEwen Road","highway":"residential"}},{"type":"Feature","geometry":{"type":"Point","coordinates":[-90.231082,43.9009461]},"properties":{"name":"Schroeder Road","highway":"residential"}},{"type":"Feature","geometry":{"type":"Point","coordinates":[-90.2115692,43.9029407]},"properties":{"name":"6th Avenue","highway":"unclassified"}},{"type":"Feature","geometry":{"type":"Point","coordinates":[-91.8394382,45.2028256]},"properties":{"name":"","highway":"path"}},{"type":"Feature","geometry":{"type":"Point","coordinates":[-91.8337294,45.2002477]},"properties":{"name":"","highway":"path"}},{"type":"Feature","geometry":{"type":"Point","coordinates":[-90.8502808,46.3809163]},"properties":{"name":"","highway":"service"}},{"type":"Feature","geometry":{"type":"Point","coordinates":[-90.8418568,46.3316313]},"properties":{"name":"Spring Brook Road","highway":"residential"}},{"type":"Feature","geometry":{"type":"Point","coordinates":[-91.9808814,44.9517987]},"properties":{"name":"750th Avenue","highway":"service"}},{"type":"Feature","geometry":{"type":"Point","coordinates":[-90.9220362,46.3508723]},"properties":{"name":"","highway":"path"}},{"type":"Feature","geometry":{"type":"Point","coordinates":[-91.7333122,45.0469286]},"properties":{"name":"County Road W","highway":"secondary"}},{"type":"Feature","geometry":{"type":"Point","coordinates":[-89.5249043,42.9855366]},"properties":{"name":"","highway":"cycleway"}},{"type":"Feature","geometry":{"type":"Point","coordinates":[-90.472134,42.7276834]},"properties":{"name":"","highway":"path"}},{"type":"Feature","geometry":{"type":"Point","coordinates":[-87.9832013,43.231557]},"properties":{"name":"Bike Trail Bridge","highway":"path"}},{"type":"Feature","geometry":{"type":"Point","coordinates":[-92.2444199,46.0850192]},"properties":{"name":"Big Island Road","highway":"residential"}},{"type":"Feature","geometry":{"type":"Point","coordinates":[-88.0151359,44.6320217]},"properties":{"name":"","highway":"footway"}},{"type":"Feature","geometry":{"type":"Point","coordinates":[-92.0931017,44.9267309]},"properties":{"name":"","highway":"footway"}},{"type":"Feature","geometry":{"type":"Point","coordinates":[-92.0932296,44.9265458]},"properties":{"name":"","highway":"footway"}},{"type":"Feature","geometry":{"type":"Point","coordinates":[-92.2075206,44.4684896]},"properties":{"name":"Cottonwood Lane","highway":"residential"}},{"type":"Feature","geometry":{"type":"Point","coordinates":[-89.0230999,44.4481117]},"properties":{"name":"","highway":"path"}},{"type":"Feature","geometry":{"type":"Point","coordinates":[-89.0212731,44.4483276]},"properties":{"name":"","highway":"track"}},{"type":"Feature","geometry":{"type":"Point","coordinates":[-89.0695196,44.4722244]},"properties":{"name":"","highway":"track"}},{"type":"Feature","geometry":{"type":"Point","coordinates":[-89.0789226,44.4699037]},"properties":{"name":"","highway":"path"}},{"type":"Feature","geometry":{"type":"Point","coordinates":[-89.0765741,44.4705594]},"properties":{"name":"","highway":"track"}},{"type":"Feature","geometry":{"type":"Point","coordinates":[-87.7235726,44.5967682]},"properties":{"name":"Rendezvous Road","highway":"unclassified"}},{"type":"Feature","geometry":{"type":"Point","coordinates":[-87.7134801,44.5936491]},"properties":{"name":"Lowell Road","highway":"residential"}},{"type":"Feature","geometry":{"type":"Point","coordinates":[-87.7566188,44.603395]},"properties":{"name":"Thiry Daems Road","highway":"unclassified"}},{"type":"Feature","geometry":{"type":"Point","coordinates":[-89.371322,43.377003]},"properties":{"name":"Loveland Road","highway":"residential"}},{"type":"Feature","geometry":{"type":"Point","coordinates":[-89.3861148,43.3864227]},"properties":{"name":"","highway":"service"}},{"type":"Feature","geometry":{"type":"Point","coordinates":[-90.8322223,46.3122929]},"properties":{"name":"North Country Trail","highway":"footway"}},{"type":"Feature","geometry":{"type":"Point","coordinates":[-90.834791,46.3057187]},"properties":{"name":"Mineral Lake Road","highway":"unclassified"}},{"type":"Feature","geometry":{"type":"Point","coordinates":[-90.8219871,46.3436709]},"properties":{"name":"Spring Brook Road","highway":"residential"}},{"type":"Feature","geometry":{"type":"Point","coordinates":[-90.7631576,46.3276889]},"properties":{"name":"Quarry Road","highway":"residential"}},{"type":"Feature","geometry":{"type":"Point","coordinates":[-90.4472678,46.4714024]},"properties":{"name":"Clement Road","highway":"unclassified"}},{"type":"Feature","geometry":{"type":"Point","coordinates":[-88.1039677,43.1730002]},"properties":{"name":"","highway":"footway"}},{"type":"Feature","geometry":{"type":"Point","coordinates":[-87.8241543,42.7516316]},"properties":{"name":"","highway":"footway"}},{"type":"Feature","geometry":{"type":"Point","coordinates":[-87.8239315,42.7515259]},"properties":{"name":"","highway":"footway"}},{"type":"Feature","geometry":{"type":"Point","coordinates":[-87.8244219,42.7517584]},"properties":{"name":"","highway":"footway"}},{"type":"Feature","geometry":{"type":"Point","coordinates":[-87.8241094,42.7518634]},"properties":{"name":"","highway":"footway"}},{"type":"Feature","geometry":{"type":"Point","coordinates":[-90.1785189,46.4498407]},"properties":{"name":"","highway":"footway"}},{"type":"Feature","geometry":{"type":"Point","coordinates":[-91.3032319,44.151376]},"properties":{"name":"Truax Road","highway":"unclassified"}},{"type":"Feature","geometry":{"type":"Point","coordinates":[-91.2816679,44.8159256]},"properties":{"name":"","highway":"path"}},{"type":"Feature","geometry":{"type":"Point","coordinates":[-91.5110441,45.1540557]},"properties":{"name":"County Highway SS","highway":"secondary"}},{"type":"Feature","geometry":{"type":"Point","coordinates":[-91.6918014,44.7330666]},"properties":{"name":"150th Avenue","highway":"tertiary"}},{"type":"Feature","geometry":{"type":"Point","coordinates":[-89.9942771,43.5839827]},"properties":{"name":"County Highway WD","highway":"tertiary"}},{"type":"Feature","geometry":{"type":"Point","coordinates":[-92.2775746,46.4901409]},"properties":{"name":"East Patzau Foxboro Road","highway":"unclassified"}},{"type":"Feature","geometry":{"type":"Point","coordinates":[-92.1325744,46.4758399]},"properties":{"name":"East Milchesky Road","highway":"residential"}},{"type":"Feature","geometry":{"type":"Point","coordinates":[-91.7862289,45.5724016]},"properties":{"name":"18th Street","highway":"unclassified"}},{"type":"Feature","geometry":{"type":"Point","coordinates":[-91.9459744,45.1026846]},"properties":{"name":"County Road F","highway":"tertiary"}},{"type":"Feature","geometry":{"type":"Point","coordinates":[-91.9841454,44.9590163]},"properties":{"name":"770th Avenue","highway":"unclassified"}},{"type":"Feature","geometry":{"type":"Point","coordinates":[-91.9728717,45.2841955]},"properties":{"name":"9th Street","highway":"tertiary"}},{"type":"Feature","geometry":{"type":"Point","coordinates":[-92.0097737,45.4385752]},"properties":{"name":"16th Avenue","highway":"residential"}},{"type":"Feature","geometry":{"type":"Point","coordinates":[-92.0722482,45.4306467]},"properties":{"name":"15 1/2 Avenue","highway":"residential"}},{"type":"Feature","geometry":{"type":"Point","coordinates":[-92.0521467,45.7124491]},"properties":{"name":"Bakker Road","highway":"residential"}},{"type":"Feature","geometry":{"type":"Point","coordinates":[-87.9686649,43.3676911]},"properties":{"name":"East Sauk Road","highway":"tertiary"}},{"type":"Feature","geometry":{"type":"Point","coordinates":[-91.1195954,44.6816886]},"properties":{"name":"County Highway G","highway":"tertiary"}},{"type":"Feature","geometry":{"type":"Point","coordinates":[-91.2474649,44.8147017]},"properties":{"name":"South 140th Avenue","highway":"residential"}},{"type":"Feature","geometry":{"type":"Point","coordinates":[-91.1778542,44.4225899]},"properties":{"name":"County Road P","highway":"secondary"}},{"type":"Feature","geometry":{"type":"Point","coordinates":[-91.2212636,44.4170717]},"properties":{"name":"East Dagget Coulee Road","highway":"unclassified"}},{"type":"Feature","geometry":{"type":"Point","coordinates":[-91.3614,44.4580124]},"properties":{"name":"Loga Road","highway":"residential"}},{"type":"Feature","geometry":{"type":"Point","coordinates":[-91.4482191,44.4091056]},"properties":{"name":"County Road BB","highway":"tertiary"}},{"type":"Feature","geometry":{"type":"Point","coordinates":[-91.3426867,45.4067225]},"properties":{"name":"Amacoy Lake Road","highway":"residential"}},{"type":"Feature","geometry":{"type":"Point","coordinates":[-91.5450838,45.43667]},"properties":{"name":"16th Avenue","highway":"residential"}},{"type":"Feature","geometry":{"type":"Point","coordinates":[-91.5753974,45.3353335]},"properties":{"name":"9th Avenue","highway":"residential"}},{"type":"Feature","geometry":{"type":"Point","coordinates":[-91.6472004,45.0519756]},"properties":{"name":"County Highway A","highway":"tertiary"}},{"type":"Feature","geometry":{"type":"Point","coordinates":[-91.55811,44.9584335]},"properties":{"name":"80th Avenue","highway":"residential"}},{"type":"Feature","geometry":{"type":"Point","coordinates":[-91.6052592,44.9606601]},"properties":{"name":"82nd Avenue","highway":"residential"}},{"type":"Feature","geometry":{"type":"Point","coordinates":[-91.5899757,44.946433]},"properties":{"name":"40th Street","highway":"residential"}},{"type":"Feature","geometry":{"type":"Point","coordinates":[-91.6016232,44.9471876]},"properties":{"name":"County Highway N","highway":"tertiary"}},{"type":"Feature","geometry":{"type":"Point","coordinates":[-91.6001548,44.9459084]},"properties":{"name":"35th Street","highway":"residential"}},{"type":"Feature","geometry":{"type":"Point","coordinates":[-91.6320592,44.8999838]},"properties":{"name":"40th Avenue","highway":"tertiary"}},{"type":"Feature","geometry":{"type":"Point","coordinates":[-91.7000455,44.4693527]},"properties":{"name":"Brixen Road","highway":"unclassified"}},{"type":"Feature","geometry":{"type":"Point","coordinates":[-91.8628855,44.5867448]},"properties":{"name":"Robelia Road","highway":"service"}},{"type":"Feature","geometry":{"type":"Point","coordinates":[-91.6431777,45.4564154]},"properties":{"name":"25th Street","highway":"unclassified"}},{"type":"Feature","geometry":{"type":"Point","coordinates":[-91.6434761,45.4656768]},"properties":{"name":"18th Avenue","highway":"residential"}}]}