{"type":"FeatureCollection","features":[{"type":"Feature","geometry":{"type":"LineString","coordinates":[[-92.1218,45.7329],[-92.1227,45.7335],[-92.122,45.7339],[-92.1215,45.7353],[-92.1231,45.7364]]},"properties":{"WATERBODYNAMECOMBINED":"North Fork Clam River","SITENAMECOMBINED":"Clam River Fisheries Area-Rockaway Farms Location","FISCALYEAR":2013,"PROJECTPURPOSE":"The purpose of this project was to increase habitat for adult trout by increasing the amount of overhead cover and pool habitats.","TARGETSPECIES":"brook trout and brown trout","TECHNIQUESSTRUCTURES":"LUNKERs, material removal, boulder clusters, riprap, log rootwad and boulder revetments, plunge pools"}},{"type":"Feature","geometry":{"type":"LineString","coordinates":[[-90.9623,43.7041],[-90.9635,43.7039],[-90.9646,43.7056],[-90.9657,43.7055],[-90.9682,43.7067]]},"properties":{"WATERBODYNAMECOMBINED":"Spring Coulee Creek","SITENAMECOMBINED":"Maintenance - Spring Coulee Creek - Rod Ofte Easement","FISCALYEAR":2016,"PROJECTPURPOSE":"The easement landowner requested the repair of 3 separate segments of eroding stream bank in his pastured area.  The purpose of the project was to stabilize these stream banks. ","TARGETSPECIES":"brown trout","TECHNIQUESSTRUCTURES":"Bank shaping and planting, Bank sloping, Rip Rap"}},{"type":"Feature","geometry":{"type":"LineString","coordinates":[[-87.9678,43.3822],[-87.968,43.3795]]},"properties":{"WATERBODYNAMECOMBINED":"Mole Creek","SITENAMECOMBINED":"Mole Creek Realignment at Hillcrest Road","FISCALYEAR":2016,"PROJECTPURPOSE":"Realign a ditched section of Mole Creek into a more natural channel.","TARGETSPECIES":"brook trout and brown trout","TECHNIQUESSTRUCTURES":"Channel shaping"}},{"type":"Feature","geometry":{"type":"LineString","coordinates":[[-89.6118,43.7959],[-89.6114,43.7956],[-89.6121,43.7948],[-89.6131,43.7951],[-89.6138,43.7946],[-89.6136,43.7941],[-89.6147,43.7936],[-89.6138,43.792]]},"properties":{"WATERBODYNAMECOMBINED":"Neenah Creek","SITENAMECOMBINED":"Neenah Creek-1st Lane","FISCALYEAR":2016,"PROJECTPURPOSE":"Maintenance brushing to remove tag adler and other pioneer tree species.  Leave larger desirable super canopy trees.","TARGETSPECIES":"brown trout","TECHNIQUESSTRUCTURES":"Brush Removal"}},{"type":"Feature","geometry":{"type":"LineString","coordinates":[[-90.9966,43.7176],[-90.9971,43.7173],[-90.9968,43.7166],[-90.998,43.7167],[-90.9984,43.7172],[-90.9989,43.7169],[-90.999,43.7162],[-90.9982,43.7156],[-90.9997,43.7148]]},"properties":{"WATERBODYNAMECOMBINED":"Coon Creek","SITENAMECOMBINED":"Neprud property - 580 feet upstream from the machinery crossing in the back portion of the property","FISCALYEAR":2013,"PROJECTPURPOSE":"Stabilize the streambanks.  Remove unwanted trees along the stream corridor.  Slope and shape the streamabnks to open up the floodway.  Narrow and deepen the stream channel and create in-stream cover for trout.","TARGETSPECIES":"brown trout","TECHNIQUESSTRUCTURES":"bank sloping, boulder retards, riprap, log/brush/rock shelters, plunge pools, weir, wing deflector."}},{"type":"Feature","geometry":{"type":"LineString","coordinates":[[-88.4677,42.9356],[-88.4702,42.933]]},"properties":{"WATERBODYNAMECOMBINED":"Scuppernong River","SITENAMECOMBINED":"Headwaters located at the intersection of Hwy 67 and Hwy ZZ","FISCALYEAR":2013,"PROJECTPURPOSE":"Re-establish bed and bank post dam removal.  The stream is currently wide, braided and shallow as a result of numerous small dams in this historical hotel and trout farm development.","TARGETSPECIES":"brook trout","TECHNIQUESSTRUCTURES":"coconut fiber roll, bank sloping"}},{"type":"Feature","geometry":{"type":"LineString","coordinates":[[-89.6483,43.1123],[-89.6516,43.1133]]},"properties":{"WATERBODYNAMECOMBINED":"Black Earth creek","SITENAMECOMBINED":"Within Village of Cross Plains through Zander park","FISCALYEAR":2013,"PROJECTPURPOSE":"This project re-meandered the stream channel that was formerly the old millpond. The new stream channel added habitat diversity to a stream stretch that was uniform and somewhat featureless prior to the work. Access to the water was improved and opportunity enhanced. Storm water treatments were added where previously untreated storm flows had entered the stream.","TARGETSPECIES":"brown trout","TECHNIQUESSTRUCTURES":"channel shaping, grade control measures, trees/rootwds, riprap"}},{"type":"Feature","geometry":{"type":"LineString","coordinates":[[-91.0623,43.3633],[-91.0626,43.3633]]},"properties":{"WATERBODYNAMECOMBINED":"Sugar Creek","SITENAMECOMBINED":"Frank Kazelka easement where the high voltage power lines cross Sugar Creek.","FISCALYEAR":2013,"PROJECTPURPOSE":"The purpose of this project is to install a machinery crossing on Sugar Creek.  This will allow the easement landowner to access the south side of his property.  This will also allow access to both sides of the easement property when future stream restoration work is performed.","TARGETSPECIES":"brown trout","TECHNIQUESSTRUCTURES":"stream crossing, boulder retard, weir, riprap, bank sloping"}},{"type":"Feature","geometry":{"type":"LineString","coordinates":[[-88.0152,43.7062],[-88.0155,43.7058]]},"properties":{"WATERBODYNAMECOMBINED":"Onion River","SITENAMECOMBINED":null,"FISCALYEAR":2013,"PROJECTPURPOSE":"This project aimed to stabilize eroding and failing banks with integrated bank treatments.  This project also enhanced instream habitat with cross channel logs, plunge pools and boulder placement","TARGETSPECIES":"brown trout","TECHNIQUESSTRUCTURES":"LUNKERs"}},{"type":"Feature","geometry":{"type":"LineString","coordinates":[[-91.1728,46.8051],[-91.1777,46.8064],[-91.1789,46.8075],[-91.1827,46.8091],[-91.1828,46.8098],[-91.1843,46.81],[-91.1873,46.8118]]},"properties":{"WATERBODYNAMECOMBINED":"Vietmeyer trib","SITENAMECOMBINED":"Throughout habitat management reach","FISCALYEAR":2013,"PROJECTPURPOSE":"This project continued previous work to expose spawning substrate and increase the production of naturally reproducing Lake Superior potadromous fish such as brown trout, steelhead, and coho salmon.  The project included two primary tasks:  (1)  reduce or eliminate instream wood material that caused sediment deposition and channel widening, and potentially impeded fish migration; and (2) reduce or eliminate streamside alder that could collapse into the channel and restrict sediment and wood transport.  The primary goal was to reduce sediment deposition on spawning substrates.","TARGETSPECIES":"brown trout, rainbow trout, coho salmon, brook trout","TECHNIQUESSTRUCTURES":"Material removal, channel shaping"}},{"type":"Feature","geometry":{"type":"LineString","coordinates":[[-91.3078,46.7548],[-91.3097,46.7556],[-91.3096,46.7561],[-91.3101,46.7563]]},"properties":{"WATERBODYNAMECOMBINED":"East Flag River","SITENAMECOMBINED":"Habitat management reach approximately 0.3 miles upstream from confluence with east unnamed tributary","FISCALYEAR":2013,"PROJECTPURPOSE":"This project continued previous work to expose spawning substrate and increase the production of naturally reproducing Lake Superior potadromous fish such as brown trout, steelhead, and coho salmon.  The project included two primary tasks:  (1) reduce or eliminate instream wood material that caused sediment deposition and channel widening, and potentially impeded fish migration; and (2) reduce or eliminate streamside alder that could collapse into the channel and restrict sediment and wood transport.  The primary goal was to reduce sediment deposition on spawning substrates.","TARGETSPECIES":"brown trout, rainbow trout, coho salmon, brook trout","TECHNIQUESSTRUCTURES":"material removal, channel shaping"}},{"type":"Feature","geometry":{"type":"LineString","coordinates":[[-91.031,46.8677],[-91.0334,46.869]]},"properties":{"WATERBODYNAMECOMBINED":"Saxine Creek","SITENAMECOMBINED":"Mainstem at confluence of two upstream-most unnamed tributaries","FISCALYEAR":2013,"PROJECTPURPOSE":"This project continued previous work to expose spawning substrate and increase the production of naturally reproducing Lake Superior potadromous fish such as brown trout, steelhead, and coho salmon.  The primary purpose was to reduce or eliminate streamside alder that could collapse into the channel and restrict sediment and wood transport.  The primary goal was to reduce sediment deposition on spawning substrates.","TARGETSPECIES":"brown trout, rainbow trout, coho salmon, brook trout","TECHNIQUESSTRUCTURES":"Tree plantings and instream various"}},{"type":"Feature","geometry":{"type":"LineString","coordinates":[[-91.0049,43.7053],[-91.0079,43.7058],[-91.0101,43.7051],[-91.0117,43.707],[-91.015,43.7062]]},"properties":{"WATERBODYNAMECOMBINED":"Coon Creek","SITENAMECOMBINED":"From the west property line of the Dale Nelson easement_ upstream to east property line.","FISCALYEAR":2013,"PROJECTPURPOSE":"Stabilize the streambanks. Remove unwanted trees along the stream corridor. Slope and shape the streambanks to open up the floodway. Narrow and deepen the stream channel and create in-stream cover for trout.","TARGETSPECIES":"brown trout","TECHNIQUESSTRUCTURES":"bank sloping, boulder retards, riprap, log/brush/rock shelters, plunge pools, weir, wing deflector."}},{"type":"Feature","geometry":{"type":"LineString","coordinates":[[-88.499,42.8862],[-88.4942,42.8862]]},"properties":{"WATERBODYNAMECOMBINED":"Paradise Springs Creek","SITENAMECOMBINED":"Downstream Hwy N.","FISCALYEAR":2013,"PROJECTPURPOSE":"Routine maintenance of LUNKER structures.","TARGETSPECIES":"brook trout","TECHNIQUESSTRUCTURES":"Maintenance on 120 LUNKERs"}},{"type":"Feature","geometry":{"type":"LineString","coordinates":[[-89.6301,43.0985],[-89.6341,43.098],[-89.6354,43.0983]]},"properties":{"WATERBODYNAMECOMBINED":"Black Earth Creek","SITENAMECOMBINED":"T 7 N R7E Section 11_ within BEC FA north of Stagecoach rd.","FISCALYEAR":2013,"PROJECTPURPOSE":"This project element removed beaver dams and brushed willow succession.","TARGETSPECIES":"brown trout","TECHNIQUESSTRUCTURES":"beaver dam removal, brush removal"}},{"type":"Feature","geometry":{"type":"LineString","coordinates":[[-88.9419,45.9825],[-88.94,45.9832]]},"properties":{"WATERBODYNAMECOMBINED":"Brule Creek","SITENAMECOMBINED":null,"FISCALYEAR":2013,"PROJECTPURPOSE":"Brush out historical habitat project sites and open up stream corridor for better angling access.","TARGETSPECIES":"brook trout and brown trout","TECHNIQUESSTRUCTURES":"brush bundle/mattresses"}},{"type":"Feature","geometry":{"type":"LineString","coordinates":[[-91.8822,45.5133],[-91.8823,45.5142],[-91.884,45.5143]]},"properties":{"WATERBODYNAMECOMBINED":"Hickey Creek","SITENAMECOMBINED":"Barron County_ Upstream from 13 1/4 st.","FISCALYEAR":2014,"PROJECTPURPOSE":"This project lies within the Hickey Creek fishing easement and angler access was difficult due to dense tag alder.","TARGETSPECIES":"brook trout and brown trout","TECHNIQUESSTRUCTURES":"brushing"}},{"type":"Feature","geometry":{"type":"LineString","coordinates":[[-90.9645,43.7427],[-90.9647,43.7426]]},"properties":{"WATERBODYNAMECOMBINED":"Coon Cr. (Bohemian Valley Cr.)","SITENAMECOMBINED":"Maintenance-Mike Evanstad Easement","FISCALYEAR":2014,"PROJECTPURPOSE":"The purpose of this project is to repair a machinery crossing.","TARGETSPECIES":"brown trout","TECHNIQUESSTRUCTURES":"Material removal, Stream crossing"}},{"type":"Feature","geometry":{"type":"LineString","coordinates":[[-90.9466,43.7001],[-90.9492,43.6999]]},"properties":{"WATERBODYNAMECOMBINED":"Spring Coulee Creek","SITENAMECOMBINED":"Maintenance-Moilien Easement","FISCALYEAR":2014,"PROJECTPURPOSE":"At the request of the easement landowner, two stream banks (95' & 80' long)were stabilized that were starting to erode into an agricultural field.  In addition to the bank stabilization, in-stream cover for trout was created.","TARGETSPECIES":"brook trout and brown trout","TECHNIQUESSTRUCTURES":"Bank shaping and planting, Boulder retard, Log/brush/rock shelters, Rip Rap, Weir"}},{"type":"Feature","geometry":{"type":"LineString","coordinates":[[-91.0875,43.3978],[-91.0875,43.3977]]},"properties":{"WATERBODYNAMECOMBINED":"Rush Creek","SITENAMECOMBINED":"Maintenance-Raymer Easement","FISCALYEAR":2014,"PROJECTPURPOSE":"Clean out and maintain a machinery crossing that received damage from a major flood.","TARGETSPECIES":"brown trout","TECHNIQUESSTRUCTURES":"Material removal, Stream crossing"}},{"type":"Feature","geometry":{"type":"LineString","coordinates":[[-90.7482,43.2175],[-90.7481,43.2172]]},"properties":{"WATERBODYNAMECOMBINED":"Richland Creek","SITENAMECOMBINED":"Maintenance-State Land","FISCALYEAR":2014,"PROJECTPURPOSE":"Clean out and maintain machinery crossing that received damage from a major flood.","TARGETSPECIES":"brown trout","TECHNIQUESSTRUCTURES":"Material removal, Stream crossing"}},{"type":"Feature","geometry":{"type":"LineString","coordinates":[[-90.785,43.9338],[-90.785,43.934]]},"properties":{"WATERBODYNAMECOMBINED":"Farmers Valley Creek","SITENAMECOMBINED":"Maintenance-Steve Ruetten Easement","FISCALYEAR":2014,"PROJECTPURPOSE":"Clean out sediment deposition from a machinery crossing on an easement property.  Remove a fallen tree from the stream to prevent potential stream bank erosion.","TARGETSPECIES":"brown trout","TECHNIQUESSTRUCTURES":"Material removal, Stream crossing"}},{"type":"Feature","geometry":{"type":"LineString","coordinates":[[-91.0003,43.7113],[-91.0011,43.7104],[-91.0002,43.7103]]},"properties":{"WATERBODYNAMECOMBINED":"Coon Creek","SITENAMECOMBINED":"Neprud - Ron Larson Easement","FISCALYEAR":2014,"PROJECTPURPOSE":"Stabilize the streambanks.  Remove unwanted trees along the stream corridor.  Slope and shape the streamabnks to open up the floodway.  Narrow and deepen the stream channel and create in-stream cover for trout.","TARGETSPECIES":"brown trout","TECHNIQUESSTRUCTURES":"Bank sloping, Boulder retard, LUNKERS, Plunge pools, Rip Rap, Tree cover, Weir"}},{"type":"Feature","geometry":{"type":"LineString","coordinates":[[-91.2717,44.1662],[-91.2719,44.1655],[-91.2728,44.1655],[-91.273,44.165]]},"properties":{"WATERBODYNAMECOMBINED":"North Fork Beaver Creek","SITENAMECOMBINED":"North Fork Beaver Creek Trout Habitat Restoration","FISCALYEAR":2014,"PROJECTPURPOSE":"Restore overhead adult trout and forage fish cover, stabilize stream banks to limit erosion and sedimentation, improve fishability for anglers","TARGETSPECIES":"brook trout","TECHNIQUESSTRUCTURES":"Bank shaping and planting, Bank sloping, Brush Removal, Grade control measures, Island Building, Material removal, Plunge pools, Rip Rap, Trees/rootwads, Weir"}},{"type":"Feature","geometry":{"type":"LineString","coordinates":[[-88.7015,42.802],[-88.7002,42.803],[-88.7008,42.8037]]},"properties":{"WATERBODYNAMECOMBINED":"Whitewater Creek","SITENAMECOMBINED":"Bluff/Whitewater Creek Habitat Restoration","FISCALYEAR":2014,"PROJECTPURPOSE":"Restore a portion of Whitewater Creek that was historically dredged and straightened for agricultural purposes. The project includes narrowing the stream through a combination of brush bundles, brush matting, tree drops and biologs. These installations will improve the velocity of the stream and add coarse woody structure for fish, birds, macroinvertebrates and herptiles.","TARGETSPECIES":"brown trout","TECHNIQUESSTRUCTURES":"Brush bundle/matresses, Coconut fiber roll, Trees/rootwads"}},{"type":"Feature","geometry":{"type":"LineString","coordinates":[[-89.6921,43.4354],[-89.6931,43.4363],[-89.6925,43.4372]]},"properties":{"WATERBODYNAMECOMBINED":"Clark Creek","SITENAMECOMBINED":"Clark Creek stabilization","FISCALYEAR":2014,"PROJECTPURPOSE":"Clark Creek has had major flooding and erosion issues impacting the native brook trout population that occurs there. Sauk county in cooperation with Devil's Lake State park are undertaking a 3 phase plan to 1) increase infiltration and reduce flood discharge by changing agricultural lands in the park to prairie/oak savanah 2) increase wetland storage in the basin by restoring wetlands connected to clark creek and 3) stabilize the eroding valley walls that the recent floods have incsized and widened.  This project is specifically the third element of this plan.","TARGETSPECIES":"brook trout","TECHNIQUESSTRUCTURES":"Bank sloping, Channel shaping, Stream crossing, Tree revetments, Weir"}},{"type":"Feature","geometry":{"type":"LineString","coordinates":[[-90.9962,43.7121],[-90.9968,43.7119],[-90.996,43.711],[-90.996,43.7104],[-90.9974,43.7103]]},"properties":{"WATERBODYNAMECOMBINED":"Spring Coulee Creek","SITENAMECOMBINED":"DNR State Land - Neprud","FISCALYEAR":2014,"PROJECTPURPOSE":"Stabilize the streambanks.  Remove unwanted trees along the stream corridor.  Slope and shape the streamabnks to open up the floodway.  Narrow and deepen the stream channel and create in-stream cover for trout.","TARGETSPECIES":"brown trout","TECHNIQUESSTRUCTURES":"Bank shaping and planting, Bank sloping, Boulder retard, Log/brush/rock shelters, LUNKERS ,Plunge pools, Rip Rap, Weir"}},{"type":"Feature","geometry":{"type":"LineString","coordinates":[[-88.2043,45.4302],[-88.2042,45.4295]]},"properties":{"WATERBODYNAMECOMBINED":"Eagle Creek","SITENAMECOMBINED":"Eagle Creek Project","FISCALYEAR":2014,"PROJECTPURPOSE":"Purpose of this project is to maintain a fifty (50) foot sand trap located on the downsteam side of a habitat project which has 12 prefabricated bank covers.  Annual dredging of this sand trap is required to clean out trap and maintain trap's ability to collect large granule sands.  This sand trap reduces the amount of sand moving downstream and covering desirable habitat for the cold water resource.","TARGETSPECIES":"brook trout","TECHNIQUESSTRUCTURES":"Material removal"}},{"type":"Feature","geometry":{"type":"LineString","coordinates":[[-91.6318,44.8903],[-91.6315,44.8902],[-91.6317,44.89]]},"properties":{"WATERBODYNAMECOMBINED":"Elk Creek","SITENAMECOMBINED":"Elk Creek streambank stabilization and habitat improvement","FISCALYEAR":2014,"PROJECTPURPOSE":"The project site was located in an area where the creek had eroded into the high valley wall and created a vertical sand scarp approximately 30 ' in height. Collapsing trees and channel migration threatened to destabilize the channel configuration past habitat/stabilization measures. Huge voumes of sediment were filling pools and creating aggressive meander conditions. Quality downstream trout habitat was consequently compromised or of poor quality.","TARGETSPECIES":"brook trout and brown trout","TECHNIQUESSTRUCTURES":"Bank shaping and planting, Bank sloping, Boulder Clusters, Boulder retard, Erosion control hydro seed mulch, Grade control measures, Rip Rap"}},{"type":"Feature","geometry":{"type":"LineString","coordinates":[[-90.6609,44.0125],[-90.6614,44.0124]]},"properties":{"WATERBODYNAMECOMBINED":"Tarr Creek","SITENAMECOMBINED":"Ft McCoy-Tarr Cr. Restoration-WMA Culverts","FISCALYEAR":2014,"PROJECTPURPOSE":"Restore and stabilize the stream banks and create in-stream cover for trout after a tank crossing was removed.","TARGETSPECIES":"brook trout and brown trout","TECHNIQUESSTRUCTURES":"Bank shaping and planting, Log/brush/rock shelters, Plunge pools, Rip Rap, Weir"}},{"type":"Feature","geometry":{"type":"LineString","coordinates":[[-90.6913,44.0114],[-90.6918,44.0113]]},"properties":{"WATERBODYNAMECOMBINED":"Tarr Creek","SITENAMECOMBINED":"Ft McCoy-Tarr Creek Restoration-WAC site","FISCALYEAR":2014,"PROJECTPURPOSE":"Restore and stabilize the stream banks and create in-stream cover for trout after a tank crossing was removed.","TARGETSPECIES":"brook trout and brown trout","TECHNIQUESSTRUCTURES":"Bank shaping and planting, Boulder retard, Log/brush/rock shelters, LUNKERS, Plunge pools, Weir, Wing Deflector"}},{"type":"Feature","geometry":{"type":"LineString","coordinates":[[-90.9748,43.6306],[-90.9759,43.6303]]},"properties":{"WATERBODYNAMECOMBINED":"North Fork Bad Axe River","SITENAMECOMBINED":"Maintenance-Esofea Branch","FISCALYEAR":2014,"PROJECTPURPOSE":"The purpose of this project was to repair in-stream and stream bank damage that occurred from a major flood.","TARGETSPECIES":"brook trout and brown trout","TECHNIQUESSTRUCTURES":"Bank shaping and planting, Material removal, Plunge pools"}},{"type":"Feature","geometry":{"type":"LineString","coordinates":[[-90.9961,43.6976],[-90.9972,43.6977],[-90.9979,43.699],[-91.0003,43.6998],[-91.0009,43.7004]]},"properties":{"WATERBODYNAMECOMBINED":"Creek 8-8  (Rundahl Creek)","SITENAMECOMBINED":"Maintenance-Jon Lee Easement","FISCALYEAR":2014,"PROJECTPURPOSE":"The purpose of this project was to repair in-stream and stream bank damage that occurred from a major flood.","TARGETSPECIES":"brook trout and brown trout","TECHNIQUESSTRUCTURES":"Bank shaping and planting, Rip Rap, Stream crossing"}},{"type":"Feature","geometry":{"type":"LineString","coordinates":[[-90.9298,43.1963],[-90.9306,43.1955],[-90.93,43.1955],[-90.9296,43.1949]]},"properties":{"WATERBODYNAMECOMBINED":"Pine Creek","SITENAMECOMBINED":"Pine Creek-Foley Easement","FISCALYEAR":2014,"PROJECTPURPOSE":"At the request of the easement landowner, two stream banks were stabilized that were starting to erode into an agricultural field.  In addition to the bank stabilization, in-stream cover for trout was created.","TARGETSPECIES":"brown trout","TECHNIQUESSTRUCTURES":"Bank shaping and planting, Boulder retard, Log/brush/rock shelters, Rip Rap, Weir"}},{"type":"Feature","geometry":{"type":"LineString","coordinates":[[-91.0763,43.3972],[-91.0767,43.3963]]},"properties":{"WATERBODYNAMECOMBINED":"Rush Creek","SITENAMECOMBINED":"Rush Creek-Kutsche Easement","FISCALYEAR":2014,"PROJECTPURPOSE":"The purpose of this project was to stabilize the stream banks along with removing trees and sloping the stream banks which would open up the floodway.  This will reduce the amount of in-stream damage along with damage to the Kutssche driveway and bridge when flooding occurs.  An impassable machinery crossing needed to be restored.","TARGETSPECIES":"brown trout","TECHNIQUESSTRUCTURES":"Bank shaping and planting, Boulder retard, Rip Rap, Stream crossing, Weir"}},{"type":"Feature","geometry":{"type":"LineString","coordinates":[[-89.2887,43.2007],[-89.2917,43.1985]]},"properties":{"WATERBODYNAMECOMBINED":"Token Creek","SITENAMECOMBINED":"Token Creek Channel Restoration","FISCALYEAR":2014,"PROJECTPURPOSE":"Restore stream channel of Token Creek in the in the forment millpond.","TARGETSPECIES":"brook trout and brown trout","TECHNIQUESSTRUCTURES":"Bank shaping and planting"}},{"type":"Feature","geometry":{"type":"LineString","coordinates":[[-92.5299,44.7938],[-92.5314,44.7924],[-92.5308,44.7915],[-92.53,44.7915],[-92.5303,44.7911],[-92.5296,44.7912],[-92.5298,44.7904]]},"properties":{"WATERBODYNAMECOMBINED":"Trimbelle River","SITENAMECOMBINED":"Trimbelle River Restoration","FISCALYEAR":2014,"PROJECTPURPOSE":"Before public ownership the project site was previously heavily pastured, primarily box elder woodland. The stream banks were high, actively  eroding with and box elder collapse accelerating bank instability. Large volume springs are common within the project reach providing potentially excellent thermal and water quality regimes for brook trout proliferation. Extremely poor cover habitat and spawning conditions extremely limited the possibility of wild brook trout establishment. Streambank stabilizatin and trout habitat techniques would vastly improve the stream conditions for trout survival.","TARGETSPECIES":"brook trout","TECHNIQUESSTRUCTURES":"Bank shaping and planting, Bank sloping, Boulder Clusters, Boulder retard, Channel shaping, Log, Rootwad and Boulder revetments, LUNKERS, Rip Rap"}},{"type":"Feature","geometry":{"type":"LineString","coordinates":[[-89.6118,43.7959],[-89.6114,43.7956],[-89.6121,43.7948],[-89.6131,43.7951],[-89.6138,43.7946],[-89.6136,43.7941],[-89.6147,43.7936],[-89.6138,43.792]]},"properties":{"WATERBODYNAMECOMBINED":"Neenah Creek","SITENAMECOMBINED":"Trout Habitat Maintenance","FISCALYEAR":2014,"PROJECTPURPOSE":"Neenah Creek is a class 1 trout stream, supporting healthy naturally reproducing populations of Brown Trout. It is one of the most heavily utilized trout streams in Adams Count. During the summer of 1983 an intensive trout habitat development was completed. All of the installed jetted overhead bank covers had failed. The goal of the project was to remove all previously installed covers and replace them with new materials. Also, sandbags had been used to backfill the original installed covers. All sandbags were removed and the new covers were backfilled using field stone.","TARGETSPECIES":"brown trout","TECHNIQUESSTRUCTURES":"Bank shaping and planting, Boulder retard, Brush bundle/matresses, LUNKERS, Overhead bank cover, Plunge pools, Trees/rootwads"}},{"type":"Feature","geometry":{"type":"LineString","coordinates":[[-90.769,43.6357],[-90.7682,43.635],[-90.7697,43.6311]]},"properties":{"WATERBODYNAMECOMBINED":"West Fork Kickapoo River","SITENAMECOMBINED":"W.F. Kickapoo-Yoder Easement","FISCALYEAR":2014,"PROJECTPURPOSE":"At the request of the easement landowner, three stream banks (130', 220' & 315') were stabilized that were starting to erode.  Two within a cattle pasture and one eroding a fence that was on the end of an agricultural field.  In addition to the bank stabilization, in-stream cover for trout was created along with making minor repairs to a machinery crossing.","TARGETSPECIES":"brown trout","TECHNIQUESSTRUCTURES":"Bank shaping and planting, Log/brush/rock shelters, Rip Rap, Stream crossing, Weir"}},{"type":"Feature","geometry":{"type":"LineString","coordinates":[[-88.7015,42.802],[-88.7002,42.803],[-88.7008,42.8037]]},"properties":{"WATERBODYNAMECOMBINED":"Whitewater Creek","SITENAMECOMBINED":"Bluff/Whitewater Creek Habitat Restoration","FISCALYEAR":2015,"PROJECTPURPOSE":"Restore a portion of Whitewater Creek that was historically dredged and straightened for agricultural purposes. The project includes narrowing the stream through a combination of brush bundles, brush matting, tree drops and biologs. These installations will improve the velocity of the stream and add coarse woody structure for fish, birds, macroinvertebrates and herptiles.","TARGETSPECIES":"brown trout","TECHNIQUESSTRUCTURES":"Brush bundle/matresses, Coconut fiber roll, Trees/rootwads"}},{"type":"Feature","geometry":{"type":"LineString","coordinates":[[-89.3566,43.9499],[-89.3529,43.9498],[-89.3516,43.9489],[-89.3513,43.9493],[-89.3517,43.95],[-89.3512,43.9507],[-89.3494,43.9504],[-89.349,43.9513],[-89.3489,43.9507],[-89.3483,43.9511],[-89.3473,43.9508]]},"properties":{"WATERBODYNAMECOMBINED":"Whitewater Creek","SITENAMECOMBINED":"Chaffee Creek - 14th Ave","FISCALYEAR":2015,"PROJECTPURPOSE":"This project is located between Wautoma and Montello just one and a half miles west of the old DNR Discovery Center (intersection of Hwy 22 and Dixie Ave). Large adult brown trout that overwinter in the lower Mecan River seek thermal refuge in the Chaffee Creek during the summer months and migrate through this area to spawn in the fall. Public hunting and fishing lands are abundant in this area. A DNR parking area is located at the downstream end of the project section located off of 14th Ave. Trout population monitoring surveys have seen a decline in the numbers of adult fish over the past decade through this section. Overhead cover and pool habitats have been lost due to excessive amounts of sand eroding from unstable streambanks, where Reed Canary Grass dominates. The goals of the project are as follows: -Increase adult trout habitats with the installation of submerged tree structures, conventional overhead bank covers, and plunge pools/riffles. -Stabilize actively eroding streambanks to reduce sand infiltration with the installation of conventional overhead bank covers and by deflecting main channel flow with coarse wood structures. -Enhance fishability by mechanically removing over growth exotic woody vegetation from the stream banks.  Oak wilt has been a severe issue through out this area as well making the stream inaccessible to hunters and anglers as well.","TARGETSPECIES":"brown trout","TECHNIQUESSTRUCTURES":"Brush Removal, Log/brush/rock shelters, Overhead bank cover, Stream crossing"}},{"type":"Feature","geometry":{"type":"LineString","coordinates":[[-90.8429,43.5444],[-90.8391,43.5438]]},"properties":{"WATERBODYNAMECOMBINED":"Cook Creek","SITENAMECOMBINED":"Cook Creek - State Land","FISCALYEAR":2015,"PROJECTPURPOSE":"Stabilize the stream banks and create cover for trout.","TARGETSPECIES":"brook trout","TECHNIQUESSTRUCTURES":"Bank sloping, Boulder retard, Plunge pools., Rip Rap, Stream crossing, Tree revetments, Trees/rootwads, Weir"}},{"type":"Feature","geometry":{"type":"LineString","coordinates":[[-91.5532,46.5568],[-91.5561,46.557],[-91.5581,46.5558],[-91.5595,46.5539]]},"properties":{"WATERBODYNAMECOMBINED":"Sandy Run","SITENAMECOMBINED":"Sandy Run","FISCALYEAR":2015,"PROJECTPURPOSE":"This project continued previous work to expose spawning substrate and increase the production of naturally reproducing Lake Superior potadromous fish such as brown trout, steelhead, and coho salmon. The project included two primary tasks: (1)  reduce or eliminate instream wood material that caused sediment deposition and channel widening, and potentially impeded fish migration; and (2) reduce or eliminate streamside alder that could collapse into the channel and restrict sediment and wood transport.  The primary goal was to reduce sediment deposition on spawning substrates.","TARGETSPECIES":"brown trout, rainbow trout, coho salmon, brook trout","TECHNIQUESSTRUCTURES":"Material removal"}},{"type":"Feature","geometry":{"type":"LineString","coordinates":[[-90.9822,43.3937],[-90.9821,43.3927],[-90.9825,43.3921]]},"properties":{"WATERBODYNAMECOMBINED":"Sugar Creek","SITENAMECOMBINED":"Sugar Creek - Champlin Easement","FISCALYEAR":2015,"PROJECTPURPOSE":"The purpose of this project is to stabilize the stream banks, create cover for trout and open up the floodway by removing stream bank material.","TARGETSPECIES":"brown trout","TECHNIQUESSTRUCTURES":"Bank sloping, Channel shaping, Material removal, Plunge pools, Rip Rap, Stream crossing, Weir"}},{"type":"Feature","geometry":{"type":"LineString","coordinates":[[-89.2761,44.4297],[-89.2738,44.4293],[-89.2743,44.4286]]},"properties":{"WATERBODYNAMECOMBINED":"Tomorrow River","SITENAMECOMBINED":"Tomorrow River - Keener Road","FISCALYEAR":2015,"PROJECTPURPOSE":"To install overhead and midstream cover for fish. Other improvements were to narrow the stream channel, increasing water flows and depths.","TARGETSPECIES":"brown trout","TECHNIQUESSTRUCTURES":"Bank shaping and planting, Boulder retard, LUNKERS, Wing Deflector"}},{"type":"Feature","geometry":{"type":"LineString","coordinates":[[-88.2043,45.4302],[-88.2042,45.4295]]},"properties":{"WATERBODYNAMECOMBINED":"Eagle Creek","SITENAMECOMBINED":"Eagle Creek Project","FISCALYEAR":2015,"PROJECTPURPOSE":"Purpose of this project is to maintain a fifty (50) foot sand trap located on the downsteam side of a habitat project which has 12 prefabricated bank covers. Annual dredging of this sand trap is required to clean out trap and maintain trap's ability to collect large granule sands. This sand trap reduces the amount of sand moving downstream and covering desirable habitat for the cold water resource.","TARGETSPECIES":"brook trout","TECHNIQUESSTRUCTURES":"Material removal"}},{"type":"Feature","geometry":{"type":"LineString","coordinates":[[-89.1943,45.2165],[-89.1948,45.2159]]},"properties":{"WATERBODYNAMECOMBINED":"East Branch of the Eau Claire","SITENAMECOMBINED":"East Branch of the Eau Claire River Skyhook Boomcover Maintenance 2014","FISCALYEAR":2015,"PROJECTPURPOSE":"Maintain degraded skyhook boomcovers in current condition and re-add eroded soil on top of device.","TARGETSPECIES":"brook trout","TECHNIQUESSTRUCTURES":"Bank stabilization fabric"}},{"type":"Feature","geometry":{"type":"LineString","coordinates":[[-89.1943,45.2165],[-89.1948,45.2159]]},"properties":{"WATERBODYNAMECOMBINED":"East Branch of the Eau Claire","SITENAMECOMBINED":"East Branch of the Eau Claire River Skyhook Boomcover Maintenance 2014","FISCALYEAR":2015,"PROJECTPURPOSE":"Maintain degraded skyhook boomcovers in current condition and re-add eroded soil on top of device.","TARGETSPECIES":"brook trout","TECHNIQUESSTRUCTURES":"Overhead bank cover"}},{"type":"Feature","geometry":{"type":"LineString","coordinates":[[-91.2624,46.7877],[-91.2639,46.7872],[-91.2643,46.7886],[-91.2655,46.7887]]},"properties":{"WATERBODYNAMECOMBINED":"East Fork Cranberry River","SITENAMECOMBINED":"East Fork Cranberry River","FISCALYEAR":2015,"PROJECTPURPOSE":"Inspect and remove/breach, if necessary, large log jam relative to fish passage and sediment transport.","TARGETSPECIES":"brown trout, rainbow trout, coho salmon, brook trout","TECHNIQUESSTRUCTURES":"Migration barriers"}},{"type":"Feature","geometry":{"type":"LineString","coordinates":[[-91.2386,46.7735],[-91.2394,46.7762],[-91.2402,46.7762],[-91.2399,46.7772],[-91.2405,46.7778],[-91.2395,46.7777],[-91.2394,46.7782],[-91.2399,46.7793],[-91.2406,46.7797],[-91.2412,46.7817]]},"properties":{"WATERBODYNAMECOMBINED":"East Fork Cranberry River","SITENAMECOMBINED":"East Fork Cranberry River","FISCALYEAR":2015,"PROJECTPURPOSE":"Inspect channel substrate and cover and riparian zone vegetation to promote naturally reproducing river resident and Lake Superior Salmonids such as Brook Trout, Rainbow Trout (Steelhead), Brown Trout, and Coho Salmon; Remove potential fish migration barriers, if necessary.","TARGETSPECIES":"brown trout, rainbow trout, coho salmon, brook trout","TECHNIQUESSTRUCTURES":"Migration barriers"}},{"type":"Feature","geometry":{"type":"LineString","coordinates":[[-89.2345,44.3013],[-89.2324,44.3013],[-89.2314,44.3005]]},"properties":{"WATERBODYNAMECOMBINED":"Emmons Creek","SITENAMECOMBINED":"Emmons Creek - Christmas Tree Bundling","FISCALYEAR":2015,"PROJECTPURPOSE":"To rebuild previously installed Christmas Tree bundles. During the summers of 2006 and 2007, 52 Christmas Tree bundles using 4,500 trees were installed to narrow the stream width increasing stream flows and depths. Many of the bundles did not contain enough trees to work effectively. Additional trees are being brought in to build the bundles up to collect sediment effectively.","TARGETSPECIES":"brown trout","TECHNIQUESSTRUCTURES":"Brush bundle/matresses"}},{"type":"Feature","geometry":{"type":"LineString","coordinates":[[-89.4251,43.4116],[-89.4261,43.4122],[-89.4275,43.4121]]},"properties":{"WATERBODYNAMECOMBINED":"Hinkson Creek","SITENAMECOMBINED":"Hinkson Creek upstream of McMillan Rd.","FISCALYEAR":2015,"PROJECTPURPOSE":"The purpose was to remove trees and brush from approximately 1,000 feet of stream bank along Hinkson Creek on WDNR property (Hinkson Creek Fishery Area).  The WDNR only owns single bank frontage on the subject segment.  Tree and brush removal increased sunlight penetration to the stream which will increase primary productivity (photosynthesis).  This will lead to more food available for invertebrates which are consumed by trout.  The tree and brush removal will make it easier for WDNR to execute further habitat work in the future, specifically the installation of brush bundles to act as current management devices.  Removal of the trees and brush will also make it easier for anglers to access the stream for fishing.  Finally, grassy streambank vegetation should begin to recolonize the stream corridor in the project area, stabilizing bank sediments.","TARGETSPECIES":"brook trout","TECHNIQUESSTRUCTURES":"Brush Removal"}},{"type":"Feature","geometry":{"type":"MultiLineString","coordinates":[[[-91.7034,46.4054],[-91.7037,46.4067],[-91.7045,46.4069],[-91.7052,46.4083],[-91.7047,46.4087],[-91.7048,46.4104],[-91.7091,46.4144],[-91.7091,46.4155],[-91.7098,46.417]],[[-91.7098,46.417],[-91.7111,46.4166],[-91.7106,46.4166],[-91.7098,46.417]]]},"properties":{"WATERBODYNAMECOMBINED":null,"SITENAMECOMBINED":"Jereseth Creek","FISCALYEAR":2015,"PROJECTPURPOSE":"This project continued previous work to expose spawning substrate and increase the production of naturally reproducing Lake Superior potadromous fish such as brown trout, steelhead, and coho salmon. The project included two primary tasks: (1)  reduce or eliminate instream wood material that caused sediment deposition and channel widening, and potentially impeded fish migration; and (2) reduce or eliminate streamside alder that could collapse into the channel and restrict sediment and wood transport.  The primary goal was to reduce sediment deposition on spawning substrates.","TARGETSPECIES":"brown trout, rainbow trout, coho salmon, brook trout","TECHNIQUESSTRUCTURES":"Material removal"}},{"type":"Feature","geometry":{"type":"LineString","coordinates":[[-88.2117,45.6577],[-88.2115,45.6571],[-88.2128,45.6566],[-88.213,45.6557]]},"properties":{"WATERBODYNAMECOMBINED":"KC Creek","SITENAMECOMBINED":"KC Creek","FISCALYEAR":2015,"PROJECTPURPOSE":"The purpose of this project is to improve trout habitat on a trout stream in northern Marinette County. Several bank covers and wing deflectors were installed in the 1970s. Their useful life is expiring and DNR crew will conduct significant improvements.","TARGETSPECIES":"brook trout","TECHNIQUESSTRUCTURES":"Bank shaping and planting"}},{"type":"Feature","geometry":{"type":"LineString","coordinates":[[-89.8469,42.8683],[-89.847,42.8682]]},"properties":{"WATERBODYNAMECOMBINED":null,"SITENAMECOMBINED":"Kittleson Valley","FISCALYEAR":2015,"PROJECTPURPOSE":"Continuation of ongoing trout habitat improvement and stream bank stabilization project from 2013/2014.  Installation of  additional adult fish holding habitat and bank stabilization along 825 feet of the Kittleson Valley Fishing easement.   Purpose was to stabilize eroding banks and increase amount of adult trout habitat.","TARGETSPECIES":"brown trout","TECHNIQUESSTRUCTURES":"Bank shaping and planting, Weir"}},{"type":"Feature","geometry":{"type":"LineString","coordinates":[[-91.8909,45.982],[-91.8921,45.9805],[-91.8943,45.9795]]},"properties":{"WATERBODYNAMECOMBINED":"McKenzie Creek","SITENAMECOMBINED":"McKenzie Creek","FISCALYEAR":2015,"PROJECTPURPOSE":"This section of stream was brushed to improve sediment transport, angler access, and fishability.  ","TARGETSPECIES":"brook trout and brown trout","TECHNIQUESSTRUCTURES":"Brush Removal"}},{"type":"Feature","geometry":{"type":"LineString","coordinates":[[-89.1712,44.435],[-89.1704,44.4355],[-89.1692,44.4353],[-89.1683,44.436],[-89.1667,44.4355]]},"properties":{"WATERBODYNAMECOMBINED":"Peterson Creek","SITENAMECOMBINED":"Peteson Creek - Jensen Rd","FISCALYEAR":2015,"PROJECTPURPOSE":"Peterson Creek is located between Waupaca, to the south, and Scandinavia, to the north. This spring fed stream is an important cold water tributary to the South Branch of the Little Wolf River and offers trout anglers an excellent opportunity to catch some very impressive brown trout in a small river setting. Trout population monitoring surveys are conducted annually through the project site. Each year surveyors observe multiple large brown trout residing within the same handful of deep, cut bank pools. The goals of the project were to increase the holding potential of large adult brown trout throughout the stretch, improve the complexity of the available habitats, and improve the anglers ability to catch these trophies. These goals were accomplished by the installation of conventional overhead bank covers and submerged wood structures. Overgrown stream side brush was cut to improve fishability and was reused to build brush bundles, which provide refuge cover for bait fish.","TARGETSPECIES":"brown trout","TECHNIQUESSTRUCTURES":"Log/brush/rock shelters, Overhead bank cover"}},{"type":"Feature","geometry":{"type":"LineString","coordinates":[[-89.1692,44.2889],[-89.1688,44.2895],[-89.1672,44.2889],[-89.1665,44.2897],[-89.1655,44.2894],[-89.1644,44.2903],[-89.163,44.29]]},"properties":{"WATERBODYNAMECOMBINED":"Radley Creek","SITENAMECOMBINED":"Radley Creek - Dayton Rd","FISCALYEAR":2015,"PROJECTPURPOSE":"This section of the Radley Creek flows parallel to Hwy 22 between Waupaca, to the north, and Wautoma, to the south, and through a large parcel of the Radley Creek State Fishery Area containing three large DNR parking areas. Damaging storms over the past decade have knocked excessive numbers of large trees into the stream corridor. These fallen trees have made angling next to impossible, have caused the deterioration of main channel definition, and have eroded fine sediments from the streambanks. The influx of sediment into the river has filled in natural pools and has reduced the quality and quantity of overhead and refuge cover.\r\nThe goals of the project are as follows: \r\n-Enhance fishability by reorienting storm damaged trees and by removing over grown, exotic woody vegetation from the streambanks.\r\n-Improve the natural ability of the river to transport fine sediments, deposit these sediments outside of the main channel, and to scour pools. This will be accomplished by reorienting fallen trees and by using the cut woody vegetation for the installation of brush bundles.\r\n-Enhance juvenile trout habitats, specifically refuge cover, by using the cut limbs and woody vegetation for the installation of brush bundles along the main channel.\r\n-Enhance adult trout habitats, specifically overhead and cover habitats, by optimizing the natural recruitment of coarse wood through the reorientation of storm damaged trees.","TARGETSPECIES":"brown trout","TECHNIQUESSTRUCTURES":"Brush bundle/matresses, Brush Removal, Log/brush/rock shelters"}},{"type":"Feature","geometry":{"type":"LineString","coordinates":[[-89.3922,43.3869],[-89.3929,43.3864],[-89.3936,43.3863],[-89.3942,43.3869],[-89.3949,43.3864]]},"properties":{"WATERBODYNAMECOMBINED":"Rowan Creek","SITENAMECOMBINED":"Rowan Creek - State Highway 51","FISCALYEAR":2015,"PROJECTPURPOSE":"The purpose of this project was to:\r\n\r\n1.) Remove woody vegetation from approximately 1,250 feet of the Rowan Creek corridor, leaving hardwoods and selected evergreens standing wherever possible.  This was done to increase sunlight penetration to the stream (increase primary productivity and invertebrate community) and banks (re-establish grassy vegetation), as well as to improve fishability for anglers.  Leaving strategic hardwoods in place will ensure a seed bank for future re-generation of desirable hardwoods, primarily for oak species, secondarily for black walnut.\r\n\r\n2.) Establish grassy vegetation on the stream banks to stabilize bank sediments, thereby decreasing sediment inputs to the stream during runoff events.\r\n\r\n3.) Stabilize the toe of the bank with large rock to prevent erosion of the bank by the stream.\r\n\r\n4.) Increase the amount of overhead cover for trout in order to increase the number of larger trout inhabiting this segment of Rowan Creek.  This was to be accomplished two ways: increase depth of existing pools by using current management devices to direct flow and increase scour and thus pool depth, and by adding rock or wood structure to the stream as hiding cover.","TARGETSPECIES":"brown trout","TECHNIQUESSTRUCTURES":"Brush Removal, Erosion control hydro seed mulch, Log/brush/rock shelters, LUNKERS ,Rip Rap, Stream crossing, Weir"}},{"type":"Feature","geometry":{"type":"LineString","coordinates":[[-91.0871,43.3979],[-91.0865,43.3979],[-91.0867,43.3972]]},"properties":{"WATERBODYNAMECOMBINED":"Rush Creek","SITENAMECOMBINED":"Rush Creek - Raymer Easement","FISCALYEAR":2015,"PROJECTPURPOSE":"The purpose of this project is to repair a machinery crossing by removing sediment deposition, create in-stream cover for trout and stabilize an eroding stream bank that was threatening to damage the landowners access road.","TARGETSPECIES":"brown trout","TECHNIQUESSTRUCTURES":"Bank sloping, Material removal, Rip Rap, Stream crossing, Weir"}},{"type":"Feature","geometry":{"type":"LineString","coordinates":[[-88.0962,45.1676],[-88.0945,45.1672]]},"properties":{"WATERBODYNAMECOMBINED":"Walker Creek","SITENAMECOMBINED":"Walker Creek Project","FISCALYEAR":2015,"PROJECTPURPOSE":"This project is aimed at reducing the amount of sand bedload in Walker Creek. This reduction in sand sediment will benefit reproduction of trout, increase living conditions for favorable invertebrates and improve conditions by allowing deeper pools and exposing old woody debris.","TARGETSPECIES":"brook trout and brown trout","TECHNIQUESSTRUCTURES":"Material removal"}},{"type":"Feature","geometry":{"type":"LineString","coordinates":[[-89.1851,44.3747],[-89.1845,44.3751],[-89.1845,44.3763],[-89.1837,44.3767],[-89.1836,44.3782],[-89.1841,44.3787],[-89.1838,44.3796],[-89.1815,44.3807],[-89.1786,44.3806]]},"properties":{"WATERBODYNAMECOMBINED":"Waupaca River","SITENAMECOMBINED":"Waupaca River - Hwy Q","FISCALYEAR":2015,"PROJECTPURPOSE":"The project site is located just west of the city of Waupaca between Highway 10 and Highway 54. This section of river is popular with kayakers and canoeists because of the newly installed (2011) DNR canoe landing located at the upstream boundary of the project. Fisheries personnel completed a trout habitat enhancement project here in the mid 1990's, installing islands and boulder clusters to improve depth/holding cover and to provide anglers and paddlers with a beautiful and unique Central Wisconsin river experience. Previous to the habitat improvement project, the river was wide and shallow.  Now that the river has established good depth and aesthetics, fish holding/refuge can be improved. The goals of the project are to add overhead cover structures and increase habitat complexity with the addition of submerged tree structures while maintaining and improving the kayak, canoeing and angling opportunities.","TARGETSPECIES":"brown trout","TECHNIQUESSTRUCTURES":"Boulder Clusters, Brush Removal, Log/brush/rock shelters, Overhead bank cover, Wing Deflector"}},{"type":"Feature","geometry":{"type":"LineString","coordinates":[[-89.3332,44.0586],[-89.3331,44.0577],[-89.3318,44.0576],[-89.3324,44.0567],[-89.3318,44.0566],[-89.3309,44.0572],[-89.3309,44.0566],[-89.3294,44.056],[-89.3284,44.055],[-89.3276,44.0551],[-89.3269,44.0543]]},"properties":{"WATERBODYNAMECOMBINED":"West Branch White River","SITENAMECOMBINED":"West Branch White River - Hwy Y","FISCALYEAR":2015,"PROJECTPURPOSE":"Initial land acquisition efforts by the DNR on the White River and its cold water tributaries began back in 1948 with the purchase of a 200 acre farm along the banks of the Main Branch of the White River. Today, the DNR now manages over 2,000 acres of land throughout the system. Some of the earliest instream trout habitat improvement structures in Wisconsin can be found throughout this system, dating back to the days of the WPA and CCC work camps of the 1930's. Remnant structures can still be found on the West Branch of the White River and are believed to be a contributing factor to why this river supports one of the few naturally reproducing populations of rainbow trout in the state. The project site is located on a newly purchased (2012) DNR property just downstream of some of these structures on Highway Y, a mile south of Highway 21 west of Wautoma.  An excessive amount of storm damaged trees lay in the stream corridor through this wild section of river. These fallen trees are dissipating the flow of the main channel which is resulting in streambank erosion. Trout habitats, such as overhead cover and deep pools, are filling in with eroding sediments and the stream is becoming wider and shallower. Wading and angling is impossible through the worst of the storm damaged areas. While this wild parcel of property has been relatively unaltered by land use practices, it is riddled with exotic vegetation such as Common Buckthorn (Rhamnus cathartica) and European Barberry (Berberis vulgaris). The goals of the project are as follows:  -Reorient storm damaged trees to improve wading and angling, and to optimize the natural recruitment of coarse wood into the stream for overhead, refuge, and holding trout habitats. -Stabilize eroding streambanks by installing conventional overhead bank covers and wind deflecting structures. -Increase amount of trout spawning substrate through installation of current deflecting structures. -Remove exotic vegetation to promote a diverse community of native vegetation.","TARGETSPECIES":"Rainbow trout","TECHNIQUESSTRUCTURES":"Brush Removal"}},{"type":"Feature","geometry":{"type":"LineString","coordinates":[[-89.3566,43.9499],[-89.3529,43.9498],[-89.3516,43.9489],[-89.3513,43.9493],[-89.3517,43.95],[-89.3512,43.9507],[-89.3494,43.9504],[-89.349,43.9513],[-89.3489,43.9507],[-89.3483,43.9511],[-89.3473,43.9508]]},"properties":{"WATERBODYNAMECOMBINED":"Chaffee Creek","SITENAMECOMBINED":"Chaffee Creek - 14th Ave","FISCALYEAR":2016,"PROJECTPURPOSE":"The goal for the final year of this project (started 2014) was to provide opportunity for sport fishing of the highest quality by installing cover habitat for adult trout, pro-actively stabilizing high risk streambanks, and provide good access for all anglers.\r\nThis project is located between Wautoma and Montello just one and a half miles west of the old DNR Discovery Center (intersection of Hwy 22 and Dixie Ave). Large adult brown trout that overwinter in the lower Mecan River seek thermal refuge in the Chaffee Creek during the summer months and migrate through this area to spawn in the fall. Public hunting and fishing lands are abundant in this area. A DNR parking area is located at the downstream end of the project section located off of 14th Ave. Trout population monitoring surveys have seen a decline in the numbers of adult fish over the past decade through this section. Overhead cover and pool habitats have been lost due to excessive amounts of sand eroding from unstable streambanks, where Reed Canary Grass dominates.","TARGETSPECIES":"brook trout and brown trout","TECHNIQUESSTRUCTURES":"Angler/hunter paths, Bank stabilization fabric, Brush bundle/matresses, Brush Removal, Exotic vegetation removal, Log sills, Native seed planting, Native tree/shrub planting, Overhead bank cover, Streambank re-establishment"}},{"type":"Feature","geometry":{"type":"LineString","coordinates":[[-91.8226,44.6611],[-91.8254,44.6651],[-91.826,44.6669],[-91.8256,44.6679],[-91.8263,44.6686]]},"properties":{"WATERBODYNAMECOMBINED":"Fall Creek","SITENAMECOMBINED":"Fall Creek Stream Restoration-Brion and Weiss Property","FISCALYEAR":2016,"PROJECTPURPOSE":"The main purpose of this project is to increase brook trout spawning, nusery and adult overwintering habitat.  This was accomplished by narrowing the stream which resulted in moving sediment downstream, installing rock weirs to create pool habitat and addition of cross channel logs for nursery and adult habitat. Integrated bank treatment was used on highly erodible streambanks to prevent additional erosion from occurring.","TARGETSPECIES":"brook trout","TECHNIQUESSTRUCTURES":"Bank shaping and planting, Plunge pools, Trees/rootwads, Wing Deflector"}},{"type":"Feature","geometry":{"type":"LineString","coordinates":[[-92.5582,44.9013],[-92.5597,44.9012],[-92.5588,44.9017],[-92.5592,44.9022]]},"properties":{"WATERBODYNAMECOMBINED":"Kinnickinnic River","SITENAMECOMBINED":"Kinnickinnic River-Red Cabin Site","FISCALYEAR":2016,"PROJECTPURPOSE":"This highly popular stretch of river was underutilized due to excessive box elder growth and invasive species along the stream corridor which created poor access and angling opportunities.   Habitat conditions were also poor with limited overhead cover, pool depth and active bank erosion was common throughout this project area.  The main purpose of the project was improve angler access as well as remove boxelder and invasive species from the stream corridor, stabilize and re-sloping eroding streambanks using integrated bank treatment measures and adding over head cover for adult trout","TARGETSPECIES":"brown trout","TECHNIQUESSTRUCTURES":"Bank shaping and planting, Boulder retard, Log, Rootwad and Boulder revetments, LUNKERS, Plunge pools"}},{"type":"Feature","geometry":{"type":"LineString","coordinates":[[-89.8572,42.8645],[-89.8575,42.8633]]},"properties":{"WATERBODYNAMECOMBINED":"Kittleson Valley Creek","SITENAMECOMBINED":"Kittleson Valley Creek at River Forks Road","FISCALYEAR":2016,"PROJECTPURPOSE":"Stabilize eroding banks","TARGETSPECIES":"brown trout","TECHNIQUESSTRUCTURES":"Log, Rootwad and Boulder revetments"}},{"type":"Feature","geometry":{"type":"LineString","coordinates":[[-91.2406,46.7391],[-91.2398,46.7394],[-91.2407,46.7416],[-91.2407,46.7434],[-91.2399,46.7444],[-91.2406,46.7449]]},"properties":{"WATERBODYNAMECOMBINED":"Lenawee Creek","SITENAMECOMBINED":"Lenawee Cr","FISCALYEAR":2016,"PROJECTPURPOSE":"Evaluate in-channel, riparian, and upland habitat for trout classification and inventory for potential land sale","TARGETSPECIES":"brown trout, rainbow trout, coho salmon, brook trout","TECHNIQUESSTRUCTURES":null}},{"type":"Feature","geometry":{"type":"LineString","coordinates":[[-89.7377,44.0034],[-89.7382,44.0038],[-89.7404,44.0025],[-89.7426,44.0027],[-89.7438,44.0019],[-89.7449,44.0021],[-89.7449,44.0018],[-89.7458,44.0017],[-89.7478,43.9999],[-89.7473,43.9991],[-89.7489,43.9979],[-89.749,43.9972],[-89.7518,43.9968]]},"properties":{"WATERBODYNAMECOMBINED":"Little Roche-A-Cri Creek","SITENAMECOMBINED":"Little Roche-A-Cri Creek-8th Ave.","FISCALYEAR":2016,"PROJECTPURPOSE":"Maintenance brushing to remove tag adler and other pioneer tree species.  Leave larger desirable super canopy trees.","TARGETSPECIES":"brook trout and brown trout","TECHNIQUESSTRUCTURES":"Brush Removal"}},{"type":"Feature","geometry":{"type":"LineString","coordinates":[[-89.3727,43.3781],[-89.3738,43.3778]]},"properties":{"WATERBODYNAMECOMBINED":"Rowan Creek","SITENAMECOMBINED":"Rowan Creek - Loveland Rd.","FISCALYEAR":2016,"PROJECTPURPOSE":"Rowan Creek is a popular destination for trout anglers in Columbia County, the greater Madison area, and beyond.  Rowan Creek Fishery Area provides the best combination of good public trout fishing and stream accessibility/fishability in Columbia County.  The portion of Rowan Creek where the work will take place is Class I brown trout water.  Habitat improvement work was completed on a segment of stream immediately downstream from the prospective project in the late 1970s.  The improvements made at that time have held up well over the years and are still benefiting the fishery today.  This project will extend the area of improved trout habitat and link it to an easy public access point.  Tree growth in this segment of Rowan Creek has led to a loss of grassy cover in the stream corridor.  This has contributed to bank erosion and widening of the stream, as well an increase in the amount of sediment entering the stream.  Growth of trees along the stream corridor also reduces productivity in the stream by reducing the amount of sunlight reaching the water.  Trout populations eventually decline as a result of the loss of overhead cover as the stream widens and loses depth, as well as from the reduced productivity from decreased light penetration.  Stream productivity and stability of the stream bank would be enhanced by tree and brush removal and re-establishment of grassy cover on the banks.  Grassy vegetation will do a better job of holding the soil together as well as filtering runoff and reducing sediment loading into the stream.  Tree removal will also increase light penetration to the stream which will increase primary productivity.  Armoring the toe of the streambank with rock riprap will help ensure that future bank erosion does not occur.  This ensures the stream will not lose depth through erosion and progressive widening, and it will also reduce sediment loading into the stream.  Installation of current management devices and LUNKER structures will improve the amount of overhead cover for trout by increasing areas of scour and providing artificial hiding places (LUNKERS) for trout.","TARGETSPECIES":"brown trout","TECHNIQUESSTRUCTURES":"Brush Removal"}},{"type":"Feature","geometry":{"type":"LineString","coordinates":[[-91.2622,44.1657],[-91.2633,44.166],[-91.2644,44.1657]]},"properties":{"WATERBODYNAMECOMBINED":"South Fork of Beaver Creek","SITENAMECOMBINED":"South Fork of Beaver Creek-Village of Ettrick","FISCALYEAR":2016,"PROJECTPURPOSE":"Remove undesirable tree species (box/tag elder) and stabilized/reslope existing stream banks to provide better access of stream to floodplain.  Add in stream cover and pool depth via cross channel logs, root wads, rock weirs and midstream boulders.  Improve angler access and promote fishing opportunities in an urban setting.","TARGETSPECIES":"brook trout","TECHNIQUESSTRUCTURES":"Grade control measures, Grade control measures, Log, Rootwad and Boulder revetments, Wing Deflector"}},{"type":"Feature","geometry":{"type":"LineString","coordinates":[[-90.9857,43.3803],[-90.9865,43.3799],[-90.9886,43.3803]]},"properties":{"WATERBODYNAMECOMBINED":"South Fork Sugar Creek","SITENAMECOMBINED":"South Fork Sugar Creek - Hoseman Easement","FISCALYEAR":2016,"PROJECTPURPOSE":"In cooperation with the Prairie Rod and Gun Club, funds from the Crawford County Conservation Aide Grant were used to stabilize stream banks and create cover for trout.","TARGETSPECIES":"brown trout","TECHNIQUESSTRUCTURES":"Bank shaping and planting, Bank sloping, Boulder retard, Brush Removal, Channel shaping, Plunge pools, Rip Rap, Trees/rootwads, Weir"}},{"type":"Feature","geometry":{"type":"LineString","coordinates":[[-90.9247,43.6818],[-90.9273,43.6823],[-90.9295,43.6816],[-90.9301,43.682]]},"properties":{"WATERBODYNAMECOMBINED":"Spring Coulee Creek","SITENAMECOMBINED":"Spring Coulee Creek - Barb McKittrick Easement - TUDARE Addendum 8","FISCALYEAR":2016,"PROJECTPURPOSE":"The purpose of this project is to stabilize the stream banks, create cover for trout and open up the floodway by removing trees along the stream corridor.  This is the report for the first phase of this project which included tree removal, landscaping and constructing two machinery crossings to allow for the stockpiling of riprap rock.  Once the ground was frozen, riprap rock was hauled and stockpiled at the project site .  The rock will be used next fiscal year for stream bank stabilization and creating in-stream cover for trout.","TARGETSPECIES":"brown trout","TECHNIQUESSTRUCTURES":"Brush Removal, Stream crossing"}},{"type":"Feature","geometry":{"type":"LineString","coordinates":[[-90.98,43.7097],[-90.9812,43.7103],[-90.982,43.7101],[-90.9849,43.7107]]},"properties":{"WATERBODYNAMECOMBINED":"Spring Coulee Creek","SITENAMECOMBINED":"Spring Coulee Creek - David Jacobson Easement-TUDARE Addendum 6","FISCALYEAR":2016,"PROJECTPURPOSE":"The purpose of this project is to stabilize the stream banks, create cover for trout and open up the floodway by removing trees along the stream corridor.","TARGETSPECIES":"brown trout","TECHNIQUESSTRUCTURES":"Bank shaping and planting, Bank sloping, Boulder retard, Brush Removal, LUNKERS, Plunge pools, Rip Rap, Stream crossing, Trees/rootwads, Weir"}},{"type":"Feature","geometry":{"type":"LineString","coordinates":[[-92.5318,44.7874],[-92.5319,44.7868],[-92.534,44.7867],[-92.5344,44.786]]},"properties":{"WATERBODYNAMECOMBINED":"Trimbelle Rver","SITENAMECOMBINED":"Trimbelle River-Trudeau Property","FISCALYEAR":2016,"PROJECTPURPOSE":"The main purpose of this project was to restore habitat for native brook trout.  This portion of stream had high amounts of groundwater input via springheads however the stream was wide and very shallow with a heavy sand bed load.  Box elder was common throughout the stream corridor which created additional bank eroision and sedimentation and created poor angling opporutnties and instream cover was scare.  Box elder was removed and the streambanks were resloped and stabilized using Integrated Bank Treatment Measures and to allow access to the floodplain.  In stream cover such as LUNKERS, Root Wads and Boulders was added to enhance habitat conditions for trout and plunge pools were installed to create needed pool habitat for adult fish.","TARGETSPECIES":"brook trout","TECHNIQUESSTRUCTURES":"Bank shaping and planting, Bank sloping, LUNKERS, Plunge pools"}},{"type":"Feature","geometry":{"type":"LineString","coordinates":[[-91.2963,46.7544],[-91.2974,46.7554],[-91.2982,46.757],[-91.3007,46.7576],[-91.3019,46.759]]},"properties":{"WATERBODYNAMECOMBINED":"South Three Forks Tributary","SITENAMECOMBINED":"Unnamed Trib to Unnamed Trib to East Fork Flag R","FISCALYEAR":2014,"PROJECTPURPOSE":" - Maintain and inspect channel substrate and cover and riparian zone vegetation to promote naturally reproducing river resident and Lake Superior Salmonids such as Brook Trout, Rainbow Trout (Steelhead), Brown Trout, and Coho Salmon. \r\n\r\n- Remove potential fish migration barriers.\r\n\r\n- Conduct fish survey as background data for future habitat project(s).ial","TARGETSPECIES":"brown trout, rainbow trout, coho salmon, brook trout","TECHNIQUESSTRUCTURES":"Migration barriers"}},{"type":"Feature","geometry":{"type":"LineString","coordinates":[[-91.8398,45.2809],[-91.8377,45.282],[-91.8367,45.2818],[-91.8361,45.2805],[-91.8368,45.2795],[-91.8364,45.2793],[-91.8365,45.2783],[-91.8371,45.2778]]},"properties":{"WATERBODYNAMECOMBINED":"Upper Pine Creek","SITENAMECOMBINED":"Upper Pine Creek streambank brushing","FISCALYEAR":2016,"PROJECTPURPOSE":"Clear tag alder from streambanks to improve angler access and fishability.","TARGETSPECIES":"brook trout","TECHNIQUESSTRUCTURES":"Brush Removal"}},{"type":"Feature","geometry":{"type":"LineString","coordinates":[[-90.6672,43.6461],[-90.666,43.6448]]},"properties":{"WATERBODYNAMECOMBINED":"Weister Creek","SITENAMECOMBINED":"Weister Creek - Kickapoo Valley Reserve - Phase 2","FISCALYEAR":2016,"PROJECTPURPOSE":"The purpose of this project is to stabilize eroding stream banks, create in-stream cover for trout and open up the floodway.  Maintenance work needed to be performed after major flooding had damaged the stream work that was done in the 1990's.","TARGETSPECIES":"brown trout","TECHNIQUESSTRUCTURES":"Bank sloping, Boulder retard, Channel shaping, Grade control measures, Log, Rootwad and Boulder revetments, LUNKERS, Material removal, Plunge pools, Rip Rap, Stream crossing, Trees/rootwads, Weir"}},{"type":"Feature","geometry":{"type":"LineString","coordinates":[[-89.3332,44.0586],[-89.3331,44.0577],[-89.3318,44.0576],[-89.3324,44.0567],[-89.3318,44.0566],[-89.3309,44.0572],[-89.3309,44.0566],[-89.3294,44.056],[-89.3284,44.055],[-89.3276,44.0551],[-89.3269,44.0543]]},"properties":{"WATERBODYNAMECOMBINED":"West Branch White River","SITENAMECOMBINED":"West Branch White River - Hwy Y","FISCALYEAR":2016,"PROJECTPURPOSE":"Initial land acquisition efforts by the DNR on the White River and its cold water tributaries began back in 1948 with the purchase of a 200 acre farm along the banks of the Main Branch of the White River. Today, the DNR now manages over 2,000 acres of land throughout the system. Some of the earliest instream trout habitat improvement structures in Wisconsin can be found throughout this system, dating back to the days of the WPA and CCC work camps of the 1930's. Remnant structures can still be found on the West Branch of the White River and are believed to be a contributing factor to why this river supports one of the few naturally reproducing populations of rainbow trout in the state. The project site is located on a newly purchased (2012) DNR property just downstream of some of these structures on Highway Y, a mile south of Highway 21 west of Wautoma.  An excessive amount of storm damaged trees lay in the stream corridor through this wild section of river. These fallen trees are dissipating the flow of the main channel which is resulting in streambank erosion. Trout habitat, such as overhead cover and deep pools, are filling in with eroding sediments and the stream is becoming wider and shallower. Wading and angling is impossible through the worst of the storm damaged areas. While this wild parcel of property has been relatively unaltered by land use practices, it is riddled with exotic vegetation such as Common Buckthorn (Rhamnus cathartica) and European Barberry (Berberis vulgaris). The goals of the project are as follows:  -Reorient storm damaged trees to improve wading and angling, and to optimize the natural recruitment of coarse wood into the stream for overhead, refuge, and holding trout habitats. -Stabilize eroding streambanks by installing conventional overhead bank covers and wind deflecting structures. -Increase amount of trout spawning substrate through installation of current deflecting structures. -Remove exotic vegetation to promote a diverse community of native vegetation.","TARGETSPECIES":"Rainbow trout","TECHNIQUESSTRUCTURES":"Angler/hunter paths, Brush Removal, Exotic vegetation removal, Log sills, Streambank re-establishment"}},{"type":"Feature","geometry":{"type":"LineString","coordinates":[[-91.2961,46.4547],[-91.2933,46.4545],[-91.2895,46.453],[-91.2896,46.4523],[-91.2883,46.4515],[-91.2884,46.4506],[-91.2863,46.4487],[-91.2818,46.4499],[-91.2771,46.4535]]},"properties":{"WATERBODYNAMECOMBINED":"South Fork of the White River","SITENAMECOMBINED":"White River Fisheries Area_ Bayfield County_ Wisconsin.    T46N - R7W - SEC 19 & 20","FISCALYEAR":2013,"PROJECTPURPOSE":"The South Fork of the White River is cold headwater tributary to the White River and premier trout stream to both Bayfield County and the State of Wisconsin.  The South Fork supports viable sport fisheries for both brown and brook trout and is also known to support spawning migrations of brown trout from the White River\u2019s mainstem.  The entire stream thread lies within the White River Fishery Area, which was established in 1961 to insure public access to this unique resource and to protect this sensitive watershed from logging and development pressures.  Prior to acquisition by the state, much of the South Fork\u2019s 2.3 miles of stream thread was impounded by a series of artificial lakes maintained by previous proprietors for trout propagation and private fishing.  Through WDNR efforts ranging from dam removal, dredging, and intensive channel work much of the stream has been restored.\r\n     Although past restorations efforts included stream brushing much of the streams riparian corridor is densely vegetated and dominated by the exotic shrubs common buckthorn (Rhamus cathartica) and glossy buckthorn (Rhamnus frangula).  The invasive shrubs dominate the riparian forest community resulting in allelopathic elimination of native forest species.  Buckthorn dominance in the riparian flora is reducing vegetative diversity and is inhibiting regeneration of large woody species native to lowland forests and beneficial to stream ecosystems.  The dense buckthorn canopy is also resulting in an overly shaded stream environment, thereby reducing stream productivity.  In addition, densely shaded stream threads lack aquatic vegetation which provides important cover for juvenile trout and non-game fish species.","TARGETSPECIES":"brown trout","TECHNIQUESSTRUCTURES":"riparian forest buffers, brush removal"}},{"type":"Feature","geometry":{"type":"LineString","coordinates":[[-92.0834,45.7125],[-92.0846,45.7127]]},"properties":{"WATERBODYNAMECOMBINED":"North Fork Clam River","SITENAMECOMBINED":"North Fork Clam River just downstream of bridge crossing on Heart Lake Road.","FISCALYEAR":2013,"PROJECTPURPOSE":"The purpose of this project was to replace failing covers that were installed in the early 80's, and to dig a plunge pool deeper.","TARGETSPECIES":"brook trout and brown trout","TECHNIQUESSTRUCTURES":"LUNKERs, plunge pool"}},{"type":"Feature","geometry":{"type":"MultiLineString","coordinates":[[[-91.8909,45.982],[-91.8934,45.9796],[-91.8976,45.9785],[-91.9,45.9774],[-91.9006,45.9776],[-91.9023,45.9768],[-91.903,45.9757],[-91.9046,45.9759],[-91.9058,45.9753],[-91.9075,45.9764]],[[-91.8868,45.9835],[-91.8874,45.9829],[-91.8908,45.982]]]},"properties":{"WATERBODYNAMECOMBINED":"Mckenzie creek","SITENAMECOMBINED":"Mckenzie creek beaver dam removal and brushing","FISCALYEAR":2016,"PROJECTPURPOSE":"This project was intended to re-establish the stream to pre beaver conditions and remove brush for angler access.  APHIS and DNR staff removed 12 beaver dams along stream corridor.  Brushing occurred from Cty Rd. F to Namekagon River.  \n ","TARGETSPECIES":"brook trout","TECHNIQUESSTRUCTURES":"Brush Removal"}},{"type":"Feature","geometry":{"type":"LineString","coordinates":[[-91.2717,44.1662],[-91.2706,44.1673],[-91.2705,44.1684],[-91.2706,44.1673],[-91.2717,44.1662]]},"properties":{"WATERBODYNAMECOMBINED":"North Fork of Beaver Creek","SITENAMECOMBINED":"North Fork of Beaver Creek-Village of Ettrick","FISCALYEAR":2016,"PROJECTPURPOSE":"Remove undesirable tree species (box/tag elder) and stabilized/reslope existing stream banks to provide better access of stream to floodplain.  Add in stream cover and pool depth via cross channel logs, root wads, rock weirs and midstream boulders.  Improve angler access and promote fishing opportunities in an urban setting.","TARGETSPECIES":"brook trout","TECHNIQUESSTRUCTURES":"Bank shaping and planting, Grade control measures, Log, Rootwad and Boulder revetments, Plunge pools, Wing Deflector"}},{"type":"Feature","geometry":{"type":"LineString","coordinates":[[-92.0647,45.713],[-92.0645,45.7123],[-92.0654,45.7111],[-92.0671,45.7109],[-92.0665,45.7104],[-92.0667,45.7101],[-92.0694,45.7108],[-92.0721,45.7087],[-92.0739,45.7092],[-92.0747,45.7087],[-92.0763,45.7089],[-92.0768,45.7081],[-92.0789,45.7097],[-92.0812,45.7101],[-92.0825,45.7098],[-92.0831,45.7104],[-92.0833,45.7112],[-92.0826,45.7113],[-92.0835,45.7128],[-92.0848,45.7128],[-92.0854,45.715],[-92.0867,45.716],[-92.0885,45.7161],[-92.0893,45.7167],[-92.0909,45.7164],[-92.0932,45.7169]]},"properties":{"WATERBODYNAMECOMBINED":"North Fork of the Clam River","SITENAMECOMBINED":"North Fork of the Clam River large woody debris addition and brushing","FISCALYEAR":2016,"PROJECTPURPOSE":"These sections of stream needed maintenance brushing and the section between Heart Lake Rd and Cty Hwy H needed habitat diversity as it was mostly a wide shallow run.  Habitat work focused on brushing in this area to increase access, bank stability, and improve in-stream production. In addition, between Heart Lake Rd and Cty Hwy H, there were 7 large woody debris additions.  These were anchored in the bank with earth anchors, steel cables, and buried.    Access trails were added to increase anglers access to habitat work in this area as well.","TARGETSPECIES":"brook trout and brown trout","TECHNIQUESSTRUCTURES":"Brush Removal, Tree revetments"}},{"type":"Feature","geometry":{"type":"LineString","coordinates":[[-91.5948,46.6102],[-91.5913,46.6113],[-91.5889,46.6112],[-91.5871,46.6106],[-91.5848,46.6115],[-91.5835,46.6111]]},"properties":{"WATERBODYNAMECOMBINED":"Percival Creek","SITENAMECOMBINED":"Percival Creek","FISCALYEAR":2016,"PROJECTPURPOSE":" - Inspect channel substrate and cover and riparian zone vegetation to promote naturally reproducing Lake Superior and river resident Salmonids such as Rainbow Trout (Steelhead), Brown Trout, and Coho Salmon. \r\n\r\n- Evaluate road stream crossings for hydraulic connectivity and fish passage \r\n\r\n- Conduct fish survey as background data for future habitat project(s)","TARGETSPECIES":"brown trout, rainbow trout, coho salmon, brook trout","TECHNIQUESSTRUCTURES":null}},{"type":"Feature","geometry":{"type":"MultiLineString","coordinates":[[[-89.199,44.2059],[-89.1976,44.2052],[-89.1957,44.2052],[-89.1935,44.2045],[-89.1927,44.2049],[-89.1907,44.2045],[-89.1895,44.2049]],[[-89.1895,44.2049],[-89.189,44.2049]]]},"properties":{"WATERBODYNAMECOMBINED":"Pine River","SITENAMECOMBINED":"Pine River - Aniwa Rd","FISCALYEAR":2016,"PROJECTPURPOSE":"Increase cover habitat. Increase spawning habitat. Improve angler access. Improve angling opportunity.\r\n\r\nRestoring stream connectivity through this section of the Pine will promote a more defined stream channel, increase depth, restore trout spawning opportunity(cobble) and improve trout size structure and holding potential.  Downstream project boundary incorporates the Davies Creek.  This cold water tributary contains an abundance of brook trout.  Work completed will restore migrational movement of brook trout through out this section of the Pine/Davies rivers.  Transportation of excessive sediment above the Davies confluence and through this area will have a positive thermal impact. Habitat work will narrow and deepen this section.  Add the cold water of the Davies, Anglers should see an increase in brook(and brown) trout availability.","TARGETSPECIES":"brook trout and brown trout","TECHNIQUESSTRUCTURES":"Angler/hunter paths, Brush Removal, Exotic vegetation removal"}},{"type":"Feature","geometry":{"type":"LineString","coordinates":[[-89.461,45.3716],[-89.4607,45.3708],[-89.4593,45.3712],[-89.4579,45.3708],[-89.4574,45.3694],[-89.4581,45.368],[-89.4595,45.367],[-89.4615,45.3674],[-89.4631,45.3669],[-89.4638,45.3662],[-89.4629,45.3653]]},"properties":{"WATERBODYNAMECOMBINED":"Prairie River","SITENAMECOMBINED":"Prairie River Habitat Improvement Project - Above Gleason School Forest","FISCALYEAR":2016,"PROJECTPURPOSE":"This project area has already had habitat work done in the 1930\u2019s or 50\u2019s. Wing dams were installed to increase flows in certain sections.  These wing dams are failing in certain spots allowing the river to braid out decreasing flows. Our intention is to fix, and reinforce, these wing dams to keeps water flowing in the main channel of the river. We call this type of project \u201cDig and Pile\u201d, which means we are simply digging pools and runs and depositing the dug substrate into point bars, below the ordinary high water mark, in order to narrow the stream and increase flow. This will promote scouring of thalweg to increase spawning habitat, by maintaining a gravel and rubble substrate in spawning areas. Woody habitat and boulders will be added in the areas of stream that are deepened to increase overhead cover for trout. About 0.57 miles of river was completed in FY 2016.","TARGETSPECIES":"brook trout and brown trout","TECHNIQUESSTRUCTURES":"Boulder retard, Brush Removal, Channel shaping, Trees/rootwads"}},{"type":"Feature","geometry":{"type":"LineString","coordinates":[[-89.2198,44.2581],[-89.2197,44.2589],[-89.2186,44.2599],[-89.2193,44.2603],[-89.2174,44.2618],[-89.2143,44.262]]},"properties":{"WATERBODYNAMECOMBINED":"Radley Creek","SITENAMECOMBINED":"Radley Creek - West Rd","FISCALYEAR":2016,"PROJECTPURPOSE":"DNR staff was awarded a \"Drummer Project\" grant from the Ruffed Grouse Society to complete a aspen and tag alder regeneration project along the banks of this section of river. Fisheries habitat management goals coincide with the goals of the grant: remove overgrown woody vegetation along streambanks to improve access through this DNR fee property. Additional goals are to increase cover habitats by reorienting storm damaged trees, stabilize the integrity of eroded streambanks, and to provide anglers and hunters an excellent sporting opportunity throughout this public property.","TARGETSPECIES":"brook trout and brown trout","TECHNIQUESSTRUCTURES":"Angler/hunter paths, Brush Removal, Exotic vegetation removal"}},{"type":"Feature","geometry":{"type":"LineString","coordinates":[[-90.9745,43.6305],[-90.977,43.6301]]},"properties":{"WATERBODYNAMECOMBINED":"North Fork Bad Axe River","SITENAMECOMBINED":"Esofea Park - 875 feet below bridge","FISCALYEAR":2013,"PROJECTPURPOSE":"Perform stream maintenance on a section of stream damaged by major flooding.  This is a cooperative project with the Vernon County","TARGETSPECIES":"brown trout","TECHNIQUESSTRUCTURES":"boulder retard, plunge pools, weir, bank sloping, log/brush/rock shelters"}},{"type":"Feature","geometry":{"type":"LineString","coordinates":[[-91.0924,43.6555],[-91.0932,43.6537],[-91.0941,43.6534],[-91.0981,43.6538],[-91.0978,43.6544],[-91.0983,43.6548]]},"properties":{"WATERBODYNAMECOMBINED":"Coon Creek","SITENAMECOMBINED":"Five segments along hiking trail.","FISCALYEAR":2013,"PROJECTPURPOSE":"Stabilize the stream banks and create in-stream cover for trout.","TARGETSPECIES":"brown trout","TECHNIQUESSTRUCTURES":"bank sloping, boulder retard, log/brush/rock shelters, plunge pools, riprap, weir"}},{"type":"Feature","geometry":{"type":"LineString","coordinates":[[-91.0879,43.6587],[-91.0889,43.6592],[-91.089,43.6585]]},"properties":{"WATERBODYNAMECOMBINED":"Coon Creek","SITENAMECOMBINED":"Upstream from CTH KK bridge 230 feet.","FISCALYEAR":2013,"PROJECTPURPOSE":"The purpose of this project is to stabilize the stream banks.  This will prevent the stream channel from washing through an oxbow and losing a 600 foot stretch of stream.  In addition to stabilizing the stream banks, in-stream cover for trout will be created.","TARGETSPECIES":"brown trout","TECHNIQUESSTRUCTURES":"bank sloping, boulder retard, log/brush/rock shelters, plunge pools, riprap, weir"}},{"type":"Feature","geometry":{"type":"LineString","coordinates":[[-91.2961,46.4547],[-91.2933,46.4545],[-91.2895,46.453],[-91.2896,46.4523],[-91.2883,46.4515],[-91.2884,46.4506],[-91.2863,46.4487],[-91.2818,46.4499],[-91.2771,46.4535]]},"properties":{"WATERBODYNAMECOMBINED":"South Fork of the White River","SITENAMECOMBINED":"Town of Delta:  SECS 19 & 20_ T46N - R7W","FISCALYEAR":2013,"PROJECTPURPOSE":"This project also covered inspection and maintenance of previously completed trout habitat projects on the South Fork of the White River in Bayfield County, Wisconsin.  Annual maintenance on previously completed trout habitat projects is necessary to insure the aesthetics, function, and longevity of structures installed.  Unmaintained devices also pose a threat to public safety, resource integrity and department liability.","TARGETSPECIES":"brown trout","TECHNIQUESSTRUCTURES":"surveillance of habitat work"}},{"type":"Feature","geometry":{"type":"LineString","coordinates":[[-91.4234,46.5667],[-91.4223,46.567],[-91.4219,46.5678],[-91.4195,46.5686],[-91.419,46.5697],[-91.42,46.5708],[-91.4199,46.5714],[-91.4184,46.5711]]},"properties":{"WATERBODYNAMECOMBINED":"Iron River","SITENAMECOMBINED":"Town of Iron River_ SE1/4_ NW1/4 T47N R8W","FISCALYEAR":2013,"PROJECTPURPOSE":"This portion of the project covers the costs of maintaining extensive channel work completed on the Iron River in 1998 and 1999.  Annual maintenance on previously completed trout habitat projects is necessary to insure the aesthetics, function, and longevity of structures installed.  Unmaintained devices also pose a threat to public safety and department liability.","TARGETSPECIES":"brown trout","TECHNIQUESSTRUCTURES":"beaver dam removal, beaver removal"}},{"type":"Feature","geometry":{"type":"LineString","coordinates":[[-88.2139,45.6542],[-88.2143,45.6534],[-88.2157,45.6526],[-88.2155,45.6514],[-88.2167,45.6503],[-88.2163,45.6483],[-88.2153,45.6473],[-88.216,45.6459],[-88.2151,45.6456],[-88.2153,45.6449]]},"properties":{"WATERBODYNAMECOMBINED":"K.C. Creek","SITENAMECOMBINED":"Marinette County_ T37N-R18E - Section 26","FISCALYEAR":2013,"PROJECTPURPOSE":"Restore existing habitat devices which were built in the mid 1970's by Marinette County's Youth Adult Conservation Crew (YACC).  Provide access for heavy equipment to perform restoration activities.","TARGETSPECIES":"brook trout and brown trout","TECHNIQUESSTRUCTURES":"access road preparation completed"}},{"type":"Feature","geometry":{"type":"LineString","coordinates":[[-91.5532,46.5568],[-91.5561,46.557],[-91.5592,46.5547],[-91.5594,46.5535],[-91.5643,46.5517],[-91.5659,46.5519]]},"properties":{"WATERBODYNAMECOMBINED":"Sandy Run","SITENAMECOMBINED":null,"FISCALYEAR":2013,"PROJECTPURPOSE":"This project continued previous work to expose spawning substrate and increase the production of naturally reproducing Lake Superior potadromous fish such as brown trout, steelhead, and coho salmon.  The primary purpose was to reduce or eliminate streamside alder that could collapse into the channel and restrict sediment and wood transport.  The primary goal was to reduce sediment deposition on spawning substrates.","TARGETSPECIES":"brown trout, rainbow trout, coho salmon, brook trout","TECHNIQUESSTRUCTURES":"material removal, channel shaping"}},{"type":"Feature","geometry":{"type":"LineString","coordinates":[[-91.672,46.4326],[-91.6731,46.4321]]},"properties":{"WATERBODYNAMECOMBINED":"Stone's tributary","SITENAMECOMBINED":"Marsh outlet downstream of CTH S downstream to confluence with unnamed tributary","FISCALYEAR":2013,"PROJECTPURPOSE":"This project continued previous work to expose spawning substrate and increase the production of naturally reproducing Lake Superior potadromous fish such as brown trout, steelhead, and coho salmon.  The project included two primary tasks:  (1) reduce or eliminate large cobble and small boulder that caused sediment deposition and channel widening, and potentially impeded fish migration; and (2) reduce or eliminate streamside alder that could collapse into the channel and restrict sediment and wood transport.  The primary goal was to reduce sediment deposition on spawning substrates.","TARGETSPECIES":"brown trout, rainbow trout, coho salmon, brook trout","TECHNIQUESSTRUCTURES":"material removal, channel shaping"}},{"type":"Feature","geometry":{"type":"LineString","coordinates":[[-91.0659,43.7537],[-91.0681,43.7525],[-91.0698,43.7531],[-91.0724,43.7512],[-91.0744,43.7504],[-91.0791,43.7503],[-91.0809,43.7483],[-91.0815,43.7488],[-91.0824,43.7481],[-91.0858,43.7475]]},"properties":{"WATERBODYNAMECOMBINED":"Mormon Coulee Creek","SITENAMECOMBINED":"Rundahl_ Roesler_ Kammel easements","FISCALYEAR":2013,"PROJECTPURPOSE":"Remove trees and brush (willows) along the stream corridor to open up the floodway.","TARGETSPECIES":"brown trout","TECHNIQUESSTRUCTURES":"brushing removal"}},{"type":"Feature","geometry":{"type":"LineString","coordinates":[[-90.8613,43.3813],[-90.8611,43.3807],[-90.8619,43.3806]]},"properties":{"WATERBODYNAMECOMBINED":"Tainter Creek","SITENAMECOMBINED":"Melvin Olson upper farm_ 1_700 feet upstream from machinery crossing.","FISCALYEAR":2013,"PROJECTPURPOSE":"The purpose of this project is to stabilize the stream banks and create in-stream cover for trout. This a continuing cooperative project with the Prairie Rod and Gun Club.","TARGETSPECIES":"brown trout","TECHNIQUESSTRUCTURES":"stream crossing, boulder retard, weir, riprap, bank sloping, wing deflector, plunge pools, log/brush/rock shelters"}},{"type":"Feature","geometry":{"type":"LineString","coordinates":[[-91.1922,46.8028],[-91.1921,46.8034],[-91.1897,46.8053],[-91.1903,46.8065]]},"properties":{"WATERBODYNAMECOMBINED":"West Fork Powerline trib","SITENAMECOMBINED":"Throughout habitat management reach","FISCALYEAR":2013,"PROJECTPURPOSE":"This project continued previous work to expose spawning substrate and increase the production of naturally reproducing Lake Superior potadromous fish such as brown trout, steelhead, and coho salmon.  The primary purpose was to reduce or eliminate streamside alder that could collapse into the channel and restrict sediment and wood transport.  The primary goal was to reduce sediment deposition on spawning substrates.","TARGETSPECIES":"brown trout, rainbow trout, coho salmon, brook trout","TECHNIQUESSTRUCTURES":"material removal"}},{"type":"Feature","geometry":{"type":"LineString","coordinates":[[-91.1896,46.8051],[-91.1874,46.8038],[-91.1888,46.8045]]},"properties":{"WATERBODYNAMECOMBINED":"East Fork Powerline trib","SITENAMECOMBINED":"Lower section of habitat management reach","FISCALYEAR":2013,"PROJECTPURPOSE":"This project continued previous work to expose spawning substrate and increase the production of naturally reproducing Lake Superior potadromous fish such as brown trout, steelhead, and coho salmon.  The primary purpose was to reduce or eliminate streamside alder that could collapse into the channel and restrict sediment and wood transport.  The primary goal was to reduce sediment deposition on spawning substrates","TARGETSPECIES":"brown trout, rainbow trout, coho salmon, brook trout","TECHNIQUESSTRUCTURES":"material removal"}},{"type":"Feature","geometry":{"type":"LineString","coordinates":[[-91.171,46.8197],[-91.1758,46.8233],[-91.177,46.8237]]},"properties":{"WATERBODYNAMECOMBINED":"1st trib to Bark (upstream from Lake Superior)","SITENAMECOMBINED":"From confluence with east fork upstream to end of habitat management reach","FISCALYEAR":2013,"PROJECTPURPOSE":"This project continued previous work to expose spawning substrate and increase the production of naturally reproducing Lake Superior potadromous fish such as brown trout, steelhead, and coho salmon.  The primary purpose was to reduce or eliminate streamside alder that could collapse into the channel and restrict sediment and wood transport.  The primary goal was to reduce sediment deposition on spawning substrates","TARGETSPECIES":"brown trout, rainbow trout, coho salmon, brook trout","TECHNIQUESSTRUCTURES":"material removal"}},{"type":"Feature","geometry":{"type":"LineString","coordinates":[[-91.4238,46.5665],[-91.4223,46.567],[-91.4219,46.5678],[-91.4195,46.5686],[-91.4192,46.57]]},"properties":{"WATERBODYNAMECOMBINED":"Iron River","SITENAMECOMBINED":"Township of Iron River_ Bayfield County_ Wisconsin.  T47N_ R8W_ SEC 7","FISCALYEAR":2014,"PROJECTPURPOSE":"This project also covered inspection and maintenance of previously completed trout habitat projects on the Iron River in Bayfield County, Wisconsin.  Annual inspection and maintenance is necessary to insure the aesthetics, function, and longevity of structures installed.  Unmaintained devices also pose a threat to public safety, resource integrity and department liability.","TARGETSPECIES":"brown trout","TECHNIQUESSTRUCTURES":null}},{"type":"Feature","geometry":{"type":"LineString","coordinates":[[-92.084,45.7128],[-92.0848,45.7128],[-92.0854,45.715],[-92.0867,45.716],[-92.0885,45.7161],[-92.0893,45.7167],[-92.0909,45.7164],[-92.0933,45.7169],[-92.0942,45.7162],[-92.0945,45.7154],[-92.0959,45.7159],[-92.096,45.7148],[-92.1003,45.7163],[-92.1027,45.7157],[-92.1035,45.716],[-92.1033,45.7154],[-92.1043,45.7152],[-92.1052,45.7154],[-92.1048,45.7166],[-92.1066,45.7166],[-92.1075,45.7175],[-92.1092,45.7177]]},"properties":{"WATERBODYNAMECOMBINED":"North Fork Clam River","SITENAMECOMBINED":"Downstream from Heart Lake Rd. Burnett County","FISCALYEAR":2014,"PROJECTPURPOSE":"This project was completed to stabilize streambanks and improve angler access, as well as maintain the brushing completed in previous fiscal year.  There were also five lunker structures that had half logs replaced to prolong the life of the structures.","TARGETSPECIES":"brook trout and brown trout","TECHNIQUESSTRUCTURES":"structure replacement"}},{"type":"Feature","geometry":{"type":"LineString","coordinates":[[-90.1785,43.3437],[-90.1789,43.3435],[-90.1782,43.3428],[-90.1785,43.3425],[-90.1782,43.3422],[-90.1788,43.3421],[-90.1783,43.3418],[-90.1787,43.3416],[-90.1784,43.3414],[-90.179,43.3414],[-90.1795,43.3403],[-90.1791,43.3401],[-90.179,43.3391],[-90.1781,43.3385],[-90.1786,43.3378],[-90.1779,43.3376],[-90.1782,43.3372],[-90.1777,43.3364]]},"properties":{"WATERBODYNAMECOMBINED":"Bear Creek","SITENAMECOMBINED":"Sprecher Property","FISCALYEAR":2013,"PROJECTPURPOSE":"The opening up of the riparian corridor along Bear Creek will allow for the infiltration of sunlight that will promote grass cover which will act as a better filter for surface sediment runoff, will discourage beaver activity, will provide better access for fishing and will promote greater fish productivity within the stream. The bank tapering will provide flood relief for the 3-5 year or greater flood events. The narrowing of the stream channel below the bank full height will allow the stream to scour out the fine sediments, exposing more rock substrate that is more conducive to fish spawning and macroinvertebrate production and will provide greater depth for fish cover. The placement of rock rip rap will stabilize the stream banks and prevent further erosion and channel movement. The installation of the in stream habitat will increase fish cover and fish size structure. This segment of Bear Creek is heavily fished and the habitat improvements will improve its accessibility and the quality of the trout fishery on this DNT public easement. This is a cooperative project involving the Aldo Leopold Chapter of Trout Unlimited, Sauk County Conservation Planning and Zoning (PLZ), Sauk County NRCS, the United States Fish and Wildlife Service, and numerous other partners.\r\n\r\nDNR Trout Stamp money was spent on materials for LUNKER construction, and also on man hours and machine hours.  Most of the funding for this massive project came from other sources, however.  DNR trout stamp funds were spent on this project in FY13, near the end of the fiscal year.  Most of the project, including all of the in-stream work was completed in FY14.","TARGETSPECIES":"brown trout","TECHNIQUESSTRUCTURES":"LUNKERs, bank shaping and planting, riprap, log, rootwad and boulder revetments, wing deflectors, weirs, brush removal, boulder retards, boulder clusters"}},{"type":"Feature","geometry":{"type":"LineString","coordinates":[[-88.5244,45.1601],[-88.5263,45.1589],[-88.5247,45.1573],[-88.5249,45.1564],[-88.5239,45.1554],[-88.5243,45.1543]]},"properties":{"WATERBODYNAMECOMBINED":"1st South Branch Oconto River","SITENAMECOMBINED":"Oconto County - T31N-R16E_ Section 20","FISCALYEAR":2013,"PROJECTPURPOSE":"Rip rap selected bank covers on existing Trout Stream Habitat Project.","TARGETSPECIES":"brook trout and brown trout","TECHNIQUESSTRUCTURES":"riprap"}},{"type":"Feature","geometry":{"type":"MultiLineString","coordinates":[[[-90.9745,43.6305],[-90.9748,43.6306]],[[-90.9745,43.6305],[-90.9759,43.6303]],[[-90.9745,43.6305],[-90.977,43.6301]]]},"properties":{"WATERBODYNAMECOMBINED":"North Fork Bad Axe River","SITENAMECOMBINED":"Esofea Park - 875 feet below bridge","FISCALYEAR":2013,"PROJECTPURPOSE":"Perform stream maintenance on a section of stream damaged by major flooding.","TARGETSPECIES":"brown trout","TECHNIQUESSTRUCTURES":"boulder retard, plunge pools, weir, bank sloping, log/brush/rock shelters"}},{"type":"Feature","geometry":{"type":"MultiLineString","coordinates":[[[-88.5069,42.9031],[-88.5061,42.9024],[-88.5044,42.9042],[-88.4983,42.9082],[-88.4983,42.918]],[[-88.4893,42.9179],[-88.4983,42.918]]]},"properties":{"WATERBODYNAMECOMBINED":"Scuppernong River","SITENAMECOMBINED":"East of highway N","FISCALYEAR":2013,"PROJECTPURPOSE":"Restore native streambed and re-align ditched portions of stream to historical meanders.  Install overhead cover, course woody structure and bank stability.  Improve sinuosity and width:depth ratios.","TARGETSPECIES":"brook trout","TECHNIQUESSTRUCTURES":"channel shaping"}},{"type":"Feature","geometry":{"type":"MultiLineString","coordinates":[[[-92.0011,46.1111],[-92.001,46.1108]],[[-92.0037,46.1139],[-92.0029,46.1124],[-92.001,46.1108]]]},"properties":{"WATERBODYNAMECOMBINED":"Fivemile Creek","SITENAMECOMBINED":"Washburn County_ Downstream from St. Croix Trail","FISCALYEAR":2014,"PROJECTPURPOSE":"This project was completed to maintain previous habitat work.  We repaired one cover that was blowing out behind it as well as rebrushed the stretch to maintain angler access.","TARGETSPECIES":"brook trout and brown trout","TECHNIQUESSTRUCTURES":"brushing"}},{"type":"Feature","geometry":{"type":"LineString","coordinates":[[-91.8863,44.6167],[-91.8881,44.6167],[-91.8888,44.6163],[-91.8892,44.617],[-91.8906,44.617],[-91.8906,44.6174]]},"properties":{"WATERBODYNAMECOMBINED":"Bear Creek","SITENAMECOMBINED":"Bear Creek Habitat Restoration","FISCALYEAR":2014,"PROJECTPURPOSE":"This reach of stream was historically a mill dam impoundment. After dam abandonment  and failure in the 1920's the dam remnants were limited to the dam apron and mixed concrete debris. The stream in recent years undercut and bypassed this remnant material causing a rapid headcut event which created massive slope failure on formerly stable stream slopes. Massive sediment bedload from these vertical slopes jeopardize recent downstream habitat improvements and destroyed what trout habitat present in the affected reach. The project goal was to stabilize this reach and enhance and increase trout habitat.","TARGETSPECIES":"brook trout and brown trout","TECHNIQUESSTRUCTURES":"Bank shaping and planting, Bank sloping, Boulder Clusters, Brush Removal, Channel shaping, Erosion control hydro seed mulch, Grade control measures, Log/brush/rock shelters, LUNKERS, Rip Rap, Weir"}},{"type":"Feature","geometry":{"type":"LineString","coordinates":[[-90.9737,43.7259],[-90.9751,43.7254]]},"properties":{"WATERBODYNAMECOMBINED":"Coon Cr. (Bohemian Valley Cr.)","SITENAMECOMBINED":"Maintenance-State Land","FISCALYEAR":2014,"PROJECTPURPOSE":"The purpose of this project is to repair a machinery crossing and stabilize a stream bank that was eroding.","TARGETSPECIES":"brown trout","TECHNIQUESSTRUCTURES":"Bank shaping and planting, Rip Rap, Stream crossing"}},{"type":"Feature","geometry":{"type":"LineString","coordinates":[[-90.7916,43.0399],[-90.7902,43.0417],[-90.7876,43.0432],[-90.7869,43.0445]]},"properties":{"WATERBODYNAMECOMBINED":"Big Green River","SITENAMECOMBINED":"Big Green River -- Underwood Integrated  Bank Treatment & Instream Habitat Imp. Proj.","FISCALYEAR":2014,"PROJECTPURPOSE":"The Big Green River is a large trout stream in this part of the state.  It is one of the most well know and heavily fished trout streams in the state.  The purpose of the project was to stabilize the severe, vertical, eroding stream banks, improve the in-stream habitat for trout and other cold water stream organisms and reduce turbidity and stream bed sedimentation in the project area and on downstream as well.","TARGETSPECIES":"brown trout","TECHNIQUESSTRUCTURES":"Bank sloping, Erosion control hydro seed mulch, Fencing, Rip Rap, Stream crossing, Wing Deflector"}},{"type":"Feature","geometry":{"type":"LineString","coordinates":[[-91.4829,44.4438],[-91.4823,44.4437],[-91.4824,44.4432],[-91.4811,44.443],[-91.4809,44.4418],[-91.4792,44.4406],[-91.4797,44.4399],[-91.4792,44.4394],[-91.4799,44.4388],[-91.4788,44.4383],[-91.4786,44.4375]]},"properties":{"WATERBODYNAMECOMBINED":"Borst Valley Creek","SITENAMECOMBINED":"Borst Valley (Soggy Bottoms)","FISCALYEAR":2014,"PROJECTPURPOSE":"Tree/brush removal, stabilize eroding stream banks, improve fish habitat","TARGETSPECIES":"brook trout","TECHNIQUESSTRUCTURES":"Overhead bank cover, Rip Rap, Weir"}},{"type":"Feature","geometry":{"type":"LineString","coordinates":[[-89.1899,45.2196],[-89.1928,45.2188],[-89.1948,45.2159]]},"properties":{"WATERBODYNAMECOMBINED":"14 Sites in Lincoln and Langlade Counties","SITENAMECOMBINED":"Brushing 2013 Lincoln and Langlade Counties","FISCALYEAR":2014,"PROJECTPURPOSE":"Remove tag alder canopy over stream and open up corridor for angling, increase light penetration to increase productivity of stream, and remove tags from water to increase flow.","TARGETSPECIES":"brook trout","TECHNIQUESSTRUCTURES":"Brush bundle/matresses, Brush Removal"}},{"type":"Feature","geometry":{"type":"LineString","coordinates":[[-91.6811,44.232],[-91.681,44.2316],[-91.6816,44.2315],[-91.6808,44.2308],[-91.6812,44.2301],[-91.6799,44.2298],[-91.6805,44.2291]]},"properties":{"WATERBODYNAMECOMBINED":"Eagle Valley Creek","SITENAMECOMBINED":"Eagle Valley ( Stettler Easement)","FISCALYEAR":2014,"PROJECTPURPOSE":"Stabilize eroding stream banks, improve in-stream habitat for fish.   ***Completes multi-year project started in 2010.  Entire lenth is 5400 feet.","TARGETSPECIES":"brook trout","TECHNIQUESSTRUCTURES":"LUNKERS, Rip Rap"}},{"type":"Feature","geometry":{"type":"LineString","coordinates":[[-89.6853,43.1138],[-89.6872,43.115],[-89.6873,43.1156],[-89.6878,43.1153]]},"properties":{"WATERBODYNAMECOMBINED":"Garfoot creek","SITENAMECOMBINED":"Garfoot Creek","FISCALYEAR":2014,"PROJECTPURPOSE":"to conduct stream habitat and bank stabilization work to improve the physical habitat and fishing opportunity of Garfoot creek.","TARGETSPECIES":"brook trout and brown trout","TECHNIQUESSTRUCTURES":"Bank shaping and planting, Log, Rootwad and Boulder revetments, Rip Rap, Weir, Wing Deflector"}},{"type":"Feature","geometry":{"type":"LineString","coordinates":[[-88.1506,45.5181],[-88.1481,45.5176],[-88.1466,45.5161],[-88.1396,45.5171],[-88.137,45.5166]]},"properties":{"WATERBODYNAMECOMBINED":"Little South Branch Pike River","SITENAMECOMBINED":"Little South Branch Pike River Project","FISCALYEAR":2014,"PROJECTPURPOSE":"There had been 15 beaver dams located in this Stream Project's reach of stream.  Complete removal of beaver dams which had went across stream's riparian had been conducted.  Stream's bottom substrate was covered with a bedload of sand.  Also there had been a culvert replacement on the immediate upstream road/stream crossing which produced an additional sand bedload.  Three sand traps were installed to capture and remove sand from project area.    The sand trap was installed at the beginning of project in order to capture excess sand from the construction activities of the culvert replacement.","TARGETSPECIES":"brook trout","TECHNIQUESSTRUCTURES":"Material removal"}},{"type":"Feature","geometry":{"type":"MultiLineString","coordinates":[[[-90.8701,43.3836],[-90.8697,43.383],[-90.8661,43.3821],[-90.866,43.3813],[-90.8643,43.3804],[-90.8629,43.3808],[-90.8623,43.3815],[-90.8611,43.3812],[-90.8611,43.3807],[-90.8622,43.3807],[-90.8625,43.3802]],[[-90.87,43.3837],[-90.8701,43.3836]],[[-90.8701,43.3837],[-90.8701,43.3836]]]},"properties":{"WATERBODYNAMECOMBINED":"Tainter Creek","SITENAMECOMBINED":"Maintenance-Bruce Ristow Easement","FISCALYEAR":2014,"PROJECTPURPOSE":"Stabilize a 305 foot streatch of stream bank.  The toe of the stream bank was stable but the upper portion of the bank needed to be stablized to prevent flood water from washing through a narrow peninsula which would create a new stream channel.   Also enlarge an overwintering hole by cleaning out rock rubble deposition.","TARGETSPECIES":"brown trout","TECHNIQUESSTRUCTURES":"Bank shaping and planting, Material removal, Plunge pools, Rip Rap"}},{"type":"Feature","geometry":{"type":"LineString","coordinates":[[-90.9709,43.7205],[-90.971,43.7205]]},"properties":{"WATERBODYNAMECOMBINED":"Timber Coulee Creek","SITENAMECOMBINED":"Maintenance-Brye Easement","FISCALYEAR":2014,"PROJECTPURPOSE":"Clean out sediment deposition from a machinery crossing on an easement property.","TARGETSPECIES":"brown trout","TECHNIQUESSTRUCTURES":"Material removal, Stream crossing"}},{"type":"Feature","geometry":{"type":"LineString","coordinates":[[-90.9605,43.7499],[-90.9605,43.7495],[-90.9599,43.7502]]},"properties":{"WATERBODYNAMECOMBINED":"Coon Cr. (Bohemian Valley Cr.)","SITENAMECOMBINED":"Maintenance-Bud Hanson Easement","FISCALYEAR":2014,"PROJECTPURPOSE":"The purpose of this project is to repair 2 machinery crossings.","TARGETSPECIES":"brown trout","TECHNIQUESSTRUCTURES":"Material removal, Stream crossing"}},{"type":"Feature","geometry":{"type":"LineString","coordinates":[[-89.2197,44.2589],[-89.219,44.2596]]},"properties":{"WATERBODYNAMECOMBINED":"Radley Creek","SITENAMECOMBINED":"Radley Creek Eagle Scout Project","FISCALYEAR":2014,"PROJECTPURPOSE":"This was a project that is sponsored by DNR to improve trout habitat on Radley Creek.  Primary goals are to improve spawning areas and cover for adult and juvenile trout.  Work will be completed by Boy Scouts as part of an Eagle Scout Project.  Work will ","TARGETSPECIES":"brook trout and brown trout","TECHNIQUESSTRUCTURES":"Brush bundle/matresses, Tree cover"}},{"type":"Feature","geometry":{"type":"LineString","coordinates":[[-89.3728,43.3781],[-89.3738,43.3778]]},"properties":{"WATERBODYNAMECOMBINED":"Rowan Creek","SITENAMECOMBINED":"Rowan Creek Brushing-Loveland Rd.","FISCALYEAR":2014,"PROJECTPURPOSE":"Remove trees and brush from stream corridor to promote light penetration to stream and promote grassy stream bank vegetation.  Also preparation for intensive habitat project in near future.  Brushing work was completed by a private contractor and paid for with Columbia County Conservation Aid grant.  Minor oversight completed by WDNR using trout stamp funding.","TARGETSPECIES":"brown trout","TECHNIQUESSTRUCTURES":"Brush Removal"}},{"type":"Feature","geometry":{"type":"LineString","coordinates":[[-89.3728,43.3781],[-89.3738,43.3778]]},"properties":{"WATERBODYNAMECOMBINED":"Rowan Creek","SITENAMECOMBINED":"Rowan Creek - Loveland Rd.","FISCALYEAR":2015,"PROJECTPURPOSE":"The purpose was to treat woody re-sprouts that grew following brush removal on this segment of stream in March 2014.","TARGETSPECIES":"brown trout","TECHNIQUESSTRUCTURES":"Brush Removal"}},{"type":"Feature","geometry":{"type":"LineString","coordinates":[[-91.665,44.3455],[-91.6665,44.3453],[-91.666,44.3476],[-91.6653,44.348],[-91.6657,44.3489]]},"properties":{"WATERBODYNAMECOMBINED":"Waumandee Creek","SITENAMECOMBINED":"Schmidtknect Easement","FISCALYEAR":2014,"PROJECTPURPOSE":"Stabilize eroding stream banks.  Improve habitat for trout.","TARGETSPECIES":null,"TECHNIQUESSTRUCTURES":"LUNKERS, Rip Rap, Weir"}},{"type":"Feature","geometry":{"type":"LineString","coordinates":[[-91.296,46.4547],[-91.2933,46.4545],[-91.2895,46.453],[-91.2896,46.4523],[-91.2883,46.4515],[-91.2884,46.4506],[-91.2865,46.4487],[-91.2818,46.4499],[-91.2776,46.4532]]},"properties":{"WATERBODYNAMECOMBINED":"South Fork of the White River","SITENAMECOMBINED":"South Fork of the White River Habitat Development","FISCALYEAR":2014,"PROJECTPURPOSE":"The South Fork of the White River is a headwater tributary to the White River and premier trout stream to both Bayfield County and the State of Wisconsin.  The South Fork supports viable sport fisheries for both brown and brook trout and is also known to support spawning migrations of brown trout from the White River\u2019s mainstem.  The entire stream thread lies within the White River Fishery Area, which was established in 1961 to insure public access to this unique resource and to protect this sensitive watershed from logging and development pressures.  Prior to acquisition by the state, much of the South Fork\u2019s 2.3 miles of stream thread was impounded by a series of artificial lakes maintained by previous proprietors for trout propagation and private fishing.  Through WDNR efforts ranging from dam removal, dredging, and intensive channel work much of the stream has been restored.\r\n\r\nAlthough past restorations efforts included stream-bank brushing much of the streams riparian corridor is now densely vegetated, largely by the exotic shrubs common buckthorn (Rhamus cathartica) and glossy buckthorn (Rhamnus frangula).  These invasive shrubs dominate the riparian forest community resulting in allelopathic elimination of native forest species.  This dominance has resulted in reduced vegetative diversity along the riparian corridor and poor regeneration of large woody species beneficial to stream ecosystems.  In addition, dense buckthorn canopies are resulting in overly shaded stream environments, inhibiting macrophyte growth important to stabilizing stream sediments and providing cover for juvenile salmonids.\r\nRiparian control of invasive buckthorns will help improve biotic and abiotic conditions for trout and aid the recruitment of large woody species critical to the stream\u2019s future health.  No effort to control these species only stands to upset the important relationship between riparian habitat and stream quality and seems contrary to the Department priority of invasive species control.","TARGETSPECIES":"brown trout","TECHNIQUESSTRUCTURES":"Brush Removal"}},{"type":"Feature","geometry":{"type":"LineString","coordinates":[[-91.3002,46.733],[-91.3001,46.7336],[-91.2993,46.734],[-91.3,46.7358],[-91.3021,46.7369],[-91.3028,46.7385],[-91.3029,46.7399]]},"properties":{"WATERBODYNAMECOMBINED":"East Fork Flag River","SITENAMECOMBINED":"South Shore Lake Superior Tributaries Habitat Management","FISCALYEAR":2014,"PROJECTPURPOSE":"This project continued previous work to expose spawning substrate and increase the production of naturally reproducing Lake Superior potadromous fish such as brown trout, steelhead, and coho salmon.  The project included two primary tasks:  (1)  reduce or eliminate instream wood material that caused sediment deposition and channel widening, and potentially impeded fish migration; and (2) reduce or eliminate streamside alder that could collapse into the channel and restrict sediment and wood transport.  The primary goal was to reduce sediment deposition on spawning substrates.","TARGETSPECIES":"brown trout, rainbow trout, coho salmon, brook trout","TECHNIQUESSTRUCTURES":"Material removal"}},{"type":"Feature","geometry":{"type":"LineString","coordinates":[[-89.6125,45.2593],[-89.6117,45.2595],[-89.6115,45.259],[-89.6115,45.2568]]},"properties":{"WATERBODYNAMECOMBINED":"Spring Creek","SITENAMECOMBINED":"Spring Creek Habitat Improvement Project 2013","FISCALYEAR":2014,"PROJECTPURPOSE":"Restore stream channel.  Promote scouring of thalweg to increase spawning habitat.  Increase recruitment while providing additional cover for juvenile and adult fish.","TARGETSPECIES":"brook trout","TECHNIQUESSTRUCTURES":"Boulder Clusters, Brush bundle/matresses, Brush Removal, Channel shaping, Trees/rootwads"}},{"type":"Feature","geometry":{"type":"LineString","coordinates":[[-90.128,43.8051],[-90.1274,43.8056],[-90.1267,43.8056],[-90.1269,43.8052],[-90.1221,43.8059]]},"properties":{"WATERBODYNAMECOMBINED":"Brewer Creek","SITENAMECOMBINED":"Stream Bank debrushing","FISCALYEAR":2014,"PROJECTPURPOSE":"To maintain previously brushed stream banks and clear windfallen trees to prevent streambank erosions and make stream more accessible for anglers. Brewer Creek is a Class I trout stream, supporting healthy naturally reproducing brook trout populations. The stream prior to habitat improvement was overgrown with dense tag alder, Prickly Ash and buckthorn, stream depth was shallow, supporting minimal cover for fish. The stream is a highly utilized public fishery area. Past trout habitat improvements have attracted anglers, creating a positive angling experience. ","TARGETSPECIES":"brook trout","TECHNIQUESSTRUCTURES":"Brush Removal"}},{"type":"Feature","geometry":{"type":"LineString","coordinates":[[-90.8623,43.3806],[-90.862,43.3787],[-90.8612,43.3779],[-90.8605,43.3779]]},"properties":{"WATERBODYNAMECOMBINED":"Tainter Creek","SITENAMECOMBINED":"Tainter Creek-Melvin Olson Easement","FISCALYEAR":2014,"PROJECTPURPOSE":"The purpose of this project is to stabilize the stream banks and create in-stream cover for trout.  This is a continuing cooperative project with the Prairie Rod & Gun Club (PR&GC).  The PR&GC applies for and receives Crawford County Conservation Aide funds to purchase rock for stream restoration projects.","TARGETSPECIES":"brown trout","TECHNIQUESSTRUCTURES":"Bank sloping, Boulder Clusters, Boulder retard, Log/brush/rock shelters, plunge pools, Rip Rap, Weir, Wing Deflector"}},{"type":"Feature","geometry":{"type":"LineString","coordinates":[[-91.2842,46.4492],[-91.2866,46.4487],[-91.2885,46.4507],[-91.2884,46.4516],[-91.2896,46.4523],[-91.2895,46.453],[-91.2933,46.4545],[-91.2958,46.4547],[-91.2952,46.4547]]},"properties":{"WATERBODYNAMECOMBINED":"South Fork of the White River","SITENAMECOMBINED":"Trout Habitat Maintenance - South Fork of the White River","FISCALYEAR":2014,"PROJECTPURPOSE":"This project also covered inspection and maintenance of previously completed trout habitat projects on  the South Fork of the White River in Bayfield County, Wisconsin.  Annual maintenance on previously completed trout habitat projects is necessary to insure the aesthetics, function, and longevity of structures installed.  Unmaintained devices also pose a threat to public safety, resource integrety and department liability.","TARGETSPECIES":"brown trout","TECHNIQUESSTRUCTURES":null}},{"type":"Feature","geometry":{"type":"LineString","coordinates":[[-89.7555,43.1079],[-89.7563,43.1117]]},"properties":{"WATERBODYNAMECOMBINED":"Vermont Cr","SITENAMECOMBINED":"Vermont creek rehab - Cowen parcel","FISCALYEAR":2014,"PROJECTPURPOSE":"diversify hogogenous stream channel by adding habitat features and stabilizing banks. Remove nuisance woody vegetation from riparian corridor. Re-establish fence line to allow for better riparian corridor management by grazing,fire and mowing","TARGETSPECIES":"brown trout","TECHNIQUESSTRUCTURES":"Bank shaping and planting, Erosion control hydro seed mulch, Fencing, Log, Rootwad and Boulder revetments, Log/brush/rock shelters, Stone toe protection, Stream crossing, Weir, Wing Deflector"}},{"type":"Feature","geometry":{"type":"LineString","coordinates":[[-91.1938,46.8035],[-91.1914,46.8064],[-91.1881,46.8076],[-91.1888,46.8093]]},"properties":{"WATERBODYNAMECOMBINED":"Bark River mainstem","SITENAMECOMBINED":"Bark River","FISCALYEAR":2015,"PROJECTPURPOSE":"This project continued previous work to expose spawning substrate and increase the production of naturally reproducing Lake Superior potadromous fish such as brown trout, steelhead, and coho salmon. The project included two primary tasks: (1)  reduce or eliminate instream wood material that caused sediment deposition and channel widening, and potentially impeded fish migration; and (2) reduce or eliminate streamside alder that could collapse into the channel and restrict sediment and wood transport.  The primary goal was to reduce sediment deposition on spawning substrates.","TARGETSPECIES":"brown trout, rainbow trout, coho salmon, brook trout","TECHNIQUESSTRUCTURES":"Migration barriers"}},{"type":"Feature","geometry":{"type":"LineString","coordinates":[[-91.8669,45.7966],[-91.8676,45.7972],[-91.8676,45.7991],[-91.8687,45.7996],[-91.8674,45.8015],[-91.8675,45.8024]]},"properties":{"WATERBODYNAMECOMBINED":"Beaver Brook","SITENAMECOMBINED":"Beaver Brook","FISCALYEAR":2015,"PROJECTPURPOSE":"This stream was being brushed to improve angler access and fishiability. There was also an area that had stream channel braiding occurring so some sand bags were used to return the stream to its main channel.   ","TARGETSPECIES":"brook trout and brown trout","TECHNIQUESSTRUCTURES":"Brush Removal, Channel shaping"}},{"type":"Feature","geometry":{"type":"LineString","coordinates":[[-90.824,43.064],[-90.825,43.0651],[-90.8249,43.0665],[-90.8242,43.0668],[-90.8259,43.0668]]},"properties":{"WATERBODYNAMECOMBINED":"Big Green River","SITENAMECOMBINED":"Big Green River -- Pitzer Integrated Bank Treatment & Instream Habitat Imp. Project","FISCALYEAR":2015,"PROJECTPURPOSE":"The WDNR Fish Mgt. holds a perpetual Fish Mgt. Easement on the Big Green River as it runs thru the project area property.  The Big Green River through the project area is a large trout stream for this part of the state.  It is also one of the most well known and heavily fished trout streams in the state.  The project is designed to stabilize the extremely high, vertical, eroding stream banks and to improve the stream habitat for trout and other cold water stream organisms. It will decrease water turbidity and deposition of silt on the bed of the stream both throughout the project and on downstream. It will also protect the adjacent bottom land pasture and corn field from being eroded away.","TARGETSPECIES":"brown trout","TECHNIQUESSTRUCTURES":"Bank sloping, Rip Rap, Wing Deflector"}},{"type":"Feature","geometry":{"type":"LineString","coordinates":[[-89.1943,45.2165],[-89.1948,45.2159],[-89.1928,45.2188],[-89.1899,45.2196]]},"properties":{"WATERBODYNAMECOMBINED":null,"SITENAMECOMBINED":"Brushing 2014 Lincoln and Langlade Counties","FISCALYEAR":2015,"PROJECTPURPOSE":"Remove tag alder canopy over stream and open up corridor for angling, increase light penetration to increase productivity of stream, and remove tags from water to increase flow. ","TARGETSPECIES":"brook trout","TECHNIQUESSTRUCTURES":"Brush bundle/matresses, Brush Removal"}},{"type":"Feature","geometry":{"type":"LineString","coordinates":[[-90.9555,43.552],[-90.9561,43.5499],[-90.9557,43.5493],[-90.9592,43.5483],[-90.9603,43.547],[-90.9598,43.5463],[-90.9606,43.5449],[-90.9597,43.5444],[-90.9599,43.5434]]},"properties":{"WATERBODYNAMECOMBINED":"Coe Hollow Creek","SITENAMECOMBINED":"Coe Hollow Creek - Sidie Hollow Park","FISCALYEAR":2015,"PROJECTPURPOSE":"In cooperation with Vernon County Parks and Vernon County LCD, stabilize the stream banks and create cover for trout.  Perform maintenance on flood damaged Lunkers structures and machinery crossings along with providing angler and hiking access along the stream banks.","TARGETSPECIES":"brook trout","TECHNIQUESSTRUCTURES":"Bank sloping, Grade control measures, LUNKERS, Overhead bank cover, Plunge pools, Rip Rap, Stream crossing, Tree revetments"}},{"type":"Feature","geometry":{"type":"LineString","coordinates":[[-89.7555,43.1079],[-89.7564,43.1118]]},"properties":{"WATERBODYNAMECOMBINED":"Vermont Creek","SITENAMECOMBINED":"Cowen fencing","FISCALYEAR":2015,"PROJECTPURPOSE":"eased riparian corridor had become overgrown with nuisance vegetation. Fence was in dis-repair. New fencing allows for better angler access, management of corridor by rotational grazing and fire.","TARGETSPECIES":"brown trout","TECHNIQUESSTRUCTURES":"Fencing"}},{"type":"Feature","geometry":{"type":"LineString","coordinates":[[-90.8815,46.7884],[-90.8783,46.788]]},"properties":{"WATERBODYNAMECOMBINED":"Pikes Creek","SITENAMECOMBINED":"South Shore Lake Superior Tributaries Habitat Management","FISCALYEAR":2014,"PROJECTPURPOSE":"This project continued previous work to expose spawning substrate and increase the production of naturally reproducing Lake Superior potadromous fish such as brown trout, steelhead, and coho salmon.  The project included two primary tasks:  (1)  reduce or eliminate instream wood material that caused sediment deposition and channel widening, and potentially impeded fish migration; and (2) reduce or eliminate streamside alder that could collapse into the channel and restrict sediment and wood transport.  The primary goal was to reduce sediment deposition on spawning substrates.","TARGETSPECIES":"brown trout, rainbow trout, coho salmon, brook trout","TECHNIQUESSTRUCTURES":"Material removal"}},{"type":"Feature","geometry":{"type":"LineString","coordinates":[[-91.5562,46.5746],[-91.5572,46.5734],[-91.5574,46.5709],[-91.5587,46.5698],[-91.5633,46.5689],[-91.5659,46.5702],[-91.5704,46.5713],[-91.5719,46.5723],[-91.5729,46.5716],[-91.5753,46.5719],[-91.5789,46.5744],[-91.5809,46.5746],[-91.5819,46.5741]]},"properties":{"WATERBODYNAMECOMBINED":"Rocky Run","SITENAMECOMBINED":"South Shore Lake Superior Tributaries Habitat Management","FISCALYEAR":2014,"PROJECTPURPOSE":"This project continued previous work to expose spawning substrate and increase the production of naturally reproducing Lake Superior potadromous fish such as brown trout, steelhead, and coho salmon.  The project included two primary tasks:  (1)  reduce or eliminate instream wood material that caused sediment deposition and channel widening, and potentially impeded fish migration; and (2) reduce or eliminate streamside alder that could collapse into the channel and restrict sediment and wood transport.  The primary goal was to reduce sediment deposition on spawning substrates.","TARGETSPECIES":"brown trout, rainbow trout, coho salmon, brook trout","TECHNIQUESSTRUCTURES":"Material removal"}},{"type":"Feature","geometry":{"type":"LineString","coordinates":[[-91.6114,46.5086],[-91.6094,46.5086]]},"properties":{"WATERBODYNAMECOMBINED":"Unnamed to Brule River (Cutler Creek)","SITENAMECOMBINED":"South Shore Lake Superior Tributaries Habitat Management","FISCALYEAR":2014,"PROJECTPURPOSE":"This project continued previous work to expose spawning substrate and increase the production of naturally reproducing Lake Superior potadromous fish such as brown trout, steelhead, and coho salmon.  The project included two primary tasks:  (1)  reduce or eliminate instream wood material that caused sediment deposition and channel widening, and potentially impeded fish migration; and (2) reduce or eliminate streamside alder that could collapse into the channel and restrict sediment and wood transport.  The primary goal was to reduce sediment deposition on spawning substrates.","TARGETSPECIES":"brown trout, rainbow trout, coho salmon, brook trout","TECHNIQUESSTRUCTURES":"Material removal"}},{"type":"Feature","geometry":{"type":"LineString","coordinates":[[-91.3005,46.7586],[-91.3011,46.7588]]},"properties":{"WATERBODYNAMECOMBINED":"Unnamed to East Fork Flag River (South Three Forks Trib)","SITENAMECOMBINED":"South Shore Lake Superior Tributaries Habitat Management","FISCALYEAR":2014,"PROJECTPURPOSE":"This project continued previous work to expose spawning substrate and increase the production of naturally reproducing Lake Superior potadromous fish such as brown trout, steelhead, and coho salmon.  The project included two primary tasks:  (1)  reduce or eliminate instream wood material that caused sediment deposition and channel widening, and potentially impeded fish migration; and (2) reduce or eliminate streamside alder that could collapse into the channel and restrict sediment and wood transport.  The primary goal was to reduce sediment deposition on spawning substrates.","TARGETSPECIES":"brown trout, rainbow trout, coho salmon, brook trout","TECHNIQUESSTRUCTURES":"Material removal"}},{"type":"Feature","geometry":{"type":"LineString","coordinates":[[-91.6121,46.5078],[-91.6113,46.5085],[-91.6094,46.5086]]},"properties":{"WATERBODYNAMECOMBINED":"Unnamed to Unnamed to Brule River (Cutler Creek)","SITENAMECOMBINED":"South Shore Lake Superior Tributaries Habitat Management","FISCALYEAR":2014,"PROJECTPURPOSE":"This project continued previous work to expose spawning substrate and increase the production of naturally reproducing Lake Superior potadromous fish such as brown trout, steelhead, and coho salmon.  The project included two primary tasks:  (1)  reduce or eliminate instream wood material that caused sediment deposition and channel widening, and potentially impeded fish migration; and (2) reduce or eliminate streamside alder that could collapse into the channel and restrict sediment and wood transport.  The primary goal was to reduce sediment deposition on spawning substrates.","TARGETSPECIES":"brown trout, rainbow trout, coho salmon, brook trout","TECHNIQUESSTRUCTURES":"Material removal"}},{"type":"Feature","geometry":{"type":"LineString","coordinates":[[-91.3211,46.6928],[-91.322,46.6936],[-91.3266,46.6937],[-91.3273,46.6945],[-91.3266,46.6945]]},"properties":{"WATERBODYNAMECOMBINED":"West Fork Flag River","SITENAMECOMBINED":"South Shore Lake Superior Tributaries Habitat Management","FISCALYEAR":2014,"PROJECTPURPOSE":"This project continued previous work to expose spawning substrate and increase the production of naturally reproducing Lake Superior potadromous fish such as brown trout, steelhead, and coho salmon.  The project included two primary tasks:  (1)  reduce or eliminate instream wood material that caused sediment deposition and channel widening, and potentially impeded fish migration; and (2) reduce or eliminate streamside alder that could collapse into the channel and restrict sediment and wood transport.  The primary goal was to reduce sediment deposition on spawning substrates.","TARGETSPECIES":"brown trout, rainbow trout, coho salmon, brook trout","TECHNIQUESSTRUCTURES":"Material removal"}},{"type":"Feature","geometry":{"type":"LineString","coordinates":[[-89.5593,43.3372],[-89.5588,43.3387],[-89.5591,43.3401],[-89.5617,43.3415]]},"properties":{"WATERBODYNAMECOMBINED":"Spring Creek (Lodi)","SITENAMECOMBINED":"Spring Creek (Lodi)","FISCALYEAR":2014,"PROJECTPURPOSE":"Remove woody vegetation from stream corridor (left descending bank only) on 2,000 feet of Spring Creek downstream of the Village of Lodi on Spring Creek Fishery Area.  Promote grassy cover type on the landscape.","TARGETSPECIES":"brown trout","TECHNIQUESSTRUCTURES":"Brush Removal"}},{"type":"Feature","geometry":{"type":"LineString","coordinates":[[-89.5593,43.3372],[-89.5588,43.3387],[-89.5591,43.3401],[-89.5617,43.3415]]},"properties":{"WATERBODYNAMECOMBINED":"Spring Creek","SITENAMECOMBINED":"Spring Creek Brushing (Lodi)","FISCALYEAR":2014,"PROJECTPURPOSE":"Remove trees and brush from 2,000 feet of the right descending (RD) bank of Spring Creek on Spring Creek Fishery Area near Lodi, WI.  Follow up woody vegetation removals with chemical treatment to suppress re-growth.  Increase sunlight penetration to stream to increase primary productivity, and encourage growth of grassy vegetation by removing large shade trees.  Improve accessibility/fishability for anglers by eliminating thick stands of woody vegetation.","TARGETSPECIES":"brown trout","TECHNIQUESSTRUCTURES":"Brush Removal"}},{"type":"Feature","geometry":{"type":"LineString","coordinates":[[-91.0381,46.8726],[-91.0396,46.8737],[-91.0411,46.8735],[-91.0426,46.8755]]},"properties":{"WATERBODYNAMECOMBINED":"Saxine Creek","SITENAMECOMBINED":"Saxine Creek","FISCALYEAR":2015,"PROJECTPURPOSE":"This project continued previous work to expose spawning substrate and increase the production of naturally reproducing Lake Superior potadromous fish such as brown trout, steelhead, and coho salmon. The project included two primary tasks: (1)  reduce or eliminate instream wood material that caused sediment deposition and channel widening, and potentially impeded fish migration; and (2) reduce or eliminate streamside alder that could collapse into the channel and restrict sediment and wood transport.  The primary goal was to reduce sediment deposition on spawning substrates.","TARGETSPECIES":"brown trout, rainbow trout, coho salmon, brook trout","TECHNIQUESSTRUCTURES":"Material removal"}},{"type":"Feature","geometry":{"type":"LineString","coordinates":[[-88.4651,42.9324],[-88.466,42.9337],[-88.4674,42.9345],[-88.4676,42.9356],[-88.4703,42.9332]]},"properties":{"WATERBODYNAMECOMBINED":"Scuppernong River","SITENAMECOMBINED":"Scuppernong River Headwaters","FISCALYEAR":2015,"PROJECTPURPOSE":"This project continued restoration efforts on 1/2 mile of class II trout stream using various methods including course woody structure installation, brush bundles, in-stream pool, dam removal, riffle run sequencing and aquatic and terrestrial plant management.  Re-establishing meanders utilizing soft techniques will improve stream velocity, reduce braiding and increase depth providing adult and juvenile brook trout habitat.  Increased spawning substrate and improved overhanging cover will provide essential nursery habitat.","TARGETSPECIES":"brook trout","TECHNIQUESSTRUCTURES":"Dam Removal"}},{"type":"Feature","geometry":{"type":"LineString","coordinates":[[-91.2831,46.4411],[-91.2828,46.4436],[-91.2822,46.4449],[-91.2832,46.4458],[-91.2828,46.4459],[-91.2826,46.448],[-91.2836,46.4493],[-91.2866,46.4487],[-91.2885,46.4507],[-91.2884,46.4516],[-91.2896,46.4523],[-91.2895,46.453],[-91.2933,46.4545],[-91.2952,46.4547]]},"properties":{"WATERBODYNAMECOMBINED":"South Fork of the White River","SITENAMECOMBINED":"South Fork of the White River Habitat Development","FISCALYEAR":2015,"PROJECTPURPOSE":"The South Fork of the White River is a headwater tributary to the White River and premier trout stream to both Bayfield County and the State of Wisconsin.  The South Fork supports viable sport fisheries for both brown and brook trout and is also known to support spawning migrations of brown trout from the White River\u2019s mainstem.  The entire stream thread lies within the White River Fishery Area, which was established in 1961 to insure public access to this unique resource and to protect this sensitive watershed from logging and development pressures.  Prior to acquisition by the state, much of the South Fork\u2019s 2.3 miles of stream thread was impounded by a series of artificial lakes maintained by previous proprietors for trout propagation and private fishing.  Through WDNR efforts ranging from dam removal, dredging, and intensive channel work much of the stream has been restored.\r\n\r\nAlthough past restorations efforts included stream-bank brushing much of the streams riparian corridor is now densely vegetated, largely by the exotic shrub glossy buckthorn (Rhamnus frangula).  These invasive shrubs dominate the riparian forest community resulting in allelopathic elimination of native forest species.  This dominance has resulted in reduced vegetative diversity along the riparian corridor and poor regeneration of large woody species beneficial to stream ecosystems.  In addition, dense buckthorn canopies are resulting in overly shaded stream environments, inhibiting macrophyte growth important to stabilizing stream sediments and providing cover for juvenile salmonids.\r\n\r\nRiparian control of invasive buckthorns will help improve biotic and abiotic conditions for trout and aid the recruitment of large woody species critical to the stream\u2019s future health.  No effort to control these species only stands to upset the important relationship between riparian habitat and stream quality and seems contrary to the Department priority of invasive species control.","TARGETSPECIES":"brown trout","TECHNIQUESSTRUCTURES":"Brush Removal"}},{"type":"Feature","geometry":{"type":"LineString","coordinates":[[-91.2831,46.4411],[-91.2828,46.4436],[-91.2822,46.4449],[-91.2832,46.4458],[-91.2828,46.4459],[-91.2826,46.448],[-91.2836,46.4493],[-91.2866,46.4487],[-91.2885,46.4507],[-91.2884,46.4516],[-91.2896,46.4523],[-91.2895,46.453],[-91.2933,46.4545],[-91.2952,46.4547]]},"properties":{"WATERBODYNAMECOMBINED":"South Fork of the White River","SITENAMECOMBINED":"South Fork of the White River Habitat Development","FISCALYEAR":2016,"PROJECTPURPOSE":"The South Fork of the White River is a headwater tributary to the White River and premier trout stream to both Bayfield County and the State of Wisconsin.  The South Fork supports viable sport fisheries for both brown and brook trout and is also known to support spawning migrations of brown trout from the White River\u2019s mainstem.  The entire stream thread lies within the White River Fishery Area, which was established in 1961 to insure public access to this unique resource and to protect this sensitive watershed from logging and development pressures.  Prior to acquisition by the state, much of the South Fork\u2019s 2.3 miles of stream thread was impounded by a series of artificial lakes maintained by previous proprietors for trout propagation and private fishing.  Through WDNR efforts ranging from dam removal, dredging, and intensive channel work much of the stream has been restored.\r\n\r\nAlthough past restorations efforts included stream-bank brushing much of the streams riparian corridor is now densely vegetatedby the exotic shrub, glossy buckthorn, (Rhamnus frangula).  This invasive shrub dominates the riparian forest community resulting in allelopathic elimination of native forest species. The dominance of this shrub has resulted in reduced vegetative diversity along the riparian corridor and poor regeneration of large woody species beneficial to stream ecosystems.  In addition, dense buckthorn canopies are resulting in overly shaded stream environments, inhibiting macrophyte growth important to stabilizing stream sediments and providing cover for juvenile salmonids.  Riparian control of invasive buckthorns will help improve biotic and abiotic conditions for trout and aid the recruitment of large woody species critical to the stream\u2019s future health. Dense riparian growth of glossy buckthorn also hinders angler access to this popular fishing stream and limits opportunities for future in-stream projects in currently unimproved stream reaches.   No effort to control these species only stands to upset the important relationship between riparian and stream health and seems contrary to the Department priority of invasive species control.","TARGETSPECIES":"brook trout and brown trout","TECHNIQUESSTRUCTURES":"Brush Removal"}},{"type":"Feature","geometry":{"type":"LineString","coordinates":[[-90.9886,43.3803],[-90.992,43.3806]]},"properties":{"WATERBODYNAMECOMBINED":"South Fork Sugar Creek","SITENAMECOMBINED":"South Fork Sugar Creek - Hoseman Easement","FISCALYEAR":2015,"PROJECTPURPOSE":"In cooperation with the Prairie Rod and Gun Club, funds from the Crawford County Conservation Aide Grant were used to stabilize stream banks and create cover for trout.","TARGETSPECIES":"brown trout","TECHNIQUESSTRUCTURES":"Bank sloping, Grade control measures, Log, Rootwad and Boulder revetments, Plunge pools, Rip Rap, Stream crossing Tree revetments, Weir"}},{"type":"Feature","geometry":{"type":"MultiLineString","coordinates":[[[-91.2959,46.4547],[-91.2952,46.4547]],[[-91.2961,46.4547],[-91.2933,46.4545],[-91.2895,46.453],[-91.2896,46.4523],[-91.2884,46.4516],[-91.2885,46.4507],[-91.2866,46.4487],[-91.2842,46.4492]]]},"properties":{"WATERBODYNAMECOMBINED":"South Fork of the White River","SITENAMECOMBINED":"Trout Habitat Maintenance 1 - South Fork of the White River","FISCALYEAR":2015,"PROJECTPURPOSE":"This project also covered inspection and maintenance of previously completed trout habitat projects on the South Fork of the White River in Bayfield County, Wisconsin.  Annual maintenance on previously completed trout habitat projects is necessary to insure the aesthetics, function and longevity of structures installed.  Unmaintained devices also pose a threat to public safety, resource integrity and department liability.","TARGETSPECIES":"brown trout","TECHNIQUESSTRUCTURES":"Stone toe protection"}},{"type":"Feature","geometry":{"type":"LineString","coordinates":[[-91.6165,46.5129],[-91.6152,46.5121],[-91.6111,46.5114],[-91.6108,46.5097],[-91.6115,46.5087],[-91.6093,46.5086]]},"properties":{"WATERBODYNAMECOMBINED":"Cutler Creek","SITENAMECOMBINED":"Unnamed Trib to Bois Brule River","FISCALYEAR":2015,"PROJECTPURPOSE":"This project continued previous work to expose spawning substrate and increase the production of naturally reproducing Lake Superior potadromous fish such as brown trout, steelhead, and coho salmon. The project included two primary tasks: (1)  reduce or eliminate instream wood material that caused sediment deposition and channel widening, and potentially impeded fish migration; and (2) reduce or eliminate streamside alder that could collapse into the channel and restrict sediment and wood transport.  The primary goal was to reduce sediment deposition on spawning substrates.","TARGETSPECIES":"brown trout, rainbow trout, coho salmon, brook trout","TECHNIQUESSTRUCTURES":"Material removal"}},{"type":"Feature","geometry":{"type":"LineString","coordinates":[[-91.6749,46.4311],[-91.6701,46.4333],[-91.6716,46.4346]]},"properties":{"WATERBODYNAMECOMBINED":"Stones Tributary","SITENAMECOMBINED":"Unnamed Trib to Bois Brule River","FISCALYEAR":2015,"PROJECTPURPOSE":"This project continued previous work to expose spawning substrate and increase the production of naturally reproducing Lake Superior potadromous fish such as brown trout, steelhead, and coho salmon. The project included two primary tasks: (1)  reduce or eliminate instream wood material that caused sediment deposition and channel widening, and potentially impeded fish migration; and (2) reduce or eliminate streamside alder that could collapse into the channel and restrict sediment and wood transport.  The primary goal was to reduce sediment deposition on spawning substrates.","TARGETSPECIES":"brown trout, rainbow trout, coho salmon, brook trout","TECHNIQUESSTRUCTURES":"Material removal, Migration barriers"}},{"type":"Feature","geometry":{"type":"LineString","coordinates":[[-91.2246,46.7623],[-91.2257,46.7661],[-91.2294,46.7692]]},"properties":{"WATERBODYNAMECOMBINED":"Campbells Trib","SITENAMECOMBINED":"Unnamed Trib to East Fork Cranberry River","FISCALYEAR":2015,"PROJECTPURPOSE":"This project continued previous work to expose spawning substrate and increase the production of naturally reproducing Lake Superior potadromous fish such as brown trout, steelhead, and coho salmon. The project included two primary tasks: (1)  reduce or eliminate instream wood material that caused sediment deposition and channel widening, and potentially impeded fish migration; and (2) reduce or eliminate streamside alder that could collapse into the channel and restrict sediment and wood transport.  The primary goal was to reduce sediment deposition on spawning substrates.","TARGETSPECIES":"brown trout, rainbow trout, coho salmon, brook trout","TECHNIQUESSTRUCTURES":"Material removal"}},{"type":"Feature","geometry":{"type":"LineString","coordinates":[[-92.1528,46.0732],[-92.1535,46.0746],[-92.1532,46.0759]]},"properties":{"WATERBODYNAMECOMBINED":"Dogtown Creek","SITENAMECOMBINED":"Dogtown Creek","FISCALYEAR":2015,"PROJECTPURPOSE":"Brushing was conducted on these streams from bank to bank, in order to increase sediment transport in turn narrowing and deepening the stream.  It was also done in order to increase angler access and fishability.  The brushing of tag alder was done with chainsaws, brush saws, and loppers.","TARGETSPECIES":"brook trout and brown trout","TECHNIQUESSTRUCTURES":"Brush Removal"}},{"type":"Feature","geometry":{"type":"LineString","coordinates":[[-92.004,46.1144],[-92.0029,46.1124],[-92.0011,46.1111]]},"properties":{"WATERBODYNAMECOMBINED":"Fivemile Creek","SITENAMECOMBINED":"Fivemile Creek","FISCALYEAR":2015,"PROJECTPURPOSE":"Brushing was conducted on these streams from bank to bank, in order to increase sediment transport in turn narrowing and deepening the stream.  It was also done in order to increase angler access and fishability.  The brushing of tag alder was done with chainsaws, brush saws, and loppers.","TARGETSPECIES":"brook trout and brown trout","TECHNIQUESSTRUCTURES":"Brush Removal"}},{"type":"Feature","geometry":{"type":"LineString","coordinates":[[-87.968,43.3879],[-87.9673,43.3875],[-87.967,43.3863],[-87.968,43.3795]]},"properties":{"WATERBODYNAMECOMBINED":"Mole Creek","SITENAMECOMBINED":"Mole Creek Realignment at Hillcrest Road","FISCALYEAR":2015,"PROJECTPURPOSE":"The purpose of this project is to rehabilitate the ecological function and values of a 0.6 mile reach of Mole Creek and its floodplain, and improve habitat for a cool-cold water fish and aquatic life assemblage including trout. The need is premised on significant historic hydrological alterations to the stream channel and land uses along its floodplain corridor.","TARGETSPECIES":"brook trout and brown trout","TECHNIQUESSTRUCTURES":"Channel shaping"}},{"type":"Feature","geometry":{"type":"LineString","coordinates":[[-88.4097,42.8537],[-88.4092,42.8539],[-88.409,42.855],[-88.4079,42.8553],[-88.4083,42.8557],[-88.4068,42.8555],[-88.4067,42.8563],[-88.4058,42.8555],[-88.4043,42.8561],[-88.4045,42.8555],[-88.4032,42.8545],[-88.4026,42.8548],[-88.4029,42.8551],[-88.4017,42.8546]]},"properties":{"WATERBODYNAMECOMBINED":"Mukwonago River ","SITENAMECOMBINED":"Mukwonago River Culvert Removal Project","FISCALYEAR":2015,"PROJECTPURPOSE":"The purpose of this phase of the Mukwonago River Culvert Removal Project was to stabilize banks, install course woody structure, improve fish passage, provide overhead cover, increase velocity and increase mean depth.  Post culvert removal resulted in additional fine tuning of the degraded portions of this former golf course property. Native stream side plantings were implemented including additions of river plum, river birch, oak, dogwood and willow seedlings which will provide shade, bank stabilization and future in stream woody structure.","TARGETSPECIES":"brook trout","TECHNIQUESSTRUCTURES":"Rip Rap, Tree cover"}},{"type":"Feature","geometry":{"type":"LineString","coordinates":[[-91.142,43.5652],[-91.1427,43.5632]]},"properties":{"WATERBODYNAMECOMBINED":"North Fork Bad Axe River","SITENAMECOMBINED":"North Fork Bad Axe River - Ursula Cejpek Easement","FISCALYEAR":2015,"PROJECTPURPOSE":"The purpose of this project is to stabilize the stream banks, create cover for trout and open up the floodway by removing trees along the stream corridor.","TARGETSPECIES":"brown trout","TECHNIQUESSTRUCTURES":"Bank sloping, Boulder retard, Log, Rootwad and Boulder revetments, Rip Rap, Tree revetments"}},{"type":"Feature","geometry":{"type":"LineString","coordinates":[[-91.2717,44.1662],[-91.2719,44.1655]]},"properties":{"WATERBODYNAMECOMBINED":"North Fork Beaver Creek","SITENAMECOMBINED":"North Fork Beaver Creek Village of Ettrick","FISCALYEAR":2015,"PROJECTPURPOSE":"Restore brook trout instream habitat, stabilize stream banks, and provide better angler fishing conditions for the segment of the North Fork of Beaver Creek located within the Village of Ettrick's riparian property.  Public access and fishing are allowed on all Village property adjacent to the North Fork of Beaver Creek.","TARGETSPECIES":"brook trout","TECHNIQUESSTRUCTURES":"Bank shaping and planting, Bank slopting, Brush Removal, Channel Shaping, Plunge Pools, Rip Rap, Trees/rootwads, Weir, Wing Deflector"}},{"type":"Feature","geometry":{"type":"LineString","coordinates":[[-92.0834,45.7126],[-92.0848,45.7128],[-92.0854,45.715],[-92.0867,45.716],[-92.0885,45.7161],[-92.0893,45.7167],[-92.0909,45.7164],[-92.0933,45.7169],[-92.0942,45.7162],[-92.0945,45.7154],[-92.0959,45.7159],[-92.096,45.7148],[-92.1003,45.7163],[-92.1027,45.7157],[-92.1035,45.716],[-92.1033,45.7154],[-92.1043,45.7152],[-92.1052,45.7154],[-92.1048,45.7166],[-92.1066,45.7166],[-92.1075,45.7175],[-92.1092,45.7177]]},"properties":{"WATERBODYNAMECOMBINED":"North Fork Clam River","SITENAMECOMBINED":"North Fork Clam River","FISCALYEAR":2015,"PROJECTPURPOSE":"Brushing was conducted on these streams from bank to bank, in order to increase sediment transport in turn narrowing and deepening the stream.  It was also done in order to increase angler access and fishability.  The brushing of tag alder was done with chainsaws, brush saws, and loppers.","TARGETSPECIES":"brook trout and brown trout","TECHNIQUESSTRUCTURES":"Brush Removal"}},{"type":"Feature","geometry":{"type":"LineString","coordinates":[[-90.7431,43.1972],[-90.7433,43.1967]]},"properties":{"WATERBODYNAMECOMBINED":"Richland Creek","SITENAMECOMBINED":"Richland Creek - Dutton Easement","FISCALYEAR":2015,"PROJECTPURPOSE":"The main purpose of this project was to stabilize two eroding stream banks along with removing sediment deposition on the sides of the approaches of a machinery crossing.","TARGETSPECIES":"brown trout","TECHNIQUESSTRUCTURES":"Bank sloping, Material removal, Plunge pools, Rip Rap, Tree revetments, Weir"}},{"type":"Feature","geometry":{"type":"LineString","coordinates":[[-91.5562,46.5746],[-91.5572,46.5734],[-91.5574,46.5709],[-91.5587,46.5698],[-91.5633,46.5689],[-91.5659,46.5702],[-91.5704,46.5713],[-91.5719,46.5723],[-91.5729,46.5716],[-91.5753,46.5719],[-91.5789,46.5744],[-91.5809,46.5746],[-91.5819,46.5741]]},"properties":{"WATERBODYNAMECOMBINED":"Rocky Run","SITENAMECOMBINED":"Rocky Run","FISCALYEAR":2015,"PROJECTPURPOSE":"This project continued previous work to expose spawning substrate and increase the production of naturally reproducing Lake Superior potadromous fish such as brown trout, steelhead, and coho salmon. The project included two primary tasks: (1)  reduce or eliminate instream wood material that caused sediment deposition and channel widening, and potentially impeded fish migration; and (2) reduce or eliminate streamside alder that could collapse into the channel and restrict sediment and wood transport.  The primary goal was to reduce sediment deposition on spawning substrates.","TARGETSPECIES":"brown trout, rainbow trout, coho salmon, brook trout","TECHNIQUESSTRUCTURES":"Material removal"}},{"type":"Feature","geometry":{"type":"LineString","coordinates":[[-89.3727,43.3781],[-89.3738,43.3778]]},"properties":{"WATERBODYNAMECOMBINED":"Rowan Creek","SITENAMECOMBINED":"Rowan Creek - Loveland Rd.","FISCALYEAR":2015,"PROJECTPURPOSE":"The purpose was to treat woody re-sprouts that grew following brush removal on this segment of stream in March 2014.","TARGETSPECIES":"brown trout","TECHNIQUESSTRUCTURES":"Brush Removal"}},{"type":"Feature","geometry":{"type":"LineString","coordinates":[[-91.5484,46.5579],[-91.5531,46.5568],[-91.5561,46.557],[-91.5592,46.5547],[-91.5594,46.5535],[-91.5643,46.5517],[-91.5659,46.5519]]},"properties":{"WATERBODYNAMECOMBINED":"Sandy Run","SITENAMECOMBINED":"Sandy Run","FISCALYEAR":2015,"PROJECTPURPOSE":"This project continued previous work to expose spawning substrate and increase the production of naturally reproducing Lake Superior potadromous fish such as brown trout, steelhead, and coho salmon. The project included two primary tasks: (1)  reduce or eliminate instream wood material that caused sediment deposition and channel widening, and potentially impeded fish migration; and (2) reduce or eliminate streamside alder that could collapse into the channel and restrict sediment and wood transport.  The primary goal was to reduce sediment deposition on spawning substrates.","TARGETSPECIES":"brown trout, rainbow trout, coho salmon, brook trout","TECHNIQUESSTRUCTURES":"Brush Removal"}},{"type":"Feature","geometry":{"type":"LineString","coordinates":[[-91.1888,46.8045],[-91.1899,46.8051]]},"properties":{"WATERBODYNAMECOMBINED":"Unnamed Trib to Powerline Trib","SITENAMECOMBINED":"Unnamed Trib to Unnamed Trib to Bark River","FISCALYEAR":2015,"PROJECTPURPOSE":"This project continued previous work to expose spawning substrate and increase the production of naturally reproducing Lake Superior potadromous fish such as brown trout, steelhead, and coho salmon. The project included two primary tasks: (1)  reduce or eliminate instream wood material that caused sediment deposition and channel widening, and potentially impeded fish migration; and (2) reduce or eliminate streamside alder that could collapse into the channel and restrict sediment and wood transport.  The primary goal was to reduce sediment deposition on spawning substrates.","TARGETSPECIES":"brown trout, rainbow trout, coho salmon, brook trout","TECHNIQUESSTRUCTURES":"Material removal"}},{"type":"Feature","geometry":{"type":"LineString","coordinates":[[-91.6165,46.5075],[-91.615,46.506],[-91.6115,46.5054],[-91.6122,46.507],[-91.6121,46.508],[-91.6113,46.5085]]},"properties":{"WATERBODYNAMECOMBINED":"South Fork Cutler Creek","SITENAMECOMBINED":"Unnamed Trib to Unnamed Trib to Bois Brule River","FISCALYEAR":2015,"PROJECTPURPOSE":"This project continued previous work to expose spawning substrate and increase the production of naturally reproducing Lake Superior potadromous fish such as brown trout, steelhead, and coho salmon. The project included two primary tasks: (1)  reduce or eliminate instream wood material that caused sediment deposition and channel widening, and potentially impeded fish migration; and (2) reduce or eliminate streamside alder that could collapse into the channel and restrict sediment and wood transport.  The primary goal was to reduce sediment deposition on spawning substrates.","TARGETSPECIES":"brown trout, rainbow trout, coho salmon, brook trout","TECHNIQUESSTRUCTURES":"Material removal"}},{"type":"Feature","geometry":{"type":"LineString","coordinates":[[-89.265,44.1782],[-89.2629,44.1784],[-89.2617,44.1799],[-89.26,44.1805],[-89.2594,44.18],[-89.2594,44.179],[-89.2574,44.1794]]},"properties":{"WATERBODYNAMECOMBINED":"Upper Pine River","SITENAMECOMBINED":"Upper Pine River - Hwy AA","FISCALYEAR":2015,"PROJECTPURPOSE":"The Upper Pine River flows into the Wild Rose Millpond and offers trout anglers one of the finest Brook Trout fisheries in Waushara County. Glossy Buckthorn (Frangula alnus) has outcompeted all other riparian vegetation. Fishing was next to impossible and access to the stream was worse. The goals of the project were to remove this invasive exotic woody vegetation from the streambanks, promote growth of native vegetation, and improve angler access and fishability.","TARGETSPECIES":"brook trout","TECHNIQUESSTRUCTURES":"Brush Removal, Tree cover"}},{"type":"Feature","geometry":{"type":"LineString","coordinates":[[-90.6709,43.6488],[-90.6687,43.6482],[-90.6672,43.6461]]},"properties":{"WATERBODYNAMECOMBINED":"Weister Creek","SITENAMECOMBINED":"Weister Creek - Kickapoo Valley Reserve - Phase 1","FISCALYEAR":2015,"PROJECTPURPOSE":"The purpose of this project is to stabilize eroding stream banks, create in-stream cover for trout and open up the floodway.  Maintenance work needed to be performed after major flooding had damaged the stream work that was done in the 1990's.  ","TARGETSPECIES":"brown trout","TECHNIQUESSTRUCTURES":"Bank sloping, Boulder retard, Channel shaping, Grade control measures, Log, Rootwad and Boulder revetments, LUNKERS, Material removal, Plunge pools, Rip Rap, Stream crossing, Trees/rootwads, Weir"}},{"type":"Feature","geometry":{"type":"LineString","coordinates":[[-89.2827,44.0472],[-89.2806,44.0457],[-89.2809,44.0452],[-89.2807,44.0448],[-89.2801,44.0453],[-89.2776,44.0443],[-89.2778,44.0436],[-89.2773,44.0424],[-89.2763,44.0429],[-89.2757,44.0423],[-89.2759,44.0409],[-89.2748,44.0403],[-89.2735,44.0404],[-89.2727,44.04],[-89.2728,44.0396]]},"properties":{"WATERBODYNAMECOMBINED":"White River","SITENAMECOMBINED":"White River - Cottonville Ave","FISCALYEAR":2015,"PROJECTPURPOSE":"The town of Wautoma was established in the late 1800's on the banks of the White River and its tributaries. Project location is just two miles south of town and provides anglers with one of the best opportunities in Wisconsin to catch larger than average brown trout and occasionally a beautiful rainbow trout. The stories and history of trout angling through out this river are countless. One example of the love for this stream and it's angling lore is the book \"Le Shack: A Very Special Fishing Place\" by Jim Chapralis.  The angler stories center around a cabin located just upstream of the current project location.  There is a bench commemorating Le Shack and Mr. Chapralis located at a public parking area just east of the Cottonville Rd bridge.\r\nThis section of river is a popular angling destination in Central Wisconsin. Especially during the famous nighttime \"Hex Hatch\" which occurs during the months of June through July when adult Hexagenia limbata mayflies emerge. \r\nWhile this sand dominated, lower reach of river has many issues working against the trout populations and angling opportunity, the issue that effects trout habitats most directly is the dominance of the invasive, exotic Reed Canary Grass (RCG) throughout the White River floodplain. The rhizomal root systems of RCG grow laterally along impenetrable native streambank substrates, such as peat. This growth results in streambank fragmentation of large, mobile RCG vegetative mats, which also contain the uppermost layers of native riparian substrate. Each vegetative mat lost from the streambank results in a domino effect of fragmentation and stream widening. The rivers natural ability to transport sediment and deposit them outside of the main channel is compromised and trout habitats, such as deep pools, are filled in with sand.\r\nThe goals of the project are as follows: \r\n-Stabilize streambanks by protecting actively eroding streambanks with christmas trees and dredged sand spoils. \r\n-Improve the natural ability of the river to transport fine sediments, deposit these sediments outside of the main channel, and to scour pools. This will be accomplished by installing wing deflectors composed of christmas trees, cut brush, coarse wood, and sand spoils.\r\n-Enhance adult trout habitats, specifically overhead and cover habitats, by installing submerged tree structures.\r\n-Excessive amounts of sand have created a broad, shallow flat just above the White River Flowage.  Adult trout are known to over winter in the flowage proper. Habitat improvements hope to reconnect the upper river for trout migration out of the flowage by scouring a channel through this shallow zone.\r\n-Work completed through this project will increase angler opportunities by providing more deep water holding cover areas adjacent to refuge cover as well.","TARGETSPECIES":"brown trout","TECHNIQUESSTRUCTURES":"Brush bundle/matresses, Brush Removal, Channel shaping, Log/brush/rock shelters, Wing Deflector"}},{"type":"Feature","geometry":{"type":"LineString","coordinates":[[-91.918,45.5424],[-91.9179,45.5419],[-91.9173,45.542],[-91.9173,45.5415],[-91.9164,45.5411],[-91.9169,45.5407],[-91.9171,45.5398],[-91.918,45.5401],[-91.9183,45.5387],[-91.9193,45.5387],[-91.9186,45.5383],[-91.9194,45.5381],[-91.919,45.5373]]},"properties":{"WATERBODYNAMECOMBINED":"Yellow River","SITENAMECOMBINED":"Yellow River","FISCALYEAR":2015,"PROJECTPURPOSE":"This stream section was brushed to maintain angler access and fishability.","TARGETSPECIES":"brook trout and brown trout","TECHNIQUESSTRUCTURES":"Brush Removal"}},{"type":"Feature","geometry":{"type":"LineString","coordinates":[[-88.5244,45.1601],[-88.5263,45.1589],[-88.5247,45.1573],[-88.5249,45.1564],[-88.5239,45.1554],[-88.5244,45.1545],[-88.524,45.1536],[-88.5247,45.1524],[-88.524,45.1519],[-88.5245,45.1508],[-88.5235,45.1497],[-88.5212,45.1502],[-88.5197,45.1493]]},"properties":{"WATERBODYNAMECOMBINED":"1st South Branch Oconto River","SITENAMECOMBINED":"1st South Branch Oconto River - Hwy W","FISCALYEAR":2016,"PROJECTPURPOSE":"The goals of the project were to improve stream velocity by installing cut woody vegetation in the form of brush bundles; to improve fishability through the section where previous habitat enhancement project had been conducted by removing overgrown woody vegetation from streambanks; improve angler/hunter access to the river which flows through US Forest Service property.\r\n\r\nA large scale habitat enhancement project was conducted through this section in the late 1980's-early 1990's. Numerous overhead bank covers and wing deflectors were installed to increase the quantity and improve the quality of adult trout habitats. These structures are intact but the scouring capabilities has diminished due to eroding banks where overgrown woody vegetation has shaded out bank stabilizing grasses.","TARGETSPECIES":"brook trout and brown trout","TECHNIQUESSTRUCTURES":"Angler/hunter paths, Brush bundle/matresses, Brush Removal, Log sills, Streambank re-establishment"}},{"type":"Feature","geometry":{"type":"LineString","coordinates":[[-91.8858,44.6147],[-91.8857,44.6154],[-91.8865,44.6168]]},"properties":{"WATERBODYNAMECOMBINED":"Bear Creek","SITENAMECOMBINED":"Bear Creek-Spindler Property","FISCALYEAR":2016,"PROJECTPURPOSE":"This streambank and erosion control- replacement with integrated bank treatment project was finished on July 23rd 2015, however the project was started in FY14.  1,180 feet of streambank was restored.   1 plunge pool was created, 11 LUNKER covers were installed, 6 root wads were placed along with boulder retards and spawning riffles were created.  Invasive trees were removed leaving the oaks and elm trees.  Banks were sloped to a 4 to 1 and covered with soil, mulched and seeded with native plant species.","TARGETSPECIES":"brook trout and brown trout","TECHNIQUESSTRUCTURES":"Bank shaping and planting, Grade control measures, Log, Rootwad and Boulder revetments, LUNKERS"}},{"type":"Feature","geometry":{"type":"LineString","coordinates":[[-91.4823,44.4434],[-91.4811,44.443],[-91.4809,44.4418],[-91.4792,44.4406]]},"properties":{"WATERBODYNAMECOMBINED":"Borst Valley Creek","SITENAMECOMBINED":"Borst Valley Creek-Soggy Bottoms","FISCALYEAR":2016,"PROJECTPURPOSE":"Stabilize and reslope existing stream banks, remove box and tag alder and improve pool and instream habitat.  Create spawning areas for brook trout.","TARGETSPECIES":"brook trout","TECHNIQUESSTRUCTURES":"Bank shaping and planting, Brush Removal, Weir"}},{"type":"Feature","geometry":{"type":"LineString","coordinates":[[-91.089,43.6585],[-91.0889,43.6592],[-91.0879,43.6588],[-91.0865,43.6595],[-91.0855,43.6611],[-91.0838,43.6614],[-91.0824,43.6627],[-91.0812,43.6625],[-91.0808,43.6631],[-91.0802,43.663],[-91.0808,43.6631],[-91.0812,43.6625],[-91.0824,43.6627],[-91.0838,43.6614],[-91.0855,43.6611],[-91.0864,43.6598]]},"properties":{"WATERBODYNAMECOMBINED":"Coon Creek","SITENAMECOMBINED":"Coon Creek - Gary Antoniewicz Easement - TUDARE Addendum 4","FISCALYEAR":2016,"PROJECTPURPOSE":"The purpose of this project is to stabilize the stream banks, create cover for trout and open up the floodway by removing trees along the stream corridor.","TARGETSPECIES":"brown trout","TECHNIQUESSTRUCTURES":"Bank shaping and planting, Bank sloping, Log, Rootwad and Boulder revetments, Plunge pools, Rip Rap, Wing Deflector"}},{"type":"Feature","geometry":{"type":"LineString","coordinates":[[-91.0864,43.6598],[-91.088,43.6587],[-91.0889,43.6592],[-91.0894,43.658]]},"properties":{"WATERBODYNAMECOMBINED":"Coon Creek","SITENAMECOMBINED":"Coon Creek - Greg Anderson Easement-TUDARE Addendum 7","FISCALYEAR":2016,"PROJECTPURPOSE":"The purpose of this project is to stabilize the stream banks, create cover for trout and open up the floodway by removing trees along the stream corridor.  This is the report for the first phase of this project where two machinery crossings were installed on two separate spring streams.  This allowed the access to haul and stockpile riprap rock.  The rock will be used next fiscal year for stream bank stabilization and creating in-stream cover for trout.","TARGETSPECIES":"brown trout","TECHNIQUESSTRUCTURES":"Stream crossing"}},{"type":"Feature","geometry":{"type":"LineString","coordinates":[[-89.1967,44.2126],[-89.1957,44.2108],[-89.1907,44.2077],[-89.191,44.2058],[-89.1904,44.2058],[-89.1895,44.2049]]},"properties":{"WATERBODYNAMECOMBINED":"Davies Creek","SITENAMECOMBINED":"Davies Creek - Hwy K","FISCALYEAR":2016,"PROJECTPURPOSE":"WDNR staff with the Wild Rose Operations Crew assisted volunteers from the Fox Valley Chapter of Wisconsin Trout Unlimited and Rawhide Boys Ranch - About Face Program on 4 workdays to clear overgrown woody vegetation from the streambanks of Davies Creek. The goals of the project were to reduce streambank erosion and to improve angler access.","TARGETSPECIES":"brook trout and brown trout","TECHNIQUESSTRUCTURES":"Angler/hunter paths, Brush Removal, Exotic vegetation removal"}},{"type":"Feature","geometry":{"type":"LineString","coordinates":[[-92.1528,46.0732],[-92.1535,46.0746],[-92.153,46.0764],[-92.1549,46.0786],[-92.1532,46.0799],[-92.1536,46.0807],[-92.1546,46.0809],[-92.1546,46.0813],[-92.1521,46.0824],[-92.1519,46.0831]]},"properties":{"WATERBODYNAMECOMBINED":"Dogtown creek","SITENAMECOMBINED":"Dogtown creek brushing","FISCALYEAR":2016,"PROJECTPURPOSE":"Brushing was needed on this stream to increase angler access and use of the stream.  The alder has helped flow to slow and spread out, creating shallow water conditions.","TARGETSPECIES":"brook trout","TECHNIQUESSTRUCTURES":"Brush Removal"}},{"type":"Feature","geometry":{"type":"LineString","coordinates":[[-91.2215,46.7445],[-91.221,46.7458],[-91.2213,46.7463],[-91.2229,46.7463],[-91.2239,46.7481],[-91.2254,46.7487],[-91.2253,46.7503],[-91.2264,46.7516],[-91.2285,46.7532],[-91.2304,46.7536],[-91.2328,46.7552],[-91.2363,46.7598],[-91.2378,46.7605],[-91.2382,46.7619],[-91.2391,46.7625],[-91.2394,46.7639]]},"properties":{"WATERBODYNAMECOMBINED":"East Fork Cranberry River","SITENAMECOMBINED":"East Fork Cranberry R","FISCALYEAR":2016,"PROJECTPURPOSE":" - Inspect channel substrate and cover and riparian zone vegetation to promote naturally reproducing river resident and Lake Superior Salmonids such as Brook Trout, Rainbow Trout (Steelhead), Brown Trout, and Coho Salmon. \r\n\r\n- Remove potential fish migration barriers.\r\n\r\n- Conduct fish survey as background data for future habitat project(s).","TARGETSPECIES":"brown trout, rainbow trout, coho salmon, brook trout","TECHNIQUESSTRUCTURES":null}},{"type":"Feature","geometry":{"type":"LineString","coordinates":[[-91.2955,46.7138],[-91.2977,46.7149],[-91.3019,46.7219],[-91.3019,46.7255],[-91.3014,46.7259],[-91.3017,46.7266],[-91.301,46.7275],[-91.3018,46.7282],[-91.301,46.7288],[-91.3012,46.7292],[-91.3003,46.7294],[-91.3018,46.7318],[-91.3002,46.733]]},"properties":{"WATERBODYNAMECOMBINED":"East Fork Flag River","SITENAMECOMBINED":"East Fork Flag R","FISCALYEAR":2016,"PROJECTPURPOSE":" - Maintain and inspect channel substrate and cover and riparian zone vegetation to promote naturally reproducing river resident and Lake Superior Salmonids such as Brook Trout, Rainbow Trout (Steelhead), Brown Trout, and Coho Salmon. \r\n\r\n- Remove potential fish migration barriers.","TARGETSPECIES":"brown trout, rainbow trout, coho salmon, brook trout","TECHNIQUESSTRUCTURES":null}},{"type":"Feature","geometry":{"type":"LineString","coordinates":[[-89.2307,44.3005],[-89.2299,44.3004],[-89.228,44.3015]]},"properties":{"WATERBODYNAMECOMBINED":"Emmons Creek","SITENAMECOMBINED":"Emmons Creek-Downstream Stratton Lake Road","FISCALYEAR":2016,"PROJECTPURPOSE":"To maintain Christmas Tree Bundles that were previously installed.","TARGETSPECIES":"brown trout","TECHNIQUESSTRUCTURES":"Brush bundle/matresses"}},{"type":"Feature","geometry":{"type":"LineString","coordinates":[[-88.8054,45.1706],[-88.8036,45.17]]},"properties":{"WATERBODYNAMECOMBINED":"Evergreen River","SITENAMECOMBINED":"Evergreen River Brush Bundling Project","FISCALYEAR":2016,"PROJECTPURPOSE":"Purpose of project is to create stable banks, direct water flow, narrow the stream channel to keep water cool, keep the stream bottom free of silt, and provide areas of silt deposition. Brush bundling will narrow the stream, causing the stream bed to scour out and become deeper and faster as well as flushing out riffle areas for spawning trout.","TARGETSPECIES":"brook trout and brown trout","TECHNIQUESSTRUCTURES":"Brush bundle/matresses"}},{"type":"Feature","geometry":{"type":"LineString","coordinates":[[-92.0708,44.8871],[-92.0694,44.8878],[-92.0681,44.8876],[-92.0668,44.8868],[-92.0666,44.8876]]},"properties":{"WATERBODYNAMECOMBINED":"Gilbert Creek","SITENAMECOMBINED":"Gilbert Creek-Downstream HWY 29","FISCALYEAR":2016,"PROJECTPURPOSE":"The purpose of the project was to restore brook and brown trout habitat on the mainstem of Gilbert Creek.  The stream corridor was heavily infested with box elder which created difficult angling opportunities as well as degraded habitat conditions for trout.  Bank erosion was severe and the channel was incised throughout the project area.  Stream banks were re-sloped and stabilized using Integrated Bank Treatment measures to allow better access to the floodplain as well as improve angler access.  In-stream habitat was improved through the addition of overhead cover and creation of pool habitat.","TARGETSPECIES":"brook trout and brown trout","TECHNIQUESSTRUCTURES":"Bank sloping, Log, Rootwad and Boulder revetments, LUNKERS, Plunge pools"}},{"type":"Feature","geometry":{"type":"LineString","coordinates":[[-89.8675,42.8757],[-89.8663,42.8756],[-89.867,42.8752],[-89.8665,42.8746],[-89.8671,42.8744],[-89.8649,42.8725],[-89.8653,42.8721]]},"properties":{"WATERBODYNAMECOMBINED":"Gordon Creek","SITENAMECOMBINED":"Gordon Creek downstream of County A","FISCALYEAR":2016,"PROJECTPURPOSE":"Diversify habitat, increase habitat to hold adult trout, stabilize banks ","TARGETSPECIES":"brown trout","TECHNIQUESSTRUCTURES":"Bank shaping and planting, Boulder Clusters, Fencing, Log, Rootwad and Boulder revetments, Stream crossing, Tree cover, Weir, Wing Deflector"}},{"type":"Feature","geometry":{"type":"LineString","coordinates":[[-89.3727,43.3781],[-89.373,43.3777],[-89.3742,43.3779],[-89.3753,43.3784],[-89.3749,43.3789]]},"properties":{"WATERBODYNAMECOMBINED":"Rowan Creek","SITENAMECOMBINED":"Rowan Creek - Loveland Rd.","FISCALYEAR":2016,"PROJECTPURPOSE":"Rowan Creek is a popular destination for trout anglers in Columbia County, the greater Madison area, and beyond.  Rowan Creek Fishery Area provides the best combination of good public trout fishing and stream accessibility/fishability in Columbia County.  The portion of Rowan Creek where the work will take place is Class I brown trout water.  Habitat improvement work was completed on a segment of stream immediately downstream from the prospective project in the late 1970s.  The improvements made at that time have held up well over the years and are still benefiting the fishery today.  This project will extend the area of improved trout habitat and link it to an easy public access point.  Tree growth in this segment of Rowan Creek has led to a loss of grassy cover in the stream corridor.  This has contributed to bank erosion and widening of the stream, as well an increase in the amount of sediment entering the stream.  Growth of trees along the stream corridor also reduces productivity in the stream by reducing the amount of sunlight reaching the water.  Trout populations eventually decline as a result of the loss of overhead cover as the stream widens and loses depth, as well as from the reduced productivity from decreased light penetration.  Stream productivity and stability of the stream bank would be enhanced by tree and brush removal and re-establishment of grassy cover on the banks.  Grassy vegetation will do a better job of holding the soil together as well as filtering runoff and reducing sediment loading into the stream.  Tree removal will also increase light penetration to the stream which will increase primary productivity.  Armoring the toe of the streambank with rock riprap will help ensure that future bank erosion does not occur.  This ensures the stream will not lose depth through erosion and progressive widening, and it will also reduce sediment loading into the stream.  Installation of current management devices and LUNKER structures will improve the amount of overhead cover for trout by increasing areas of scour and providing artificial hiding places (LUNKERS) for trout.","TARGETSPECIES":"brown trout","TECHNIQUESSTRUCTURES":"Brush Removal"}},{"type":"Feature","geometry":{"type":"LineString","coordinates":[[-88.6207,45.1769],[-88.6212,45.1753],[-88.6218,45.1752],[-88.6231,45.176],[-88.6237,45.175],[-88.623,45.1737],[-88.6208,45.172],[-88.6193,45.1721],[-88.6185,45.1712]]},"properties":{"WATERBODYNAMECOMBINED":"South Branch Oconto River","SITENAMECOMBINED":"South Branch Oconto River - Hwy T","FISCALYEAR":2016,"PROJECTPURPOSE":"The project site is located at the USFS South Branch Oconto Barrier-Free Fishing Trail, where 12 wheelchair accessible piers provide an excellent opportunity to catch beautiful, natural Brook Trout. There are only a few of these trails available in the entire country. \r\nThe goals of the project were to increase cover habitats by installing log sills and brush bundles near fishing piers; increase stream velocity by narrowing stream width in widened sections by installing brush bundles; improve fishability for anglers by repositioning storm damaged trees.","TARGETSPECIES":"brook trout","TECHNIQUESSTRUCTURES":"Angler/hunter paths, Brush bundle/matresses, Brush Removal, Log sills, Streambank re-establishment"}},{"type":"Feature","geometry":{"type":"LineString","coordinates":[[-90.9891,43.3823],[-90.9901,43.3813],[-90.992,43.3806]]},"properties":{"WATERBODYNAMECOMBINED":"Sugar Creek","SITENAMECOMBINED":"Sugar Creek - Hoseman Easement","FISCALYEAR":2016,"PROJECTPURPOSE":"In cooperation with the Prairie Rod and Gun Club, funds from the Crawford County Conservation Aide Grant were used to stabilize stream banks and create cover for trout.","TARGETSPECIES":"brown trout","TECHNIQUESSTRUCTURES":"Bank shaping and planting, Bank sloping, Boulder retard, Brush Removal, Channel shaping, Plunge pools, Rip Rap, Trees/rootwads, Weir"}},{"type":"Feature","geometry":{"type":"LineString","coordinates":[[-91.5452,44.2864],[-91.5465,44.287],[-91.5474,44.2893]]},"properties":{"WATERBODYNAMECOMBINED":"Swinns Valley Creek","SITENAMECOMBINED":"Swinns Creek-Boberg Property","FISCALYEAR":2016,"PROJECTPURPOSE":"Improve spawning, nursery and adult habitat for brook and brown trout.   This portion of stream was previously ditched and had highly erodible stream banks greater than 10 feet in height.  Banks were resloped to reconnect the stream with the floodplain and banks were stabilized using intregrated bank treatment.  Rock weirs were added to improve pool habitat for trout and spawning areas were enhanced with the creation of riffle areas.","TARGETSPECIES":"brook trout and brown trout","TECHNIQUESSTRUCTURES":"Bank shaping and planting, Boulder Clusters, Brush Removal, Trees/rootwads, Weir"}},{"type":"Feature","geometry":{"type":"LineString","coordinates":[[-91.1708,46.8191],[-91.1715,46.8202],[-91.177,46.8237]]},"properties":{"WATERBODYNAMECOMBINED":"1st Tributary","SITENAMECOMBINED":"Unnamed Trib to Bark R","FISCALYEAR":2016,"PROJECTPURPOSE":" - Maintain and inspect channel substrate and cover and riparian zone vegetation to promote naturally reproducing river resident and Lake Superior Salmonids such as Brook Trout, Rainbow Trout (Steelhead), Brown Trout, and Coho Salmon. \r\n\r\n- Remove potential fish migration barriers.\r\n\r\n- Conduct fish survey as background data for future habitat project(s).","TARGETSPECIES":"brown trout, rainbow trout, coho salmon, brook trout","TECHNIQUESSTRUCTURES":null}},{"type":"Feature","geometry":{"type":"LineString","coordinates":[[-91.1857,46.8064],[-91.1869,46.8067]]},"properties":{"WATERBODYNAMECOMBINED":"Unnamed Tributary to Bark River","SITENAMECOMBINED":"Unnamed Trib to Bark R 13-9","FISCALYEAR":2016,"PROJECTPURPOSE":" - Inspect channel substrate and cover and riparian zone vegetation to promote naturally reproducing river resident and Lake Superior Salmonids such as Brook Trout, Rainbow Trout (Steelhead), Brown Trout, and Coho Salmon. \r\n\r\n- Conduct fish survey as background data for future habitat project(s)","TARGETSPECIES":"brown trout, rainbow trout, coho salmon, brook trout","TECHNIQUESSTRUCTURES":null}},{"type":"Feature","geometry":{"type":"LineString","coordinates":[[-91.2294,46.7692],[-91.2303,46.7699]]},"properties":{"WATERBODYNAMECOMBINED":"Campbell's Tributary","SITENAMECOMBINED":"Unnamed Trib to East Fork Cranberry River","FISCALYEAR":2016,"PROJECTPURPOSE":"- Maintain and inspect channel substrate and cover and riparian zone vegetation to promote naturally reproducing river resident and Lake Superior Salmonids such as Brook Trout, Rainbow Trout (Steelhead), Brown Trout, and Coho Salmon. \r\n\r\n- Remove potential fish migration barriers.\r\n\r\n- Conduct fish survey as background data for future habitat project(s).","TARGETSPECIES":"brown trout, rainbow trout, coho salmon, brook trout","TECHNIQUESSTRUCTURES":"Migration barriers"}},{"type":"Feature","geometry":{"type":"LineString","coordinates":[[-91.2963,46.7544],[-91.2974,46.7554],[-91.2982,46.757],[-91.3007,46.7576],[-91.3021,46.7591],[-91.3087,46.7586]]},"properties":{"WATERBODYNAMECOMBINED":"Unnamed Tributary to East Fork Flag River","SITENAMECOMBINED":"Unnamed Trib to East Fork Flag R","FISCALYEAR":2016,"PROJECTPURPOSE":" - Maintain and inspect channel substrate and cover and riparian zone vegetation to promote naturally reproducing river resident and Lake Superior Salmonids such as Brook Trout, Rainbow Trout (Steelhead), Brown Trout, and Coho Salmon. \r\n\r\n- Remove potential fish migration barriers.","TARGETSPECIES":"brown trout, rainbow trout, coho salmon, brook trout","TECHNIQUESSTRUCTURES":"Migration barriers"}},{"type":"Feature","geometry":{"type":"LineString","coordinates":[[-91.1699,46.8194],[-91.171,46.8197]]},"properties":{"WATERBODYNAMECOMBINED":"Unnamed to 1st Tributary to Bark R","SITENAMECOMBINED":"Unnamed Trib to Unnamed Trib to Bark R","FISCALYEAR":2016,"PROJECTPURPOSE":" - Inspect channel substrate and cover and riparian zone vegetation to promote naturally reproducing river resident and Lake Superior Salmonids such as Brook Trout, Rainbow Trout (Steelhead), Brown Trout, and Coho Salmon. \r\n\r\n- Conduct fish survey as background data for future habitat project(s)","TARGETSPECIES":"brown trout, rainbow trout, coho salmon, brook trout","TECHNIQUESSTRUCTURES":null}},{"type":"Feature","geometry":{"type":"LineString","coordinates":[[-91.2252,46.7641],[-91.2257,46.7662],[-91.2285,46.7681],[-91.2294,46.7692]]},"properties":{"WATERBODYNAMECOMBINED":"Little Campbell's Tributary","SITENAMECOMBINED":"Unnamed Trib to Unnamed Trib to East Fork Flag R","FISCALYEAR":2016,"PROJECTPURPOSE":" - Maintain and inspect channel substrate and cover and riparian zone vegetation to promote naturally reproducing river resident and Lake Superior Salmonids such as Brook Trout, Rainbow Trout (Steelhead), Brown Trout, and Coho Salmon. \r\n\r\n- Remove potential fish migration barriers.\r\n\r\n- Conduct fish survey as background data for future habitat project(s).","TARGETSPECIES":"brown trout, rainbow trout, coho salmon, brook trout","TECHNIQUESSTRUCTURES":"Migration barriers"}},{"type":"Feature","geometry":{"type":"MultiLineString","coordinates":[[[-89.1851,44.3747],[-89.1845,44.3751],[-89.1845,44.3763],[-89.1837,44.3767],[-89.1836,44.3782],[-89.1841,44.3787],[-89.1838,44.3796],[-89.1815,44.3807],[-89.1786,44.3806]],[[-89.1786,44.3806],[-89.1784,44.3805]]]},"properties":{"WATERBODYNAMECOMBINED":"Waupaca River","SITENAMECOMBINED":"Waupaca River - Hwy Q","FISCALYEAR":2016,"PROJECTPURPOSE":"The objectives of the project are to: rebuild overhead covers structures from previous habitat enhancement project (1992); increase cover habitat by installing instream brush bundles and large wood structures; increase stream depth to this thermally challenged section of river.\r\n\r\nThe project site is located just west of the city of Waupaca between Highway 10 and Highway 54. This section of river is popular with kayakers and canoeists because of the newly installed (2011) DNR canoe landing located at the upstream boundary of the project. Fisheries personnel completed a trout habitat enhancement project here in the mid 1990's, installing islands and boulder clusters to improve depth/holding cover and to provide anglers and paddlers with a beautiful and unique Central Wisconsin river experience. Previous to the habitat improvement project, the river was wide and shallow.  Now that the river has established good depth and aesthetics, fish holding/refuge can be improved. The goals of the project are to add overhead cover structures and increase habitat complexity with the addition of submerged tree structures while maintaining and improving the kayak, canoeing and angling opportunities.","TARGETSPECIES":"brown trout","TECHNIQUESSTRUCTURES":"Angler/hunter paths, Log sills, Native seed planting, Overhead bank cover, Wing Deflector"}},{"type":"Feature","geometry":{"type":"LineString","coordinates":[[-90.6672,43.6461],[-90.6663,43.6449],[-90.6622,43.643]]},"properties":{"WATERBODYNAMECOMBINED":"Weister Creek","SITENAMECOMBINED":"Weister Creek - Kickapoo Valley Reserve - Phase 2","FISCALYEAR":2016,"PROJECTPURPOSE":"The purpose of this project is to stabilize eroding stream banks, create in-stream cover for trout and open up the floodway.  Maintenance work needed to be performed after major flooding had damaged the stream work that was done in the 1990's.","TARGETSPECIES":"brown trout","TECHNIQUESSTRUCTURES":"Bank sloping, Boulder retard, Channel shaping, Grade control measures, Log, Rootwad and Boulder revetments, LUNKERS, Material removal, Plunge pools, Rip Rap, Stream crossing, Trees/rootwads, Weir"}},{"type":"Feature","geometry":{"type":"LineString","coordinates":[[-91.3128,46.6844],[-91.3153,46.6844],[-91.317,46.6854],[-91.3184,46.6877],[-91.3191,46.6877],[-91.3189,46.689],[-91.3181,46.6893],[-91.3192,46.69],[-91.318,46.6915],[-91.3188,46.6924],[-91.3215,46.6929],[-91.322,46.6936],[-91.3266,46.6937],[-91.3273,46.6945],[-91.3266,46.6945]]},"properties":{"WATERBODYNAMECOMBINED":"West Fork Flag River","SITENAMECOMBINED":"West Fork Flag R","FISCALYEAR":2016,"PROJECTPURPOSE":" - Maintain and inspect channel substrate and cover and riparian zone vegetation to promote naturally reproducing river resident and Lake Superior Salmonids such as Brook Trout, Rainbow Trout (Steelhead), Brown Trout, and Coho Salmon. \r\n\r\n- Remove potential fish migration barriers.\r\n\r\n- Conduct fish survey as background data for future habitat project(s).","TARGETSPECIES":"brown trout, rainbow trout, coho salmon, brook trout","TECHNIQUESSTRUCTURES":"Migration barriers"}},{"type":"Feature","geometry":{"type":"LineString","coordinates":[[-89.2827,44.0472],[-89.2806,44.0457],[-89.2809,44.0452],[-89.2807,44.0448],[-89.2801,44.0453],[-89.2776,44.0443],[-89.2778,44.0436],[-89.2773,44.0424],[-89.2763,44.0429],[-89.2757,44.0423],[-89.2759,44.0409],[-89.2748,44.0403],[-89.2735,44.0404],[-89.2727,44.04],[-89.2726,44.0393]]},"properties":{"WATERBODYNAMECOMBINED":"White River","SITENAMECOMBINED":"White River - Cottonville Ave","FISCALYEAR":2016,"PROJECTPURPOSE":"The goal for the final year of this project (2013) was to improve angler access, increase trout holding potential and provide an outstanding trout fishing opportunity. Crews installed various habitat structures to provide cover for adult trout and utilized stream channel manipulation techniques to promote scouring and transport of sediment- increasing pool/overhead cover. \r\n\r\nThe town of Wautoma was established in the late 1800's on the banks of the White River and its tributaries. Project location is just two miles south of town and provides anglers with one of the best opportunities in Wisconsin to catch larger than average brown trout and occasionally a beautiful rainbow trout. The stories and history of trout angling through out this river are countless. One example of the love for this stream and it's angling lore is the book \"Le Shack: A Very Special Fishing Place\" by Jim Chapralis.  The angler stories center around a cabin located just upstream of the current project location.  There is a bench commemorating Le Shack and Mr. Chapralis located at a public parking area just east of the Cottonville Rd bridge.\r\nThis section of river is a popular angling destination in Central Wisconsin. Especially during the famous nighttime \"Hex Hatch\" which occurs during the months of June through July when adult Hexagenia limbata mayflies emerge. \r\nWhile this sand dominated, lower reach of river has many issues working against the trout populations and angling opportunity, the issue that effects trout habitat most directly is the dominance of the invasive, exotic Reed Canary Grass (RCG) throughout the White River floodplain. The rhizomal root systems of RCG grow laterally along impenetrable native streambank substrates, such as peat. This growth results in streambank fragmentation of large, mobile RCG vegetative mats, which also contain the uppermost layers of native riparian substrate. Each vegetative mat lost from the streambank results in a domino effect of fragmentation and stream widening. The rivers natural ability to transport sediment and deposit them outside of the main channel is compromised and trout habitat, such as deep pools, are filled in with sand.\r\nThe goals of the project are as follows: \r\n-Stabilize streambanks by protecting actively eroding streambanks with christmas trees and dredged sand spoils. \r\n-Improve the natural ability of the river to transport fine sediments, deposit these sediments outside of the main channel, and to scour pools. This will be accomplished by installing wing deflectors composed of christmas trees, cut brush, coarse wood, and sand spoils.\r\n-Enhance adult trout habitats, specifically overhead and cover habitats, by installing submerged tree structures.\r\n-Excessive amounts of sand have created a broad, shallow flat just above the White River Flowage.  Adult trout are known to over winter in the flowage proper. Habitat improvements hope to reconnect the upper river for trout migration out of the flowage by scouring a channel through this shallow zone.\r\n-Work completed through this project will increase angler opportunities by providing more deep water holding cover areas adjacent to refuge cover as well.","TARGETSPECIES":"brown trout","TECHNIQUESSTRUCTURES":"Angler/hunter paths, Bank shaping and planting, Channel shaping, Log sills, Native tree/shrub planting, Streambank re-establishment, Wing Deflector"}},{"type":"Feature","geometry":{"type":"LineString","coordinates":[[-88.4431,45.0384],[-88.4428,45.0378],[-88.446,45.036],[-88.4456,45.0349],[-88.4459,45.0338],[-88.4419,45.0318],[-88.4418,45.0294],[-88.4427,45.0273],[-88.4402,45.0254],[-88.4401,45.0246],[-88.4364,45.0237],[-88.4349,45.0242],[-88.4333,45.0235],[-88.4282,45.0241],[-88.4269,45.022],[-88.4256,45.0227],[-88.4247,45.0222],[-88.4243,45.0214],[-88.4224,45.0221],[-88.4192,45.0214],[-88.4183,45.0224],[-88.4162,45.0218]]},"properties":{"WATERBODYNAMECOMBINED":"South Branch Oconto River","SITENAMECOMBINED":"South Branch Oconto River - Spruce Rd","FISCALYEAR":2016,"PROJECTPURPOSE":"The project involves cutting, repositioning and anchoring of leaning and fallen trees on the South Branch Oconto River.  For this pahse of the project, the focus area is the end of Spruce Road downstream to Highway 32.  Future phases will focus on other areas of SBOR and separate permits will be obtained for any future work outside of the current project area.  Many of the trees are willows that have fallen or are leaning perpendicular to the stream and have impeded navigation and resulted in wider, shallower areas.  As a result, we've received complaints from some landowners and anglers which prompted us to seek and receive WDNR Trout Stamp funds for a habitat improvement project to improve fish habitat, fishing opportunities, and navigability of the stream.  WDNR staff from the Wild Rose Operations crew will use chainsaws and gas-powered winches (no heavy equipment) to cut and reposition trees at angles to make the woody debris more beneficial as trout habitat in the stream.  Any trees requiring anchoring will be anchored with galvanized steel cable, duckbill anchors, and cable clamps.  Much of the work will be done on state lands in the SBOR Fishery Area; but there may be some trees on private lands within the riparian zone adjacent to the stream that may need cutting or repositioning.  This project will improve navigation and fish habitat on approximately 3 miles of stream.","TARGETSPECIES":"Brook and Brown trout","TECHNIQUESSTRUCTURES":null}},{"type":"Feature","geometry":{"type":"LineString","coordinates":[[-89.7803,43.8398],[-89.7806,43.8409],[-89.7812,43.8414],[-89.7834,43.842]]},"properties":{"WATERBODYNAMECOMBINED":"Campbell Creek","SITENAMECOMBINED":"Campbell Creek Upstream CTY A","FISCALYEAR":2012,"PROJECTPURPOSE":"Campbell Creek is a Class I trout stream containing healthy naturally reproducing populations of both brook and brown trout. In the winter of 2008 a brushing project was done along a 1500 foot stretch of stream. The stream was extremely choked with tag alder, making it inaccessible to anglers. We are trying to prevent the regrowth of tag alder and go in annually to cut new growth alder.","TARGETSPECIES":null,"TECHNIQUESSTRUCTURES":"brushing, large woody debris"}},{"type":"Feature","geometry":{"type":"MultiLineString","coordinates":[[[-89.623,44.1741],[-89.6251,44.1738],[-89.6283,44.1745],[-89.6301,44.1743],[-89.6311,44.175],[-89.6324,44.1746],[-89.6327,44.1752],[-89.633,44.1748],[-89.6337,44.1751],[-89.634,44.1747],[-89.6341,44.1751],[-89.6351,44.175],[-89.6354,44.1756],[-89.636,44.1752],[-89.6382,44.1757],[-89.6396,44.1755],[-89.6401,44.1749],[-89.6417,44.1753],[-89.643,44.1749]],[[-89.6277,44.1744],[-89.6301,44.1743],[-89.6314,44.1749],[-89.6301,44.1743],[-89.6277,44.1744]]]},"properties":{"WATERBODYNAMECOMBINED":"Big Roche-A-Cri Creek","SITENAMECOMBINED":"Big Roche-A-Cri Creek-Archer Drive","FISCALYEAR":2015,"PROJECTPURPOSE":"Purpose of the project was to maintain previously installed jetted overhead bank covers. During the summers of 1979 and 1980 over 3,500 feet of jetted overhead bank covers were installed in the stream. Many of the structures had collapsed and were no longer providing any benefit therefore they needed to be removed from the stream and eventually replaced with new materials. It was determined that only small segments of jetted overhead covers would be replaced.","TARGETSPECIES":"brook trout and brown trout","TECHNIQUESSTRUCTURES":"Boulder retard, Log, Rootwad and Boulder revetments, Log/brush/rock shelters, Overhead bank cover, Plunge pools, Wing Deflector"}},{"type":"Feature","geometry":{"type":"MultiLineString","coordinates":[[[-89.623,44.1741],[-89.6251,44.1738],[-89.6283,44.1745],[-89.6301,44.1743],[-89.6311,44.175],[-89.6324,44.1746],[-89.6327,44.1752],[-89.633,44.1748],[-89.6337,44.1751],[-89.634,44.1747],[-89.6341,44.1751],[-89.6351,44.175],[-89.6354,44.1756],[-89.636,44.1752],[-89.6382,44.1757],[-89.6396,44.1755],[-89.6401,44.1749],[-89.6417,44.1753],[-89.643,44.1749]],[[-89.6277,44.1744],[-89.6301,44.1743],[-89.6314,44.1749]]]},"properties":{"WATERBODYNAMECOMBINED":"Big Roche-A-Cri Creek","SITENAMECOMBINED":"Big Roche-A-Cri Creek-Archer Drive","FISCALYEAR":2016,"PROJECTPURPOSE":"Improve overhead cover for juvenile and adult trout.  Narrow stream to remove fine sediment  and improve stream depth and pool habitat.","TARGETSPECIES":"brook trout and brown trout","TECHNIQUESSTRUCTURES":"Boulder retard, Log, Rootwad and Boulder revetments, Log/brush/rock shelters, Overhead bank cover, Plunge pools, Wing Deflector, Christmas Tree Bundles"}},{"type":"Feature","geometry":{"type":"LineString","coordinates":[[-89.7755,43.8378],[-89.7764,43.8376],[-89.7779,43.8382],[-89.7784,43.8391],[-89.78,43.8393],[-89.7803,43.8398]]},"properties":{"WATERBODYNAMECOMBINED":"Campbell Creek","SITENAMECOMBINED":"Campbell Creek Downstream of CTY A","FISCALYEAR":2016,"PROJECTPURPOSE":"Maintenance brushing to remove tag adler and other pioneer tree species.  Leave larger desirable super canopy trees.","TARGETSPECIES":"brown trout","TECHNIQUESSTRUCTURES":"Brush Removal"}},{"type":"Feature","geometry":{"type":"LineString","coordinates":[[-89.2761,44.4297],[-89.2759,44.4309],[-89.2764,44.4318]]},"properties":{"WATERBODYNAMECOMBINED":"Tomorrow River","SITENAMECOMBINED":"Tomorrow River - Keener Road","FISCALYEAR":2012,"PROJECTPURPOSE":"The Tomorrow River is a Class I trout stream supporting healthy naturally reproducing populations of both brook and brown trout. The purpose of the project was to create desired overhead and mid channel cover for trout. The original stream was wide, shallow and contained very lissle instream cover. Wing deflectors narrowed the stream channel increasing water flows and stream depth. Instream cover was also added.","TARGETSPECIES":"brown trout","TECHNIQUESSTRUCTURES":"LUNKERs, Mid stream islands, wing dams, half logs/whole logs, boulder retards"}},{"type":"Feature","geometry":{"type":"LineString","coordinates":[[-89.2991,44.4831],[-89.3006,44.482],[-89.3,44.4815],[-89.2998,44.4795],[-89.2973,44.4791],[-89.2955,44.4769],[-89.2967,44.4762],[-89.2953,44.4756]]},"properties":{"WATERBODYNAMECOMBINED":"Tomorrow River","SITENAMECOMBINED":null,"FISCALYEAR":2014,"PROJECTPURPOSE":"To narrow the channel of the stream using wing deflectors. Lunker structures were installed to provide lacking overhead cover for trout. Mid channel cover was also lacking, therefore boulders were installed to provide cover.","TARGETSPECIES":"brook trout and brown trout","TECHNIQUESSTRUCTURES":"Boulder retard, LUNKERS, Wing Deflector"}},{"type":"Feature","geometry":{"type":"MultiLineString","coordinates":[[[-89.2394,44.2971],[-89.2384,44.2975],[-89.2375,44.2973],[-89.2371,44.2977],[-89.2386,44.3001],[-89.2383,44.3012],[-89.2355,44.3017],[-89.23,44.3004],[-89.2282,44.3011],[-89.2283,44.3015]],[[-89.2374,44.3012],[-89.2355,44.3017],[-89.2345,44.3013]]]},"properties":{"WATERBODYNAMECOMBINED":"Emmons Creek","SITENAMECOMBINED":"Christmas Tree Bundling Annual Project","FISCALYEAR":2014,"PROJECTPURPOSE":"To maintain previously installed X-mas tree bundles . During the spring and summer of 2006 and 2007, 52 brush bundles consisting of collected Christmas Trees were used to narrow the stream channel. In return this sped up the flow of the water as well as washed away unwanted sediment from the stream bottom exposing substrate more suitable for trout spawning. Many of the bundles have not collected enough sediment to completely fill in and allow grasses to take hold. With the addition of more trees to the existing bundles sediment will continue to be deposited and eventually grasses will take hold forming a stream bank.","TARGETSPECIES":"brown trout","TECHNIQUESSTRUCTURES":"Brush bundle/matresses"}},{"type":"Feature","geometry":{"type":"LineString","coordinates":[[-89.3297,44.5127],[-89.3278,44.5113]]},"properties":{"WATERBODYNAMECOMBINED":"Tomorrow River","SITENAMECOMBINED":"Tomorrow RIver Hillside Road","FISCALYEAR":2012,"PROJECTPURPOSE":"The Tomorrow River is a Class I trout stream supporting healthy naturally reproducing populations of both brook and brown trout. Due to past agricultural practices, and natural stream aging processes, the stream currently is wide and shallow, supporting minimal cover for fish, nearly inaccessible to anglers, containing dense Tag Alder or Prickly Ash growth. The stream is a highly utilized public fishery area. Past trout habitat improvements have attracted anglers creating a positive angling experience. Improvements not only create desirable habitat for trout and other fish, but also non-fish species. Improvements create habitat for many amphibian and reptile species as well as habitat for waterfowl, nesting songbirds and rabbits.","TARGETSPECIES":null,"TECHNIQUESSTRUCTURES":"jetted overhead bank covers, boulders, logs, root wads, Christmas tree bundles"}},{"type":"Feature","geometry":{"type":"LineString","coordinates":[[-91.3036,44.4829],[-91.3033,44.4813],[-91.3042,44.4806],[-91.3041,44.4785]]},"properties":{"WATERBODYNAMECOMBINED":"North Branch Elk Creek","SITENAMECOMBINED":null,"FISCALYEAR":2012,"PROJECTPURPOSE":"Restrict cattle access to stream, stabilize eroding stream banks","TARGETSPECIES":null,"TECHNIQUESSTRUCTURES":"bank sloping, riprap, cattle crossing, deflector logs, log v-dam, fencing"}},{"type":"Feature","geometry":{"type":"LineString","coordinates":[[-91.6335,44.3465],[-91.6555,44.3464]]},"properties":{"WATERBODYNAMECOMBINED":"Danuser Creek","SITENAMECOMBINED":"Danuser Creek - Buffalo Co.","FISCALYEAR":2013,"PROJECTPURPOSE":"Stabilize eroding stream banks and improve instream havitat with logs, LUNKERs, weirs. Establish a native grass buffer next to the stream.","TARGETSPECIES":"Brook Trout","TECHNIQUESSTRUCTURES":"brush removal and bank shaping and planting, overhead bank cover"}},{"type":"Feature","geometry":{"type":"MultiLineString","coordinates":[[[-91.4526,44.4096],[-91.4522,44.41],[-91.4521,44.4092],[-91.4508,44.4092]],[[-91.4508,44.4092],[-91.4482,44.4091]]]},"properties":{"WATERBODYNAMECOMBINED":"Borst Valley Creek","SITENAMECOMBINED":null,"FISCALYEAR":null,"PROJECTPURPOSE":null,"TARGETSPECIES":null,"TECHNIQUESSTRUCTURES":"large woody debris, wing dams, rock vortex weirs, plunge pools, boulder retards, riprap, LUNKERs, instream, various, channel shaping, bank stabilization"}},{"type":"Feature","geometry":{"type":"MultiLineString","coordinates":[[[-91.5476,44.2915],[-91.5482,44.29],[-91.547,44.2899],[-91.5473,44.2894]],[[-91.5504,44.2954],[-91.5495,44.2933],[-91.5478,44.2925],[-91.5476,44.2915]],[[-91.5523,44.2972],[-91.5504,44.2954]]]},"properties":{"WATERBODYNAMECOMBINED":"Swinns Valley Creek","SITENAMECOMBINED":null,"FISCALYEAR":2012,"PROJECTPURPOSE":"Stabilize eroding stream banks, remove box elder trees, debris, improve instream trout habitat","TARGETSPECIES":null,"TECHNIQUESSTRUCTURES":"jetted trout structures, deflector logs, rock weirs, log v-dam, mid channel boulder clusters, mid channel boulders on posts, turtle hibernaculum, riprap, tree/stump removal, bank shaping seeding.mulching, angler parking areas"}},{"type":"Feature","geometry":{"type":"MultiLineString","coordinates":[[[-91.6805,44.229],[-91.6805,44.2282],[-91.6811,44.228],[-91.6803,44.2275],[-91.6808,44.2274],[-91.6802,44.2271],[-91.6805,44.2267],[-91.6799,44.2264],[-91.6802,44.2267],[-91.6798,44.2268],[-91.6797,44.2263],[-91.679,44.2268],[-91.6793,44.2263],[-91.6785,44.2263]],[[-91.6785,44.2263],[-91.6784,44.2262]]]},"properties":{"WATERBODYNAMECOMBINED":"Eagle Valley Creek","SITENAMECOMBINED":null,"FISCALYEAR":null,"PROJECTPURPOSE":"Eagle Creek is a Class III trout water. Evaluation of the WI Priority Watershed Program for Improving Stream Habitat and Fish Communities (1994) documented a much improved aquatic system with substantially reduced bank erosion and improved bank vegetation. However, there was no notice of a rebound in the trout fisher. Later surveys conducted in 2001 and 2007 found natural reproduction of brook trout in the upstream segment and adults ranging from 4-14 inches downstream. Brown trout are the only species stocked in Eagle Creek. Our intent is to compliment riparian improvements with instream habitat restoration through installation of numerous bank structures for overhead cover, rip-rapping and sloping to stabilize banks and cover structures, placing brush bundles, current deflectors and grade controls where needed, and creating spawning areas.","TARGETSPECIES":null,"TECHNIQUESSTRUCTURES":"boulder retards, riprap, rock vortex weirds, half logs/whole logs, large woody debris, LUNKERs"}},{"type":"Feature","geometry":{"type":"LineString","coordinates":[[-90.9969,44.3981],[-90.9975,44.3975],[-90.9965,44.3957]]},"properties":{"WATERBODYNAMECOMBINED":"North Branch Trempealeau River","SITENAMECOMBINED":null,"FISCALYEAR":2012,"PROJECTPURPOSE":"North Branch Trempealeau River is a Class I trout water. The project area includes 52 acres of State owned property and an adjoining 3/4 mile of water downstream held in public easemtn. This entire area was subject to past WDNR trout habitat restoration efforts (approximately 20 years ago). These efforts focused mostly on stabilizing eroded corners and incorporating overhead trout cover into these corners. Much of this work is in dire need of repair or replacement. Also, past storm events toppled trees over much of the stream corridor creating obstacles to angling efforts without providing any substantial habitat benefits. Our intent is to clean up these areas, restore or repair past habitat devices, incorporate additional habitat structures for young-of-year and adult trout, aquatic invertebrates, and forage fish, and stabilize more length of stream bank.","TARGETSPECIES":null,"TECHNIQUESSTRUCTURES":"log clusters (overhead cover, invert attachment surface), rock weirs"}},{"type":"Feature","geometry":{"type":"LineString","coordinates":[[-91.1158,44.3129],[-91.1175,44.3139],[-91.1175,44.3143],[-91.1205,44.3171]]},"properties":{"WATERBODYNAMECOMBINED":"French Creek","SITENAMECOMBINED":null,"FISCALYEAR":2011,"PROJECTPURPOSE":"French Creek is an 8.3 mile coldwater tributary to the Trempealeau River located in Springfield Township, Jackson County near the village of Taylor. The stream was narrowed to improve flow and water temperature characteristics and expose preexisting gravel.","TARGETSPECIES":null,"TECHNIQUESSTRUCTURES":"brushed, rocked, sloped, raked and seeded, cover logs, mid channel boulders, riffles, pluge pools, rock wing deflectors, grade controls, riprap"}},{"type":"Feature","geometry":{"type":"MultiLineString","coordinates":[[[-91.5085,44.3803],[-91.4991,44.3807]],[[-91.4991,44.3807],[-91.4983,44.3808]]]},"properties":{"WATERBODYNAMECOMBINED":"Traverse Valley Creek","SITENAMECOMBINED":null,"FISCALYEAR":2011,"PROJECTPURPOSE":null,"TARGETSPECIES":null,"TECHNIQUESSTRUCTURES":"Bank shaping, riprap, LUNKERs, deflector logs, weirs"}},{"type":"Feature","geometry":{"type":"MultiLineString","coordinates":[[[-91.4538,44.3606],[-91.4522,44.3593],[-91.4495,44.3582],[-91.45,44.3561]],[[-91.4548,44.3616],[-91.4538,44.3606]],[[-91.4563,44.3633],[-91.4548,44.3616]]]},"properties":{"WATERBODYNAMECOMBINED":"Traverse Valley Creek","SITENAMECOMBINED":null,"FISCALYEAR":2011,"PROJECTPURPOSE":"Repair 2010 flood damage","TARGETSPECIES":null,"TECHNIQUESSTRUCTURES":"riprap, bank shaping"}},{"type":"Feature","geometry":{"type":"LineString","coordinates":[[-92.2771,44.5443],[-92.2785,44.5442]]},"properties":{"WATERBODYNAMECOMBINED":"Unamed (North Spring of Pine Creek)","SITENAMECOMBINED":null,"FISCALYEAR":2017,"PROJECTPURPOSE":"bank stabilization for brook trout spawning area","TARGETSPECIES":"brook trout","TECHNIQUESSTRUCTURES":"bank shaping and planting, rip rap"}},{"type":"Feature","geometry":{"type":"MultiLineString","coordinates":[[[-90.0031,42.93],[-90.0034,42.9283],[-90.0024,42.9282]],[[-90.0041,42.9246],[-90.0036,42.9235]],[[-90.0024,42.9282],[-90.0036,42.9263],[-90.0028,42.9253],[-90.0041,42.9246]],[[-90.0041,42.9246],[-90.0041,42.9246]]]},"properties":{"WATERBODYNAMECOMBINED":"Conley Lewis Creek","SITENAMECOMBINED":"Upstream from County W","FISCALYEAR":2016,"PROJECTPURPOSE":"Tree and brush removal to maintain meadow riparian corridor and restore grasses for bank stability.","TARGETSPECIES":"Brown Trout","TECHNIQUESSTRUCTURES":null}},{"type":"Feature","geometry":{"type":"LineString","coordinates":[[-89.1851,44.3747],[-89.1845,44.3751],[-89.1845,44.3763],[-89.1837,44.3768],[-89.1836,44.3781],[-89.1841,44.3787],[-89.1838,44.3796],[-89.1815,44.3807],[-89.1786,44.3806]]},"properties":{"WATERBODYNAMECOMBINED":"Waupaca River","SITENAMECOMBINED":"HWY Q","FISCALYEAR":2017,"PROJECTPURPOSE":"The objectives of the project are to: rebuild overhead covers structures from previous habitat enhancement project (1992); increase cover habitat by installing instream brush bundles and large wood structures; increase stream depth to this thermally challenged section of river. The project site is located just west of the city of Waupaca between Highway 10 and Highway 54. This section of river is popular with kayakers and canoeists because of the newly installed (2011) DNR canoe landing located at the upstream boundary of the project. Fisheries personnel completed a trout habitat enhancement project here in the mid 1990's, installing islands and boulder clusters to improve depth/holding cover and to provide anglers and paddlers with a beautiful and unique Central Wisconsin river experience. Previous to the habitat improvement project, the river was wide and shallow.  Now that the river has established good depth and aesthetics, fish holding/refuge can be improved. The goals of the project are to add overhead cover structures and increase habitat complexity with the addition of submerged tree structures while maintaining and improving the kayak, canoeing and angling opportunities.","TARGETSPECIES":"brown trout","TECHNIQUESSTRUCTURES":null}},{"type":"Feature","geometry":{"type":"MultiLineString","coordinates":[[[-88.4982,42.9103],[-88.4982,42.9084],[-88.4992,42.9074]],[[-88.4983,42.9179],[-88.4982,42.9103]],[[-88.5031,42.905],[-88.5061,42.9024]],[[-88.4935,42.9182],[-88.4983,42.918]],[[-88.5004,42.9067],[-88.5031,42.905]],[[-88.4871,42.9179],[-88.4887,42.9176],[-88.4902,42.9182],[-88.4935,42.9182]],[[-88.4992,42.9074],[-88.5004,42.9067]]]},"properties":{"WATERBODYNAMECOMBINED":"Scuppernong River","SITENAMECOMBINED":"kettle Moraine State Forest - Southern Unit upstream of Hwy N","FISCALYEAR":2016,"PROJECTPURPOSE":"This project seeks funding for continuation of bank stabilization efforts on the Scuppernong Springs headwaters.  Biologs, brush bundles, boulders, root wads and course woody structure will be added to the stream to enhance habitat. Waukesha County has a limited amount of trout waters and excessive amounts of anglers.  Each year thousands of anglers fish this small trout stream located in the heart of the Kettle Moraine State Forest \u2013 Southern Unit.  Scuppernong Springs (WBIC 817600  Lat/Lon:42\u00b0 56' 8\" N, 88\u00b0 28' 3\" W), trout stream has excellent angler access with paved parking and breathtaking views of one of the largest continuous prairie restoration projects in the state.  The headwater area has been the focus of much restoration efforts including dam removal, bank stabilization and habitat enhancements.  This project will continue to improve and enhance this high quality stream and provide habitat for brook trout natural reproduction. This project will continue restoration efforts on 1/2 mile of class II trout stream using various methods including course woody structure installation, brush bundles, in-stream pool, riffle run sequencing and aquatic and terrestrial plant management.  External cooperation with three chapters of Trout Unlimited will create positive outreach. Before and after habitat improvement IBI scores will be calculated a fisheries report will be generated.  This project will also incorporate inter-disciplinary ecosystem management by working closely with water resource managers, endangered resources and the state forest naturalist.","TARGETSPECIES":"Brook Trout","TECHNIQUESSTRUCTURES":null}},{"type":"Feature","geometry":{"type":"MultiLineString","coordinates":[[[-89.826,42.8745],[-89.8255,42.874],[-89.826,42.8736],[-89.8285,42.8739]],[[-89.8285,42.8739],[-89.831,42.8738]]]},"properties":{"WATERBODYNAMECOMBINED":"Kittleson Valley Creek","SITENAMECOMBINED":"River Forks Road - Southwest Dane County","FISCALYEAR":2018,"PROJECTPURPOSE":"Installations of wood habitat, bank sloping, and improving angler access/fishability. Much of the material can be found on site. Structures proposed for this project include cross logs, root wads, log sills, small bank covers, intstream boudlers, vortex weirs, and bank sloping.","TARGETSPECIES":"brown trout","TECHNIQUESSTRUCTURES":null}},{"type":"Feature","geometry":{"type":"MultiLineString","coordinates":[[[-91.4197,44.4093],[-91.4203,44.4084],[-91.422,44.4083],[-91.4224,44.4073]],[[-91.418,44.41],[-91.4196,44.4097],[-91.4197,44.4093]]]},"properties":{"WATERBODYNAMECOMBINED":"Elk Creek","SITENAMECOMBINED":"Bob and Nancy Huff property upstream of Highway 121","FISCALYEAR":2017,"PROJECTPURPOSE":"Remove undesirable tree species (box/tag elder) and stabilized/reslope existing stream banks to provide better access of stream to floodplain; add in stream cover and pool depth via cross channel logs, root wads, rock weirs and midstream boulders; Improve angler access and promote fishing opportunities in an urban setting.","TARGETSPECIES":"brook trout","TECHNIQUESSTRUCTURES":"brush removal"}},{"type":"Feature","geometry":{"type":"MultiLineString","coordinates":[[[-89.1485,44.3105],[-89.1457,44.3097],[-89.1452,44.3091],[-89.1452,44.3083],[-89.142,44.307],[-89.1415,44.3077],[-89.1394,44.3079],[-89.1391,44.3087],[-89.1371,44.3095],[-89.136,44.3105],[-89.1342,44.3106],[-89.1342,44.3115],[-89.1331,44.3117],[-89.1321,44.3127],[-89.1317,44.3142],[-89.1268,44.3135],[-89.1258,44.3137],[-89.1262,44.3142],[-89.1251,44.3142],[-89.1238,44.3149],[-89.1238,44.3155],[-89.1203,44.3155]],[[-89.1181,44.3159],[-89.1163,44.3171],[-89.1149,44.3194],[-89.1112,44.3186],[-89.1099,44.3192]],[[-89.1489,44.3106],[-89.1485,44.3105]],[[-89.1525,44.3094],[-89.1511,44.3093]],[[-89.1574,44.3123],[-89.1566,44.3106],[-89.1533,44.3103]],[[-89.1574,44.3123],[-89.1583,44.3124],[-89.159,44.3117],[-89.1595,44.3128],[-89.1574,44.3123]],[[-89.1533,44.3103],[-89.1525,44.3094]],[[-89.1511,44.3093],[-89.1489,44.3106]],[[-89.1203,44.3155],[-89.1181,44.3159]]]},"properties":{"WATERBODYNAMECOMBINED":"Crystal River","SITENAMECOMBINED":null,"FISCALYEAR":2018,"PROJECTPURPOSE":"Investigation and habitat assessment of Crystal River from Rural Millpond to Little Hope Dam removal site. Also, Provide managers and private landowners a plan for trout stream restoration through the Little Hope Pond site.","TARGETSPECIES":"Brown Trout","TECHNIQUESSTRUCTURES":null}},{"type":"Feature","geometry":{"type":"MultiLineString","coordinates":[[[-90.9208,46.6715],[-90.9206,46.6709],[-90.9189,46.6704],[-90.9189,46.6697],[-90.9167,46.6687]],[[-90.9369,46.6737],[-90.937,46.6743],[-90.936,46.6739],[-90.9354,46.6744],[-90.9327,46.6742],[-90.9313,46.6739],[-90.9304,46.6728],[-90.928,46.6732],[-90.9272,46.6721]],[[-90.9272,46.6721],[-90.9267,46.6714],[-90.9241,46.6704],[-90.9221,46.6706],[-90.9208,46.6715]]]},"properties":{"WATERBODYNAMECOMBINED":"Thompson Creek","SITENAMECOMBINED":null,"FISCALYEAR":2017,"PROJECTPURPOSE":"Inspect channel and riparian zone for habitat impairments and future habitat modifications","TARGETSPECIES":"brook trout","TECHNIQUESSTRUCTURES":null}},{"type":"Feature","geometry":{"type":"LineString","coordinates":[[-91.6551,46.5249],[-91.6551,46.5252]]},"properties":{"WATERBODYNAMECOMBINED":"Nebagamon Creek","SITENAMECOMBINED":"Town of Brule","FISCALYEAR":2018,"PROJECTPURPOSE":"Remove failing railroad grade and companion culvert; restore fish passage and eliminate catastrophic bank failure and sediment release","TARGETSPECIES":"brown trout, steelhead, coho salmon, brook trout","TECHNIQUESSTRUCTURES":null}},{"type":"Feature","geometry":{"type":"LineString","coordinates":[[-92.5764,44.7191],[-92.5723,44.7177]]},"properties":{"WATERBODYNAMECOMBINED":"Trimbelle River","SITENAMECOMBINED":"Holst Easement at confluence of Spring Creek and Trimbelle River","FISCALYEAR":2017,"PROJECTPURPOSE":"Create adult fish habitat. Minimize erosion and sedimentation. Provide quality angling experience.","TARGETSPECIES":"brook trout and brown trout","TECHNIQUESSTRUCTURES":"stream crossing, grade control measures, plunge pools, trees/rootwads, LUNKERS, rip rap, bank shaping and planting"}},{"type":"Feature","geometry":{"type":"LineString","coordinates":[[-89.5185,42.9135],[-89.5183,42.9133],[-89.5206,42.9131],[-89.523,42.912]]},"properties":{"WATERBODYNAMECOMBINED":"Sugar River","SITENAMECOMBINED":null,"FISCALYEAR":2017,"PROJECTPURPOSE":"Increase amount of adult trout habitat","TARGETSPECIES":"brown trout","TECHNIQUESSTRUCTURES":"LUNKERS, overhead bank cover, log sills"}},{"type":"Feature","geometry":{"type":"MultiLineString","coordinates":[[[-89.1906,44.2077],[-89.191,44.2058],[-89.1903,44.2057],[-89.1895,44.2049]],[[-89.1967,44.2126],[-89.1956,44.2108],[-89.1906,44.2077]]]},"properties":{"WATERBODYNAMECOMBINED":"Davies Creek","SITENAMECOMBINED":null,"FISCALYEAR":2018,"PROJECTPURPOSE":"Severe storms in 2017 brought down dozens of large cottonwood, maple, and oaks trees throughout the riparian corridor. Recreational access was impossible. The Fox Valley Chapter of Wisconsin Trout Unlimited has a long standing investment in this project and continues to work to keep the stream corridor accessible to the public and free of invasive exotic vegetation.","TARGETSPECIES":"brook trout and brown trout","TECHNIQUESSTRUCTURES":"log sills, exotic vegetation removal, brush bundle/mattresses, angler/hunter paths"}},{"type":"Feature","geometry":{"type":"MultiLineString","coordinates":[[[-90.43,43.2969],[-90.427,43.2963],[-90.4271,43.2959],[-90.4263,43.2955],[-90.4268,43.2952],[-90.4267,43.2946],[-90.4244,43.2936]],[[-90.4311,43.2983],[-90.4296,43.2972],[-90.43,43.2969]],[[-90.4244,43.2936],[-90.4207,43.2929]]]},"properties":{"WATERBODYNAMECOMBINED":"Ash Creek","SITENAMECOMBINED":"West of State Hwy 80","FISCALYEAR":2015,"PROJECTPURPOSE":"This is a maintenance project to manage the early successional vegetation in stream riparian corridor to prevent regrowth of willow and box elder saplings.  These species of tree/brush make attractive food source for beaver and the intent is to prevent beaver from colonizing the area.","TARGETSPECIES":"Brook trout","TECHNIQUESSTRUCTURES":null}},{"type":"Feature","geometry":{"type":"MultiLineString","coordinates":[[[-91.6843,44.1949],[-91.684,44.1936]],[[-91.6805,44.1989],[-91.6816,44.1978],[-91.6813,44.1974],[-91.6818,44.197],[-91.6812,44.1967],[-91.6817,44.196],[-91.6826,44.1956],[-91.6846,44.1962],[-91.6843,44.1949]],[[-91.6796,44.2006],[-91.6794,44.1997],[-91.6805,44.1989]]]},"properties":{"WATERBODYNAMECOMBINED":"Eagle Valley Creek","SITENAMECOMBINED":"Fried Easement - Buffalo County","FISCALYEAR":2018,"PROJECTPURPOSE":"This project involves spot treatment of highly erodible streambanks as well as  installing overhead cover and improving pool depth for brook and brown trout.  Approximately 1/2 of the project was completed in FY 18 and the remainder will be finished in the following year.","TARGETSPECIES":"brook trout and brown trout","TECHNIQUESSTRUCTURES":"boulder retard, bank sloping, weir"}},{"type":"Feature","geometry":{"type":"MultiLineString","coordinates":[[[-88.623,45.1737],[-88.6206,45.1719]],[[-88.6189,45.1772],[-88.6207,45.1769],[-88.6209,45.1756],[-88.6215,45.1752],[-88.6231,45.176],[-88.6237,45.1752],[-88.623,45.1737]]]},"properties":{"WATERBODYNAMECOMBINED":"South Branch Oconto River","SITENAMECOMBINED":"Hwy T","FISCALYEAR":2016,"PROJECTPURPOSE":"The project site is located at the USFS South Branch Oconto Barrier-Free Fishing Trail, where 12 wheelchair accessible piers provide an excellent opportunity to catch beautiful, natural Brook Trout. There are only a few of these trails available in the entire country. The goals of the project were to increase cover habitats by installing log sills and brush bundles near fishing piers; increase stream velocity by narrowing stream width in widened sections by installing brush bundles; improve fishability for anglers by repositioning storm damaged trees.","TARGETSPECIES":"Brook trout","TECHNIQUESSTRUCTURES":"Angler/hunter paths, Bruch removal, Brush bundles/mattresses, Log sills, Streambank re-establishment"}},{"type":"Feature","geometry":{"type":"LineString","coordinates":[[-90.9247,43.6817],[-90.9273,43.6823],[-90.93,43.6818]]},"properties":{"WATERBODYNAMECOMBINED":"Spring Coulee Creek","SITENAMECOMBINED":"McKittrick Easement - TUDARE Addendum 8- One mile upstream from Spring Coulee Rd Bridge that is near Eide Rd.","FISCALYEAR":2015,"PROJECTPURPOSE":"The purpose of this project is to stabilize the stream banks, create cover for trout, and open up the floodway by removing trees along the stream corridor. This is the report for the first phase of this project which included tree removal and landscaping to allow for the stockpiling of riprap rock.  Rock will be hauled and stockpiled this winter with the stream work being performed during the summer of 2016.","TARGETSPECIES":"Brown trout","TECHNIQUESSTRUCTURES":null}},{"type":"Feature","geometry":{"type":"MultiLineString","coordinates":[[[-91.4812,44.4426],[-91.4809,44.4418],[-91.4792,44.4406]],[[-91.4829,44.4445],[-91.4829,44.4438],[-91.4813,44.4431],[-91.4812,44.4426]],[[-91.4792,44.4406],[-91.4797,44.4399],[-91.4793,44.4394],[-91.4798,44.4387],[-91.4788,44.4383]]]},"properties":{"WATERBODYNAMECOMBINED":"Borst Valley Creek","SITENAMECOMBINED":"Soggy Bottoms","FISCALYEAR":2015,"PROJECTPURPOSE":"Remove box elder, re-slope and stablize stream banks, install in-stream cover and create spawning areas.","TARGETSPECIES":"Brook Trout","TECHNIQUESSTRUCTURES":null}},{"type":"Feature","geometry":{"type":"MultiLineString","coordinates":[[[-91.2837,46.4493],[-91.2818,46.4499]],[[-91.2818,46.4499],[-91.2767,46.454]],[[-91.2961,46.4547],[-91.2933,46.4545],[-91.2895,46.453],[-91.2896,46.4523],[-91.2883,46.4515],[-91.2885,46.4507],[-91.2866,46.4487],[-91.2837,46.4493]]]},"properties":{"WATERBODYNAMECOMBINED":"South Fork White River","SITENAMECOMBINED":"Township of Delta, Bayfield County, Wisconsin.   T46N, R7W, SEC. 19","FISCALYEAR":2017,"PROJECTPURPOSE":"The South Fork of the White River is a headwater tributary to the White River and premier trout stream to both Bayfield County and the State of Wisconsin.  The South Fork supports viable sport fisheries for both brown and brook trout and is also known to support spawning migrations of brown trout from the White River\u2019s mainstem.  The entire stream thread lies within the White River Fishery Area, which was established in 1961 to insure public access to this unique resource and to protect this sensitive watershed from logging and development pressures.  Prior to acquisition by the state, much of the South Fork\u2019s 2.3 miles of stream thread was impounded by a series of artificial lakes maintained by previous proprietors for trout propagation and private fishing.  Through WDNR efforts ranging from dam removal, dredging, and intensive channel work much of the stream has been restored.Although past restorations efforts included stream-bank brushing much of the streams riparian corridor is now densely vegetated by the exotic shrub, glossy buckthorn, (Rhamnus frangula).  This invasive shrub dominates the riparian forest community resulting in allelopathic elimination of native forest species. The dominance of this shrub has resulted in reduced vegetative diversity along the riparian corridor and poor regeneration of large woody species beneficial to stream ecosystems.  In addition, dense buckthorn canopies are resulting in overly shaded stream environments, inhibiting macrophyte growth important to stabilizing stream sediments and providing cover for juvenile salmonids.  Riparian control of invasive buckthorns will help improve biotic and abiotic conditions for trout and aid the recruitment of large woody species critical to the stream\u2019s future health. Dense riparian growth of glossy buckthorn also hinders angler access to this popular fishing stream and limits opportunities for future in-stream projects in currently unimproved stream reaches.   No effort to control this detrimental species only stands to upset the important relationship between riparian and stream health and seems contrary to the Department priority of invasive species control.","TARGETSPECIES":"brook trout and brown trout","TECHNIQUESSTRUCTURES":"brush removal"}},{"type":"Feature","geometry":{"type":"MultiLineString","coordinates":[[[-89.4607,45.3708],[-89.4581,45.3709],[-89.4574,45.3694],[-89.4581,45.368],[-89.4595,45.367],[-89.462,45.3674],[-89.4636,45.3666],[-89.4637,45.366],[-89.4628,45.3653]],[[-89.4611,45.3712],[-89.4607,45.3708]]]},"properties":{"WATERBODYNAMECOMBINED":"Prairie River","SITENAMECOMBINED":"Above Gleason School forest - Lawless Lane access","FISCALYEAR":2017,"PROJECTPURPOSE":"This project area has already had habitat work done in the 1930\u2019s or 50\u2019s. Wing dams were installed to increase flows in certain sections.  These wing dams are failing in certain spots allowing the river to braid out decreasing flows. Our intention is to fix, and reinforce, these wing dams to keeps water flowing in the main channel of the river. We call this type of project \u201cDig and Pile\u201d, which means we are simply digging pools and runs and depositing the dug substrate into point bars, below the ordinary high water mark, in order to narrow the stream and increase flow. This will promote scouring of thalweg to increase spawning habitat, by maintaining a gravel and rubble substrate in spawning areas. Woody habitat and boulders will be added in the areas of stream that are deepened to increase overhead cover for trout. About 0.38 miles of river was completed in FY 2017.","TARGETSPECIES":"brook trout and brown trout","TECHNIQUESSTRUCTURES":"boulder retard, brush removal, channel shaping, trees/rootwads"}},{"type":"Feature","geometry":{"type":"LineString","coordinates":[[-91.2961,46.4547],[-91.2933,46.4545],[-91.2895,46.453],[-91.2896,46.4523],[-91.2883,46.4515],[-91.2885,46.4507],[-91.2866,46.4487],[-91.2837,46.4493]]},"properties":{"WATERBODYNAMECOMBINED":"South Fork White River","SITENAMECOMBINED":"Township of Detla","FISCALYEAR":2016,"PROJECTPURPOSE":"This project also covered inspection and maintenance of previously completed trout habitat projects on the South Fork of the White River in Bayfield County, Wisconsin.  Annual maintenance on previously completed trout habitat projects is necessary to insure the aesthetics, function and longevity of structures installed.  Unmaintained devices also pose a threat to public safety, resource integrity and department liability.","TARGETSPECIES":"Brook and brown trout","TECHNIQUESSTRUCTURES":null}},{"type":"Feature","geometry":{"type":"MultiLineString","coordinates":[[[-90.9851,43.8509],[-90.9854,43.8516],[-90.9876,43.8533],[-90.988,43.8543]],[[-90.988,43.8543],[-90.9903,43.8552]]]},"properties":{"WATERBODYNAMECOMBINED":"Dutch Creek","SITENAMECOMBINED":"Start point is 40 feet upstream from County Highway \"II\" bridge.","FISCALYEAR":2018,"PROJECTPURPOSE":"The purpose of this project was to respond to the damage from the flood of July of 2017.  Several easement landowners had called with concerns regarding trees that had come down after the flood.  The trees were removed from the floodway to prevent future stream bank damage if more flooding occurs.","TARGETSPECIES":"brown trout","TECHNIQUESSTRUCTURES":"brush removal, migration barriers, material removal"}},{"type":"Feature","geometry":{"type":"MultiLineString","coordinates":[[[-89.1842,44.2189],[-89.1846,44.2182],[-89.184,44.2176],[-89.1849,44.2166],[-89.1845,44.2149],[-89.1851,44.2149],[-89.1857,44.2128]],[[-89.1857,44.2128],[-89.1853,44.2122],[-89.1861,44.2096],[-89.186,44.2085],[-89.1853,44.208],[-89.1855,44.2075],[-89.1844,44.2073],[-89.1847,44.2066],[-89.1843,44.2053],[-89.1848,44.2047]]]},"properties":{"WATERBODYNAMECOMBINED":"Humphrey Creek","SITENAMECOMBINED":null,"FISCALYEAR":2018,"PROJECTPURPOSE":"Investigation of reports that degradation of trout habitats are reducing trout spawning success","TARGETSPECIES":"Brook trout and brown trout","TECHNIQUESSTRUCTURES":null}},{"type":"Feature","geometry":{"type":"LineString","coordinates":[[-90.9662,43.8423],[-90.9661,43.8431],[-90.967,43.843],[-90.9676,43.8434]]},"properties":{"WATERBODYNAMECOMBINED":"Dutch Creek","SITENAMECOMBINED":"J. Anderson Easement - Start point is 3/4 mile upstream from Coleman Road bridge.","FISCALYEAR":2017,"PROJECTPURPOSE":"The purpose of this project was to repair a machinery crossing that was installed in the 1980's along with removing two log jams that were created by the flood of September 2016.","TARGETSPECIES":"brown trout","TECHNIQUESSTRUCTURES":"stream crossing, material removal"}},{"type":"Feature","geometry":{"type":"MultiLineString","coordinates":[[[-88.4348,45.0242],[-88.4333,45.0235],[-88.4309,45.0239]],[[-88.4402,45.0247],[-88.4388,45.0239]],[[-88.4361,45.0237],[-88.4348,45.0242]],[[-88.4452,45.0395],[-88.443,45.0384]],[[-88.4388,45.0239],[-88.4361,45.0237]],[[-88.4309,45.0239],[-88.4297,45.0236],[-88.4282,45.0241],[-88.4269,45.022],[-88.426,45.0227],[-88.4249,45.0224],[-88.4243,45.0214],[-88.423,45.0221],[-88.4204,45.0217]],[[-88.4204,45.0217],[-88.4192,45.0214],[-88.4183,45.0224],[-88.4168,45.0219]],[[-88.443,45.0384],[-88.4428,45.0378],[-88.446,45.036],[-88.4456,45.0349],[-88.4459,45.0338],[-88.4419,45.0318],[-88.4418,45.0295],[-88.4427,45.0273],[-88.4402,45.0254],[-88.4402,45.0247]],[[-88.4471,45.0395],[-88.4452,45.0395]]]},"properties":{"WATERBODYNAMECOMBINED":"South Branch Oconto River","SITENAMECOMBINED":null,"FISCALYEAR":2018,"PROJECTPURPOSE":"Improve navigability and angling opportunity.  Increase resting, refuge, and feeding cover for brook and brown trout.  Minimize erosion issues caused by black willow blowdowns and log jams.  Reposition willows to aid in scouring of the stream channel and sediment deposition in desirable areas as well as narrow, deepen, and increase velocity of stream.","TARGETSPECIES":"brook trout and brown trout","TECHNIQUESSTRUCTURES":"log sills, sweeper"}},{"type":"Feature","geometry":{"type":"LineString","coordinates":[[-89.4655,43.9149],[-89.4648,43.9143],[-89.4651,43.9135],[-89.4644,43.9126],[-89.4563,43.9118],[-89.4547,43.9109],[-89.4529,43.9086]]},"properties":{"WATERBODYNAMECOMBINED":"Caves Creek","SITENAMECOMBINED":null,"FISCALYEAR":2018,"PROJECTPURPOSE":"Trout habitat assessments at multiple public access points","TARGETSPECIES":"Brook trout and Brown Trout","TECHNIQUESSTRUCTURES":null}},{"type":"Feature","geometry":{"type":"MultiLineString","coordinates":[[[-88.4674,42.9352],[-88.4676,42.9356]],[[-88.465,42.9324],[-88.4664,42.9342],[-88.4674,42.9346],[-88.4674,42.9352]],[[-88.4676,42.9356],[-88.4702,42.933],[-88.4715,42.933]]]},"properties":{"WATERBODYNAMECOMBINED":"Scuppernong River","SITENAMECOMBINED":"Headwaters of Scuppernong River","FISCALYEAR":2017,"PROJECTPURPOSE":"remove manmade grade controls, addition of woody structure and overhead cover.  Install equipment crossing bridge to access headwaters with ATV.","TARGETSPECIES":"brook trout","TECHNIQUESSTRUCTURES":"bank shaping and planting"}},{"type":"Feature","geometry":{"type":"MultiLineString","coordinates":[[[-91.8275,44.6728],[-91.8282,44.6738]],[[-91.8267,44.6699],[-91.8275,44.6728]]]},"properties":{"WATERBODYNAMECOMBINED":"Fall Creek","SITENAMECOMBINED":"Downstream of County Highway T","FISCALYEAR":2018,"PROJECTPURPOSE":"The stream has good coldwater thermal regimes. The goal of this project is to remove habitat impairments and improve brook trout abundance, size structure as well as improve angler access to the stream corridor.","TARGETSPECIES":"brook trout","TECHNIQUESSTRUCTURES":"boulder Clusters, log, rootwad and boulder revetments, weir, rip rap, bank shaping and planting"}},{"type":"Feature","geometry":{"type":"LineString","coordinates":[[-90.9986,43.7103],[-90.9981,43.7101],[-90.9984,43.7098]]},"properties":{"WATERBODYNAMECOMBINED":"Coon Creek","SITENAMECOMBINED":"Start point is 150 feet downstream from the confluence of Spring Coulee Creek","FISCALYEAR":2017,"PROJECTPURPOSE":"The purpose of this project was to clean out and remove deposition on the approaches of the machinery crossing.  The deposition was from the flood of September 2016.","TARGETSPECIES":"brown trout","TECHNIQUESSTRUCTURES":"stream crossing, material removal"}},{"type":"Feature","geometry":{"type":"MultiLineString","coordinates":[[[-90.6565,43.6374],[-90.6557,43.6365]],[[-90.6557,43.6365],[-90.6562,43.6359],[-90.656,43.6345]],[[-90.6569,43.6403],[-90.6565,43.6374]]]},"properties":{"WATERBODYNAMECOMBINED":"Weister Creek","SITENAMECOMBINED":"Kickapoo Valley Reserve - Phase 4 - Start location is 2,875 feet upstream From CTH \"P\" bridge near Wolf Valley Road,  .","FISCALYEAR":2018,"PROJECTPURPOSE":"The purpose of this project is to stabilize the stream banks, create cover for trout and to open up the floodway by removing trees and sloping the stream banks along the stream corridor. The first part of phase 4, which occurred in the fall of 2017, was to clear the unwanted trees and brush along the stream corridor and prepare the site for safe dump truck travel . Once the ground was frozen, riprap rock was hauled and stockpiled along the stream banks which occurred in February of 2018. The in-stream and stream bank stabilization work was performed in June and July of 2018.  Backwaters, upland scrapes, brush piles covered with soil along with uncovered brush piles were constructed to create habitat for non-trout species.","TARGETSPECIES":"brown trout","TECHNIQUESSTRUCTURES":"overhead bank cover, log/brush/rock shelters. Log, rootwad and boulder revetments, grade control measures, boulder retards, boulder clusters, bank sloping, wing deflectors, weir, trees/rootwads, stream crossing, rip rap, plunge pools"}},{"type":"Feature","geometry":{"type":"LineString","coordinates":[[-90.8019,45.4645],[-90.8049,45.4633]]},"properties":{"WATERBODYNAMECOMBINED":"South Fork Main Creek","SITENAMECOMBINED":null,"FISCALYEAR":2016,"PROJECTPURPOSE":"Repaired cattle exclusion fencing in July 2015 and May 2016.  Grass accumulates on fence wire and posts tip over in high flow.  Requires either frequent inspection or prompt attention when landowner reports problems.  Long term liability with no formal agreement for landowner to maintain the fence when easement was obtained or when fence and instream habitat structures were installed.","TARGETSPECIES":"Brook trout","TECHNIQUESSTRUCTURES":null}},{"type":"Feature","geometry":{"type":"LineString","coordinates":[[-89.1361,45.1503],[-89.1365,45.1498],[-89.1386,45.1496]]},"properties":{"WATERBODYNAMECOMBINED":"Spring Brook","SITENAMECOMBINED":"City of Anitgo gravel pit","FISCALYEAR":2016,"PROJECTPURPOSE":"The purpose of this project was to increase the habitat quality for native Brook Trout by removing a low water crossing, removal of tag alder brush, creation of bush bundles using tag alder brush, the placement of rock and coarse woody habitat. Removing of the low water crossing will restore the natural stream slope and prevent water backing and sediment fallout, keeping water temperatures cool and the stream bottom free of silt.   Brush bundling will narrow the stream, causing the stream bed to scour out and become deeper and faster as well as flushing out riffle areas for spawning trout. The placement of rock and wood will create foraging, cover and resting sites.","TARGETSPECIES":"Brook trout","TECHNIQUESSTRUCTURES":null}},{"type":"Feature","geometry":{"type":"LineString","coordinates":[[-91.8415,45.7727],[-91.8421,45.7734],[-91.8415,45.774],[-91.842,45.7749],[-91.8417,45.7756],[-91.8444,45.7763],[-91.8448,45.7771],[-91.8457,45.7772],[-91.8467,45.7782]]},"properties":{"WATERBODYNAMECOMBINED":"Beaver Brook","SITENAMECOMBINED":"Beaver Brook, Wisconsin","FISCALYEAR":2018,"PROJECTPURPOSE":"A habitat survey took place on this stream to determine what trout habitat work currently exists, what condition it is in, what brushing has occurred, etc.","TARGETSPECIES":"brook trout and brown trout","TECHNIQUESSTRUCTURES":null}},{"type":"Feature","geometry":{"type":"MultiLineString","coordinates":[[[-91.5452,44.2864],[-91.5429,44.285],[-91.5423,44.2827]],[[-91.5474,44.2893],[-91.5465,44.287],[-91.5452,44.2864]]]},"properties":{"WATERBODYNAMECOMBINED":"Swinns Valley Creek","SITENAMECOMBINED":"Boberg Property","FISCALYEAR":2017,"PROJECTPURPOSE":"Improve spawning, nursery and adult habitat for brook and brown trout.   This portion of stream was previously ditched and had highly erodible stream banks greater than 10 feet in height.  Banks were resloped to reconnect the stream with the floodplain and banks were stabilized using intregrated bank treatment.  Rock weirs were added to improve pool habitat for trout and spawning areas were enhanced with the creation of riffle areas.","TARGETSPECIES":"brook trout and brown trout","TECHNIQUESSTRUCTURES":"LUNKERS, boulder retard, wing deflector, tress/rootwads, plunge pools, weir, rip rap, bank shaping and planting, brush removal"}},{"type":"Feature","geometry":{"type":"LineString","coordinates":[[-88.4687,42.9243],[-88.4689,42.925]]},"properties":{"WATERBODYNAMECOMBINED":"McKeawn Springs Pond","SITENAMECOMBINED":"East and west side of Hwy 67 - four miles north of the town of Eagle","FISCALYEAR":2017,"PROJECTPURPOSE":"Remove accumulated sediments from catch and release trout pond.","TARGETSPECIES":"Brook trout","TECHNIQUESSTRUCTURES":null}},{"type":"Feature","geometry":{"type":"LineString","coordinates":[[-91.6665,44.3453],[-91.6673,44.3437],[-91.6681,44.343],[-91.6689,44.3431]]},"properties":{"WATERBODYNAMECOMBINED":"Waumandee Creek","SITENAMECOMBINED":"Alleman Easement - Downstream of the mouth of Danuser Valley Creek.","FISCALYEAR":2018,"PROJECTPURPOSE":"project connects to other projects on the stream.  This stream has severe bank erosion and limited habitat for trout.  The water responds well to habitat restoration work and larger than average size trout are present.  This project covers the east bank of the stream within this habitat project unit.","TARGETSPECIES":"brook trout and brown trout","TECHNIQUESSTRUCTURES":"LUNKERS, boulder clusters, bank shaping and planting, trees/rootwads, weir"}},{"type":"Feature","geometry":{"type":"MultiLineString","coordinates":[[[-89.2748,44.0403],[-89.2735,44.0404],[-89.2728,44.0401],[-89.2728,44.0395]],[[-89.2792,44.0449],[-89.2776,44.0443],[-89.2778,44.0436],[-89.2773,44.0424],[-89.2759,44.0427],[-89.2758,44.0409],[-89.2748,44.0403]],[[-89.29,44.0503],[-89.2866,44.0495],[-89.2869,44.0485],[-89.2858,44.0492],[-89.2851,44.0481],[-89.2838,44.0478],[-89.2837,44.0471],[-89.283,44.0475],[-89.2813,44.0459],[-89.2807,44.0458],[-89.2808,44.0449],[-89.2801,44.0453],[-89.2792,44.0449]]]},"properties":{"WATERBODYNAMECOMBINED":"White River","SITENAMECOMBINED":null,"FISCALYEAR":2018,"PROJECTPURPOSE":"Re-establish stream banks where braiding has occurred to restore historical thalwag. Bundled christmas trees will be placed as biological turbidity barriers. Sand that has filled the historical thalwag adjacent to the braiding will be removed by dredge. Spoils will be placed within the confines of the biological turbidity barriers to establish new streambank. Height of biological turbidity barriers and combined dredge spoils will not exceed OHM.  -Volume of material to be dredged would be estimated at 125 yds3 to install wing deflectors and braid stops. -Large woody structures will be installed to provide complex bank habitat for trout, as well as for other local fish, mammal, bird, amphibian, and invertebrate species.","TARGETSPECIES":"brown trout","TECHNIQUESSTRUCTURES":"brush bundle/mattresses, channel shaping, exotic vegetation removal, angler/hunter paths, bank sloping, log sills"}},{"type":"Feature","geometry":{"type":"MultiLineString","coordinates":[[[-88.1491,45.5178],[-88.1481,45.5176],[-88.1472,45.517],[-88.1469,45.5162],[-88.1461,45.516],[-88.1426,45.5169],[-88.1373,45.5169]],[[-88.1506,45.5181],[-88.1491,45.5178]]]},"properties":{"WATERBODYNAMECOMBINED":"Little South Branch Pike River","SITENAMECOMBINED":null,"FISCALYEAR":2015,"PROJECTPURPOSE":"There had been 15 beaver dams located in this Stream Project's reach of stream.  Complete removal of beaver dams which had went across stream's riparian had been conducted.  Stream's bottom substrate was covered with a bedload of sand.  Also there had been a culvert replacement on the immediate upstream road/stream crossing which produced an additional sand bedload.  Three sand traps were installed to capture and remove sand from project area.    The sand trap was installed at the beginning of project in order to capture excess sand from the construction activities of the culvert replacement.","TARGETSPECIES":"Brook Trout","TECHNIQUESSTRUCTURES":null}},{"type":"Feature","geometry":{"type":"LineString","coordinates":[[-88.4756,45.2881],[-88.4753,45.288],[-88.4756,45.287],[-88.475,45.2857],[-88.474,45.2848],[-88.4739,45.284],[-88.4717,45.2828],[-88.4726,45.2816],[-88.4713,45.2813],[-88.4709,45.2804],[-88.4693,45.2798],[-88.4705,45.2787],[-88.4703,45.2779],[-88.4689,45.277],[-88.4661,45.2769],[-88.4653,45.2762],[-88.4653,45.2759],[-88.4672,45.2755],[-88.4676,45.2743],[-88.469,45.2731],[-88.4706,45.2731],[-88.4711,45.2727]]},"properties":{"WATERBODYNAMECOMBINED":"McCaslin Brook","SITENAMECOMBINED":"Old 32","FISCALYEAR":2017,"PROJECTPURPOSE":"Increase cover habitat.  Increase habitat diversity.  Improve angler access and opportunity.  Provide resting cover in areas of high velocity.  Provide sediment deposition areas during high water periods.  The US Forest Service has a number of camp sites along this section.  Habitat improvements will lead to a more accessible and higher quality fishery for those who choose to camp at these sites. Angler access was limited due to steep and/or brushy banks.","TARGETSPECIES":"brook trout and brown trout","TECHNIQUESSTRUCTURES":"tree cover, brush bundle/mattresses, brush removal"}},{"type":"Feature","geometry":{"type":"LineString","coordinates":[[-88.9423,45.9823],[-88.94,45.9832]]},"properties":{"WATERBODYNAMECOMBINED":"Brule Creek","SITENAMECOMBINED":"Above Forks Dam","FISCALYEAR":2015,"PROJECTPURPOSE":"Added an additional 50 feet of bank cover to an existing project area","TARGETSPECIES":"Brook Trout","TECHNIQUESSTRUCTURES":"Overhead bank cover"}},{"type":"Feature","geometry":{"type":"LineString","coordinates":[[-92.2279,46.4899],[-92.2282,46.4915],[-92.2294,46.4922],[-92.2285,46.4942],[-92.2317,46.4961],[-92.2312,46.4969],[-92.2337,46.4992],[-92.2344,46.5008],[-92.2342,46.5015],[-92.2349,46.503],[-92.2347,46.5037]]},"properties":{"WATERBODYNAMECOMBINED":"Little Balsam Creek","SITENAMECOMBINED":null,"FISCALYEAR":2017,"PROJECTPURPOSE":"Inspect channel and riparian zone for habitat impairments and future habitat modifications relative to potential future replacement of three road stream crossings","TARGETSPECIES":"brook trout, steehead","TECHNIQUESSTRUCTURES":null}},{"type":"Feature","geometry":{"type":"LineString","coordinates":[[-89.199,44.206],[-89.1977,44.2052],[-89.1958,44.2052],[-89.1936,44.2045],[-89.1927,44.2049],[-89.1907,44.2045],[-89.1895,44.2049]]},"properties":{"WATERBODYNAMECOMBINED":"Pine River","SITENAMECOMBINED":null,"FISCALYEAR":2018,"PROJECTPURPOSE":"Eliminate infestation of Glossy Buckthorn from riparian corridor and floodplain to improve streambank stability, increase species diversity (both flora and fauna), improve recreational access through state property, and improve trout habitat. To improve trout habitat specifically, cut brush and whole or partial trees were installed as brush bundles/log sills to improve channelization and provide cover habitat. The Pine through this section of river was considered un-fishable by local anglers.","TARGETSPECIES":"brown trout","TECHNIQUESSTRUCTURES":"native tree/shrub planting, log sills, exotic vegetation removal, brush bundle/mattresses, brush removal, overhead bank cover, angler/hunter paths"}},{"type":"Feature","geometry":{"type":"LineString","coordinates":[[-91.424,46.5663],[-91.4223,46.567],[-91.422,46.5678],[-91.4196,46.5685],[-91.419,46.5697],[-91.42,46.5712]]},"properties":{"WATERBODYNAMECOMBINED":"Iron River","SITENAMECOMBINED":"township of Iron River, Bayfield County, Wisconsin, T47N, R8W, Sec 7","FISCALYEAR":2015,"PROJECTPURPOSE":"This project covered inspection and maintenance of previously completed trout habitat projects on the Iron River in Bayfield County, Wisconsin.  Annual inspection and maintenance is necessary to insure the aesthetics, function and longevity of structures installed.  Unmaintained devices also pose a threat to public safety, resource integrity and department liability.","TARGETSPECIES":"Brown Trout","TECHNIQUESSTRUCTURES":null}},{"type":"Feature","geometry":{"type":"LineString","coordinates":[[-91.0924,43.6551],[-91.0935,43.6534],[-91.0982,43.6538]]},"properties":{"WATERBODYNAMECOMBINED":"Coon Creek","SITENAMECOMBINED":"Lyle Anderson Easement - TUDARE Addendum 5 - upstream from STH 162 bridge in Chaseburg","FISCALYEAR":2015,"PROJECTPURPOSE":"The purpose of this project is to stabilize the stream banks, create cover for trout and open up the floodway by removing trees along the stream corridor.  This is the report for the first phase of this project which included tree removal and landscaping to allow for the stockpiling of riprap rock.  Once the ground was frozen, 1,850 cubic yards of riprap rock was stockpiled.  This rock will be used next fiscal year for stream bank stabilization and creating in-stream cover for trout.","TARGETSPECIES":"Brown trout","TECHNIQUESSTRUCTURES":null}},{"type":"Feature","geometry":{"type":"LineString","coordinates":[[-88.6527,45.2172],[-88.6535,45.2166],[-88.6539,45.2153],[-88.6554,45.2144],[-88.6559,45.2133],[-88.6584,45.2126]]},"properties":{"WATERBODYNAMECOMBINED":"South Branch Oconto River","SITENAMECOMBINED":null,"FISCALYEAR":2017,"PROJECTPURPOSE":"Increase sediment deposition.  Increase depth and velocity.  Increase spawning habitat.  Improve angler access and opportunity.  Increase resting, feeding, and refuge cover.  Bank covers were installed upstream of the bridge in years past.  The habitat improvements downstream will create a longer continuous section of stream habitat improvement.","TARGETSPECIES":"brook trout and brown trout","TECHNIQUESSTRUCTURES":"brush bundle/mattresses, brush removal, tree cover"}},{"type":"Feature","geometry":{"type":"MultiLineString","coordinates":[[[-88.8149,45.1713],[-88.8092,45.1715],[-88.8048,45.1707]],[[-88.8048,45.1707],[-88.8035,45.1699]]]},"properties":{"WATERBODYNAMECOMBINED":"Evergreen River","SITENAMECOMBINED":"Langlade County- Evergreen Township - Above State Highway 64","FISCALYEAR":2018,"PROJECTPURPOSE":"Purpose of project is to create stable banks, direct water flow, narrow the stream channel to keep water cool, keep the stream bottom free of silt, and provide areas of silt deposition. Brush bundling will narrow the stream, causing the stream bed to scour out and become deeper and faster as well as flushing out riffle areas for spawning trout.","TARGETSPECIES":"brook trout and brown trout","TECHNIQUESSTRUCTURES":"brush bundle/mattresses"}},{"type":"Feature","geometry":{"type":"LineString","coordinates":[[-91.0686,43.3563],[-91.0695,43.3557],[-91.0695,43.3545],[-91.0699,43.3541],[-91.0728,43.3545]]},"properties":{"WATERBODYNAMECOMBINED":"Sugar Creek","SITENAMECOMBINED":"Brudos Easement - The start point is two miles upstream from the Highway 35 bridge.","FISCALYEAR":2017,"PROJECTPURPOSE":"The purpose of this project was to remove sediment deposition from the approaches of a machinery crossing along with removing seven separate tree/log jams along a 2,300 foot stretch of an easement property.  The deposition and tree/log jams are effects from the flood of September 2016.","TARGETSPECIES":"brown trout","TECHNIQUESSTRUCTURES":"stream crossing, material removal"}},{"type":"Feature","geometry":{"type":"LineString","coordinates":[[-89.7774,43.838],[-89.7784,43.8391],[-89.7797,43.8393]]},"properties":{"WATERBODYNAMECOMBINED":"Campbell Creek","SITENAMECOMBINED":"CTH A bridge upstream","FISCALYEAR":2017,"PROJECTPURPOSE":"To increase fishability by removing streamside tag alder on both banks of the stream. Instream work was completed to increase overhead and mid channel cover for fish. A project had been completed in previous years and the results of the project showed great results therefore a project at this location was planned.  Log sills and Christmas Tree bundles were installed to prevent further erosion and also provide cover for fish.","TARGETSPECIES":"brown trout","TECHNIQUESSTRUCTURES":"brush bundle/mattresses, brush removal, wing deflector, Log, rootwad and boulder revetments, Log sills, overhead bank cover, plunge pools"}},{"type":"Feature","geometry":{"type":"MultiLineString","coordinates":[[[-92.0883,45.6919],[-92.09,45.693],[-92.0894,45.6941],[-92.0886,45.6941],[-92.087,45.6958],[-92.0875,45.6969],[-92.0883,45.6975]],[[-92.0876,45.7026],[-92.0884,45.7044],[-92.0872,45.7064],[-92.0865,45.7066],[-92.0857,45.7076],[-92.0859,45.7085],[-92.0865,45.7086],[-92.0862,45.7108],[-92.0833,45.7109]],[[-92.0873,45.7006],[-92.0876,45.7026]],[[-92.0883,45.6975],[-92.0873,45.7006]],[[-92.0863,45.6915],[-92.0883,45.6919]]]},"properties":{"WATERBODYNAMECOMBINED":"South Fork Clam River","SITENAMECOMBINED":"South Fork Clam River, Burnett County","FISCALYEAR":2018,"PROJECTPURPOSE":"A habitat survey took place on this stream to determine what trout habitat work currently exists, what condition it is in, what brushing has occurred, etc.","TARGETSPECIES":"brook trout and brown trout","TECHNIQUESSTRUCTURES":null}},{"type":"Feature","geometry":{"type":"MultiLineString","coordinates":[[[-92.1505,46.0711],[-92.1518,46.0718],[-92.1531,46.0737],[-92.1535,46.0746],[-92.153,46.0764],[-92.1549,46.0786],[-92.1532,46.0799],[-92.1546,46.0813],[-92.1519,46.0828]],[[-92.1519,46.0828],[-92.1519,46.0837]]]},"properties":{"WATERBODYNAMECOMBINED":"Dogtown Creek","SITENAMECOMBINED":"Dogtown Creek, Burnett County","FISCALYEAR":2018,"PROJECTPURPOSE":"A habitat survey took place on this stream to determine what trout habitat work currently exists, what condition it is in, what brushing has occurred, etc.","TARGETSPECIES":"brook trout","TECHNIQUESSTRUCTURES":null}},{"type":"Feature","geometry":{"type":"LineString","coordinates":[[-91.0374,43.5918],[-91.0382,43.5926]]},"properties":{"WATERBODYNAMECOMBINED":"North Fork of the Bad Axe","SITENAMECOMBINED":"Cade Easement  - downstream from the confluence of the Springville Branch of the Bad Axe River.","FISCALYEAR":2018,"PROJECTPURPOSE":"The purpose of this project was to remove a beaver dam that was impounding water and making a machinery crossing impassible.","TARGETSPECIES":"brown trout","TECHNIQUESSTRUCTURES":"stream crossing, migration barriers, material removal, beaver dam removal"}},{"type":"Feature","geometry":{"type":"LineString","coordinates":[[-91.1922,46.8034],[-91.1911,46.8039],[-91.1897,46.8053]]},"properties":{"WATERBODYNAMECOMBINED":"Unnamed Tributary to Bark River","SITENAMECOMBINED":"Powerline tributary to Bark River","FISCALYEAR":2015,"PROJECTPURPOSE":"This project continued previous work to expose spawning substrate and increase the production of naturally reproducing Lake Superior potadromous fish such as brown trout, steelhead, and coho salmon. The project included two primary tasks: (1) reduce or eliminate instream wood material that caused sediment deposition and channel widening, and potentially impeded fish migration; and (2) reduce or eliminate streamside alder that could collapse into the channel and restrict sediment and wood transport.  The primary goal was to reduce sediment deposition on spawning substrates.","TARGETSPECIES":"Brown trout, steelhead, coho salmon, brook trout","TECHNIQUESSTRUCTURES":null}},{"type":"Feature","geometry":{"type":"LineString","coordinates":[[-90.9862,43.3801],[-90.9918,43.3806]]},"properties":{"WATERBODYNAMECOMBINED":"South Fork Sugar Creek","SITENAMECOMBINED":"Hoseman Easement - Starting at the confluence of Sugar Creek and the South Fork of Sugar Creek","FISCALYEAR":2017,"PROJECTPURPOSE":"The flood of September 2016 did minimal damage to several areas along a 1,950 foot stretch of this easement property.  The purpose of this project was to tweak the stream channel and reestablish the grade of the streambed where rubble had deposited.  Removed trees that were deposited from upstream along with downed trees on this property.  Repaired two machinery crossings.","TARGETSPECIES":"brook trout and brown trout","TECHNIQUESSTRUCTURES":"stream crossing, material removal, bank shaping and planting, channel shaping"}},{"type":"Feature","geometry":{"type":"LineString","coordinates":[[-88.6784,45.1769],[-88.6767,45.1766],[-88.6752,45.1771],[-88.6744,45.1764],[-88.6728,45.1762],[-88.6716,45.1752],[-88.6719,45.1743],[-88.6706,45.1734],[-88.6689,45.1743],[-88.6679,45.1742],[-88.6667,45.1747],[-88.6653,45.1742],[-88.6652,45.1736],[-88.657,45.1729],[-88.6552,45.1732],[-88.6547,45.1741],[-88.6546,45.1751],[-88.6553,45.1761],[-88.6555,45.1776],[-88.6521,45.1781],[-88.6512,45.1785],[-88.6515,45.1792],[-88.6512,45.1795],[-88.6494,45.1799]]},"properties":{"WATERBODYNAMECOMBINED":"South Branch Oconto River","SITENAMECOMBINED":"Langlade County, Wolf River Township, Below the Van Alstine Road Crossing at the confluence of Heinz Spring","FISCALYEAR":2018,"PROJECTPURPOSE":"Purpose of project is to create stable banks, direct water flow, narrow the stream channel to keep water cool, keep the stream bottom free of silt, and provide areas of silt deposition. Brush bundling will narrow the stream, causing the stream bed to scour out and become deeper and faster as well as flushing out riffle areas for spawning trout.","TARGETSPECIES":"brook trout and brown trout","TECHNIQUESSTRUCTURES":"brush bundle/mattresses"}},{"type":"Feature","geometry":{"type":"LineString","coordinates":[[-88.6769,42.8016],[-88.6801,42.801],[-88.6842,42.7989],[-88.685,42.798],[-88.687,42.798],[-88.6874,42.7975],[-88.6898,42.7973],[-88.6945,42.7974],[-88.6951,42.7978],[-88.695,42.7974],[-88.6964,42.7973]]},"properties":{"WATERBODYNAMECOMBINED":"Bluff Creek","SITENAMECOMBINED":"Upstream of CTH P in the Town of Whitewater","FISCALYEAR":2017,"PROJECTPURPOSE":"Enhance a recently completed remeader project; Restore natural stream morphology and flow regime; Add complexity and overhead cover to the new channel.","TARGETSPECIES":"brown trout","TECHNIQUESSTRUCTURES":"native seed planting, boulder clusters, brush bundle/mattresses, trees/rootwads, coconut fiber roll, bank stabilization project, channel shaping"}},{"type":"Feature","geometry":{"type":"LineString","coordinates":[[-89.3037,44.0723],[-89.3039,44.0711],[-89.3031,44.0702],[-89.3039,44.07],[-89.3039,44.0689],[-89.3025,44.0684]]},"properties":{"WATERBODYNAMECOMBINED":"Bird Creek","SITENAMECOMBINED":"Western edge of the City of Wautoma","FISCALYEAR":2018,"PROJECTPURPOSE":"Bird Creek is located on the western edge of the City of Wautoma, where a public park has been named after the river. This public park provides access to three baseball diamonds, two tennis courts, a playground, a splash pad, a shelter pavilion, and multiple parking areas. This highly used park provides visitors of all ages an excellent opportunity to enjoy the outdoors. The section of Bird Creek that flows through the park has not been previously managed to provide angling opportunities to park visitors. Because of this, the shoreline along the stream is inundated with invasive exotic woody vegetation.  This makes the stream nearly inaccessible to park visitors as well as anglers. A wood chipped walking trail connects the Bird Creek Park with the Wautoma High School to the east. This trail has a small bridge that spans the Bird Creek and provides park visitors and students the only opportunity to view the river. Currently, there is no designated access to the river beyond the trail mentioned above. Another important aspect of the project is the proximity of the site to the Wautoma High School. WDNR staff are excited for the opportunity to work closely with students, volunteers, teachers, and the rest of the community to improve this wonderful resource.","TARGETSPECIES":"brook trout and brown trout","TECHNIQUESSTRUCTURES":"angler/hunter paths"}},{"type":"Feature","geometry":{"type":"LineString","coordinates":[[-89.6818,43.1119],[-89.6843,43.1127],[-89.6873,43.1156],[-89.6877,43.1153]]},"properties":{"WATERBODYNAMECOMBINED":"Garfoot Creek","SITENAMECOMBINED":null,"FISCALYEAR":2015,"PROJECTPURPOSE":"This project addressed the riparian vegetation and bank stabilization of 2700 of Garfoot Creek","TARGETSPECIES":"Brook and brown trout","TECHNIQUESSTRUCTURES":null}},{"type":"Feature","geometry":{"type":"LineString","coordinates":[[-89.6818,43.1119],[-89.6843,43.1127],[-89.6873,43.1156],[-89.6877,43.1153]]},"properties":{"WATERBODYNAMECOMBINED":"Garfoot Creek","SITENAMECOMBINED":null,"FISCALYEAR":2015,"PROJECTPURPOSE":"Brushing debris from the previous bank and stream channel improvement project needed to be burned and buried. Concurrently, brushing could take place while managing the disposal fires.","TARGETSPECIES":"Brook and brown trout","TECHNIQUESSTRUCTURES":null}},{"type":"Feature","geometry":{"type":"LineString","coordinates":[[-88.5329,45.1829],[-88.5324,45.1818],[-88.5297,45.1809],[-88.5283,45.1794],[-88.5302,45.1785],[-88.5299,45.1777],[-88.5313,45.1753],[-88.531,45.1741],[-88.5318,45.1735],[-88.5322,45.1723],[-88.5331,45.1719],[-88.5331,45.1699]]},"properties":{"WATERBODYNAMECOMBINED":"1st South Branch Oconto River","SITENAMECOMBINED":null,"FISCALYEAR":2018,"PROJECTPURPOSE":"Beautiful native brook trout stream was nearly unfishable due to dense growth of woody vegetation along stream banks.  Prior habitat improvement work was done through this section by either US Forest Service or WDNR.  Log deflectors and log sills are still functioning beautifully.  Improvement was done long enough ago that it is nearly unnoticeable even to a trained eye.  Woody vegetation, mainly tag alder, was to be removed to improve angler access and angling opportunity.  This section has good vehicle access at its upstream and downstream boundaries.","TARGETSPECIES":"brook trout","TECHNIQUESSTRUCTURES":"brush bundle/mattresses, brush removal"}},{"type":"Feature","geometry":{"type":"LineString","coordinates":[[-91.0232,43.379],[-91.0251,43.3787],[-91.0247,43.3782],[-91.025,43.3772]]},"properties":{"WATERBODYNAMECOMBINED":"Sugar Creek","SITENAMECOMBINED":"Baker Easement - Start point is 1 mile upstream from Chellevold Road.","FISCALYEAR":2018,"PROJECTPURPOSE":"The purpose of this project was to repair a machinery crossing along with removing fallen trees that were damaging or had the potential to damage the stream banks.","TARGETSPECIES":"brown trout","TECHNIQUESSTRUCTURES":"stream crossing, material removal"}},{"type":"Feature","geometry":{"type":"LineString","coordinates":[[-90.8234,43.4662],[-90.8217,43.4665],[-90.821,43.4659],[-90.8215,43.4666]]},"properties":{"WATERBODYNAMECOMBINED":"Unnamed Tributary to Reads Creek","SITENAMECOMBINED":"Start point is 135 feet upstream from the confluence of Reads Creek","FISCALYEAR":2017,"PROJECTPURPOSE":"The purpose of this project was to remove a series of eight beaver dams that were eliminating fish passage along with creating several new braided stream channels.  The new channels were flooding the easement landowners field road along with other parts of his property.  By removing the beaver dams,  the original stream channel was reestablished along with recreating fish passage on this stream.","TARGETSPECIES":"brook trout","TECHNIQUESSTRUCTURES":"beaver dam removal"}},{"type":"Feature","geometry":{"type":"LineString","coordinates":[[-90.656,44.0876],[-90.6588,44.087]]},"properties":{"WATERBODYNAMECOMBINED":"La Crosse River","SITENAMECOMBINED":"Fort McCoy - End location is 100 feet below 17th Road.","FISCALYEAR":2018,"PROJECTPURPOSE":"Lower the grade control approximately 19 inches at the former dam site after the dam was removed by a contractor a few years ago.  By lowering the grade, the stream flow was brought back to the mainstream channel.  In turn this minimized the numerous braided channels of water that were flowing through the adjacent wetlands.  A sediment trap was constructed just above the former dam site.  Sediment was collected as head cutting occurred upstream.  More than 300 cubic yards of sediment was removed from the trap.  The head cutting lowered the water level up to the new bridge and low water crossing while also reducing the amount of flow through the adjacent wetlands.  Other stream modifications were performed to help lower the stream profile.","TARGETSPECIES":"brook trout","TECHNIQUESSTRUCTURES":"channel shaping, material removal, grade control measures"}},{"type":"Feature","geometry":{"type":"MultiLineString","coordinates":[[[-89.0398,45.3409],[-89.0398,45.3411]],[[-89.0409,45.3393],[-89.0398,45.3409]],[[-89.0398,45.3411],[-89.0391,45.3432]]]},"properties":{"WATERBODYNAMECOMBINED":"Stevens Creek","SITENAMECOMBINED":"Langlade County- Town of Ainsworth - Township 33N. Range 12E. Section 18 - Headwaters of Stevens Creek","FISCALYEAR":2018,"PROJECTPURPOSE":"Purpose of project is to create stable banks, direct water flow, narrow the stream channel to keep water cool, keep the stream bottom free of silt, and provide areas of silt deposition. Brush bundling will narrow the stream, causing the stream bed to scour out and become deeper and faster as well as flushing out riffle areas for spawning trout.","TARGETSPECIES":"brook trout","TECHNIQUESSTRUCTURES":"brush bundle/mattresses"}},{"type":"Feature","geometry":{"type":"LineString","coordinates":[[-90.6626,43.6432],[-90.662,43.6426],[-90.6624,43.6414],[-90.661,43.6414],[-90.6603,43.642],[-90.6599,43.6415],[-90.6587,43.6417],[-90.6578,43.6402],[-90.6569,43.6403]]},"properties":{"WATERBODYNAMECOMBINED":"Weister Creek","SITENAMECOMBINED":"Kickapoo Valley Reserve - Phase 3 - Start point is 5,505 feet downstream from 24 Valley Road Bridge","FISCALYEAR":2017,"PROJECTPURPOSE":"The purpose of this project is to stabilize the stream banks, create cover for trout and to open up the floodway by removing trees and sloping the stream banks along the stream corridor.  The first part of phase 3 was to clear the unwanted trees and brush along the stream corridor.  Once the ground was frozen, riprap rock was stockpiled to be used for stream bank stabilization and in-stream structure.  The actual stream work will be performed in fiscal year 2018.","TARGETSPECIES":"brown trout","TECHNIQUESSTRUCTURES":"brush removal"}},{"type":"Feature","geometry":{"type":"LineString","coordinates":[[-90.8646,43.3694],[-90.8631,43.3695],[-90.8616,43.3688]]},"properties":{"WATERBODYNAMECOMBINED":"Nederlo Creek","SITENAMECOMBINED":"Swenson Easement - Start point is at the confluence of Nederlo and Tainter Creek.","FISCALYEAR":2017,"PROJECTPURPOSE":"The purpose of this project was to remove unwanted box elder trees along the stream corridor.  This allowed for more light penetration into the stream and the stream banks so grass species could be established. The grass species could then stabilize the stream banks. This will also increase the ease of future projects.","TARGETSPECIES":"brook trout and brown trout","TECHNIQUESSTRUCTURES":"brush removal, bank shaping and planting"}},{"type":"Feature","geometry":{"type":"LineString","coordinates":[[-92.5579,44.9015],[-92.5597,44.9012],[-92.5588,44.9017],[-92.5597,44.9025],[-92.5606,44.9019]]},"properties":{"WATERBODYNAMECOMBINED":"Kinnickinnic River","SITENAMECOMBINED":"-Red Cabin Site - Downstream of North River Road.","FISCALYEAR":2017,"PROJECTPURPOSE":"This highly popular stretch of river was underutilized due to excessive box elder growth and invasive species along the stream corridor which created poor access and angling opportunities. Habitat conditions were also poor with limited overhead cover, pool depth and active bank erosion was common throughout this project area.  The main purpose of the project was improve angler access as well as remove boxelder and invasive species from the stream corridor, stabilize and re-slope eroding streambanks using integrated bank treatment measures and adding over head cover for adult trout","TARGETSPECIES":"brook trout and brown trout","TECHNIQUESSTRUCTURES":"log, rootwad and boulder revetments, boulder retard, trees/rootwads, grade control measures, plunge pools, rip rap, LUNKERS, bank shaping and planting"}},{"type":"Feature","geometry":{"type":"LineString","coordinates":[[-90.7862,43.0467],[-90.786,43.0471],[-90.788,43.0479],[-90.7892,43.0499]]},"properties":{"WATERBODYNAMECOMBINED":"Big Green River","SITENAMECOMBINED":"Mook and Underwood Properties - Upstream of CTH T Bridge","FISCALYEAR":2016,"PROJECTPURPOSE":"Stabilize vertical, actively eroding stream bank. Improve the trout habitat and improve the water quality in and below the project area by reducing siltation.","TARGETSPECIES":"Brown Trout","TECHNIQUESSTRUCTURES":null}},{"type":"Feature","geometry":{"type":"LineString","coordinates":[[-91.319,46.6902],[-91.3181,46.6919],[-91.3211,46.6928]]},"properties":{"WATERBODYNAMECOMBINED":"West Fork Flag River","SITENAMECOMBINED":"Approximately 7900 Feet SE of end of Sorenson Road","FISCALYEAR":2015,"PROJECTPURPOSE":"This project continued previous work to expose spawning substrate and increase the production of naturally reproducing Lake Superior potadromous fish such as brown trout, steelhead, and coho salmon.  The project included two primary tasks: (1) reduce or eliminate instream wood material that caused sediment deposition and channel widening, and potentially impeded fish migration; and (2) reduce or eliminate streamside alder that could collapse into the channel and restrict sediment and wood transport.  The primary goal was to reduce sediment deposition on spawning substrates.","TARGETSPECIES":"Brown trout, steelhead, coho salmon, brook trout","TECHNIQUESSTRUCTURES":"Material removal"}},{"type":"Feature","geometry":{"type":"LineString","coordinates":[[-91.4823,44.4435],[-91.4811,44.443],[-91.4809,44.4418],[-91.4792,44.4406]]},"properties":{"WATERBODYNAMECOMBINED":"Borst Valley Creek","SITENAMECOMBINED":"Soggy Bottoms","FISCALYEAR":2015,"PROJECTPURPOSE":"Project consisted of removing undesirable brush (box elder) and then hauling and stock piling rock for installation in FY 16.","TARGETSPECIES":"Brook trout","TECHNIQUESSTRUCTURES":null}},{"type":"Feature","geometry":{"type":"LineString","coordinates":[[-89.1361,45.1504],[-89.1365,45.1498],[-89.1386,45.1496]]},"properties":{"WATERBODYNAMECOMBINED":"Spring Brook","SITENAMECOMBINED":"City of Antigo Gravel Pit","FISCALYEAR":2017,"PROJECTPURPOSE":"The purpose of this project was to increase the habitat quality for native Brook Trout by removing a low water crossing, removal of tag alder brush, creation of bush bundles using tag alder brush, the placement of rock and coarse woody habitat. Removing of the low water crossing will restore the natural stream slope and prevent water backing and sediment fallout, keeping water temperatures cool and the stream bottom free of silt.   Brush bundling will narrow the stream, causing the stream bed to scour out and become deeper and faster as well as flushing out riffle areas for spawning trout. The placement of rock and wood will create foraging, cover and resting sites.","TARGETSPECIES":"brook trout","TECHNIQUESSTRUCTURES":"boulder retard, channel shaping, brush bundle/mattresses"}},{"type":"Feature","geometry":{"type":"LineString","coordinates":[[-90.6726,43.9981],[-90.6752,43.9985],[-90.6773,43.9994]]},"properties":{"WATERBODYNAMECOMBINED":"Stillwell Creek","SITENAMECOMBINED":"Ft. McCoy - Below outlet from Habelman Brothers Cranberry Farm","FISCALYEAR":2015,"PROJECTPURPOSE":"In cooperation with Ft McCoy Fisheries Program and the USFWS, the purpose of this project is to improve the water quality of Stillwell Creek which is on the Impaired Waters list.  The WDNR portion of the project was to stabilize the stream banks and improve in-stream habitat.","TARGETSPECIES":"Brook and Brown trout","TECHNIQUESSTRUCTURES":null}},{"type":"Feature","geometry":{"type":"LineString","coordinates":[[-92.5298,44.7903],[-92.5307,44.7878],[-92.5319,44.7873]]},"properties":{"WATERBODYNAMECOMBINED":"Trimbelle River","SITENAMECOMBINED":"River Falls Township","FISCALYEAR":2015,"PROJECTPURPOSE":"The purpose of this project was to restore naturally reproducing brook trout to a site which historically had the excellent thermal regimes and habitat to sustain them. Several high volume spring tributaries emanating within the project reach increase total creek volume 220%. The outstanding spawning potential was negated by poor habitat lack of suitable gravel. The goal of the project was to optimize this key headwater spawning reach to provide continuous natural recruitment of wild trout within the system.","TARGETSPECIES":"Brook trout","TECHNIQUESSTRUCTURES":null}},{"type":"Feature","geometry":{"type":"LineString","coordinates":[[-91.775,44.2679],[-91.7727,44.2668]]},"properties":{"WATERBODYNAMECOMBINED":"Yaeger Valley Creek","SITENAMECOMBINED":null,"FISCALYEAR":2015,"PROJECTPURPOSE":"Improve trout habitat, stabilize eroding stream banks, and improve angler access.","TARGETSPECIES":"Brook trout","TECHNIQUESSTRUCTURES":null}},{"type":"Feature","geometry":{"type":"LineString","coordinates":[[-89.3525,44.0804],[-89.351,44.0801],[-89.3502,44.0807],[-89.3492,44.0804],[-89.3489,44.0798],[-89.3493,44.0794],[-89.3486,44.0791],[-89.3482,44.0795],[-89.3478,44.079],[-89.3462,44.0787],[-89.3459,44.0768],[-89.3446,44.0767],[-89.3441,44.0771],[-89.3443,44.0762],[-89.3423,44.076],[-89.3418,44.0765],[-89.3412,44.0757]]},"properties":{"WATERBODYNAMECOMBINED":"West Branch White River","SITENAMECOMBINED":null,"FISCALYEAR":2017,"PROJECTPURPOSE":"Initial land acquisition efforts by the DNR on the White River and its cold water tributaries began back in 1948 with the purchase of a 200 acre farm along the banks of the Main Branch of the White River. Today, the DNR now manages over 2,000 acres of land throughout the system. Some of the earliest instream trout habitat improvement structures in Wisconsin can be found throughout this system, dating back to the days of the WPA and CCC work camps of the 1930's. Remnant structures can still be found on the West Branch of the White River and are believed to be a contributing factor to why this river supports one of the few naturally reproducing populations of rainbow trout in the state. The project site is located west of Wautoma, parallel to Hwy C from the DNR parking area at the Hwy T bridge downstream to the DNR parking area off of Hwy C.Maintenance brushing of a trout habitat enhancement project completed in the 1980's.","TARGETSPECIES":"rainbow trout","TECHNIQUESSTRUCTURES":"exotic vegetation removal, brush removal, angler/hunter paths"}},{"type":"Feature","geometry":{"type":"LineString","coordinates":[[-89.3391,44.0694],[-89.3388,44.0682],[-89.3393,44.0673]]},"properties":{"WATERBODYNAMECOMBINED":"West Branch White River","SITENAMECOMBINED":null,"FISCALYEAR":2016,"PROJECTPURPOSE":"To restore stream connectivity, the Wisconsin Department of Transportation (WisDOT) partnered with the WDNR to obtain a Great Lakes Restoration Initiative grant from the Federal Highway Administration to replace the STH 21 culvert on the West Branch of the White River. A portion of this grant was gifted to the Wild Rose Operations Crew to restore trout habitats within 500 feet above and 500 feet below the new culvert. Some of the earliest instream trout habitat improvement structures in Wisconsin can be found in this section of river, dating back to the days of the WPA and CCC work camps of the 1930's. There is a DNR parking area located on the north side of STH 21, just west of the stream, providing excellent access to anglers. The goals of the project are as follows: -Improve trout resting and cover habitat by installing coarse wood, overhead bankcovers, and brush bundles. -Improve accessibility for anglers by providing walking paths to and from the walking trail within culvert and the parking area. -Improve stream flow by eliminating any channel braiding that has occurred. -Increase the amount of available spawning substrate by increasing stream velocity where excess sedimentation has occurred.","TARGETSPECIES":"rainbow trout","TECHNIQUESSTRUCTURES":null}},{"type":"Feature","geometry":{"type":"MultiLineString","coordinates":[[[-88.405,42.8559],[-88.4043,42.8561],[-88.4045,42.8555],[-88.4032,42.8545],[-88.4026,42.8548],[-88.4028,42.855],[-88.4019,42.8545]],[[-88.4097,42.8537],[-88.4092,42.854],[-88.409,42.855]],[[-88.4082,42.8561],[-88.4056,42.8572],[-88.405,42.8559],[-88.4058,42.8555],[-88.4063,42.8556],[-88.406,42.8559],[-88.4065,42.8563],[-88.4069,42.8561],[-88.4065,42.8559],[-88.407,42.8558],[-88.4068,42.8555],[-88.4087,42.856],[-88.409,42.855],[-88.4079,42.8554],[-88.4082,42.8557]]]},"properties":{"WATERBODYNAMECOMBINED":"Mukwonago River","SITENAMECOMBINED":null,"FISCALYEAR":2018,"PROJECTPURPOSE":"Stabilize banks, install course woody structure, improve fish passage, provide overhead cover, increase velocity and increase mean depth. Post culvert removal resulted in additional fine tuning of the degraded portions of this former golf course property. Native stream side plantings were implemented, including additions of river plum, river birch, oak, dogwood and willow seedlings which will provide shade, bank stabilization and future in stream woody structure.Fish and mussel monitoring have shown increased diversity and improved IBI scores.","TARGETSPECIES":"Brook trout","TECHNIQUESSTRUCTURES":"tree cover (2320 ft, 12), rip rap (200 ft)"}},{"type":"Feature","geometry":{"type":"LineString","coordinates":[[-90.9246,43.6818],[-90.9273,43.6823],[-90.93,43.6818]]},"properties":{"WATERBODYNAMECOMBINED":"Spring Coulee Creek","SITENAMECOMBINED":"McKittrick Easement - Start point is 1 mile upstream from Spring Coulee Road bridge near Eide Road","FISCALYEAR":2017,"PROJECTPURPOSE":"The purpose of this project was to remove flood debris and perform maintenance work in response to the damage that was caused by the flood of September of 2016.","TARGETSPECIES":"brown trout","TECHNIQUESSTRUCTURES":"stream crossing, material removal, LUNKERS, channel shaping, bank shaping and planting"}},{"type":"Feature","geometry":{"type":"LineString","coordinates":[[-90.9803,43.7097],[-90.9811,43.7103],[-90.982,43.7101],[-90.9847,43.7108]]},"properties":{"WATERBODYNAMECOMBINED":"Spring Coulee Creek","SITENAMECOMBINED":"Jacobson Easement - Start point is 1/2 mile upstream from CTH \"P\" bridge.","FISCALYEAR":2017,"PROJECTPURPOSE":"The purpose of this project was to perform minor maintenance and clean up debris from the flood of September of 2016.  The work included the removal deposited trees from upstream along with repairing a machinery crossing and maintenance on one Lunkers structure.  This project involved minor work over a 1,300 foot stretch of Spring Coulee Creek.","TARGETSPECIES":"brown trout","TECHNIQUESSTRUCTURES":"bank shaping and planting, bank sloping, stream crossing, LUNKERS, material removal"}},{"type":"Feature","geometry":{"type":"LineString","coordinates":[[-90.9837,43.7104],[-90.9848,43.7107]]},"properties":{"WATERBODYNAMECOMBINED":"Spring Coulee Creek","SITENAMECOMBINED":"Jacobson Easement - TUDARE Addendum 6 - Start point is 2660 feet upstream from CTH \"P\" Bridge","FISCALYEAR":2015,"PROJECTPURPOSE":"The purpose of this project is to stabilize the stream banks, create cover for trout and open up the floodway by removing trees along the stream corridor.  This is the report for the first phase of this project which included tree removal and landscaping to allow for the stockpiling of riprap rock.  Once the ground was frozen, 312 cubic yards of riprap rock was stockpiled.  This rock will be used next fiscal year for stream bank stabilization and creating in-stream cover for trout.  Due to a threatened turtle species in the project area, restrictions only allow for less than 1,000 feet of stream length to be worked on per year.  Next fiscal year an additional 795 feet of stream length will have rock stockpiled for work to be completed in FY17.","TARGETSPECIES":"Brown Trout","TECHNIQUESSTRUCTURES":"Bank sloping, Bank shaping and planting, Boulder retard, Brush Removal, LUNKERS (10), Plunge pools, Rip Rap, Stream crossing, Trees/rootwads, Weir"}},{"type":"Feature","geometry":{"type":"LineString","coordinates":[[-88.5244,45.1601],[-88.5263,45.1589],[-88.5247,45.1572],[-88.5248,45.1564],[-88.5239,45.1554],[-88.5244,45.1545],[-88.5241,45.1536],[-88.5247,45.1525],[-88.5241,45.1523],[-88.5242,45.1516]]},"properties":{"WATERBODYNAMECOMBINED":"1st South Branch Oconto River","SITENAMECOMBINED":"County Road W","FISCALYEAR":2017,"PROJECTPURPOSE":"Increase refuge habitat.  Increase spawning habitat.  Increase depth.  Increase angler access and opportunity.  Previous habitat improvement of bank covers needed brushing maintenance to increase life span.  This stream is a tributary to the South Branch Oconto River so it sees a spawning run of brook and brown trout.  Boulder Lake Campground is less than 10 miles West of this section, so increased fishability would increase angling opportunity for campers.  Increased angling opportunity for Mountain, WI residents as well as vacationers as Mountain is just East of this site.","TARGETSPECIES":"brook trout and brown trout","TECHNIQUESSTRUCTURES":"log sills , brush bundle/mattresses, brush removal, tree cover"}},{"type":"Feature","geometry":{"type":"LineString","coordinates":[[-88.6736,42.8016],[-88.6757,42.802],[-88.6769,42.8016]]},"properties":{"WATERBODYNAMECOMBINED":"Bluff Creek","SITENAMECOMBINED":"upstream of County Highway P - Town of Whitewater","FISCALYEAR":2018,"PROJECTPURPOSE":"Bluff Creek (WBIC 816100) in Walworth County is a highly valuable and popular coldwater fishery resource. The stream channel upstream of County Highway P was artificially straightened and ditched for agriculture sometime after 1940. The ditch channel was wide, shallow, silty and warm, lacking the depth, structure and overhead cover necessary for trout and other coldwater fish species. Recent habitat restoration projects immediately upstream and downstream of the project site provide optimal coldwater habitat and a very high abundance of brown trout. The project sought to continue to enhance trout habitat in Bluff Creek, building on the premier fishing produced by other recent restoration projects immediately upstream and downstream.","TARGETSPECIES":"brown trout","TECHNIQUESSTRUCTURES":null}},{"type":"Feature","geometry":{"type":"LineString","coordinates":[[-91.2255,46.7654],[-91.2257,46.7661],[-91.2285,46.7681],[-91.2294,46.7693]]},"properties":{"WATERBODYNAMECOMBINED":"Unnamed Tributary to Unnamed Tributary to East Fork Cranberry River","SITENAMECOMBINED":null,"FISCALYEAR":2018,"PROJECTPURPOSE":"Assess in-channel habitat characteristics prior to and after beaver dam removal.","TARGETSPECIES":"brook trout","TECHNIQUESSTRUCTURES":null}},{"type":"Feature","geometry":{"type":"LineString","coordinates":[[-91.7669,46.4386],[-91.7649,46.439],[-91.7631,46.4368],[-91.7612,46.4366],[-91.7587,46.435]]},"properties":{"WATERBODYNAMECOMBINED":"Wilson Creek","SITENAMECOMBINED":"Northwest of County Highway P","FISCALYEAR":2018,"PROJECTPURPOSE":"Assess upland, riparian, and in-channel Brook Trout habitat potential as part of the Lake Superior Landscape Restoration Partnership's My Lake Superior Northwoods initiative that began in FY2016. Walked property with landowner and made recommendations for passive management (leave as-is) to maintain existing upland, riparian, and in-channel habitat conditions.","TARGETSPECIES":"brook trout","TECHNIQUESSTRUCTURES":null}},{"type":"Feature","geometry":{"type":"LineString","coordinates":[[-89.6365,44.1754],[-89.6377,44.1756]]},"properties":{"WATERBODYNAMECOMBINED":"Big Roche-A-Cri Creek","SITENAMECOMBINED":"Archer Drive, Adams County. Lower, westernmost edge of state property.","FISCALYEAR":2017,"PROJECTPURPOSE":"Project was designed to bring in Christmas Trees to be used in place of brush bundles. Bundles were installed where the stream was very wide and shallow. the bundles increased stream depth, narrowed stream width and washed away unwanted sediments exposing substrate suitable for trout spawning.","TARGETSPECIES":"brook trout and brown trout","TECHNIQUESSTRUCTURES":"brush bundle/mattresses"}},{"type":"Feature","geometry":{"type":"LineString","coordinates":[[-91.2961,46.4547],[-91.2933,46.4545],[-91.2895,46.453],[-91.2896,46.4523],[-91.2883,46.4515],[-91.2885,46.4507],[-91.2866,46.4487],[-91.2837,46.4493]]},"properties":{"WATERBODYNAMECOMBINED":"South Fork White River","SITENAMECOMBINED":"Township of Delta, Bayfield County, Wisconsin T46N, R7W, Sec 19","FISCALYEAR":2018,"PROJECTPURPOSE":"This project also covered inspection and maintenance of previously completed trout habitat projects on the South Fork of the White River in Bayfield County, Wisconsin.  Annual maintenance on previously completed trout habitat projects is necessary to insure the aesthetics, function and longevity of structures installed.  Unmaintained devices also pose a threat to public safety, resource integrity and department liability","TARGETSPECIES":"brook trout and brown trout","TECHNIQUESSTRUCTURES":"Stone toe protection"}},{"type":"Feature","geometry":{"type":"LineString","coordinates":[[-91.2961,46.4547],[-91.2933,46.4545],[-91.2895,46.453],[-91.2896,46.4523],[-91.2883,46.4515],[-91.2885,46.4507],[-91.2866,46.4487],[-91.2837,46.4493]]},"properties":{"WATERBODYNAMECOMBINED":"South Fork White River","SITENAMECOMBINED":"Township of Delta, Bayfield County, Wisconsin T46N, R7W, Sec 19","FISCALYEAR":2017,"PROJECTPURPOSE":"This project also covered inspection and maintenance of previously completed trout habitat projects on the South Fork of the White River in Bayfield County, Wisconsin.  Annual maintenance on previously completed trout habitat projects is necessary to insure the aesthetics, function and longevity of structures installed.  Unmaintained devices also pose a threat to public safety, resource integrity and department liability","TARGETSPECIES":"brook trout and brown trout","TECHNIQUESSTRUCTURES":"Stone toe protection"}},{"type":"Feature","geometry":{"type":"LineString","coordinates":[[-88.6801,42.801],[-88.6817,42.8002]]},"properties":{"WATERBODYNAMECOMBINED":"Bluff Creek","SITENAMECOMBINED":"County Hwy P","FISCALYEAR":2016,"PROJECTPURPOSE":"Bluff Creek (WBIC 816100) in Walworth County is a highly valuable and popular coldwater fishery resource. The stream channel upstream of County Highway P was artificially straightened and ditched for agriculture sometime after 1940. The ditch channel is wide, shallow, silty and warm, lacking the depth, structure and overhead cover necessary for trout and other coldwater fish species. Recent habitat restoration projects immediately upstream and downstream of the proposed project site provide optimal coldwater habitat and a very high abundance of brown trout.This project is a continuation of the successful brown trout habitat enhancements in Bluff Creek, building on the premier fishing produced by other recent restoration projects immediately upstream and downstream. R.A. Smith National was contracted to locate and stake the original stream channel. They completed their survey on Friday, November 20th, providing a topographic map illustrating and identifying cross sections of the existing and original stream bed at 500\u2019 intervals. The survey crew also staked the original stream channel at 50\u2019 intervals with elevations marked to indicate cut/fill to straight grade to the downstream road crossing at County Highway P.","TARGETSPECIES":"Brown Trout","TECHNIQUESSTRUCTURES":null}},{"type":"Feature","geometry":{"type":"LineString","coordinates":[[-90.9657,43.7356],[-90.9656,43.7355]]},"properties":{"WATERBODYNAMECOMBINED":"Bohemian Valley Creek","SITENAMECOMBINED":"Sedivie Easement - upstream from CTH G bridge","FISCALYEAR":2018,"PROJECTPURPOSE":"The purpose of this project was to repair a machinery crossing that had degraded over the years from numerous flooding events.  The crossing was reshaped and top dressed with breaker run on both of the approaches.","TARGETSPECIES":"brown trout","TECHNIQUESSTRUCTURES":"Bank shaping and planting, channel shaping, stream crossing"}},{"type":"Feature","geometry":{"type":"LineString","coordinates":[[-90.4179,43.0802],[-90.4186,43.0804],[-90.4189,43.0801],[-90.4193,43.0806],[-90.4206,43.0803]]},"properties":{"WATERBODYNAMECOMBINED":"Big Spring Branch","SITENAMECOMBINED":"Fishery area in western Iowa County","FISCALYEAR":2018,"PROJECTPURPOSE":"Relocate stream away from the road into a centralized location of the floodplain; Realigning the stream into a channel away from the road was decided to be the best option; NRCS engineers developed the project design; Approximately 850 feet of stream bank sloped with rip-rap","TARGETSPECIES":"brook trout","TECHNIQUESSTRUCTURES":null}},{"type":"Feature","geometry":{"type":"LineString","coordinates":[[-90.8199,43.0615],[-90.8204,43.0614]]},"properties":{"WATERBODYNAMECOMBINED":"Big Green River","SITENAMECOMBINED":"Mook and Fritz Properties","FISCALYEAR":2017,"PROJECTPURPOSE":"Stabilize extremely high, vertical, actively eroding stream bank. Improve trout habitat and improve the water quality in and below the project area by reducing siltation","TARGETSPECIES":"brown trout","TECHNIQUESSTRUCTURES":null}},{"type":"Feature","geometry":{"type":"LineString","coordinates":[[-89.775,43.8377],[-89.7764,43.8376],[-89.7778,43.8382],[-89.7784,43.8391],[-89.7797,43.8393]]},"properties":{"WATERBODYNAMECOMBINED":"Campbell Creek","SITENAMECOMBINED":"upstream of CTY A","FISCALYEAR":2016,"PROJECTPURPOSE":"Improve overhead cover for juvenile and adult trout.  Narrow stream to remove fine sediment  and improve stream depth and pool habitat.\r\nImprove overhead cover for juvenile and adult trout.  Narrow stream to remove fine sediment  and improve stream depth and pool habitat.","TARGETSPECIES":"Brown trout","TECHNIQUESSTRUCTURES":null}},{"type":"Feature","geometry":{"type":"MultiLineString","coordinates":[[[-88.405,42.8559],[-88.4043,42.8561],[-88.4045,42.8555],[-88.4035,42.8547]],[[-88.4097,42.8537],[-88.4092,42.854],[-88.409,42.855]],[[-88.4082,42.8561],[-88.4056,42.8572],[-88.405,42.8559],[-88.4058,42.8555],[-88.4063,42.8556],[-88.406,42.8559],[-88.4065,42.8563],[-88.4069,42.8561],[-88.4065,42.8559],[-88.407,42.8558],[-88.4068,42.8555],[-88.4087,42.856],[-88.409,42.855],[-88.4079,42.8554],[-88.4082,42.8557]]]},"properties":{"WATERBODYNAMECOMBINED":"Mukwonago River","SITENAMECOMBINED":null,"FISCALYEAR":2016,"PROJECTPURPOSE":"This project is a continuation of the Mukwonago River Culvert Removal Project.  The project will continue habitat improvement and enhancement efforts on the former Rainbow Springs property (WBIC 765500 Lat/Lon 42\u00b0 51' 18.1\" N, 88\u00b0 24' 32.21\" W).  Objectives include woody structure installation, fish and mussel community monitoring, and bank stabilization techniques. Waukesha County has a limited amount of trout waters and excessive amounts of anglers resulting in a net increased importance for local coldwater streams. The Kettle Moraine State Forest \u2013 Mukwonago Sub-unit is a newly acquired property that is heavily degraded as a result of golf course maintenance practices.  Despite this reach being heavily degraded, the Mukwonago River is one of the most diverse waterbodies in southeast Wisconsin with 58 fish species present.  This project will restore 1 mile of heavily degraded class 2 trout stream restoring This project will restore the original native stream bed, add woody structure, and stabilize banks.  Bank stabilization techniques combined with woody structure enhancements will improve species diversity and water quality.","TARGETSPECIES":"Brook trout","TECHNIQUESSTRUCTURES":null}},{"type":"Feature","geometry":{"type":"LineString","coordinates":[[-91.424,46.5663],[-91.4223,46.567],[-91.422,46.5678],[-91.4196,46.5685],[-91.419,46.5697],[-91.42,46.5712]]},"properties":{"WATERBODYNAMECOMBINED":"Iron River","SITENAMECOMBINED":"Township of Iron River, Bayfield County, WI T47N, R8W, Sec 7","FISCALYEAR":2017,"PROJECTPURPOSE":"Inspection and maintenance of previously completed trout habitat projects. Annual inspection and maintenance are necessary to insure the aesthetics, function and longevity of structures installed. Unmaintained devices also pose a threat to public safety, resource integrity and department liability.","TARGETSPECIES":"Brown Trout","TECHNIQUESSTRUCTURES":null}},{"type":"Feature","geometry":{"type":"LineString","coordinates":[[-91.424,46.5663],[-91.4223,46.567],[-91.422,46.5678],[-91.4196,46.5685],[-91.419,46.5697],[-91.42,46.5712]]},"properties":{"WATERBODYNAMECOMBINED":"Iron River","SITENAMECOMBINED":"Township of Iron River, Bayfield County, WI T47N, R8W, Sec 7","FISCALYEAR":2018,"PROJECTPURPOSE":"Inspection and maintenance of previously completed trout habitat projects. Annual inspection and maintenance are necessary to insure the aesthetics, function and longevity of structures installed. Unmaintained devices also pose a threat to public safety, resource integrity and department liability.","TARGETSPECIES":"Brown Trout","TECHNIQUESSTRUCTURES":null}},{"type":"Feature","geometry":{"type":"LineString","coordinates":[[-90.8415,43.5442],[-90.8404,43.5441]]},"properties":{"WATERBODYNAMECOMBINED":"Cook Creek","SITENAMECOMBINED":"Start point is 1600 feet downstream from Cook Hill Road Bridge","FISCALYEAR":2017,"PROJECTPURPOSE":"The purpose of this project was to repair a machinery crossing and remove flood debris deposited from the flood of September of 2016.  Parking lot maintenance was also performed.","TARGETSPECIES":"brook trout","TECHNIQUESSTRUCTURES":"stream crossing, material removal, channel shaping"}},{"type":"Feature","geometry":{"type":"MultiLineString","coordinates":[[[-90.0031,42.93],[-90.0034,42.9283],[-90.0024,42.9282]],[[-90.0041,42.9246],[-90.0036,42.9235]],[[-90.0024,42.9282],[-90.0036,42.9263],[-90.0028,42.9253],[-90.0041,42.9246]],[[-90.0041,42.9246],[-90.0041,42.9246]]]},"properties":{"WATERBODYNAMECOMBINED":"Conley Lewis Creek","SITENAMECOMBINED":null,"FISCALYEAR":2017,"PROJECTPURPOSE":"Removal of non-desirable trees and brush to allow establishment of grasses along the banks of Conley Lewis Creek","TARGETSPECIES":"Brown trout","TECHNIQUESSTRUCTURES":null}},{"type":"Feature","geometry":{"type":"LineString","coordinates":[[-89.4615,42.8753],[-89.4642,42.8724]]},"properties":{"WATERBODYNAMECOMBINED":"Story Creek","SITENAMECOMBINED":"Brooklyn Wildlife Area - Bellbrook Road","FISCALYEAR":2016,"PROJECTPURPOSE":"Remove early successional vegetation and prepare site for ditch fill project.","TARGETSPECIES":"Brook trout","TECHNIQUESSTRUCTURES":null}},{"type":"Feature","geometry":{"type":"LineString","coordinates":[[-89.4605,42.8765],[-89.4628,42.8739]]},"properties":{"WATERBODYNAMECOMBINED":"Story Creek","SITENAMECOMBINED":"South Central Dane Country Wisconsin","FISCALYEAR":2018,"PROJECTPURPOSE":"The project involved filling in agricultural ditches to revert bypasses water back to Story Creek near Bellbrook Road. The fill material was excavated on-site from a pre-established \"borrow\" area","TARGETSPECIES":"Brook and Brown trout","TECHNIQUESSTRUCTURES":null}},{"type":"Feature","geometry":{"type":"LineString","coordinates":[[-91.0864,43.6598],[-91.0879,43.6587],[-91.0888,43.6592],[-91.0894,43.6579]]},"properties":{"WATERBODYNAMECOMBINED":"Coon Creek","SITENAMECOMBINED":"Greg Anderson Easement-TUDARE Addendum 7 - Starting at the east side of CTH \"KK\" bridge","FISCALYEAR":2017,"PROJECTPURPOSE":"The purpose of this project is to stabilize the stream banks, create cover for trout and open up the floodway by removing trees along the stream corridor.","TARGETSPECIES":"brown trout","TECHNIQUESSTRUCTURES":"trees/rootwads, plunge pools, rip rap, brush removal, boulder retard, boulder clusters, bank sloping, bank shaping and planting, LUNKERS"}},{"type":"Feature","geometry":{"type":"LineString","coordinates":[[-91.0802,43.663],[-91.0808,43.663],[-91.0811,43.6625],[-91.0822,43.6628],[-91.0839,43.6614],[-91.0855,43.6611],[-91.0866,43.6594],[-91.0879,43.6587],[-91.0888,43.6592],[-91.0889,43.6589]]},"properties":{"WATERBODYNAMECOMBINED":"Coon Creek","SITENAMECOMBINED":"Gary Antoniewicz Easement - TUDARE Addendum 4 - Start point is 435 feet upstream from the CTH KK bridge","FISCALYEAR":2015,"PROJECTPURPOSE":"The purpose of this project is to stabilize the stream banks, create cover for trout and open up the floodway by removing trees along the stream corridor.  This is the report for the first phase of this project where once the ground was frozen, 2,081 cubic yards of riprap rock was stockpiled.  This rock will be used next fiscal year for stream bank stabilization and creating in-stream cover for trout.","TARGETSPECIES":"Brown trout","TECHNIQUESSTRUCTURES":null}},{"type":"Feature","geometry":{"type":"MultiLineString","coordinates":[[[-89.1906,44.2077],[-89.191,44.2058],[-89.1903,44.2057],[-89.1895,44.2049]],[[-89.1967,44.2126],[-89.1956,44.2108],[-89.1906,44.2077]]]},"properties":{"WATERBODYNAMECOMBINED":"Davies Creek","SITENAMECOMBINED":"One of three tributaries to this section of the Waushara County Pine River between the Wild Rose dam and Saxeville dam.","FISCALYEAR":2017,"PROJECTPURPOSE":"Maintenance brushing of trout habitat enhancement project completed 1985. The Fox Valley Chapter of Wisconsin Trout Unlimited has a long standing investment in this project and continues to work to keep the stream corridor free of invasive exotic vegetation. Davies Creek has historically provided ample spawning habitat to sustain the excellent brown and brook trout fishery throughout the system.  Angler access through the project area had deteriorated due to buckthorn re-growth.","TARGETSPECIES":"brook trout and brown trout","TECHNIQUESSTRUCTURES":"exotic vegetation removal, brush removal"}},{"type":"Feature","geometry":{"type":"MultiLineString","coordinates":[[[-88.8149,45.1713],[-88.8092,45.1715],[-88.8048,45.1707]],[[-88.8048,45.1707],[-88.8035,45.1699]]]},"properties":{"WATERBODYNAMECOMBINED":"Evergreen River","SITENAMECOMBINED":"Langlade County- Evergreen Township - Above State Highway 64","FISCALYEAR":2017,"PROJECTPURPOSE":"Purpose of project is to create stable banks, direct water flow, narrow the stream channel to keep water cool, keep the stream bottom free of silt, and provide areas of silt deposition. Brush bundling will narrow the stream, causing the stream bed to scour out and become deeper and faster as well as flushing out riffle areas for spawning trout.","TARGETSPECIES":"brook trout and brown trout","TECHNIQUESSTRUCTURES":"brush bundle/mattresses"}},{"type":"Feature","geometry":{"type":"LineString","coordinates":[[-91.8227,44.6612],[-91.8255,44.6653],[-91.826,44.6669],[-91.8256,44.6679],[-91.8263,44.6686]]},"properties":{"WATERBODYNAMECOMBINED":"Fall Creek","SITENAMECOMBINED":"Brion and Weiss Property","FISCALYEAR":2017,"PROJECTPURPOSE":"The main purpose of this project is to increase brook trout spawning, nusery and adult overwintering habitat.  This was accomplished by narrowing the stream which resulted in moving sediment downstream, installing rock weirs to create pool habitat and addition of cross channel logs for nursery and adult habitat. Integrated bank treatment was used on highly erodible streambanks to prevent additional erosion from occurring.","TARGETSPECIES":"brook trout","TECHNIQUESSTRUCTURES":"grade control measures, wing deflector, plunge pools, trees/rootwads, bank shaping and planting, rip rap"}},{"type":"Feature","geometry":{"type":"LineString","coordinates":[[-91.8263,44.6686],[-91.8267,44.6699]]},"properties":{"WATERBODYNAMECOMBINED":"Fall Creek","SITENAMECOMBINED":"Downstream of HWY T","FISCALYEAR":2018,"PROJECTPURPOSE":"The stream has good coldwater thermal regimes.  The goal of this project is to remove habitat impairments and improve brook trout abundance, size structure as well as improve angler access to the stream corridor.","TARGETSPECIES":"brook trout","TECHNIQUESSTRUCTURES":"log sills, boulder clusters, log, rootwad and boulder revetments, rip rap, bank sloping"}},{"type":"Feature","geometry":{"type":"LineString","coordinates":[[-90.7999,43.5423],[-90.7991,43.5417]]},"properties":{"WATERBODYNAMECOMBINED":"Unnamed Tributary to Bishop Branch Creek","SITENAMECOMBINED":"Southeast corner of State Land that is one mile east of the intersection of Highways 82 & 56.","FISCALYEAR":2018,"PROJECTPURPOSE":"The purpose of this project was to remove 3 beaver dams on a WDNR property.  Earlier in the winter, the downstream landowner claimed that the dams were causing ice build-up on their driveway, which was not the case.  The dams were removed anyway to prevent any possible problems.","TARGETSPECIES":"brook trout and brown trout","TECHNIQUESSTRUCTURES":"streambank re-establishment, beaver dam removal, migration barriers"}},{"type":"Feature","geometry":{"type":"LineString","coordinates":[[-89.7327,43.9792],[-89.7331,43.9797],[-89.7326,43.9803],[-89.7348,43.9803],[-89.7361,43.9817]]},"properties":{"WATERBODYNAMECOMBINED":"Fordham Creek","SITENAMECOMBINED":"CTH J bridge upstream through DNR easement","FISCALYEAR":2017,"PROJECTPURPOSE":"Work was to increase fishability as stream side vegetation, mainly tag alder, had over taken the stream. Tag alder was impeding the stream flow causing structures to fill in with sediment.","TARGETSPECIES":"brook trout and brown trout","TECHNIQUESSTRUCTURES":"brush removal"}},{"type":"Feature","geometry":{"type":"LineString","coordinates":[[-89.7139,43.9774],[-89.7158,43.9771]]},"properties":{"WATERBODYNAMECOMBINED":"Fordham Creek","SITENAMECOMBINED":"Downstream of 6th Court, Dwight mueller T.U. Easement","FISCALYEAR":2018,"PROJECTPURPOSE":"The results of past habitat improvements (e.g removal of streamside vegetation, installation of brush bundles, jetted overhead bank covers and log retards) have been positive. Adult Brown trout numbers have increased 282 percent. Adult Rainbow trout have increased by 65 percent. After one year, nearly all of the brush bundles were covered with sediment and grasses had begun to grow. Average stream depths increased and mean stream width decreased.","TARGETSPECIES":"brook trout and brown trout","TECHNIQUESSTRUCTURES":"brush bundle/mattresses, brush removal"}},{"type":"Feature","geometry":{"type":"LineString","coordinates":[[-90.7274,43.9558],[-90.7276,43.9561]]},"properties":{"WATERBODYNAMECOMBINED":"Silver Creek","SITENAMECOMBINED":"Fort McCoy - Upstream from 13th Ave. 620 feet.","FISCALYEAR":2018,"PROJECTPURPOSE":"The purpose of this project was to remove a concrete dam structure on Silver Creek along with removing a large quantity of dike material on each side of the dam.  At the start, a large rock weir was installed above the dam to prevent any head cut once the dam was removed.  The weir was constructed in a fashion to allow for it to also be used as a machinery crossing.  All the trees within the immediate construction area were removed and hauled to a recycling location.  A breaker attachment for an excavator was used to break the large pieces of the concrete dam.  The concrete was then loaded and hauled to a concrete recycling site.  The dike material on each side of the dam was removed and hauled to an upland stockpile site.  The stream banks and streambed were armored with large rock to stabilize the stream after the dam was removed.  All exposed soils were seeded and mulched.  This project was a challenge to perform especially considering there were 4 major rain events with high water flowing over the spillway during deconstruction.  The second phase of this project, which involves enhancing 900 feet of stream just above the dam removal site, is scheduled for FY19. The purpo0se was also to stabilize the stream banks, create cover for trout along with sloping and removing sediment from the stream banks on the section of Silver Creek where water was impounded from the dam before the dam was removed.","TARGETSPECIES":"brook trout and brown trout","TECHNIQUESSTRUCTURES":"dam removal, channel shaping, bank sloping, weir, stream crossing, rip rap"}},{"type":"Feature","geometry":{"type":"LineString","coordinates":[[-90.7055,44.0096],[-90.707,44.0104]]},"properties":{"WATERBODYNAMECOMBINED":"Tarr Creek","SITENAMECOMBINED":"Fort McCoy - Start point is 850 feet downstream from South A Street bridge at Fort McCoy","FISCALYEAR":2017,"PROJECTPURPOSE":"The purpose of this project is to stabilize the stream banks, create cover for trout and construct spawning riffles.  With the stream bed mainly consisting of sand, this project also focused on creating stable hard structure for aquatic insects.","TARGETSPECIES":"brook trout and brown trout","TECHNIQUESSTRUCTURES":"plunge pools, grade control measures, brush removal, boulder retard, bank sloping, bank shaping and planting, weir, tress/rootwads, rip rap"}},{"type":"Feature","geometry":{"type":"LineString","coordinates":[[-90.6661,43.3548],[-90.6659,43.354]]},"properties":{"WATERBODYNAMECOMBINED":"Knapp Creek","SITENAMECOMBINED":"Gebken Easement - Start point is 170 feet upstream from County Highway \"U\" bridge.","FISCALYEAR":2017,"PROJECTPURPOSE":"Due to the flood of September 2016, minor maintenance was performed on a machinery crossing along with a small section of stream bank riprapping. Remove a beaver dam along with sloping 380 feet of the stream bank to discourage beavers from making tunnel lodges.","TARGETSPECIES":"brown trout","TECHNIQUESSTRUCTURES":"rip rap, stream crossing, beaver dam removal, bank sloping, bank shaping and planting"}},{"type":"Feature","geometry":{"type":"LineString","coordinates":[[-89.0273,45.1107],[-89.0265,45.1105]]},"properties":{"WATERBODYNAMECOMBINED":"MayKing Springs","SITENAMECOMBINED":"T30N R12E S03,  T30N R12E S02  Township of Norwood,  Langlade County","FISCALYEAR":2018,"PROJECTPURPOSE":"Improve habitat conditions in spring pond for trout and other aquatic species by increasing depth and placement of coarse wood habitat in dredged areas. Use of a hydraulic cutterhead dredge to remove approximately 30,000 cubic yards of silt and organic sediments over 1 1/2 field seasos. Sediment was distributed to upland depressions under private ownership. Approximately 20% of this section of the flowage will remain in a undredged condition for youngof the year (yoy) Trout, minnow species, and recolonization of benthic species such as midges (Chironomidae spp.) and side swimmers or scuds (Hyallella spp.). A existing logging road crossing state property will utilized as access and need to be leveled to a width o20 feet. A short section, nearly 300 feet, from the road to the pond will need to cleared of trees, brush and leveled, using the trees as corduroy at the water\u2019s edge to create an access for the dredge and related equipment.  The remaining logs will be placed in the water as overhead habitat.","TARGETSPECIES":"brook trout","TECHNIQUESSTRUCTURES":"material removal"}},{"type":"Feature","geometry":{"type":"LineString","coordinates":[[-89.3813,44.0019],[-89.3807,44.002],[-89.3808,44.0015],[-89.3801,44.0014]]},"properties":{"WATERBODYNAMECOMBINED":"Mecan River","SITENAMECOMBINED":null,"FISCALYEAR":2018,"PROJECTPURPOSE":"Severe storms brought down dozens of trees throughout the riparian corridor. Recreational access was impossible. This is a trend site for Fisheries Management trout surveys","TARGETSPECIES":"brown trout","TECHNIQUESSTRUCTURES":"tree cover, streambank re-establishment, angler/hunter paths"}},{"type":"Feature","geometry":{"type":"LineString","coordinates":[[-89.4439,44.0337],[-89.4456,44.0315],[-89.4446,44.031],[-89.4444,44.0303],[-89.4441,44.0305],[-89.4438,44.0293],[-89.4428,44.0291],[-89.4421,44.0271]]},"properties":{"WATERBODYNAMECOMBINED":"Mecan River","SITENAMECOMBINED":null,"FISCALYEAR":2017,"PROJECTPURPOSE":"Maintenance brushing of trout habitat enhancement project completed 2013. This section of the Mecan River Fisheries Area, just north of the town of Richford, hosts incredible opportunities for public outdoor recreation. These opportunities include hunting, trapping, hiking along the Ice Age Trail, as well as excellent trout fishing. Maintaining access to and along the river is a critical component to continued public outdoor recreation.","TARGETSPECIES":"brook trout and brown trout","TECHNIQUESSTRUCTURES":"angler/hunter paths, exotic vegetation removal, brush removal"}},{"type":"Feature","geometry":{"type":"LineString","coordinates":[[-91.1652,43.7646],[-91.1647,43.7624],[-91.165,43.7612]]},"properties":{"WATERBODYNAMECOMBINED":"Mormon Coulee Creek","SITENAMECOMBINED":"Lansing Easement - Start point is 6/10 mile downstream from Bloomer Mill Road bridge.","FISCALYEAR":2017,"PROJECTPURPOSE":"The purpose of this project was to remove two separate log jams created by the flood of September 2016.","TARGETSPECIES":"brown trout","TECHNIQUESSTRUCTURES":"bank shaping and planting, material removal"}},{"type":"Feature","geometry":{"type":"LineString","coordinates":[[-88.0619,45.16],[-88.0605,45.1599],[-88.0578,45.1586]]},"properties":{"WATERBODYNAMECOMBINED":"North Branch Beaver Creek","SITENAMECOMBINED":null,"FISCALYEAR":2018,"PROJECTPURPOSE":"Increase cover habitat.  Increase spawning habitat.  Improve angler access and angling opportunity.  Stream channelization will improve fish passage to upstream spawning habitats.  Increased depth and velocity to improve natural transport of sand bed load.   Brush and large wood additions will increase feeding, resting, and refuge cover.  Stream channelization and depth increase will have a positive thermal impact.  This site's proximity to the Green Bay area as well as the numerous vacation homes will allow for increased angling opportunity for a large amount of people.","TARGETSPECIES":"brook trout and brown trout","TECHNIQUESSTRUCTURES":"brush bundle/mattresses, log sills, brush removal"}},{"type":"Feature","geometry":{"type":"LineString","coordinates":[[-88.0368,45.1451],[-88.0358,45.1454],[-88.0357,45.146],[-88.0338,45.1453],[-88.0318,45.1463],[-88.03,45.1458],[-88.0277,45.1459]]},"properties":{"WATERBODYNAMECOMBINED":"North Branch Beaver Creek","SITENAMECOMBINED":"Holleys Hole - Downstream of 21st Road","FISCALYEAR":2017,"PROJECTPURPOSE":"Increase cover habitat.  Increase spawning habitat.  Improve angler access and angling opportunity.  Stream channelization will improve fish passage to upstream spawning habitats.  Increased depth and velocity to improve natural transport of sand bed load.   Brush and large wood additions will increase feeding, resting, and refuge cover.  Stream channelization and depth increase will have a positive thermal impact.  This site's proximity to the Green Bay area as well as the numerous vacation homes will allow for increased angling opportunity for a large amount of people.   Fishability is limited due to densely populated tag alder banks.","TARGETSPECIES":"brook trout and brown trout","TECHNIQUESSTRUCTURES":"tree cover, brush removal, brush bundle/mattresses, tree cover"}},{"type":"Feature","geometry":{"type":"LineString","coordinates":[[-91.2713,44.1688],[-91.2706,44.1684]]},"properties":{"WATERBODYNAMECOMBINED":"North Fork Beaver Creek","SITENAMECOMBINED":"Village of Ettrick - Between bridges in village","FISCALYEAR":2017,"PROJECTPURPOSE":"Remove undesirable tree species (box/tag elder) and stabilized/reslope existing stream banks to provide better access of stream to floodplain.  Add in stream cover and pool depth via cross channel logs, root wads, rock weirs and midstream boulders.  Improve angler access and promote fishing opportunities in an urban setting.","TARGETSPECIES":"brook trout","TECHNIQUESSTRUCTURES":"wing deflector, trees/rootwads , plunge pools, weir, stream crossing, brush removal, angler/hunter paths, bank shaping and planting, rip rap"}},{"type":"Feature","geometry":{"type":"LineString","coordinates":[[-90.1176,43.7554],[-90.1136,43.7557]]},"properties":{"WATERBODYNAMECOMBINED":"Onemile Creek","SITENAMECOMBINED":"CTH G, Juneau County","FISCALYEAR":2018,"PROJECTPURPOSE":"Onemile Creek is one of the better trout streams in Juneau County. Many easements have ben acquired along the streams of Juneau County throughout the years and we have received inquiries into if habitat work can be done in the county. Onemile creek is choked with tag alder in many areas making it not fishable. Brushing seemed like the most reasonable option for trout habitat at this time.","TARGETSPECIES":"brook trout","TECHNIQUESSTRUCTURES":"brush removal"}},{"type":"Feature","geometry":{"type":"LineString","coordinates":[[-89.199,44.206],[-89.1977,44.2052],[-89.1958,44.2052],[-89.1936,44.2045],[-89.1927,44.2049],[-89.1907,44.2045],[-89.1895,44.2049]]},"properties":{"WATERBODYNAMECOMBINED":"Pine River","SITENAMECOMBINED":null,"FISCALYEAR":2017,"PROJECTPURPOSE":"Increase cover habitat. Increase spawning habitat. Improve angler access. Improve angling opportunity.Restoring stream connectivity through this section of the Pine will promote a more defined stream channel, increase depth, restore trout spawning opportunity(cobble) and improve trout size structure and holding potential.  Downstream project boundary incorporates the Davies Creek.  This cold water tributary contains an abundance of brook trout.  Work completed will restore migrational movement of brook trout through out this section of the Pine/Davies rivers.  Transportation of excessive sediment above the Davies confluence and through this area will have a positive thermal impact. Habitat work will narrow and deepen this section.  Add the cold water of the Davies, anglers should see an increase in brook(and brown) trout availability.","TARGETSPECIES":"brook trout and brown trout","TECHNIQUESSTRUCTURES":"log sills, exotic vegetation removal, brush bundle/mattresses, brush removal, angler/hunter paths"}},{"type":"Feature","geometry":{"type":"LineString","coordinates":[[-89.3298,44.5403],[-89.3304,44.5393],[-89.3314,44.5391],[-89.3319,44.5379],[-89.3346,44.5373]]},"properties":{"WATERBODYNAMECOMBINED":"Poncho Creek","SITENAMECOMBINED":"River Road Portage County","FISCALYEAR":2017,"PROJECTPURPOSE":"Purpose of the project was an annual work day with the Frank Hornberg Chapter of Trout Unlimited and the Bill Cook Chapter of the Izaak Walton League. It was decided that the Poncho Creek contained much streamside tag alder and many windfallen trees that needed to be removed.","TARGETSPECIES":"brook trout","TECHNIQUESSTRUCTURES":"brush removal"}},{"type":"Feature","geometry":{"type":"LineString","coordinates":[[-89.2201,44.2578],[-89.2196,44.2581],[-89.2197,44.2589],[-89.2187,44.2599],[-89.2192,44.2603],[-89.2174,44.2618],[-89.2145,44.262]]},"properties":{"WATERBODYNAMECOMBINED":"Radley Creek","SITENAMECOMBINED":null,"FISCALYEAR":2018,"PROJECTPURPOSE":"Improve trout habitat and angler accessibility by repositioning LWD, stream bank stabilization, brushing and bundling using hand tools and heavy equipment. Project was completed in conjunction with a Ruffed Grouse Society funded woodcock habitat restoration project. Limited recreational access and fishability","TARGETSPECIES":"brook trout and brown trout","TECHNIQUESSTRUCTURES":"exotic vegetation removal, angler/hunter paths, brush removal"}},{"type":"Feature","geometry":{"type":"LineString","coordinates":[[-90.8248,43.4694],[-90.823,43.4677],[-90.8227,43.4668],[-90.8215,43.4666]]},"properties":{"WATERBODYNAMECOMBINED":"Reads Creek","SITENAMECOMBINED":"Greenman Easement - Start point is 3/4 mile downstream from County Highway \"JJ\" Bridge","FISCALYEAR":2017,"PROJECTPURPOSE":"The purpose of this project was to perform maintenance on a portion of the stream that was damaged by the flood of September 2016.  The work included the repair of a machinery crossing, beaver dam removal, channel reconstruction to include removal of rubble deposition in pools.","TARGETSPECIES":"brook trout and brown trout","TECHNIQUESSTRUCTURES":"stream crossing, plunge pools, material removal, channel shaping, beaver dam removal"}},{"type":"Feature","geometry":{"type":"LineString","coordinates":[[-89.3727,43.3781],[-89.373,43.3777],[-89.3741,43.3779],[-89.3753,43.3784],[-89.3749,43.3789]]},"properties":{"WATERBODYNAMECOMBINED":"Rowan Creek","SITENAMECOMBINED":"Loveland Road - 1 mile upstream of the Village of Poynette","FISCALYEAR":2017,"PROJECTPURPOSE":"Habitat improvement work was completed on a segment of stream immediately downstream from the prospective project in the late 1970s.  The improvements made at that time have held up well over the years and are still benefiting the fishery today.  This project will extend the area of improved trout habitat and link it to an easy public access point.  Tree growth in this segment of Rowan Creek has led to a loss of grassy cover in the stream corridor.  This has contributed to bank erosion and widening of the stream, as well an increase in the amount of sediment entering the stream.  Growth of trees along the stream corridor also reduces productivity in the stream by reducing the amount of sunlight reaching the water.  Trout populations eventually decline as a result of the loss of overhead cover as the stream widens and loses depth, as well as from the reduced productivity from decreased light penetration.  Stream productivity and stability of the stream bank would be enhanced by tree and brush removal and re-establishment of grassy cover on the banks.  Grassy vegetation will do a better job of holding the soil together as well as filtering runoff and reducing sediment loading into the stream.  Tree removal will also increase light penetration to the stream which will increase primary productivity.  Armoring the toe of the streambank with rock riprap will help ensure that future bank erosion does not occur.  This ensures the stream will not lose depth through erosion and progressive widening, and it will also reduce sediment loading into the stream.  Installation of current management devices and LUNKER structures will improve the amount of overhead cover for trout by increasing areas of scour and providing artificial hiding places (LUNKERS) for trout.","TARGETSPECIES":"brown trout","TECHNIQUESSTRUCTURES":"stone toe protection, log, rootwad and boulder revetments, weir, erosion control hydro seed mulch, stream crossing, boulder clusters, trees/rootwads, LUNKERS, bank sloping, brush removal"}},{"type":"Feature","geometry":{"type":"LineString","coordinates":[[-91.1296,43.3893],[-91.1299,43.3892]]},"properties":{"WATERBODYNAMECOMBINED":"Rush Creek","SITENAMECOMBINED":"DNR State Land - Start point is 680 feet downstream from the Rush Creek Road Bridge closest to Highway 35.","FISCALYEAR":2018,"PROJECTPURPOSE":"The purpose of this project was to remove a log jam that was obstructing and diverting the flow of floodwater.  If a flood would occur, the water could be diverted and possibly wash out a portion of the Rush Creek Road.","TARGETSPECIES":"brown trout","TECHNIQUESSTRUCTURES":"material removal, bank shaping and planting"}},{"type":"Feature","geometry":{"type":"LineString","coordinates":[[-91.0763,43.3972],[-91.0763,43.397]]},"properties":{"WATERBODYNAMECOMBINED":"Rush Creek","SITENAMECOMBINED":"Kutsche Easement - Rush Creek Road.","FISCALYEAR":2018,"PROJECTPURPOSE":"The purpose of this project was to repair the start of an eroding stream bank before it worsened.","TARGETSPECIES":"brown trout","TECHNIQUESSTRUCTURES":"rip rap, bank sloping, bank shaping and planting"}},{"type":"Feature","geometry":{"type":"LineString","coordinates":[[-91.0867,43.3972],[-91.0865,43.3979],[-91.0871,43.3979]]},"properties":{"WATERBODYNAMECOMBINED":"Rush Creek","SITENAMECOMBINED":"Raymer Easement - Approximately 3/4 mile upstream from Rutter Hill Road","FISCALYEAR":2017,"PROJECTPURPOSE":"The flood of September 2016 damaged the machinery crossing at this site by depositing sediment on the approaches and scouring out the streambed to the point of making the crossing impassible.  This is a maintenance project that included removing the sediment from the approaches, rebuilding the streambed with rock and creating a rock weir at the downstream side of the crossing.","TARGETSPECIES":"brown trout","TECHNIQUESSTRUCTURES":"weir, plunge pools, stream crossing, material removal, grade control measures"}},{"type":"Feature","geometry":{"type":"LineString","coordinates":[[-89.5242,44.2624],[-89.5242,44.2631]]},"properties":{"WATERBODYNAMECOMBINED":"South Branch Tenmile Creek","SITENAMECOMBINED":"I-39 and CTH D Right of way","FISCALYEAR":2018,"PROJECTPURPOSE":"Mitigation project with the Wisconsin DOT for new road, culvert installation along stream. Wisconsin DOT provided materials (rip-rap and logs) for project.","TARGETSPECIES":"brook trout","TECHNIQUESSTRUCTURES":"rip rap, trees/rootwads"}},{"type":"Feature","geometry":{"type":"LineString","coordinates":[[-91.6741,45.173],[-91.6772,45.1727],[-91.6778,45.172]]},"properties":{"WATERBODYNAMECOMBINED":"Sand Creek","SITENAMECOMBINED":"Pruzek and Nelson Easement - Downstream of 10th St","FISCALYEAR":2018,"PROJECTPURPOSE":"3,160 tons of shot rock was hauled onto the site during the winter months. Rock was used to narrow up the stream, banks were sloped to a 4:1 and seeded with turf grass. LUNKERs cover were installed in 5 outside bends, numerous root wads were installed for overhead cover as well.  One plunge pool was installed, 4 spawning riffles were created and a few deep overwintering pools were created.  In-stream boulders were used to kick the current back and forth to push the sand and silt flushed out.  Large mature native trees are along the stream for a nice wooded stream corridor for this project.","TARGETSPECIES":"brook trout and brown trout","TECHNIQUESSTRUCTURES":"weir, LUNKERS, log, rootwad and boulder revetments"}},{"type":"Feature","geometry":{"type":"LineString","coordinates":[[-91.6721,45.173],[-91.674,45.1732],[-91.6756,45.1726]]},"properties":{"WATERBODYNAMECOMBINED":"Sand Creek","SITENAMECOMBINED":"Nelson Easement","FISCALYEAR":2017,"PROJECTPURPOSE":"Create instream habitat for adult fish. Create spawning areas. Reduce erosion. Create a better fishing experience.","TARGETSPECIES":"brook trout and brown trout","TECHNIQUESSTRUCTURES":"bank shaping and planting, grade control measures, trees/rootwads, plunge pool, overhead bank cover, rip rap"}},{"type":"Feature","geometry":{"type":"LineString","coordinates":[[-91.2577,44.1646],[-91.2592,44.1656],[-91.2622,44.1657]]},"properties":{"WATERBODYNAMECOMBINED":"South Fork Beaver Creek","SITENAMECOMBINED":"Village Park","FISCALYEAR":2017,"PROJECTPURPOSE":"Remove undesirable tree species (box/tag elder) and stabilized/reslope existing stream banks to provide better access of stream to floodplain.  Add in stream cover and pool depth via cross channel logs, root wads, rock weirs and midstream boulders.  Improve angler access and promote fishing opportunities in an urban setting.","TARGETSPECIES":"brook trout","TECHNIQUESSTRUCTURES":"trees/rootwads, wing deflector, plunge pools, weir, angler/hunter paths, bank shaping and planting, rip rap, brush removal"}},{"type":"Feature","geometry":{"type":"MultiLineString","coordinates":[[[-92.0883,45.6919],[-92.09,45.693],[-92.0894,45.6941],[-92.0886,45.6941]],[[-92.0869,45.6917],[-92.0883,45.6919]]]},"properties":{"WATERBODYNAMECOMBINED":"South Fork of the Clam River","SITENAMECOMBINED":"South Fork of the Clam River within the Clam River Fishery Area","FISCALYEAR":2017,"PROJECTPURPOSE":"Brushing was needed on this stream to increase angler access and use of the stream.  The alder has caused flow to slow and spread out, creating shallow water conditions.","TARGETSPECIES":"brook trout and brown trout","TECHNIQUESSTRUCTURES":"brush removal"}},{"type":"Feature","geometry":{"type":"LineString","coordinates":[[-90.9817,43.3795],[-90.983,43.3798]]},"properties":{"WATERBODYNAMECOMBINED":"South Fork Sugar Creek","SITENAMECOMBINED":"Sliva Easement - Start point is 2,860 feet upstream from the confluence of Sugar Creek and the South Fork of Sugar Creek","FISCALYEAR":2017,"PROJECTPURPOSE":"The purpose of this project was to remove trees that were deposited from the flood or that fell from the stream banks along with minor channel construction to prevent stream bank erosion.  This work was in response to the damage from the flood of September 2016.","TARGETSPECIES":"brook trout and brown trout","TECHNIQUESSTRUCTURES":"channel shaping, material removal, bank shaping and planting"}},{"type":"Feature","geometry":{"type":"MultiLineString","coordinates":[[[-91.2837,46.4493],[-91.2818,46.4499]],[[-91.2818,46.4499],[-91.2767,46.454]],[[-91.2961,46.4547],[-91.2933,46.4545],[-91.2895,46.453],[-91.2896,46.4523],[-91.2883,46.4515],[-91.2885,46.4507],[-91.2866,46.4487],[-91.2837,46.4493]]]},"properties":{"WATERBODYNAMECOMBINED":"South Fork White River","SITENAMECOMBINED":"Township of Delta, Bayfield County, Wisconsin.   T46N, R7W, SEC. 19","FISCALYEAR":2018,"PROJECTPURPOSE":"Although past restorations efforts included stream-bank brushing much of the streams riparian corridor is now densely vegetated by the exotic shrub, glossy buckthorn, (Rhamnus frangula).  This invasive shrub dominates the riparian forest community resulting in allelopathic elimination of native forest species. The dominance of this shrub has resulted in reduced vegetative diversity along the riparian corridor and poor regeneration of large woody species beneficial to stream ecosystems.  In addition, dense buckthorn canopies are resulting in overly shaded stream environments, inhibiting macrophyte growth important to stabilizing stream sediments and providing cover for juvenile salmonids.  Riparian control of invasive buckthorns will help improve biotic and abiotic conditions for trout and aid the recruitment of large woody species critical to the stream\u2019s future health.  Dense riparian growth of glossy buckthorn also hinders angler access to this popular fishing stream and limits access for future in-stream projects in currently unimproved stream reaches.   No effort to control this detrimental species only stands to upset the important relationship between riparian and stream health and seems contrary to the Department priority of invasive species control.","TARGETSPECIES":"brook trout and brown trout","TECHNIQUESSTRUCTURES":"native tree/shrub planting, brush removal"}},{"type":"Feature","geometry":{"type":"LineString","coordinates":[[-90.9247,43.6817],[-90.9273,43.6823],[-90.9294,43.6817],[-90.9301,43.6819]]},"properties":{"WATERBODYNAMECOMBINED":"Spring Coulee Creek","SITENAMECOMBINED":"Barb McKittrick Easement - TUDARE Addendum 8 - Two thirds of a mile east of Eide Rd on Spring Coulee Rd.","FISCALYEAR":2017,"PROJECTPURPOSE":"The purpose of this project is to stabilize the stream banks, create cover for trout and to open up the floodway by removing trees and sloping the stream banks along the stream corridor.  Phase one for this project was completed last fiscal year by removing trees, landscaping, installing two machinery crossings and stockpiling riprap rock.  This fiscal year the rock was placed to stabilize the stream banks.  In-stream logs, rock weirs and Lunkers structures were installed creating cover for trout.  Backwaters were constructed to create habitat for forage species, reptiles and amphibians.","TARGETSPECIES":"brown trout","TECHNIQUESSTRUCTURES":"plunge pools, log, rootwad and boulder revetments, rip rap, weir, LUNKERS, bank sloping"}},{"type":"Feature","geometry":{"type":"LineString","coordinates":[[-91.0646,43.3612],[-91.0644,43.3609],[-91.065,43.3606],[-91.0657,43.3594],[-91.0662,43.36]]},"properties":{"WATERBODYNAMECOMBINED":"Sugar Creek","SITENAMECOMBINED":"Hutter Easement - Start point is 2.5 miles upstream from State Highway 35 bridge.","FISCALYEAR":2018,"PROJECTPURPOSE":"Stream bank deposition from flooding along the stream banks was making two machinery crossings difficult to cross.  The purpose of this project was to remove the deposition and rebuild the bed of the crossing with rock.","TARGETSPECIES":"brown trout","TECHNIQUESSTRUCTURES":"stream crossing, material removal, bank sloping"}},{"type":"Feature","geometry":{"type":"LineString","coordinates":[[-91.0358,43.3737],[-91.0366,43.3731]]},"properties":{"WATERBODYNAMECOMBINED":"Sugar Creek","SITENAMECOMBINED":"Slayton Easement - Start point is 850 feet downstream from Chellevold Road bridge.","FISCALYEAR":2017,"PROJECTPURPOSE":"The flood of September 2016 scoured a huge hole below the Chellevold Road bridge.  Deposition from the scour hole created a rock, rubble dam downstream with some of the stream flowing through the easement landowners pasture.  With this pasture land having flowing water and being supersaturated, another flood could easily create a new channel through the pasture.  Flood deposition was removed and reshaped bringing the channel back to it's original location.","TARGETSPECIES":"brown trout","TECHNIQUESSTRUCTURES":"channel shaping, streambank re-establishment, material removal, bank shaping and planting"}},{"type":"Feature","geometry":{"type":"LineString","coordinates":[[-90.9817,43.3795],[-90.983,43.3798]]},"properties":{"WATERBODYNAMECOMBINED":"South Fork of the Sugar Creek","SITENAMECOMBINED":"Sliva Easement - Start point is 1.5 miles upstream from the confluence of Sugar Creek and the South Fork of Sugar Creek.","FISCALYEAR":2018,"PROJECTPURPOSE":"The purpose of this project was to open up the floodway, stabilize the stream banks and create cover fro trout and other aquatic species.","TARGETSPECIES":"brook trout and brown trout","TECHNIQUESSTRUCTURES":"weir, rip rap, plunge pools, log, rootwad and boulder revetments, brush removal, bank sloping, bank shaping and planting"}},{"type":"Feature","geometry":{"type":"LineString","coordinates":[[-90.8621,43.3807],[-90.8623,43.3806]]},"properties":{"WATERBODYNAMECOMBINED":"Tainter Creek","SITENAMECOMBINED":"Ristow Easement - Start point is 4,900 feet upstream from County Highway \"B\" bridge.","FISCALYEAR":2018,"PROJECTPURPOSE":"The purpose of this project was to stabilize a stream bank that was starting to erode.","TARGETSPECIES":"brown trout","TECHNIQUESSTRUCTURES":"rip rap, bank sloping, bank shaping and planting"}},{"type":"Feature","geometry":{"type":"LineString","coordinates":[[-90.8615,43.3702],[-90.862,43.3695],[-90.8616,43.3688]]},"properties":{"WATERBODYNAMECOMBINED":"Tainter Creek","SITENAMECOMBINED":"Swenson Easement - Start point is 890 feet downstream from CTH \"B\" bridge.","FISCALYEAR":2018,"PROJECTPURPOSE":"Stabilize stream banks, create cover for trout, and open up the floodway by removing trees and sloping the stream banks.  A large quantity of soil was removed by sloping the stream banks.  This will open the floodway and help to prevent stream bank and in-stream damage when flooding occurs.","TARGETSPECIES":"brown trout","TECHNIQUESSTRUCTURES":"weir, trees/rootwads, rip rap, bank shaping and planting, material removal, brush removal, bank sloping"}},{"type":"Feature","geometry":{"type":"LineString","coordinates":[[-90.8615,43.3702],[-90.862,43.3695],[-90.8616,43.3688]]},"properties":{"WATERBODYNAMECOMBINED":"Tainter Creek","SITENAMECOMBINED":"Swenson Easement - Start point is 800 feet downstream from CTH \"B\" bridge","FISCALYEAR":2017,"PROJECTPURPOSE":"Stabilize stream banks, create cover for trout, and open up the floodway by removing trees and sloping the stream banks.","TARGETSPECIES":"brown trout","TECHNIQUESSTRUCTURES":"brush removal, trees/rootwads, rip rap, log, rootwad and boulder revetments, bank sloping"}},{"type":"Feature","geometry":{"type":"LineString","coordinates":[[-90.903,43.7228],[-90.9032,43.7229]]},"properties":{"WATERBODYNAMECOMBINED":"Timber Coulee Creek","SITENAMECOMBINED":"Appleman Easement - Start point is 1,200 feet upstream from the confluence of Rullands Coulee Creek","FISCALYEAR":2017,"PROJECTPURPOSE":"The purpose of this project was to stabilize an eroding stream bank that was damaged from the flood of September 2016. .","TARGETSPECIES":"brown trout","TECHNIQUESSTRUCTURES":"trees/rootwads, rip rap, bank sloping"}},{"type":"Feature","geometry":{"type":"LineString","coordinates":[[-90.9158,43.7245],[-90.9172,43.7236]]},"properties":{"WATERBODYNAMECOMBINED":"Timber Coulee Creek","SITENAMECOMBINED":"Sholiton Easement - Start point is 3,000 feet downstream from the confluence of Rullands Coulee Creek","FISCALYEAR":2017,"PROJECTPURPOSE":"The purpose of this project was to make repairs on the damage caused from the flood of September of 2016.  Work included the removal of two large willow trees, cleaning rubble deposition from plunge pools and log wing deflectors along with minor stream bank and machinery crossing repairs.","TARGETSPECIES":"brown trout","TECHNIQUESSTRUCTURES":"stream crossing, plunge pools, material removal, bank shaping and planting"}},{"type":"Feature","geometry":{"type":"LineString","coordinates":[[-89.176,44.5099],[-89.1739,44.5089]]},"properties":{"WATERBODYNAMECOMBINED":"Trout Nace Creek","SITENAMECOMBINED":null,"FISCALYEAR":2018,"PROJECTPURPOSE":"Farm equipment crossing of Trout Nace Creek on WDNR Borth Easement had failed and required reconstruction.","TARGETSPECIES":"brook trout and brown trout","TECHNIQUESSTRUCTURES":"material removal, exotic vegetation removal, brush removal, bank sloping, stream crossing"}},{"type":"Feature","geometry":{"type":"LineString","coordinates":[[-91.0176,43.4358],[-91.0202,43.4369],[-91.0208,43.4362]]},"properties":{"WATERBODYNAMECOMBINED":"Unnamed Tributary to Rush Creek","SITENAMECOMBINED":"Isabel Easement - Start point is 3,000 feet upstresm from the confluence of Rush Creek","FISCALYEAR":2017,"PROJECTPURPOSE":"The flood of September 2016 did devastating damage to this easement property.  The purpose of this project was to move the stream channel back to the pre-flood location while trying to stabilize the stream banks along with sediment that was distributed from the flood.","TARGETSPECIES":"brown trout","TECHNIQUESSTRUCTURES":"plung pools, streambank re-establishment, channel shaping, material removal, bank shaping and planting"}},{"type":"Feature","geometry":{"type":"LineString","coordinates":[[-91.6665,44.3453],[-91.6673,44.3437],[-91.6681,44.343],[-91.6689,44.3431]]},"properties":{"WATERBODYNAMECOMBINED":"Waumandee Creek","SITENAMECOMBINED":"RNL - Downstream confluence of Danuser Valley Creek","FISCALYEAR":2018,"PROJECTPURPOSE":"Project connects to existing completed habitat project.  This stream has severe bank erosion and limited habitat for trout.  The water responds well to habitat restoration work and larger than average size trout are present.  This project covers the west bank of the stream within this habitat project unit.","TARGETSPECIES":"brook trout and brown trout","TECHNIQUESSTRUCTURES":"weir, LUNKERS, bank shaping and planting, log, rootwad and boulder revetments"}},{"type":"Feature","geometry":{"type":"LineString","coordinates":[[-90.6626,43.6432],[-90.662,43.6426],[-90.6624,43.6414],[-90.661,43.6414],[-90.6603,43.642],[-90.6599,43.6415],[-90.6587,43.6417],[-90.6578,43.6402],[-90.6569,43.6403]]},"properties":{"WATERBODYNAMECOMBINED":"Weister Creek","SITENAMECOMBINED":"Kickapoo Valley Reserve - Phase 3 - Start point is 5,505 feet downstream from 24 Valley Road Bridge","FISCALYEAR":2018,"PROJECTPURPOSE":"The purpose of this project is to stabilize the stream banks, create cover for trout and to open up the floodway by removing trees and sloping the stream banks along the stream corridor. The first part of phase 3 was to clear the unwanted trees and brush along the stream corridor and once the ground was frozen, riprap rock was stockpiled along the stream banks.  This work was performed and reported in last fiscal year.  The stream bank stabilization and in-stream structure work was performed and is being reported for this fiscal year of 2018.  Additional riparian habitat was created including backwaters and upland brush piles.","TARGETSPECIES":"brown trout","TECHNIQUESSTRUCTURES":"boulder clusters, boulder retard, bank sloping, grade control measures, wing deflector, weir, trees/rootwads, stream crossing, rip rap, plunge pools, overhead bank cover, log/brush/shelters, log, rootwad and boulder revetments"}},{"type":"Feature","geometry":{"type":"LineString","coordinates":[[-89.3332,44.0585],[-89.333,44.0577],[-89.3318,44.0575],[-89.3324,44.0568],[-89.3319,44.0566],[-89.3309,44.0571],[-89.3309,44.0566],[-89.3269,44.0543]]},"properties":{"WATERBODYNAMECOMBINED":"West Branch White River","SITENAMECOMBINED":null,"FISCALYEAR":2017,"PROJECTPURPOSE":"Initial land acquisition efforts by the DNR on the White River and its cold water tributaries began back in 1948 with the purchase of a 200 acre farm along the banks of the Main Branch of the White River. Today, the DNR now manages over 2,000 acres of land throughout the system. Some of the earliest instream trout habitat improvement structures in Wisconsin can be found throughout this system, dating back to the days of the WPA and CCC work camps of the 1930's. Remnant structures can still be found on the West Branch of the White River and are believed to be a contributing factor to why this river supports one of the few naturally reproducing populations of rainbow trout in the state. The project site is located on a newly purchased (2012) DNR property just downstream of some of these structures on Highway Y, a mile south of Highway 21 west of Wautoma.  An excessive amount of storm damaged trees lay in the stream corridor through this wild section of river. These fallen trees are dissipating the flow of the main channel which is resulting in streambank erosion. Trout habitat, such as overhead cover and deep pools, are filling in with eroding sediments and the stream is becoming wider and shallower. Wading and angling is impossible through the worst of the storm damaged areas. While this wild parcel of property has been relatively unaltered by land use practices, it is riddled with exotic vegetation such as Common Buckthorn (Rhamnus cathartica) and European Barberry (Berberis vulgaris). The goals of the project are as follows:  -Reorient storm damaged trees to improve wading and angling, and to optimize the natural recruitment of coarse wood into the stream for overhead, refuge, and holding trout habitats. -Stabilize eroding streambanks by installing conventional overhead bank covers and wing deflector structures. -Increase amount of trout spawning substrate through installation of current deflecting structures. -Remove exotic vegetation to promote a diverse community of native vegetation.","TARGETSPECIES":"rainbow trout","TECHNIQUESSTRUCTURES":"overhead bank cover, brush bundle/mattresses, log sills, exotic vegetation removal, brush removal, angler/hunter paths"}},{"type":"Feature","geometry":{"type":"LineString","coordinates":[[-89.3332,44.0585],[-89.333,44.0577],[-89.3318,44.0575],[-89.3324,44.0568],[-89.3319,44.0566],[-89.3309,44.0571],[-89.3309,44.0566],[-89.3295,44.0561],[-89.3285,44.0551],[-89.3276,44.0551],[-89.3269,44.054]]},"properties":{"WATERBODYNAMECOMBINED":"West Branch White River","SITENAMECOMBINED":"HWY Y","FISCALYEAR":2018,"PROJECTPURPOSE":"Initial land acquisition efforts by the DNR on the White River and its cold water tributaries began back in 1948 with the purchase of a 200 acre farm along the banks of the Main Branch of the White River. Today, the DNR now manages over 2,000 acres of land throughout the system. Some of the earliest instream trout habitat improvement structures in Wisconsin can be found throughout this system, dating back to the days of the WPA and CCC work camps of the 1930's. Remnant structures can still be found on the West Branch of the White River and are believed to be a contributing factor to why this river supports one of the few naturally reproducing populations of rainbow trout in the state. The project site is located on a newly purchased (2012) DNR property just downstream of some of these structures on Highway Y, a mile south of Highway 21 west of Wautoma.  An excessive amount of storm damaged trees lay in the stream corridor through this wild section of river. These fallen trees are dissipating the flow of the main channel which is resulting in streambank erosion. Trout habitat, such as overhead cover and deep pools, are filling in with eroding sediments and the stream is becoming wider and shallower. Wading and angling is impossible through the worst of the storm damaged areas. While this wild parcel of property has been relatively unaltered by land use practices, it is riddled with exotic vegetation such as Common Buckthorn (Rhamnus cathartica) and European Barberry (Berberis vulgaris). The goals of the project are as follows:  -Reorient storm damaged trees to improve wading and angling, and to optimize the natural recruitment of coarse wood into the stream for overhead, refuge, and holding trout habitats. -Stabilize eroding streambanks by installing conventional overhead bank covers and wind deflecting structures. -Increase amount of trout spawning substrate through installation of current deflecting structures. -Remove exotic vegetation to promote a diverse community of native vegetation.","TARGETSPECIES":"rainbow trout","TECHNIQUESSTRUCTURES":"brush bundle/mattresses, overhead bank cover, log sills, exotic vegetation removal, channel shaping, angler/hunter paths"}},{"type":"Feature","geometry":{"type":"LineString","coordinates":[[-89.3391,44.0694],[-89.3388,44.0682],[-89.3393,44.0673]]},"properties":{"WATERBODYNAMECOMBINED":"West Branch White River","SITENAMECOMBINED":null,"FISCALYEAR":2017,"PROJECTPURPOSE":"To restore stream connectivity, the Wisconsin Department of Transportation (WisDOT) partnered with the WDNR to obtain a Great Lakes Restoration Initiative grant from the Federal Highway Administration to replace the STH 21 culvert on the West Branch of the White River. A portion of this grant was gifted to the Wild Rose Operations Crew to restore trout habitats within 500 feet above and 500 feet below the new culvert. Some of the earliest instream trout habitat improvement structures in Wisconsin can be found in this section of river, dating back to the days of the WPA and CCC work camps of the 1930's. There is a DNR parking area located on the north side of STH 21, just west of the stream, providing excellent access to anglers. The goals of the project are as follows: -Improve trout resting and cover habitat by installing coarse wood, overhead bankcovers, and brush bundles. -Improve accessibility for anglers by providing walking paths to and from the walking trail within culvert and the parking area. -Improve stream flow by eliminating any channel braiding that has occurred. -Increase the amount of available spawning substrate by increasing stream velocity where excess sedimentation has occurred.","TARGETSPECIES":"rainbow trout","TECHNIQUESSTRUCTURES":"native seed planting, log sills, exotic vegetation removal, brush removal, bank shaping and planting, bank stabilization fabric, angler/hunter paths, overhead bank cover"}},{"type":"Feature","geometry":{"type":"MultiLineString","coordinates":[[[-89.2827,44.0471],[-89.2806,44.0457],[-89.2808,44.0449],[-89.2801,44.0453],[-89.2792,44.0449]],[[-89.2748,44.0403],[-89.2735,44.0404],[-89.2728,44.0401],[-89.2726,44.0394]],[[-89.2792,44.0449],[-89.2776,44.0443],[-89.2778,44.0436],[-89.2773,44.0424],[-89.2759,44.0427],[-89.2758,44.0409],[-89.2748,44.0403]]]},"properties":{"WATERBODYNAMECOMBINED":"White River","SITENAMECOMBINED":null,"FISCALYEAR":2017,"PROJECTPURPOSE":"The town of Wautoma was established in the late 1800's on the banks of the White River and its tributaries. Project location is just two miles south of town and provides anglers with one of the best opportunities in Wisconsin to catch larger than average brown trout and occasionally a beautiful rainbow trout. The stories and history of trout angling through out this river are countless. One example of the love for this stream and it's angling lore is the book \"Le Shack: A Very Special Fishing Place\" by Jim Chapralis.  The angler stories center around a cabin located just upstream of the current project location.  There is a bench commemorating Le Shack and Mr. Chapralis located at a public parking area just east of the Cottonville Ln bridge. This section of river is a popular angling destination in Central Wisconsin. Especially during the famous nighttime \"Hex Hatch\" which occurs during the months of June through July when adult Hexagenia limbata mayflies emerge.  While this sand dominated, lower reach of river has many issues working against the trout populations and angling opportunity, the issue that effects trout habitat most directly is the dominance of the invasive, exotic Reed Canary Grass (RCG) throughout the White River floodplain. The rhizomal root systems of RCG grow laterally along impenetrable native streambank substrates, such as peat. This growth results in streambank fragmentation of large, mobile RCG vegetative mats, which also contain the uppermost layers of native riparian substrate. Each vegetative mat lost from the streambank results in a domino effect of fragmentation and stream widening. The rivers natural ability to transport sediment and deposit them outside of the main channel is compromised and trout habitat, such as deep pools, are filled in with sand. The goals of the project are as follows: -Stabilize streambanks by protecting actively eroding streambanks with christmas trees and dredged sand spoils.  -Improve the natural ability of the river to transport fine sediments, deposit these sediments outside of the main channel, and to scour pools. This will be accomplished by installing wing deflectors composed of christmas trees, cut brush, coarse wood, and sand spoils. -Enhance adult trout habitats, specifically overhead and cover habitats, by installing submerged tree structures. -Excessive amounts of sand have created a broad, shallow flat just above the White River Flowage.  Adult trout are known to over winter in the flowage proper. Habitat improvements hope to reconnect the upper river for trout migration out of the flowage by scouring a channel through this shallow zone. -Work completed through this project will increase angler opportunities by providing more deep water holding cover areas adjacent to refuge cover as well.","TARGETSPECIES":"brown trout","TECHNIQUESSTRUCTURES":"channel shaping, stream re-establishment, native tree/shrub planting, log sills, exotic vegetation removal, brush bundle/mattresses, brush removal, angler/hunter paths"}},{"type":"Feature","geometry":{"type":"LineString","coordinates":[[-92.7318,45.5569],[-92.7319,45.5561],[-92.7334,45.5553],[-92.7335,45.5546]]},"properties":{"WATERBODYNAMECOMBINED":"Wolf Creek","SITENAMECOMBINED":"Governor Knowles State Forest - Class II trout stream near the snowmobile bridge","FISCALYEAR":2017,"PROJECTPURPOSE":"Beginning in August 2016, the DNR trout habitat crew began a trout habitat project on the lower portion of Wolf Creek in Governor Knowles State Forest.  Wolf Creek is a class II trout stream and is typically one of the better brown trout streams in Polk County.  The project encompass a 0.3 mile stretch of Wolf Creek near the snowmobile bridge.  The objective of this project was to increase in-stream habitat for brown trout and ultimately increase their abundance.  Through this project the stream was made more structurally complex by narrowing and deepening some areas, removing channel braiding, creating pools, and adding in-stream structural habitat in the form of large rocks, bank covers, wing deflectors, and wood.  Rock and wood were used to stabilize the toe of the stream bank (where needed) and used as backfill behind structures to prevent future erosion or structure failure from occurring.  Any exposed soils on the banks were seeded immediately following habitat improvement activities.  Angler access was also improved through stream bank brushing.","TARGETSPECIES":"brown trout","TECHNIQUESSTRUCTURES":"wing deflector, plunge pools, material removal, brush removal, bank sloping, tree revetments, angler/hunter paths, boulder clusters, LUNKERS"}},{"type":"Feature","geometry":{"type":"LineString","coordinates":[[-92.7318,45.5569],[-92.7319,45.5561],[-92.7334,45.5553],[-92.7335,45.5546]]},"properties":{"WATERBODYNAMECOMBINED":"Wolf Creek","SITENAMECOMBINED":"Governor Knowles State Forest - Class II trout stream near the snowmobile bridge","FISCALYEAR":2018,"PROJECTPURPOSE":"Beginning in August 2016, the DNR trout habitat crew began a trout habitat project on the lower portion of Wolf Creek in Governor Knowles State Forest.  Wolf Creek is a class II trout stream and is typically one of the better brown trout streams in Polk County.  The project encompassed a 0.3 mile stretch of Wolf Creek near the snowmobile bridge.  The objective of this project was to increase in-stream habitat for brown trout and ultimately increase their abundance.  Through this project the stream was made more structurally complex by narrowing and deepening some areas, removing channel braiding, creating pools, and adding in-stream structural habitat in the form of large rocks, bank covers, wing deflectors, and wood.  Rock and wood were used to stabilize the toe of the stream bank (where needed) and used as backfill behind structures to prevent future erosion or structure failure from occurring.  Any exposed soils on the banks were seeded immediately following habitat improvement activities.  Angler access was also improved through stream bank brushing.","TARGETSPECIES":"brown trout","TECHNIQUESSTRUCTURES":"material removal, wing deflector, plunge pools, log, rootwad and boulder revetments, LUNKERS, boulder clusters, bank shaping and planting, angler/hunter"}},{"type":"Feature","geometry":{"type":"LineString","coordinates":[[-90.9918,43.3806],[-90.9948,43.38]]},"properties":{"WATERBODYNAMECOMBINED":"Sugar Creek","SITENAMECOMBINED":"Bible Camp Easement - Start point is 110 feet downstream from the confluence of Sugar Creek and the South Fork of Sugar Creek.","FISCALYEAR":2018,"PROJECTPURPOSE":"The purpose of this project is to stabilize the eroding stream banks while also creating cover for trout and other aquatic species.    After the project was started continuous rain fall prevented the hauling of riprap rock to the project site.  Plans are to continue the project next fiscal year.","TARGETSPECIES":"brook trout and brown trout","TECHNIQUESSTRUCTURES":"bank sloping, bank shaping and planting, rip rap, weir, plunge pools, log, rootwad and boulder revetments, brush removal, boulder retard"}},{"type":"Feature","geometry":{"type":"LineString","coordinates":[[-90.9883,43.3837],[-90.9888,43.383]]},"properties":{"WATERBODYNAMECOMBINED":"Sugar Creek","SITENAMECOMBINED":"Curry Easement - The start point is 360 feet upstream from the County Highway \"C\" bridge.","FISCALYEAR":2017,"PROJECTPURPOSE":"The flood of September 2016 did devastating damage to this easement property.  The purpose of this project was to move the stream channel back to the pre-flood location while trying to stabilize the stream banks along with sediment that was distributed from the flood.","TARGETSPECIES":"brook trout and brown trout","TECHNIQUESSTRUCTURES":"streambank re-establishment, material removal, channel shaping"}},{"type":"Feature","geometry":{"type":"MultiLineString","coordinates":[[[-92.0833,45.7109],[-92.0826,45.7113],[-92.0835,45.7128],[-92.0848,45.7128],[-92.0853,45.7148]],[[-92.1121,45.7252],[-92.1122,45.7258],[-92.1136,45.7261],[-92.1137,45.7276],[-92.1165,45.7281],[-92.116,45.7292]],[[-92.116,45.7292],[-92.1179,45.7285],[-92.1189,45.7287],[-92.1189,45.7293],[-92.1177,45.7299],[-92.1185,45.7302],[-92.1187,45.731],[-92.1196,45.7316],[-92.1225,45.7332],[-92.1227,45.7336],[-92.122,45.7338],[-92.1215,45.7354],[-92.124,45.7367],[-92.1238,45.7374],[-92.1222,45.7382],[-92.1221,45.739],[-92.1243,45.7399],[-92.1255,45.7395],[-92.1268,45.7405],[-92.1265,45.7413],[-92.1254,45.7421],[-92.1264,45.7426],[-92.1266,45.7433],[-92.1265,45.7451],[-92.1256,45.7459],[-92.1271,45.7462],[-92.1268,45.7467],[-92.1278,45.7473],[-92.127,45.748],[-92.1247,45.7481],[-92.1243,45.7492],[-92.1268,45.7505],[-92.1274,45.749],[-92.1288,45.7488],[-92.129,45.748],[-92.1306,45.7474],[-92.1314,45.7463],[-92.1306,45.7461],[-92.131,45.7456]],[[-92.071,45.7096],[-92.0721,45.7087],[-92.074,45.7092],[-92.0747,45.7087],[-92.0762,45.7089],[-92.0767,45.7081],[-92.0789,45.7097],[-92.0811,45.7101],[-92.0824,45.7098],[-92.0833,45.7109]],[[-92.0889,45.7166],[-92.091,45.7164],[-92.0933,45.7169],[-92.0942,45.7162],[-92.0944,45.7155],[-92.0959,45.7158],[-92.096,45.7148],[-92.1003,45.7163],[-92.1027,45.7157],[-92.1035,45.716],[-92.1034,45.7153],[-92.105,45.7153],[-92.1046,45.7163],[-92.1051,45.7167],[-92.1066,45.7166],[-92.1075,45.7175],[-92.1086,45.7177],[-92.1107,45.7174],[-92.1116,45.7178],[-92.1118,45.7195],[-92.114,45.7197],[-92.1158,45.7214],[-92.1151,45.7222],[-92.1142,45.7224],[-92.1137,45.7239],[-92.1121,45.7252]],[[-92.0603,45.7119],[-92.061,45.7119],[-92.0636,45.7133],[-92.0647,45.713],[-92.0645,45.7123],[-92.0654,45.7111],[-92.0671,45.7108],[-92.0665,45.7104],[-92.0668,45.7101],[-92.0695,45.7107],[-92.071,45.7096]],[[-92.0853,45.7148],[-92.0867,45.716],[-92.0885,45.7161],[-92.0889,45.7166]],[[-92.0597,45.7106],[-92.0604,45.7114],[-92.0603,45.7119]]]},"properties":{"WATERBODYNAMECOMBINED":"North Fork Clam River","SITENAMECOMBINED":"Clam River Fishery Area","FISCALYEAR":2018,"PROJECTPURPOSE":"A habitat survey took place on this stream to determine what trout habitat work currently exists, what condition it is in, what brushing has occurred, etc.  This habitat survey took place on a portion of North Fork Clam River, a class 1 brook/brown trout stream.","TARGETSPECIES":"brook trout and brown trout","TECHNIQUESSTRUCTURES":null}},{"type":"Feature","geometry":{"type":"MultiLineString","coordinates":[[[-88.4982,42.9103],[-88.4982,42.9084],[-88.4992,42.9074]],[[-88.4983,42.9179],[-88.4982,42.9103]],[[-88.5031,42.905],[-88.5061,42.9024]],[[-88.4935,42.9182],[-88.4983,42.918]],[[-88.5004,42.9067],[-88.5031,42.905]],[[-88.4871,42.9179],[-88.4887,42.9176],[-88.4902,42.9182],[-88.4935,42.9182]],[[-88.4992,42.9074],[-88.5004,42.9067]]]},"properties":{"WATERBODYNAMECOMBINED":"Scuppernong River","SITENAMECOMBINED":null,"FISCALYEAR":2017,"PROJECTPURPOSE":"This project seeks funding for continuation of bank stabilization efforts on the Scuppernong Springs headwaters.  Biologs, brush bundles, boulders, root wads and course woody structure will be added to the stream to enhance habitat. Waukesha County has a limited amount of trout waters and excessive amounts of anglers.  Each year thousands of anglers fish this small trout stream located in the heart of the Kettle Moraine State Forest \u2013 Southern Unit.  Scuppernong Springs (WBIC 817600  Lat/Lon:42\u00b0 56' 8\" N, 88\u00b0 28' 3\" W), trout stream has excellent angler access with paved parking and breathtaking views of one of the largest continuous prairie restoration projects in the state.  The headwater area has been the focus of much restoration efforts including dam removal, bank stabilization and habitat enhancements.  This project will continue to improve and enhance this high quality stream and provide habitat for brook trout natural reproduction. This project will continue restoration efforts on 1/2 mile of class II trout stream using various methods including course woody structure installation, brush bundles, in-stream pool, riffle run sequencing and aquatic and terrestrial plant management.  External cooperation with three chapters of Trout Unlimited will create positive outreach. Before and after habitat improvement IBI scores will be calculated a fisheries report will be generated.  This project will also incorporate inter-disciplinary ecosystem management by working closely with water resource managers, endangered resources and the state forest naturalist.","TARGETSPECIES":"Brook Trout","TECHNIQUESSTRUCTURES":null}},{"type":"Feature","geometry":{"type":"MultiLineString","coordinates":[[[-88.4982,42.9103],[-88.4982,42.9084],[-88.4992,42.9074]],[[-88.4983,42.9179],[-88.4982,42.9103]],[[-88.5031,42.905],[-88.5061,42.9024]],[[-88.4935,42.9182],[-88.4983,42.918]],[[-88.5004,42.9067],[-88.5031,42.905]],[[-88.4871,42.9179],[-88.4887,42.9176],[-88.4902,42.9182],[-88.4935,42.9182]],[[-88.4992,42.9074],[-88.5004,42.9067]]]},"properties":{"WATERBODYNAMECOMBINED":"Scuppernong River","SITENAMECOMBINED":null,"FISCALYEAR":2018,"PROJECTPURPOSE":"This project seeks funding for continuation of bank stabilization efforts on the Scuppernong Springs headwaters.  Biologs, brush bundles, boulders, root wads and course woody structure will be added to the stream to enhance habitat.  Waukesha County has a limited amount of trout waters and excessive amounts of anglers.  Each year thousands of anglers fish this small trout stream located in the heart of the Kettle Moraine State Forest \u2013 Southern Unit.  Scuppernong Springs (WBIC 817600  Lat/Lon:42\u00b0 56' 8\" N, 88\u00b0 28' 3\" W), trout stream has excellent angler access with paved parking and breathtaking views of one of the largest continuous prairie restoration projects in the state.  The headwater area has been the focus of much restoration efforts including dam removal, bank stabilization and habitat enhancements.  This project will continue to improve and enhance this high quality stream and provide habitat for brook trout natural reproduction. This project will continue restoration efforts on 1/2 mile of class II trout stream using various methods including course woody structure installation, brush bundles, in-stream pool, riffle run sequencing and aquatic and terrestrial plant management.  External cooperation with three chapters of Trout Unlimited will create positive outreach. Before and after habitat improvement IBI scores will be calculated a fisheries report will be generated.  This project will also incorporate inter-disciplinary ecosystem management by working closely with water resource managers, endangered resources and the state forest naturalist.","TARGETSPECIES":"Brook Trout","TECHNIQUESSTRUCTURES":null}},{"type":"Feature","geometry":{"type":"LineString","coordinates":[[-91.424,46.5663],[-91.4223,46.567],[-91.422,46.5678],[-91.4196,46.5685],[-91.419,46.5697],[-91.42,46.5712]]},"properties":{"WATERBODYNAMECOMBINED":"Iron River","SITENAMECOMBINED":"township of Iron River, Bayfield County, Wisconsin, T47N, R8W, Sec 7","FISCALYEAR":2016,"PROJECTPURPOSE":"This project covered inspection and maintenance of previously completed trout habitat projects on the Iron River in Bayfield County, Wisconsin.  Annual inspection and maintenance is necessary to insure the aesthetics, function and longevity of structures installed.  Unmaintained devices also pose a threat to public safety, resource integrity and department liability.","TARGETSPECIES":"Brown Trout","TECHNIQUESSTRUCTURES":null}},{"type":"Feature","geometry":{"type":"LineString","coordinates":[[-90.785,43.9339],[-90.785,43.9339]]},"properties":{"WATERBODYNAMECOMBINED":"Farmers Valley Creek","SITENAMECOMBINED":"Ruetten Easement - Start point is 1/2 mile downstream from Interstate 90 Bridge.","FISCALYEAR":2017,"PROJECTPURPOSE":"The purpose of this project was to remove sediment from the approaches of the machinery crossing and top dress with breaker rock to make it passable for the landowner.  These repairs were made due to the damage caused by the flood of September 2016.","TARGETSPECIES":"brown trout","TECHNIQUESSTRUCTURES":"stream crossing, material removal"}},{"type":"Feature","geometry":{"type":"MultiLineString","coordinates":[[[-91.6064,46.5073],[-91.6023,46.5071],[-91.6024,46.5083],[-91.6017,46.5092],[-91.6023,46.5095],[-91.6022,46.5101],[-91.5999,46.5112],[-91.6006,46.5127],[-91.6026,46.5137],[-91.6023,46.5153],[-91.6035,46.5162],[-91.6033,46.5173],[-91.6039,46.5176],[-91.6039,46.5186],[-91.6052,46.52],[-91.6055,46.5214],[-91.6079,46.5238],[-91.6086,46.5262],[-91.6082,46.5267]],[[-91.6082,46.5267],[-91.6072,46.5267],[-91.606,46.5276],[-91.6074,46.5291],[-91.6051,46.5291],[-91.6048,46.5298],[-91.6057,46.5303]],[[-91.6057,46.5303],[-91.6047,46.5304],[-91.6048,46.5311],[-91.6042,46.5316],[-91.6027,46.5324],[-91.604,46.5333],[-91.6004,46.536],[-91.599,46.5367],[-91.5972,46.536],[-91.5955,46.5365],[-91.5957,46.537],[-91.594,46.5383],[-91.5941,46.5404],[-91.5916,46.5404],[-91.5899,46.5417],[-91.5848,46.542],[-91.5845,46.5429]],[[-91.6066,46.507],[-91.6064,46.5073]]]},"properties":{"WATERBODYNAMECOMBINED":"Bois Brule River","SITENAMECOMBINED":"Rainbow Bend, Downstream from Doodlebug Rapids","FISCALYEAR":2017,"PROJECTPURPOSE":"Add large wood material (logs and tree root masses) to increase cover in wood-deprived stream segments. The intent is to (1) increase cover for multiple life stages, particularly young-of-year, age-1, and age 2 Salmonids that use the mainstem for feeding and rearing, and (2) increase benthic macroinvertebrate production.","TARGETSPECIES":"brown trout, steelhead, coho salmon, brook trout","TECHNIQUESSTRUCTURES":"trees/rootwads"}},{"type":"Feature","geometry":{"type":"LineString","coordinates":[[-89.2763,44.9915],[-89.2755,44.991],[-89.2748,44.9887],[-89.2761,44.9867]]},"properties":{"WATERBODYNAMECOMBINED":"Plover River","SITENAMECOMBINED":"Plover River trout habitat maintenance","FISCALYEAR":2014,"PROJECTPURPOSE":"A project was completed in the 1980\u2019s. During a stream electrofishing survey, it was documented that a good majority of the stream was choked with tag alder making it nearly impossible for angling. A brushing project was completed to open the stream up, increase stream flows and make it accessible to anglers.","TARGETSPECIES":"brook trout and brown trout","TECHNIQUESSTRUCTURES":"Brush Removal"}},{"type":"Feature","geometry":{"type":"MultiLineString","coordinates":[[[-89.8483,42.9199],[-89.8497,42.9203]],[[-89.8497,42.9203],[-89.8527,42.9189]]]},"properties":{"WATERBODYNAMECOMBINED":"Gordon Creek","SITENAMECOMBINED":"Gordon Creek","FISCALYEAR":2012,"PROJECTPURPOSE":"Improve trout habitat though stretch of stream ","TARGETSPECIES":"brown trout","TECHNIQUESSTRUCTURES":"Bank sloping; Rock placement; Lunker structures, Escape logs, Vortex Weir, Instream boulder placement "}},{"type":"Feature","geometry":{"type":"MultiLineString","coordinates":[[[-91.0474,46.8697],[-91.0515,46.8726],[-91.0509,46.875],[-91.0525,46.8768],[-91.0519,46.8779],[-91.0522,46.8785],[-91.0516,46.8789]],[[-91.042,46.8655],[-91.0424,46.8671],[-91.0474,46.8697]]]},"properties":{"WATERBODYNAMECOMBINED":"Saxine Creek Tributary","SITENAMECOMBINED":"Saxine Creek Tributary","FISCALYEAR":2012,"PROJECTPURPOSE":"Exposed Spawning Substrates, and reduced alder density","TARGETSPECIES":"brown trout, rainbow trout, coho salmon","TECHNIQUESSTRUCTURES":"Instream various"}},{"type":"Feature","geometry":{"type":"LineString","coordinates":[[-89.2125,44.5953],[-89.2091,44.596]]},"properties":{"WATERBODYNAMECOMBINED":"Flume Creek","SITENAMECOMBINED":"Northland Trout Habitat Maintenance","FISCALYEAR":2014,"PROJECTPURPOSE":"Flume Creek is a class 1 trout stream containing strong natural reproducing populations of brook and brown trout. A dam was removed at the site in the early 1990\u2019s. A project was completed in 1996 to increase stream habitat. Some of the previously installed structures needed to be maintained and it was also determined that more overhead covers would be beneficial to fish habitat. Projects have been completed in the past upstream with very positive results.","TARGETSPECIES":"brook trout and brown trout","TECHNIQUESSTRUCTURES":"Boulder retard, Log/brush/rock shelters, LUNKERS, Trees/rootwads, Wing Deflector"}},{"type":"Feature","geometry":{"type":"MultiLineString","coordinates":[[[-89.284,44.5941],[-89.283,44.5939],[-89.2816,44.5948],[-89.2787,44.5953]],[[-89.2784,44.5954],[-89.2762,44.5963],[-89.2755,44.5972],[-89.2706,44.596],[-89.2701,44.5966],[-89.2677,44.5966],[-89.267,44.5977]],[[-89.2787,44.5953],[-89.2784,44.5954]]]},"properties":{"WATERBODYNAMECOMBINED":"Flume Creek","SITENAMECOMBINED":"CTH T to CTH A","FISCALYEAR":2018,"PROJECTPURPOSE":"Stream was severely choked with tag alder. This site is a trend site for trout evaluation. Shocking was nearly impossible and angler access was limited. The goal of the project was to go in and remove tag alder from the streams banks increasing angler accessibility as well as stabilizing the streams banks by allowing grasses to grow. In the future a more intensive project will be planned for the site.","TARGETSPECIES":"brook trout and brown trout","TECHNIQUESSTRUCTURES":"brush removal"}},{"type":"Feature","geometry":{"type":"MultiLineString","coordinates":[[[-89.2736,44.597],[-89.2725,44.5962],[-89.2706,44.596],[-89.2701,44.5966],[-89.2677,44.5966],[-89.267,44.5977]],[[-89.284,44.5941],[-89.283,44.5939],[-89.2816,44.5948],[-89.2787,44.5953]],[[-89.2784,44.5954],[-89.2762,44.5963],[-89.2755,44.5972],[-89.2746,44.5968],[-89.2736,44.597]],[[-89.2787,44.5953],[-89.2784,44.5954]]]},"properties":{"WATERBODYNAMECOMBINED":"Flume Creek","SITENAMECOMBINED":"CTH T in Portage County. Upstream towards CTH A.","FISCALYEAR":2017,"PROJECTPURPOSE":"Purpose of the project was to remove stream side vegetation that had nearly choked the entire stream.","TARGETSPECIES":"brook trout and brown trout","TECHNIQUESSTRUCTURES":"brush removal"}}]}