{"type":"FeatureCollection","features":[{"type":"Feature","geometry":{"type":"MultiPolygon","coordinates":[[[[-90.9785,44.2484],[-90.983,44.2535],[-90.9794,44.2484],[-90.9836,44.2499],[-90.9836,44.2484],[-90.9792,44.2475],[-90.9782,44.2452],[-90.9762,44.2452],[-90.9772,44.2479],[-90.9749,44.2482],[-90.9748,44.2515],[-90.9768,44.2515],[-90.9785,44.2484]]],[[[-90.9731,44.254],[-90.9726,44.2554],[-90.9751,44.2533],[-90.9773,44.2537],[-90.9773,44.2515],[-90.9736,44.2515],[-90.975,44.2528],[-90.9731,44.254]]]]},"properties":{"PROP_NAME":"ALBION REARING STATION","ACRES":62.84,"PUBLIC_ACCESS":"Open to Hiking, Fishing, Hunting and Trapping","TRANS_TYPE":1}},{"type":"Feature","geometry":{"type":"Polygon","coordinates":[[[-89.559,45.3554],[-89.559,45.359],[-89.5692,45.3591],[-89.5693,45.3534],[-89.5591,45.3518],[-89.559,45.3554]]]},"properties":{"PROP_NAME":"ALTA SPRINGS FISHERY AREA","ACRES":139.16,"PUBLIC_ACCESS":"Open to Hiking, Fishing, Hunting and Trapping","TRANS_TYPE":1}},{"type":"Feature","geometry":{"type":"MultiPolygon","coordinates":[[[[-91.618,45.9217],[-91.6128,45.9217],[-91.6129,45.9252],[-91.6078,45.9252],[-91.6077,45.9235],[-91.6026,45.9235],[-91.6026,45.92],[-91.5973,45.92],[-91.5974,45.9252],[-91.6027,45.9252],[-91.6027,45.9287],[-91.5869,45.9287],[-91.5871,45.9357],[-91.572,45.9357],[-91.5723,45.9461],[-91.5773,45.9461],[-91.5772,45.9427],[-91.6029,45.9427],[-91.6028,45.9322],[-91.6182,45.9322],[-91.618,45.9217]]],[[[-91.7128,45.9142],[-91.7129,45.9178],[-91.7182,45.9177],[-91.7179,45.9105],[-91.7224,45.9097],[-91.7204,45.9099],[-91.72,45.9069],[-91.7124,45.907],[-91.7128,45.9142]]],[[[-91.6475,45.9035],[-91.6473,45.895],[-91.6421,45.895],[-91.6424,45.9034],[-91.6475,45.9035]]],[[[-91.6232,45.9218],[-91.6242,45.9144],[-91.6179,45.9145],[-91.618,45.9217],[-91.6232,45.9218]]],[[[-91.5209,45.918],[-91.5209,45.9216],[-91.5313,45.9215],[-91.5313,45.918],[-91.5209,45.918]]],[[[-91.6612,45.878],[-91.6612,45.8806],[-91.6688,45.8807],[-91.6689,45.878],[-91.6612,45.878]]],[[[-91.6816,45.9076],[-91.6765,45.9047],[-91.6741,45.9055],[-91.673,45.903],[-91.6714,45.9049],[-91.6715,45.9075],[-91.6816,45.9076]]],[[[-91.6617,45.8992],[-91.661,45.9002],[-91.6681,45.9002],[-91.6675,45.8991],[-91.6617,45.8992]]]]},"properties":{"PROP_NAME":"BEAN BROOK FISHERY AREA","ACRES":1586.63,"PUBLIC_ACCESS":"Open to Hiking, Fishing, Hunting and Trapping","TRANS_TYPE":1}},{"type":"Feature","geometry":{"type":"MultiPolygon","coordinates":[[[[-90.1972,43.3004],[-90.1922,43.3004],[-90.1922,43.2968],[-90.1875,43.2967],[-90.1874,43.3007],[-90.189,43.3013],[-90.1874,43.3031],[-90.1875,43.3076],[-90.1774,43.3116],[-90.1773,43.3147],[-90.181,43.3156],[-90.1807,43.3184],[-90.178,43.322],[-90.1702,43.3261],[-90.1702,43.3284],[-90.1806,43.3262],[-90.1932,43.3113],[-90.1873,43.3113],[-90.1921,43.3113],[-90.1921,43.309],[-90.1985,43.302],[-90.2022,43.3003],[-90.2043,43.2968],[-90.2021,43.2967],[-90.204,43.2967],[-90.2054,43.2932],[-90.2021,43.2931],[-90.1972,43.2968],[-90.1922,43.2968],[-90.1922,43.3004],[-90.1972,43.3004]],[[-90.1921,43.304],[-90.1921,43.304],[-90.1921,43.304],[-90.1921,43.304]],[[-90.1921,43.3066],[-90.1921,43.3076],[-90.1921,43.3076],[-90.1921,43.3066]]],[[[-90.2084,43.2839],[-90.2079,43.2856],[-90.2121,43.2856],[-90.2122,43.2783],[-90.2102,43.2784],[-90.2072,43.2818],[-90.2103,43.282],[-90.2084,43.2839]]]]},"properties":{"PROP_NAME":"BEAR CREEK FISHERY AREA","ACRES":763.11,"PUBLIC_ACCESS":"Open to Hiking, Fishing, Hunting and Trapping","TRANS_TYPE":1}},{"type":"Feature","geometry":{"type":"Polygon","coordinates":[[[-91.0948,44.4912],[-91.0949,44.4967],[-91.105,44.4969],[-91.1052,44.506],[-91.1153,44.5061],[-91.115,44.4865],[-91.1065,44.4879],[-91.1049,44.4906],[-91.0998,44.4905],[-91.0998,44.4877],[-91.0948,44.4876],[-91.0948,44.4912]]]},"properties":{"PROP_NAME":"BEAVER CREEK REARING STATION","ACRES":574.63,"PUBLIC_ACCESS":"Open to Hiking, Fishing, Hunting and Trapping","TRANS_TYPE":1}},{"type":"Feature","geometry":{"type":"Polygon","coordinates":[[[-92.5653,45.3391],[-92.5654,45.3428],[-92.5704,45.3428],[-92.5703,45.3392],[-92.5678,45.3391],[-92.5676,45.3356],[-92.5701,45.3356],[-92.5697,45.3286],[-92.5649,45.3283],[-92.5653,45.3391]],[[-92.5685,45.3305],[-92.5687,45.3308],[-92.5677,45.3308],[-92.5685,45.3305]]]},"properties":{"PROP_NAME":"BEHNING CREEK FISHERY AREA","ACRES":130.93,"PUBLIC_ACCESS":"Open to Hiking, Fishing, Hunting and Trapping","TRANS_TYPE":1}},{"type":"Feature","geometry":{"type":"Polygon","coordinates":[[[-91.4495,45.7673],[-91.4599,45.7674],[-91.4599,45.7637],[-91.4654,45.7638],[-91.4651,45.7564],[-91.4633,45.7564],[-91.4642,45.7532],[-91.4599,45.7549],[-91.4599,45.7601],[-91.4547,45.7601],[-91.4547,45.7564],[-91.4496,45.7564],[-91.4495,45.7673]]]},"properties":{"PROP_NAME":"BENSON CREEK FISHERY AREA","ACRES":305.52,"PUBLIC_ACCESS":"Open to Hiking, Fishing, Hunting and Trapping","TRANS_TYPE":1}},{"type":"Feature","geometry":{"type":"MultiPolygon","coordinates":[[[[-91.3687,45.7751],[-91.3737,45.7785],[-91.3737,45.7749],[-91.3789,45.7748],[-91.3791,45.7674],[-91.3636,45.7678],[-91.3635,45.7701],[-91.3687,45.7751]]],[[[-91.3635,45.7715],[-91.3634,45.7751],[-91.3681,45.775],[-91.3635,45.7715]]],[[[-91.3685,45.7786],[-91.3719,45.7786],[-91.3685,45.7754],[-91.3685,45.7786]]]]},"properties":{"PROP_NAME":"BEVERLY LAKE FISHERY AREA","ACRES":274.01,"PUBLIC_ACCESS":"Open to Hiking, Fishing, Hunting and Trapping","TRANS_TYPE":1}},{"type":"Feature","geometry":{"type":"Polygon","coordinates":[[[-91.3276,46.2036],[-91.3257,46.2036],[-91.3269,46.2072],[-91.3276,46.2036]]]},"properties":{"PROP_NAME":"BIG BROOK FISHERY AREA","ACRES":10.22,"PUBLIC_ACCESS":"Open to Hiking, Fishing, Hunting and Trapping","TRANS_TYPE":1}},{"type":"Feature","geometry":{"type":"MultiPolygon","coordinates":[[[[-90.8521,44.0896],[-90.8521,44.0968],[-90.8622,44.0968],[-90.8622,44.1003],[-90.8673,44.1004],[-90.8723,44.104],[-90.8723,44.1058],[-90.8773,44.1058],[-90.8772,44.1112],[-90.8822,44.112],[-90.8823,44.1028],[-90.8823,44.104],[-90.8873,44.104],[-90.8873,44.1003],[-90.8823,44.1004],[-90.8823,44.0968],[-90.8773,44.0968],[-90.8773,44.0986],[-90.8675,44.0986],[-90.8676,44.0932],[-90.8597,44.093],[-90.8584,44.086],[-90.8551,44.086],[-90.8551,44.0878],[-90.8521,44.0896]]],[[[-90.7531,44.0671],[-90.7633,44.0647],[-90.7636,44.0588],[-90.7533,44.0588],[-90.7532,44.0624],[-90.7482,44.0624],[-90.7489,44.0696],[-90.7531,44.0671]]],[[[-90.907,44.1351],[-90.9074,44.1292],[-90.8973,44.1291],[-90.8973,44.1255],[-90.8901,44.123],[-90.8873,44.1193],[-90.8873,44.1228],[-90.8892,44.1255],[-90.8923,44.1255],[-90.8933,44.1324],[-90.9025,44.1345],[-90.9024,44.1322],[-90.9036,44.1324],[-90.9047,44.1349],[-90.907,44.1351]],[[-90.9071,44.1351],[-90.9056,44.135],[-90.9074,44.135],[-90.9071,44.1351]],[[-90.8923,44.1246],[-90.8923,44.1251],[-90.8919,44.125],[-90.8923,44.1246]]],[[[-90.8672,44.0715],[-90.8722,44.0715],[-90.8722,44.0666],[-90.8672,44.0666],[-90.8679,44.0625],[-90.8653,44.0612],[-90.8657,44.0654],[-90.8621,44.0654],[-90.8621,44.0685],[-90.8638,44.0685],[-90.8642,44.0701],[-90.8622,44.0715],[-90.8672,44.0715]]],[[[-90.8521,44.0896],[-90.8521,44.086],[-90.8496,44.086],[-90.8496,44.0881],[-90.8495,44.086],[-90.8494,44.0886],[-90.8471,44.086],[-90.8471,44.0894],[-90.8469,44.0853],[-90.8446,44.0849],[-90.845,44.09],[-90.8437,44.0909],[-90.848,44.0909],[-90.8521,44.0949],[-90.8521,44.0896]]],[[[-90.8219,44.07],[-90.8181,44.066],[-90.8119,44.065],[-90.8119,44.0686],[-90.8169,44.0686],[-90.8169,44.0713],[-90.8219,44.0713],[-90.8219,44.07]]],[[[-90.8219,44.0713],[-90.8219,44.0731],[-90.8244,44.075],[-90.832,44.0786],[-90.8319,44.075],[-90.8291,44.075],[-90.8278,44.0732],[-90.8254,44.0739],[-90.8245,44.0714],[-90.8219,44.0713]]],[[[-90.7785,44.064],[-90.776,44.0641],[-90.7763,44.0587],[-90.7739,44.0588],[-90.7735,44.066],[-90.7784,44.0658],[-90.7785,44.064]]],[[[-90.8873,44.1148],[-90.8831,44.1148],[-90.8831,44.116],[-90.8873,44.1184],[-90.8873,44.1148]]],[[[-90.8423,44.0823],[-90.8433,44.0814],[-90.837,44.0814],[-90.8423,44.0823]]],[[[-90.7812,44.062],[-90.7836,44.0628],[-90.7837,44.0619],[-90.7812,44.062]]]]},"properties":{"PROP_NAME":"BIG CREEK FISHERY AREA","ACRES":1464.71,"PUBLIC_ACCESS":"Open to Hiking, Fishing, Hunting and Trapping","TRANS_TYPE":1}},{"type":"Feature","geometry":{"type":"Polygon","coordinates":[[[-90.0279,45.1389],[-90.028,45.1408],[-90.0331,45.1406],[-90.0329,45.1313],[-90.0304,45.1313],[-90.0302,45.1239],[-90.0277,45.1239],[-90.0276,45.1201],[-90.023,45.1201],[-90.0229,45.1126],[-90.0204,45.1126],[-90.0203,45.1054],[-90.0178,45.1054],[-90.0178,45.1018],[-90.0051,45.1018],[-90.005,45.0945],[-89.9949,45.0944],[-89.995,45.098],[-90.0,45.0981],[-90.0002,45.1054],[-90.0153,45.1054],[-90.0154,45.1163],[-90.0179,45.1162],[-90.018,45.1201],[-90.0199,45.1201],[-90.02,45.1239],[-90.0226,45.1239],[-90.0226,45.1277],[-90.0252,45.1276],[-90.0253,45.1352],[-90.0279,45.1351],[-90.0279,45.1389]]]},"properties":{"PROP_NAME":"BIG RIB RIVER FISHERY AREA","ACRES":727.23,"PUBLIC_ACCESS":"Open to Hiking, Fishing, Hunting and Trapping","TRANS_TYPE":1}},{"type":"Feature","geometry":{"type":"MultiPolygon","coordinates":[[[[-89.5426,44.1703],[-89.5526,44.1697],[-89.5426,44.1673],[-89.5426,44.1631],[-89.5327,44.1631],[-89.5325,44.1703],[-89.5426,44.1703]],[[-89.5432,44.1701],[-89.5403,44.1693],[-89.5426,44.1687],[-89.5432,44.1701]]],[[[-89.6126,44.1777],[-89.6176,44.1777],[-89.6177,44.1705],[-89.6076,44.1706],[-89.6076,44.1742],[-89.6026,44.1742],[-89.6025,44.176],[-89.605,44.176],[-89.605,44.1778],[-89.6126,44.1777]]],[[[-89.5828,44.1779],[-89.5975,44.1778],[-89.5975,44.1742],[-89.5934,44.1742],[-89.5934,44.1706],[-89.5878,44.1721],[-89.5878,44.1706],[-89.5828,44.1706],[-89.5841,44.1718],[-89.5828,44.1779]]],[[[-89.6329,44.1776],[-89.643,44.1776],[-89.643,44.1739],[-89.6227,44.1741],[-89.6227,44.1777],[-89.6329,44.1776]]],[[[-89.5778,44.1705],[-89.5828,44.1697],[-89.5828,44.167],[-89.5728,44.1669],[-89.5728,44.1705],[-89.5778,44.1705]]],[[[-89.5728,44.1705],[-89.5627,44.1704],[-89.5627,44.1723],[-89.5728,44.1723],[-89.5728,44.1705]]]]},"properties":{"PROP_NAME":"BIG ROCHE A CRI FISHERY AREA","ACRES":843.71,"PUBLIC_ACCESS":"Open to Hiking, Fishing, Hunting and Trapping","TRANS_TYPE":1}},{"type":"Feature","geometry":{"type":"Polygon","coordinates":[[[-89.0204,45.484],[-89.0255,45.4854],[-89.0256,45.4828],[-89.0205,45.4828],[-89.0204,45.484]]]},"properties":{"PROP_NAME":"BISHOP LAKE PUBLIC ACCESS","ACRES":21.56,"PUBLIC_ACCESS":"Open to Hiking, Fishing, Hunting and Trapping","TRANS_TYPE":1}},{"type":"Feature","geometry":{"type":"MultiPolygon","coordinates":[[[[-89.699,43.1224],[-89.6998,43.1209],[-89.6977,43.1209],[-89.6974,43.1188],[-89.692,43.1188],[-89.6904,43.1154],[-89.6841,43.1126],[-89.6871,43.1157],[-89.6822,43.1176],[-89.6798,43.1172],[-89.6798,43.1138],[-89.6761,43.1138],[-89.6761,43.1118],[-89.6749,43.1137],[-89.6748,43.1165],[-89.6841,43.1181],[-89.6889,43.116],[-89.6897,43.1188],[-89.6883,43.1188],[-89.699,43.1224]]],[[[-89.6768,43.1111],[-89.6797,43.1102],[-89.6758,43.1104],[-89.6798,43.1021],[-89.675,43.1021],[-89.6749,43.1046],[-89.673,43.1056],[-89.673,43.1089],[-89.6758,43.1091],[-89.6768,43.1111]]],[[[-89.7361,43.0827],[-89.7358,43.0863],[-89.7401,43.0862],[-89.74,43.0826],[-89.737,43.0827],[-89.736,43.081],[-89.7361,43.0827]]],[[[-89.7519,43.1077],[-89.7501,43.1077],[-89.7545,43.1079],[-89.7545,43.1042],[-89.7496,43.1043],[-89.7509,43.1053],[-89.7492,43.1062],[-89.7519,43.1077]]],[[[-89.7193,43.1281],[-89.7205,43.1298],[-89.7155,43.1223],[-89.7148,43.124],[-89.7098,43.1246],[-89.7193,43.1281]]],[[[-89.7566,43.1152],[-89.7543,43.1152],[-89.7536,43.1187],[-89.7572,43.1187],[-89.7566,43.1152]]],[[[-89.7736,43.1625],[-89.7739,43.1603],[-89.7709,43.1594],[-89.7683,43.1623],[-89.7736,43.1625]],[[-89.7739,43.1609],[-89.7736,43.1609],[-89.7738,43.1609],[-89.7739,43.1609]]],[[[-89.6427,43.1104],[-89.6455,43.1104],[-89.6405,43.107],[-89.6405,43.1097],[-89.6427,43.1104]]],[[[-89.7549,43.1446],[-89.759,43.1472],[-89.7591,43.1448],[-89.7555,43.1442],[-89.7541,43.1423],[-89.7549,43.1446]]],[[[-89.7427,43.1442],[-89.7455,43.1442],[-89.7454,43.1426],[-89.7419,43.1416],[-89.7427,43.1442]]],[[[-89.7566,43.1119],[-89.7593,43.1114],[-89.7563,43.1115],[-89.756,43.1098],[-89.7545,43.1098],[-89.7544,43.1123],[-89.7566,43.1119]]],[[[-89.7294,43.1331],[-89.7294,43.1319],[-89.7245,43.1303],[-89.7294,43.1331]]],[[[-89.6348,43.0986],[-89.6349,43.0975],[-89.6301,43.0983],[-89.6348,43.0986]]],[[[-89.7641,43.1491],[-89.7657,43.1477],[-89.7624,43.1475],[-89.7641,43.1491]]],[[[-89.747,43.1443],[-89.747,43.145],[-89.7485,43.1443],[-89.747,43.1443]]],[[[-89.7488,43.1443],[-89.747,43.1453],[-89.7476,43.1453],[-89.7488,43.1443]]],[[[-89.6585,43.1135],[-89.6591,43.1133],[-89.6591,43.1129],[-89.6585,43.1135]]],[[[-89.6469,43.1115],[-89.6457,43.1108],[-89.6457,43.1109],[-89.6469,43.1115]]],[[[-89.6555,43.1139],[-89.6558,43.1139],[-89.6558,43.1136],[-89.6555,43.1139]]],[[[-89.6802,43.1022],[-89.6799,43.1021],[-89.6799,43.1028],[-89.6802,43.1022]]],[[[-89.6583,43.1136],[-89.6577,43.1138],[-89.658,43.1138],[-89.6583,43.1136]]]]},"properties":{"PROP_NAME":"BLACK EARTH CREEK FISHERY AREA","ACRES":406.76,"PUBLIC_ACCESS":"Open to Hiking, Fishing, Hunting and Trapping","TRANS_TYPE":1}},{"type":"Feature","geometry":{"type":"MultiPolygon","coordinates":[[[[-92.1252,45.1451],[-92.1303,45.1451],[-92.1292,45.139],[-92.1203,45.138],[-92.1223,45.1415],[-92.1251,45.1415],[-92.1252,45.1451]]],[[[-92.12,45.1416],[-92.1221,45.1415],[-92.12,45.138],[-92.12,45.1416]]],[[[-92.1298,45.1416],[-92.1303,45.1422],[-92.1303,45.1415],[-92.1298,45.1416]]]]},"properties":{"PROP_NAME":"BOLEN CREEK FISHERY AREA","ACRES":105.97,"PUBLIC_ACCESS":"Open to Hiking, Fishing, Hunting and Trapping","TRANS_TYPE":1}},{"type":"Feature","geometry":{"type":"MultiPolygon","coordinates":[[[[-91.0289,44.5391],[-91.0288,44.5427],[-91.0339,44.5426],[-91.0339,44.5359],[-91.039,44.5365],[-91.0371,44.5389],[-91.0445,44.5388],[-91.0444,44.5373],[-91.0596,44.5387],[-91.0596,44.5361],[-91.0557,44.5351],[-91.0554,44.5379],[-91.0545,44.5351],[-91.0377,44.5353],[-91.0377,44.5334],[-91.034,44.5335],[-91.034,44.5317],[-91.0239,44.5337],[-91.0239,44.5355],[-91.0291,44.5343],[-91.0289,44.5391]]],[[[-91.1555,44.5442],[-91.1555,44.5462],[-91.1606,44.5462],[-91.157,44.539],[-91.1556,44.539],[-91.1556,44.5421],[-91.1505,44.5395],[-91.152,44.5317],[-91.15,44.539],[-91.1403,44.536],[-91.1297,44.5352],[-91.1251,44.5316],[-91.1288,44.5352],[-91.125,44.5352],[-91.1249,44.5389],[-91.1352,44.5389],[-91.1352,44.5372],[-91.1455,44.5386],[-91.1505,44.5406],[-91.1505,44.5426],[-91.1543,44.5426],[-91.1555,44.5442]]],[[[-91.07,44.5496],[-91.0699,44.5459],[-91.0749,44.5459],[-91.0748,44.5387],[-91.0647,44.5386],[-91.065,44.5496],[-91.07,44.5496]]],[[[-91.1809,44.5945],[-91.1984,44.5936],[-91.2012,44.5921],[-91.1809,44.5917],[-91.1807,44.5943],[-91.1772,44.5949],[-91.1656,44.5897],[-91.1542,44.5898],[-91.1602,44.5908],[-91.1602,44.5934],[-91.1656,44.5934],[-91.1656,44.5914],[-91.1763,44.5954],[-91.1809,44.5945]]],[[[-91.1805,44.5599],[-91.1812,44.5572],[-91.1856,44.5572],[-91.179,44.556],[-91.1657,44.5462],[-91.1657,44.5488],[-91.1709,44.5499],[-91.1742,44.555],[-91.1805,44.5599]]],[[[-91.0849,44.5423],[-91.0862,44.5387],[-91.0798,44.5387],[-91.0799,44.5441],[-91.0849,44.5441],[-91.0849,44.5423]]],[[[-91.1349,44.5868],[-91.1249,44.5866],[-91.1249,44.5894],[-91.1349,44.5897],[-91.1349,44.5868]]],[[[-91.1762,44.517],[-91.1762,44.5126],[-91.1746,44.5126],[-91.1739,44.517],[-91.1714,44.517],[-91.1688,44.5156],[-91.1661,44.5099],[-91.1661,44.5171],[-91.1762,44.517]]],[[[-91.1098,44.5391],[-91.1034,44.5416],[-91.1002,44.5389],[-91.1027,44.5415],[-91.0948,44.5424],[-91.1098,44.5426],[-91.1098,44.5391]]],[[[-91.0237,44.5682],[-91.0238,44.5645],[-91.0187,44.5645],[-91.0187,44.5681],[-91.0237,44.5682]]],[[[-91.2063,44.5865],[-91.2057,44.5882],[-91.2014,44.5901],[-91.2114,44.589],[-91.2095,44.5865],[-91.2063,44.5865]]],[[[-91.1963,44.5673],[-91.1963,44.5646],[-91.1885,44.5646],[-91.1954,44.5682],[-91.1963,44.5673]]],[[[-91.1979,44.5699],[-91.2013,44.5719],[-91.2014,44.5682],[-91.1967,44.5682],[-91.1979,44.5699]]],[[[-91.1123,44.586],[-91.1098,44.586],[-91.1098,44.5876],[-91.1148,44.5875],[-91.1148,44.5855],[-91.1123,44.586]]],[[[-91.1863,44.5244],[-91.1812,44.5244],[-91.1812,44.5262],[-91.1863,44.5262],[-91.1863,44.5244]]],[[[-91.1213,44.5279],[-91.1182,44.5243],[-91.1186,44.5225],[-91.1159,44.5206],[-91.1175,44.5243],[-91.1157,44.5243],[-91.1213,44.5279]]],[[[-91.0288,44.5753],[-91.0338,44.5813],[-91.0338,44.5796],[-91.0288,44.5753]]],[[[-91.044,44.5833],[-91.0416,44.5824],[-91.0416,44.5809],[-91.0389,44.5811],[-91.041,44.5839],[-91.044,44.5833]]],[[[-91.0938,44.5807],[-91.0948,44.5834],[-91.0949,44.5787],[-91.093,44.5787],[-91.0938,44.5807]]],[[[-91.0545,44.5822],[-91.0512,44.5822],[-91.0512,44.5841],[-91.0544,44.584],[-91.0545,44.5822]]],[[[-91.0237,44.5689],[-91.0288,44.5751],[-91.0251,44.5688],[-91.0237,44.5689]]],[[[-91.1513,44.5898],[-91.145,44.5877],[-91.1457,44.5899],[-91.1513,44.5898]]],[[[-91.0493,44.5826],[-91.044,44.5842],[-91.0492,44.5841],[-91.0493,44.5826]]],[[[-91.1349,44.586],[-91.1249,44.5858],[-91.1249,44.5863],[-91.1349,44.586]]],[[[-91.0848,44.5277],[-91.0819,44.5277],[-91.0848,44.5304],[-91.0848,44.5277]]],[[[-91.0898,44.5339],[-91.0867,44.5314],[-91.0856,44.5314],[-91.0898,44.5339]]],[[[-91.0561,44.5821],[-91.065,44.5815],[-91.0545,44.5822],[-91.0561,44.5821]]],[[[-91.0677,44.5814],[-91.0699,44.582],[-91.0699,44.5813],[-91.0677,44.5814]]],[[[-91.05,44.5841],[-91.0501,44.5825],[-91.0493,44.5826],[-91.05,44.5841]]],[[[-91.2114,44.5893],[-91.2093,44.5901],[-91.2114,44.5901],[-91.2114,44.5893]]],[[[-91.1532,44.5896],[-91.1529,44.5898],[-91.154,44.5898],[-91.1532,44.5896]]],[[[-91.1963,44.5682],[-91.1963,44.5682],[-91.1963,44.5682],[-91.1963,44.5682]]]]},"properties":{"PROP_NAME":"BUFFALO RIVER FISHERY AREA","ACRES":1538.3700000000001,"PUBLIC_ACCESS":"Open to Hiking, Fishing, Hunting and Trapping","TRANS_TYPE":1}},{"type":"Feature","geometry":{"type":"Polygon","coordinates":[[[-90.8397,44.0923],[-90.8389,44.0921],[-90.8371,44.0931],[-90.8397,44.0923]]]},"properties":{"PROP_NAME":"CATARACT POND PUBLIC ACCESS","ACRES":1.67,"PUBLIC_ACCESS":"Open to Hiking, Fishing, Hunting and Trapping","TRANS_TYPE":1}},{"type":"Feature","geometry":{"type":"MultiPolygon","coordinates":[[[[-89.4603,43.9196],[-89.4603,43.9232],[-89.4653,43.9232],[-89.4653,43.9196],[-89.4704,43.9195],[-89.4704,43.9159],[-89.4769,43.9159],[-89.4769,43.9121],[-89.4654,43.9125],[-89.4654,43.9087],[-89.4624,43.9087],[-89.4624,43.9123],[-89.4603,43.9123],[-89.4604,43.9087],[-89.4526,43.9087],[-89.4532,43.9104],[-89.4508,43.9103],[-89.4503,43.9087],[-89.4503,43.9124],[-89.4553,43.9123],[-89.4553,43.916],[-89.4603,43.9159],[-89.4603,43.9196]],[[-89.4749,43.9123],[-89.4734,43.9123],[-89.4749,43.9118],[-89.4749,43.9123]],[[-89.4754,43.9117],[-89.4754,43.9118],[-89.475,43.9118],[-89.4754,43.9117]]],[[[-89.4504,43.9014],[-89.4554,43.9014],[-89.4554,43.8978],[-89.449,43.8982],[-89.4504,43.8982],[-89.4504,43.9014]]],[[[-89.4831,43.9216],[-89.4925,43.9216],[-89.4924,43.9159],[-89.4828,43.9159],[-89.4831,43.9216]]],[[[-89.5176,43.9339],[-89.5227,43.9339],[-89.5232,43.9291],[-89.524,43.931],[-89.5226,43.931],[-89.5276,43.9311],[-89.5275,43.9231],[-89.5225,43.923],[-89.5175,43.9252],[-89.5175,43.9266],[-89.515,43.9266],[-89.5151,43.9303],[-89.5176,43.9303],[-89.5176,43.9339]]],[[[-89.5375,43.934],[-89.5375,43.9376],[-89.54,43.9377],[-89.54,43.9359],[-89.5424,43.9359],[-89.5424,43.9304],[-89.5375,43.9304],[-89.5375,43.934]]]]},"properties":{"PROP_NAME":"CAVES CREEK FISHERY AREA","ACRES":821.98,"PUBLIC_ACCESS":"Open to Hiking, Fishing, Hunting and Trapping","TRANS_TYPE":1}},{"type":"Feature","geometry":{"type":"MultiPolygon","coordinates":[[[[-92.1141,45.7122],[-92.0882,45.7124],[-92.0884,45.7015],[-92.0936,45.7015],[-92.0937,45.6949],[-92.0911,45.695],[-92.0937,45.694],[-92.0938,45.6906],[-92.0885,45.6907],[-92.0885,45.6834],[-92.0833,45.6835],[-92.0833,45.6979],[-92.0729,45.698],[-92.0729,45.7051],[-92.0624,45.7051],[-92.0623,45.6979],[-92.0517,45.6978],[-92.052,45.705],[-92.0468,45.705],[-92.0469,45.7086],[-92.0573,45.7086],[-92.0574,45.7123],[-92.0831,45.7124],[-92.0829,45.7196],[-92.0932,45.7197],[-92.0933,45.716],[-92.1036,45.7159],[-92.1035,45.7195],[-92.1139,45.7194],[-92.1141,45.7122]]],[[[-92.135,45.7546],[-92.1363,45.7546],[-92.1367,45.7512],[-92.1401,45.7511],[-92.1399,45.7401],[-92.1347,45.7401],[-92.1349,45.7474],[-92.1297,45.7474],[-92.1296,45.7438],[-92.1346,45.7438],[-92.1345,45.7401],[-92.1296,45.7413],[-92.1296,45.7401],[-92.1266,45.7401],[-92.1254,45.7421],[-92.1265,45.7438],[-92.1245,45.7437],[-92.1246,45.7546],[-92.135,45.7546]]],[[[-92.1141,45.7366],[-92.1141,45.7401],[-92.1192,45.7401],[-92.1191,45.7365],[-92.1243,45.7365],[-92.1242,45.7329],[-92.119,45.7329],[-92.1188,45.7259],[-92.1137,45.7258],[-92.1141,45.7366]]],[[[-92.0467,45.7014],[-92.0467,45.6978],[-92.0416,45.6978],[-92.0417,45.7013],[-92.0315,45.7013],[-92.0315,45.7048],[-92.0468,45.705],[-92.0467,45.7014]]],[[[-92.1853,45.7438],[-92.1854,45.7418],[-92.1817,45.7401],[-92.1749,45.7401],[-92.1749,45.7437],[-92.1853,45.7438]]],[[[-92.1904,45.7474],[-92.1903,45.751],[-92.1955,45.7511],[-92.1956,45.7474],[-92.1905,45.7457],[-92.1904,45.7474]]],[[[-92.2112,45.7475],[-92.206,45.7475],[-92.2059,45.7511],[-92.2111,45.7512],[-92.2112,45.7475]]],[[[-92.1141,45.7122],[-92.114,45.7158],[-92.1166,45.7158],[-92.1167,45.7121],[-92.1141,45.7122]]]]},"properties":{"PROP_NAME":"CLAM RIVER FISHERY AREA","ACRES":2552.65,"PUBLIC_ACCESS":"Open to Hiking, Fishing, Hunting and Trapping","TRANS_TYPE":1}},{"type":"Feature","geometry":{"type":"Polygon","coordinates":[[[-88.8724,45.1503],[-88.8714,45.154],[-88.8773,45.154],[-88.8775,45.1503],[-88.8724,45.1503]]]},"properties":{"PROP_NAME":"CLUBHOUSE LAKE-SUNSHINE SPRINGS FISHERY AREA","ACRES":41.62,"PUBLIC_ACCESS":"Open to Hiking, Fishing, Hunting and Trapping","TRANS_TYPE":1}},{"type":"Feature","geometry":{"type":"Polygon","coordinates":[[[-89.2566,46.0534],[-89.2575,46.0538],[-89.2577,46.0528],[-89.2566,46.0534]]]},"properties":{"PROP_NAME":"CONOVER REARING STATION","ACRES":1.83,"PUBLIC_ACCESS":"Open to Hiking, Fishing, Hunting and Trapping","TRANS_TYPE":1}},{"type":"Feature","geometry":{"type":"MultiPolygon","coordinates":[[[[-90.8507,43.7471],[-90.8607,43.7471],[-90.8697,43.7397],[-90.8716,43.7434],[-90.8794,43.7419],[-90.8806,43.7435],[-90.8806,43.7399],[-90.8756,43.7399],[-90.8756,43.7381],[-90.8656,43.7363],[-90.8656,43.7399],[-90.8606,43.7399],[-90.8607,43.7435],[-90.8506,43.7435],[-90.8507,43.7471]]],[[[-91.0927,43.6547],[-91.0983,43.6553],[-91.0977,43.6538],[-91.0935,43.6535],[-91.0927,43.6547]]],[[[-91.0597,43.6733],[-91.0609,43.6733],[-91.0597,43.6745],[-91.062,43.6739],[-91.0603,43.6722],[-91.0597,43.6733]]],[[[-91.0517,43.6783],[-91.054,43.6783],[-91.0548,43.6763],[-91.0524,43.6777],[-91.0498,43.6766],[-91.0517,43.6783]]],[[[-90.8513,43.6869],[-90.8504,43.6874],[-90.8578,43.6898],[-90.8578,43.6862],[-90.8553,43.6862],[-90.8553,43.6849],[-90.8518,43.6848],[-90.8534,43.6869],[-90.8513,43.6869]]],[[[-90.9353,43.6966],[-90.9403,43.6965],[-90.9403,43.6929],[-90.936,43.6911],[-90.9331,43.693],[-90.9353,43.6929],[-90.9353,43.6966]]],[[[-90.9951,43.7134],[-90.9953,43.7171],[-91.0103,43.7169],[-91.0101,43.7132],[-91.0001,43.7134],[-90.9999,43.7062],[-90.9949,43.7062],[-90.9949,43.7086],[-90.9975,43.7076],[-90.9949,43.7098],[-90.9951,43.7134]]],[[[-90.9862,43.7175],[-90.9902,43.7152],[-90.9901,43.7135],[-90.9846,43.7136],[-90.9848,43.7167],[-90.9862,43.7175]]],[[[-90.9657,43.7247],[-90.9696,43.7218],[-90.9745,43.7224],[-90.9777,43.721],[-90.9655,43.7212],[-90.9657,43.7247]]],[[[-90.9738,43.7254],[-90.9729,43.7267],[-90.9757,43.7252],[-90.9738,43.7254]]],[[[-90.968,43.7272],[-90.9673,43.7288],[-90.9727,43.7267],[-90.968,43.7272]]]]},"properties":{"PROP_NAME":"COON CREEK FISHERY AREA","ACRES":672.62,"PUBLIC_ACCESS":"Open to Hiking, Fishing, Hunting and Trapping","TRANS_TYPE":1}},{"type":"Feature","geometry":{"type":"Polygon","coordinates":[[[-89.0639,45.2954],[-89.0684,45.2962],[-89.0698,45.2932],[-89.0652,45.2931],[-89.0639,45.2954]]]},"properties":{"PROP_NAME":"CRYSTAL SPRINGS REARING STATION","ACRES":30.09,"PUBLIC_ACCESS":"Open to Hiking, Fishing, Hunting and Trapping","TRANS_TYPE":1}},{"type":"Feature","geometry":{"type":"Polygon","coordinates":[[[-89.1175,45.0512],[-89.1124,45.0512],[-89.1124,45.0543],[-89.1175,45.0543],[-89.1188,45.053],[-89.1187,45.0512],[-89.1175,45.0512]]]},"properties":{"PROP_NAME":"DANEAULT SPRINGS FISHERY AREA","ACRES":39.14,"PUBLIC_ACCESS":"Open to Hiking, Fishing, Hunting and Trapping","TRANS_TYPE":1}},{"type":"Feature","geometry":{"type":"Polygon","coordinates":[[[-91.212,46.0656],[-91.2119,46.0697],[-91.217,46.0697],[-91.2172,46.062],[-91.2121,46.062],[-91.212,46.0656]]]},"properties":{"PROP_NAME":"DEAD CREEK SPRINGS FISHERY AREA","ACRES":83.68,"PUBLIC_ACCESS":"Open to Hiking, Fishing, Hunting and Trapping","TRANS_TYPE":1}},{"type":"Feature","geometry":{"type":"Polygon","coordinates":[[[-89.0335,45.1181],[-89.0411,45.1181],[-89.0411,45.1155],[-89.0386,45.1155],[-89.0385,45.1129],[-89.0334,45.1128],[-89.0335,45.1181]]]},"properties":{"PROP_NAME":"DEMLOWS LAKE FISHERY AREA","ACRES":71.48,"PUBLIC_ACCESS":"Open to Hiking, Fishing, Hunting and Trapping","TRANS_TYPE":1}},{"type":"Feature","geometry":{"type":"MultiPolygon","coordinates":[[[[-91.5113,45.1999],[-91.5109,45.2063],[-91.5262,45.2064],[-91.5264,45.2035],[-91.5213,45.2036],[-91.5215,45.2],[-91.5113,45.1999]]],[[[-91.5115,45.1963],[-91.5064,45.1962],[-91.5062,45.1998],[-91.5113,45.1999],[-91.5115,45.1963]]],[[[-91.5084,45.124],[-91.5112,45.124],[-91.5101,45.1204],[-91.5067,45.121],[-91.5067,45.124],[-91.5084,45.124]]]]},"properties":{"PROP_NAME":"DUNCAN CREEK FISHERY AREA","ACRES":241.43,"PUBLIC_ACCESS":"Open to Hiking, Fishing, Hunting and Trapping","TRANS_TYPE":1}},{"type":"Feature","geometry":{"type":"Polygon","coordinates":[[[-89.0665,45.2885],[-89.0723,45.2887],[-89.073,45.2852],[-89.0674,45.285],[-89.0665,45.2885]]]},"properties":{"PROP_NAME":"EAU CLAIRE RIVER FISHERY AREA","ACRES":41.62,"PUBLIC_ACCESS":"Open to Hiking, Fishing, Hunting and Trapping","TRANS_TYPE":1}},{"type":"Feature","geometry":{"type":"MultiPolygon","coordinates":[[[[-91.2863,45.802],[-91.2864,45.8054],[-91.2986,45.8052],[-91.2986,45.8],[-91.2941,45.7999],[-91.2889,45.7946],[-91.2865,45.7947],[-91.2863,45.802]]],[[[-91.287,45.8451],[-91.2867,45.8487],[-91.2919,45.8487],[-91.2924,45.8415],[-91.2872,45.8415],[-91.287,45.8451]]]]},"properties":{"PROP_NAME":"EDDY CREEK FISHERY AREA","ACRES":281.44,"PUBLIC_ACCESS":"Open to Hiking, Fishing, Hunting and Trapping","TRANS_TYPE":1}},{"type":"Feature","geometry":{"type":"MultiPolygon","coordinates":[[[[-91.5799,44.951],[-91.585,44.9509],[-91.585,44.9495],[-91.587,44.9494],[-91.5887,44.9473],[-91.5749,44.9474],[-91.5748,44.9439],[-91.5747,44.9457],[-91.5698,44.9457],[-91.5699,44.9511],[-91.5799,44.9492],[-91.5799,44.951]]],[[[-91.6603,44.832],[-91.6617,44.832],[-91.6602,44.8283],[-91.6603,44.832]]],[[[-91.6505,44.854],[-91.6505,44.8537],[-91.6496,44.8537],[-91.6505,44.854]]],[[[-91.6318,44.8973],[-91.6334,44.8977],[-91.6333,44.8927],[-91.6308,44.8928],[-91.6318,44.8973]]],[[[-91.6258,44.9081],[-91.6271,44.9081],[-91.6276,44.9051],[-91.6308,44.905],[-91.633,44.8999],[-91.6283,44.9],[-91.6283,44.9036],[-91.6207,44.9038],[-91.6207,44.9074],[-91.6258,44.9081]]],[[[-91.6207,44.9183],[-91.6207,44.9219],[-91.6244,44.9218],[-91.6207,44.9183]]],[[[-91.6157,44.9292],[-91.6157,44.9309],[-91.6165,44.9291],[-91.6157,44.9292]]],[[[-91.6157,44.9325],[-91.6169,44.9328],[-91.6169,44.9323],[-91.6157,44.9325]]],[[[-91.6812,44.9357],[-91.6861,44.9357],[-91.6852,44.9354],[-91.6812,44.9357]]],[[[-91.6544,44.9411],[-91.6507,44.9393],[-91.6507,44.9404],[-91.6544,44.9411]]]]},"properties":{"PROP_NAME":"ELK CREEK FISHERY AREA","ACRES":282.18,"PUBLIC_ACCESS":"Open to Hiking, Fishing, Hunting and Trapping","TRANS_TYPE":1}},{"type":"Feature","geometry":{"type":"MultiPolygon","coordinates":[[[[-89.2393,44.3049],[-89.2393,44.3013],[-89.2393,44.3049],[-89.2508,44.305],[-89.2536,44.3079],[-89.2591,44.3084],[-89.262,44.3108],[-89.2749,44.3088],[-89.2749,44.3052],[-89.2698,44.3052],[-89.2693,44.3016],[-89.2647,44.3016],[-89.2648,44.298],[-89.2597,44.2979],[-89.2597,44.2934],[-89.2546,44.2933],[-89.2546,44.2906],[-89.2445,44.2903],[-89.2445,44.294],[-89.2294,44.2941],[-89.2293,44.3003],[-89.2244,44.3013],[-89.2243,44.3035],[-89.2189,44.3036],[-89.2189,44.3014],[-89.2133,44.3015],[-89.2113,44.3087],[-89.2124,44.306],[-89.2219,44.305],[-89.2219,44.3068],[-89.2234,44.305],[-89.2343,44.305],[-89.2343,44.3122],[-89.2394,44.3122],[-89.2393,44.3049]],[[-89.2535,44.2982],[-89.253,44.2982],[-89.253,44.2978],[-89.2535,44.2982]]],[[[-89.2036,44.3162],[-89.2038,44.3143],[-89.2021,44.3142],[-89.2038,44.3131],[-89.2025,44.3088],[-89.2007,44.3088],[-89.2006,44.3102],[-89.1961,44.3087],[-89.196,44.3142],[-89.1986,44.3141],[-89.1986,44.3161],[-89.1986,44.3148],[-89.2036,44.3162]]],[[[-89.2343,44.3086],[-89.2343,44.305],[-89.2293,44.305],[-89.2293,44.3086],[-89.2343,44.3086]]],[[[-89.2036,44.3087],[-89.2036,44.3071],[-89.2005,44.307],[-89.2005,44.3087],[-89.2036,44.3087]]],[[[-89.2038,44.3088],[-89.2043,44.3077],[-89.2038,44.3077],[-89.2038,44.3088]]]]},"properties":{"PROP_NAME":"EMMONS CREEK FISHERY AREA","ACRES":1465.19,"PUBLIC_ACCESS":"Open to Hiking, Fishing, Hunting and Trapping","TRANS_TYPE":1}},{"type":"Feature","geometry":{"type":"MultiPolygon","coordinates":[[[[-91.868,45.4917],[-91.8649,45.4931],[-91.8613,45.5025],[-91.8681,45.5026],[-91.868,45.5001],[-91.8697,45.4988],[-91.8679,45.4961],[-91.868,45.4917]]],[[[-91.8715,45.4917],[-91.8731,45.4844],[-91.868,45.4844],[-91.868,45.4917],[-91.8715,45.4917]]]]},"properties":{"PROP_NAME":"ENGLE CREEK SPRINGS FISHERY AREA","ACRES":190.20000000000002,"PUBLIC_ACCESS":"Open to Hiking, Fishing, Hunting and Trapping","TRANS_TYPE":1}},{"type":"Feature","geometry":{"type":"MultiPolygon","coordinates":[[[[-88.806,45.1425],[-88.8062,45.1389],[-88.7997,45.139],[-88.7953,45.1427],[-88.7953,45.1463],[-88.8003,45.1462],[-88.7996,45.1715],[-88.8054,45.1709],[-88.8042,45.1823],[-88.8094,45.1823],[-88.8095,45.1751],[-88.8146,45.1751],[-88.8148,45.1704],[-88.8097,45.1704],[-88.8099,45.168],[-88.8047,45.1689],[-88.8063,45.1681],[-88.8048,45.1678],[-88.8049,45.1642],[-88.81,45.1642],[-88.8104,45.157],[-88.8053,45.157],[-88.8055,45.154],[-88.8031,45.1536],[-88.8055,45.1534],[-88.806,45.1426],[-88.8003,45.1426],[-88.806,45.1425]]],[[[-88.7935,45.1305],[-88.7974,45.1319],[-88.8066,45.1282],[-88.8005,45.1282],[-88.8008,45.1211],[-88.7957,45.1211],[-88.7959,45.1175],[-88.7829,45.1174],[-88.7841,45.1243],[-88.7918,45.1235],[-88.7935,45.1305]]],[[[-88.8066,45.1288],[-88.8011,45.1306],[-88.8003,45.1354],[-88.8041,45.1354],[-88.8066,45.1317],[-88.8066,45.1288]]],[[[-88.825,45.1716],[-88.8248,45.1752],[-88.8299,45.1753],[-88.83,45.1717],[-88.825,45.1716]]],[[[-88.8003,45.1373],[-88.7992,45.138],[-88.8019,45.1368],[-88.8003,45.1373]]],[[[-88.7973,45.1354],[-88.7976,45.1369],[-88.7981,45.1354],[-88.7973,45.1354]]],[[[-88.8003,45.1384],[-88.799,45.1389],[-88.801,45.1385],[-88.8003,45.1384]]],[[[-88.806,45.1425],[-88.806,45.1426],[-88.8061,45.1425],[-88.806,45.1425]]]]},"properties":{"PROP_NAME":"EVERGREEN RIVER FISHERY AREA","ACRES":1149.3600000000001,"PUBLIC_ACCESS":"Open to Hiking, Fishing, Hunting and Trapping","TRANS_TYPE":1}},{"type":"Feature","geometry":{"type":"MultiPolygon","coordinates":[[[[-91.3834,45.9672],[-91.3835,45.971],[-91.3887,45.9709],[-91.3884,45.9635],[-91.3935,45.9635],[-91.3938,45.9708],[-91.399,45.9707],[-91.3986,45.9613],[-91.3934,45.9598],[-91.3933,45.9586],[-91.3967,45.9586],[-91.3933,45.958],[-91.3932,45.956],[-91.3829,45.956],[-91.3834,45.9672]]],[[[-91.3776,45.9486],[-91.3828,45.9488],[-91.3828,45.9465],[-91.3866,45.9465],[-91.3775,45.9452],[-91.3776,45.9486]]]]},"properties":{"PROP_NAME":"GRINDSTONE CREEK FISHERY AREA","ACRES":409.09000000000003,"PUBLIC_ACCESS":"Open to Hiking, Fishing, Hunting and Trapping","TRANS_TYPE":1}},{"type":"Feature","geometry":{"type":"MultiPolygon","coordinates":[[[[-90.9382,44.492],[-90.9387,44.4875],[-90.9343,44.4865],[-90.936,44.4856],[-90.9354,44.4846],[-90.9318,44.4845],[-90.931,44.4819],[-90.9281,44.4819],[-90.9281,44.4807],[-90.9244,44.4806],[-90.9204,44.4764],[-90.9121,44.4754],[-90.9116,44.4733],[-90.8975,44.4732],[-90.8828,44.4694],[-90.8828,44.4721],[-90.8978,44.4768],[-90.918,44.4769],[-90.9199,44.478],[-90.9196,44.4806],[-90.923,44.4822],[-90.923,44.4842],[-90.9256,44.4824],[-90.9306,44.4881],[-90.9331,44.4882],[-90.9331,44.4918],[-90.9382,44.492]]],[[[-90.9382,44.492],[-90.9391,44.4957],[-90.9362,44.5008],[-90.9383,44.5029],[-90.9407,44.503],[-90.9413,44.51],[-90.9451,44.5111],[-90.9465,44.5138],[-90.9517,44.5153],[-90.9495,44.5183],[-90.9533,44.5172],[-90.9583,44.5193],[-90.9583,44.5209],[-90.9615,44.521],[-90.9614,44.5229],[-90.9654,44.5228],[-90.9685,44.5246],[-90.9657,44.5215],[-90.9635,44.5223],[-90.9635,44.5196],[-90.9595,44.5196],[-90.9522,44.5132],[-90.949,44.5132],[-90.9468,44.5103],[-90.9441,44.51],[-90.9432,44.5031],[-90.9396,44.5005],[-90.9408,44.4957],[-90.9432,44.4958],[-90.9432,44.4921],[-90.9382,44.492]]],[[[-90.9533,44.4993],[-90.9533,44.503],[-90.9634,44.5029],[-90.9633,44.4992],[-90.9583,44.4993],[-90.9583,44.4967],[-90.9533,44.4967],[-90.9533,44.4993]]],[[[-90.976,44.51],[-90.9757,44.5085],[-90.9856,44.5074],[-90.9828,44.5063],[-90.9785,44.5081],[-90.9735,44.5064],[-90.9735,44.5101],[-90.976,44.51]]],[[[-90.9851,44.5391],[-90.9832,44.5385],[-90.9833,44.5355],[-90.9783,44.5355],[-90.9851,44.5391]]],[[[-90.8828,44.4694],[-90.8778,44.4682],[-90.8778,44.4694],[-90.8828,44.4694]]]]},"properties":{"PROP_NAME":"HALLS (STOCKWELL) CREEK FISHERY AREA","ACRES":812.34,"PUBLIC_ACCESS":"Open to Hiking, Fishing, Hunting and Trapping","TRANS_TYPE":1}},{"type":"Feature","geometry":{"type":"MultiPolygon","coordinates":[[[[-91.5444,45.0397],[-91.5393,45.0413],[-91.5393,45.0455],[-91.5444,45.0454],[-91.5444,45.0417],[-91.5495,45.0416],[-91.5444,45.0397]]],[[[-91.481,45.0347],[-91.4791,45.0333],[-91.4791,45.0347],[-91.481,45.0347]]],[[[-91.5701,45.0342],[-91.573,45.0342],[-91.5714,45.0329],[-91.5768,45.0329],[-91.5798,45.0307],[-91.57,45.0317],[-91.5701,45.0342]]]]},"properties":{"PROP_NAME":"HAY CREEK FISHERY AREA","ACRES":107.47,"PUBLIC_ACCESS":"Open to Hiking, Fishing, Hunting and Trapping","TRANS_TYPE":1}},{"type":"Feature","geometry":{"type":"MultiPolygon","coordinates":[[[[-89.4329,43.4098],[-89.433,43.417],[-89.443,43.417],[-89.4429,43.4098],[-89.433,43.4098],[-89.433,43.4086],[-89.4329,43.4098]]],[[[-89.418,43.4135],[-89.428,43.4134],[-89.4252,43.4108],[-89.428,43.411],[-89.428,43.4098],[-89.418,43.4098],[-89.418,43.4135]]]]},"properties":{"PROP_NAME":"HINKSON CREEK FISHERY AREA","ACRES":234.65,"PUBLIC_ACCESS":"Open to Hiking, Fishing, Hunting and Trapping","TRANS_TYPE":1}},{"type":"Feature","geometry":{"type":"MultiPolygon","coordinates":[[[[-89.8354,43.646],[-89.8379,43.646],[-89.8379,43.6484],[-89.8392,43.6484],[-89.8379,43.6375],[-89.8478,43.6361],[-89.8479,43.6269],[-89.8429,43.6268],[-89.8429,43.6349],[-89.832,43.6351],[-89.8316,43.6303],[-89.8221,43.6303],[-89.822,43.6253],[-89.8091,43.627],[-89.8122,43.6313],[-89.8166,43.6303],[-89.8163,43.6325],[-89.8133,43.6338],[-89.8191,43.6331],[-89.8255,43.6353],[-89.8251,43.6411],[-89.8265,43.6411],[-89.8275,43.6367],[-89.8351,43.6391],[-89.8354,43.646]]],[[[-89.8074,43.6231],[-89.805,43.6249],[-89.8055,43.6266],[-89.8085,43.6266],[-89.8085,43.623],[-89.8074,43.6231]]]]},"properties":{"PROP_NAME":"HULBURT CREEK FISHERY AREA","ACRES":571.96,"PUBLIC_ACCESS":"Open to Hiking, Fishing, Hunting and Trapping","TRANS_TYPE":1}},{"type":"Feature","geometry":{"type":"MultiPolygon","coordinates":[[[[-89.4581,43.9558],[-89.4656,43.9557],[-89.4655,43.9521],[-89.4605,43.9521],[-89.4604,43.9449],[-89.4555,43.945],[-89.4557,43.9556],[-89.4581,43.9558]]],[[[-89.4857,43.9557],[-89.4859,43.9578],[-89.4874,43.9574],[-89.4874,43.9557],[-89.4857,43.9557]]],[[[-89.4758,43.9631],[-89.4808,43.9622],[-89.4758,43.9622],[-89.4708,43.9597],[-89.472,43.959],[-89.4706,43.9568],[-89.4656,43.9568],[-89.4656,43.9579],[-89.4703,43.9579],[-89.4707,43.9607],[-89.4692,43.961],[-89.4758,43.9631]]]]},"properties":{"PROP_NAME":"JOHN A LAWTON FISHERY AREA","ACRES":207.94,"PUBLIC_ACCESS":"Open to Hiking, Fishing, Hunting and Trapping","TRANS_TYPE":1}},{"type":"Feature","geometry":{"type":"Polygon","coordinates":[[[-90.4707,43.8665],[-90.4737,43.8665],[-90.4737,43.8638],[-90.4688,43.8638],[-90.4688,43.8657],[-90.4707,43.8665]]]},"properties":{"PROP_NAME":"KICKAPOO RIVER FISHERY AREA","ACRES":27.96,"PUBLIC_ACCESS":"Open to Hiking, Fishing, Hunting and Trapping","TRANS_TYPE":1}},{"type":"Feature","geometry":{"type":"MultiPolygon","coordinates":[[[[-92.5008,44.9552],[-92.5021,44.9552],[-92.497,44.9552],[-92.497,44.96],[-92.5072,44.96],[-92.5072,44.9564],[-92.5123,44.9564],[-92.5122,44.9516],[-92.5173,44.9514],[-92.5122,44.9492],[-92.4984,44.9492],[-92.4983,44.9508],[-92.497,44.9508],[-92.497,44.9552],[-92.5008,44.9552]]],[[[-92.5702,44.851],[-92.5769,44.8512],[-92.5782,44.8483],[-92.5874,44.8482],[-92.5894,44.8504],[-92.5936,44.8501],[-92.5936,44.8482],[-92.5885,44.8482],[-92.5885,44.8446],[-92.5834,44.8446],[-92.5834,44.8465],[-92.5782,44.8465],[-92.5783,44.8446],[-92.5681,44.8447],[-92.5681,44.8483],[-92.5599,44.8483],[-92.5594,44.8505],[-92.5702,44.851]]],[[[-92.607,44.8876],[-92.6119,44.8877],[-92.6183,44.8842],[-92.6088,44.8841],[-92.6088,44.8805],[-92.6023,44.8804],[-92.5985,44.8832],[-92.6036,44.884],[-92.6036,44.8876],[-92.607,44.8876]]],[[[-92.5278,44.917],[-92.5278,44.9206],[-92.5379,44.9206],[-92.5379,44.9155],[-92.5277,44.9134],[-92.5278,44.917]]],[[[-92.4763,44.893],[-92.4763,44.8949],[-92.4814,44.895],[-92.4814,44.8986],[-92.4865,44.8986],[-92.4865,44.8914],[-92.4763,44.8913],[-92.4763,44.893]]],[[[-92.5935,44.8948],[-92.5935,44.8912],[-92.5961,44.8907],[-92.5922,44.8899],[-92.5919,44.8883],[-92.5885,44.8883],[-92.5885,44.8936],[-92.5867,44.8949],[-92.5918,44.8965],[-92.5935,44.8948]]],[[[-92.5125,44.9224],[-92.5165,44.922],[-92.5177,44.9188],[-92.5133,44.9188],[-92.5133,44.9206],[-92.5073,44.9205],[-92.5073,44.9223],[-92.5125,44.9224]]],[[[-92.5786,44.8992],[-92.5836,44.8998],[-92.5859,44.8989],[-92.5786,44.8992]]],[[[-92.6036,44.8876],[-92.6036,44.8908],[-92.6074,44.8877],[-92.6036,44.8876]],[[-92.5456,44.9076],[-92.5451,44.9132],[-92.5449,44.9086],[-92.548,44.9086],[-92.5456,44.9076]]],[[[-92.6211,44.8771],[-92.6217,44.8747],[-92.6192,44.8758],[-92.6211,44.8771]]],[[[-92.5242,44.9273],[-92.5278,44.9261],[-92.5239,44.9263],[-92.5242,44.9273]]],[[[-92.5233,44.9392],[-92.5207,44.9416],[-92.5225,44.9417],[-92.5244,44.939],[-92.5233,44.9392]]],[[[-92.5199,44.9534],[-92.5209,44.9542],[-92.5214,44.9529],[-92.5188,44.9528],[-92.5199,44.9534]]],[[[-92.5207,44.9439],[-92.5218,44.9458],[-92.522,44.9425],[-92.5207,44.9439]]],[[[-92.5589,44.9017],[-92.5598,44.9012],[-92.5582,44.9012],[-92.5589,44.9017]]],[[[-92.6235,44.8736],[-92.6222,44.8744],[-92.6225,44.8749],[-92.6235,44.8736]]],[[[-92.619,44.8757],[-92.6192,44.8754],[-92.6188,44.8756],[-92.619,44.8757]]]]},"properties":{"PROP_NAME":"KINNICKINNIC RIVER FISHERY AREA","ACRES":1209.46,"PUBLIC_ACCESS":"Open to Hiking, Fishing, Hunting and Trapping","TRANS_TYPE":1}},{"type":"Feature","geometry":{"type":"MultiPolygon","coordinates":[[[[-90.8879,43.4442],[-90.8926,43.4454],[-90.8882,43.4419],[-90.8898,43.4418],[-90.891,43.4382],[-90.8902,43.4346],[-90.895,43.4352],[-90.8975,43.4379],[-90.9079,43.4416],[-90.9081,43.4379],[-90.9025,43.438],[-90.9024,43.4309],[-90.8924,43.431],[-90.8925,43.4328],[-90.8875,43.4328],[-90.8875,43.4311],[-90.8807,43.4315],[-90.8806,43.4341],[-90.8889,43.4378],[-90.8868,43.4416],[-90.8879,43.4442]]],[[[-90.7431,43.1916],[-90.7506,43.1908],[-90.7457,43.1902],[-90.7399,43.1863],[-90.7431,43.1916]]],[[[-90.7493,43.2222],[-90.7506,43.2225],[-90.7506,43.2178],[-90.7456,43.2163],[-90.7455,43.2127],[-90.7408,43.2127],[-90.7425,43.2156],[-90.7487,43.2188],[-90.7493,43.2222]]],[[[-91.0186,43.3212],[-91.0266,43.3241],[-91.0266,43.3174],[-91.0217,43.3174],[-91.0217,43.321],[-91.0186,43.3212]]],[[[-90.7554,43.3795],[-90.7566,43.3798],[-90.7555,43.3789],[-90.7554,43.3795]]],[[[-90.8924,43.4201],[-90.8969,43.4201],[-90.8969,43.4164],[-90.8923,43.4165],[-90.8924,43.4201]]],[[[-90.963,43.4847],[-90.9667,43.4847],[-90.9679,43.4811],[-90.963,43.4811],[-90.963,43.4847]]],[[[-90.9587,43.4886],[-90.9625,43.4883],[-90.9581,43.4884],[-90.9587,43.4886]]],[[[-90.9928,43.4917],[-90.9929,43.4954],[-91.0077,43.4946],[-91.0077,43.4916],[-90.9997,43.4895],[-90.9977,43.4912],[-90.9987,43.4893],[-90.9928,43.4866],[-90.9928,43.4917]]],[[[-90.7877,43.5399],[-90.7897,43.5397],[-90.7896,43.5347],[-90.7794,43.5346],[-90.7794,43.5382],[-90.7876,43.5383],[-90.7877,43.5399]]],[[[-90.8392,43.544],[-90.8433,43.5445],[-90.8465,43.5421],[-90.8391,43.5421],[-90.8392,43.544]]],[[[-90.7996,43.5425],[-90.8061,43.5462],[-90.8066,43.5437],[-90.8094,43.5418],[-90.7996,43.5425]]],[[[-90.8065,43.5464],[-90.8096,43.5474],[-90.8096,43.5455],[-90.8074,43.5449],[-90.8065,43.5464]]],[[[-90.8196,43.5492],[-90.8219,43.55],[-90.8203,43.5477],[-90.8246,43.547],[-90.8246,43.5456],[-90.8168,43.5456],[-90.8196,43.5467],[-90.8196,43.5492]]],[[[-90.5621,43.6855],[-90.5658,43.6858],[-90.5668,43.6831],[-90.5698,43.6821],[-90.562,43.6822],[-90.5621,43.6855]]],[[[-90.7611,43.8167],[-90.7676,43.8167],[-90.7687,43.8131],[-90.7611,43.8131],[-90.7611,43.8167]]],[[[-90.7616,43.8222],[-90.7639,43.8222],[-90.7647,43.8204],[-90.7611,43.8204],[-90.7616,43.8222]]],[[[-91.0284,43.8245],[-91.0283,43.8266],[-91.0312,43.8266],[-91.0312,43.8242],[-91.0284,43.8245]]],[[[-90.774,43.8423],[-90.7804,43.8422],[-90.7712,43.834],[-90.7679,43.835],[-90.7687,43.8384],[-90.774,43.8423]]],[[[-90.7349,43.8891],[-90.7404,43.8893],[-90.7355,43.8856],[-90.7355,43.8838],[-90.7305,43.882],[-90.7306,43.8784],[-90.7256,43.8784],[-90.7255,43.8843],[-90.7305,43.8846],[-90.7311,43.8874],[-90.7349,43.8891]]],[[[-90.8439,43.9101],[-90.8489,43.9138],[-90.8441,43.9093],[-90.8451,43.9066],[-90.8501,43.9065],[-90.8416,43.9065],[-90.8429,43.9066],[-90.8439,43.9101]]]]},"properties":{"PROP_NAME":"LA CROSSE AREA COMPREHENSIVE FISHERY AREA","ACRES":1365.48,"PUBLIC_ACCESS":"Open to Hiking, Fishing, Hunting and Trapping","TRANS_TYPE":1}},{"type":"Feature","geometry":{"type":"MultiPolygon","coordinates":[[[[-90.7214,43.9978],[-90.7188,44.0004],[-90.7265,44.0004],[-90.7276,43.996],[-90.7349,43.9932],[-90.7414,43.9931],[-90.7415,43.9873],[-90.7441,43.9858],[-90.734,43.9859],[-90.7312,43.9886],[-90.7313,43.9932],[-90.7213,43.9931],[-90.7214,43.9978]]],[[[-90.7562,43.9788],[-90.7612,43.9787],[-90.761,43.9723],[-90.7548,43.9715],[-90.7511,43.9752],[-90.7484,43.9751],[-90.7484,43.9777],[-90.7461,43.9778],[-90.7461,43.9761],[-90.7416,43.9787],[-90.7498,43.9788],[-90.7511,43.9765],[-90.7512,43.9788],[-90.7562,43.9788]]]]},"properties":{"PROP_NAME":"LA CROSSE RIVER FISHERY AREA","ACRES":462.27,"PUBLIC_ACCESS":"Open to Hiking, Fishing, Hunting and Trapping","TRANS_TYPE":1}},{"type":"Feature","geometry":{"type":"MultiPolygon","coordinates":[[[[-87.9845,43.8331],[-87.9918,43.8309],[-87.9918,43.8295],[-87.9893,43.8295],[-87.9893,43.8259],[-87.9917,43.8259],[-87.9916,43.8241],[-87.9966,43.8241],[-87.9965,43.8223],[-88.0014,43.8222],[-88.0012,43.8186],[-87.9865,43.8188],[-87.9869,43.8304],[-87.982,43.8305],[-87.9821,43.833],[-87.9845,43.8331]]],[[[-87.9771,43.8477],[-87.982,43.8476],[-87.982,43.844],[-87.9798,43.844],[-87.9798,43.8404],[-87.982,43.8404],[-87.9821,43.835],[-87.9834,43.835],[-87.9835,43.8333],[-87.9771,43.8334],[-87.9771,43.8368],[-87.9755,43.8368],[-87.9755,43.8405],[-87.9771,43.8404],[-87.9771,43.8477]]]]},"properties":{"PROP_NAME":"LA BUDDE CREEK FISHERY AREA","ACRES":391.31,"PUBLIC_ACCESS":"Open to Hiking, Fishing, Hunting and Trapping","TRANS_TYPE":1}},{"type":"Feature","geometry":{"type":"Polygon","coordinates":[[[-89.064,46.1268],[-89.0744,46.1267],[-89.0717,46.1249],[-89.0741,46.1231],[-89.0658,46.1232],[-89.0637,46.125],[-89.064,46.1268]]]},"properties":{"PROP_NAME":"LAC VIEUX DESERT PUBLIC ACCESS","ACRES":66.07000000000001,"PUBLIC_ACCESS":"Open to Hiking, Fishing, Hunting and Trapping","TRANS_TYPE":1}},{"type":"Feature","geometry":{"type":"Polygon","coordinates":[[[-88.0153,43.6489],[-88.0153,43.6453],[-88.0103,43.6453],[-88.0103,43.649],[-88.0153,43.6489]]]},"properties":{"PROP_NAME":"LAKE ELLEN PUBLIC ACCESS","ACRES":40.35,"PUBLIC_ACCESS":"Open to Hiking, Fishing, Hunting and Trapping","TRANS_TYPE":1}},{"type":"Feature","geometry":{"type":"Polygon","coordinates":[[[-88.4981,45.3348],[-88.4985,45.3372],[-88.5003,45.3372],[-88.5004,45.3335],[-88.5106,45.3354],[-88.5106,45.3336],[-88.5157,45.3337],[-88.5158,45.3301],[-88.4955,45.33],[-88.4953,45.3335],[-88.4981,45.3348]]]},"properties":{"PROP_NAME":"LAKEWOOD REARING STATION","ACRES":194.99,"PUBLIC_ACCESS":"Open to Hiking, Fishing, Hunting and Trapping","TRANS_TYPE":1}},{"type":"Feature","geometry":{"type":"Polygon","coordinates":[[[-88.8132,45.3496],[-88.8132,45.3459],[-88.808,45.3458],[-88.808,45.3494],[-88.8132,45.3496]]]},"properties":{"PROP_NAME":"LAMBERT SPRINGS FISHERY AREA","ACRES":40.72,"PUBLIC_ACCESS":"Open to Hiking, Fishing, Hunting and Trapping","TRANS_TYPE":1}},{"type":"Feature","geometry":{"type":"MultiPolygon","coordinates":[[[[-88.696,45.1936],[-88.6959,45.1972],[-88.7016,45.1972],[-88.7009,45.1936],[-88.7023,45.194],[-88.702,45.1972],[-88.7061,45.1972],[-88.7062,45.1936],[-88.7011,45.1935],[-88.7012,45.1899],[-88.6961,45.19],[-88.696,45.1936]]],[[[-88.7009,45.1936],[-88.702,45.1972],[-88.7023,45.194],[-88.7009,45.1936]]]]},"properties":{"PROP_NAME":"LANGLADE REARING STATION","ACRES":119.69,"PUBLIC_ACCESS":"Open to Hiking, Fishing, Hunting and Trapping","TRANS_TYPE":1}},{"type":"Feature","geometry":{"type":"MultiPolygon","coordinates":[[[[-89.5133,44.4721],[-89.5178,44.4745],[-89.5179,44.4684],[-89.5133,44.4685],[-89.5134,44.4648],[-89.5101,44.4649],[-89.5084,44.4692],[-89.5133,44.4721]]],[[[-89.4984,44.4724],[-89.5083,44.473],[-89.5083,44.4715],[-89.5054,44.4709],[-89.5083,44.4701],[-89.5068,44.4702],[-89.5068,44.4685],[-89.4983,44.4688],[-89.4984,44.4724]]],[[[-89.5187,44.4757],[-89.5232,44.4756],[-89.5233,44.472],[-89.5188,44.472],[-89.5187,44.4757]]],[[[-89.5132,44.4757],[-89.5176,44.4747],[-89.5133,44.4725],[-89.5132,44.4757]]]]},"properties":{"PROP_NAME":"LITTLE PLOVER RIVER FISHERY AREA","ACRES":245.37,"PUBLIC_ACCESS":"Open to Hiking, Fishing, Hunting and Trapping","TRANS_TYPE":1}},{"type":"Feature","geometry":{"type":"MultiPolygon","coordinates":[[[[-89.2237,44.6752],[-89.2238,44.6814],[-89.2345,44.6813],[-89.2338,44.6679],[-89.2287,44.6679],[-89.2287,44.6643],[-89.2236,44.6643],[-89.2236,44.6679],[-89.2191,44.6679],[-89.2236,44.6684],[-89.2237,44.6752]]],[[[-89.3454,44.6458],[-89.3455,44.6422],[-89.3506,44.6424],[-89.3507,44.6352],[-89.3455,44.635],[-89.3455,44.6313],[-89.3401,44.6314],[-89.3402,44.6351],[-89.3301,44.6352],[-89.3301,44.6384],[-89.3251,44.6384],[-89.3384,44.6376],[-89.3403,44.6387],[-89.3403,44.6423],[-89.3453,44.6422],[-89.3454,44.6458]]],[[[-89.2287,44.6496],[-89.2338,44.6496],[-89.2337,44.646],[-89.2388,44.646],[-89.2388,44.6425],[-89.2236,44.6424],[-89.2236,44.6496],[-89.2287,44.6496]]],[[[-89.1681,44.6643],[-89.163,44.6643],[-89.1634,44.6751],[-89.1686,44.6751],[-89.1683,44.6679],[-89.1734,44.6679],[-89.1733,44.6642],[-89.1681,44.6643]]],[[[-89.173,44.6242],[-89.1743,44.6217],[-89.1714,44.6205],[-89.173,44.6169],[-89.1577,44.617],[-89.1644,44.6177],[-89.1678,44.6203],[-89.1627,44.6207],[-89.1627,44.6243],[-89.173,44.6242]]],[[[-89.1509,44.6046],[-89.1577,44.6058],[-89.1578,44.6023],[-89.1528,44.6023],[-89.1529,44.5986],[-89.1478,44.5986],[-89.1476,44.6059],[-89.1509,44.6059],[-89.1509,44.6046]]],[[[-89.2439,44.6424],[-89.2591,44.6425],[-89.2591,44.6388],[-89.2515,44.6388],[-89.2515,44.6406],[-89.2388,44.6405],[-89.2388,44.6424],[-89.2439,44.6424]]],[[[-89.2336,44.5988],[-89.2336,44.6025],[-89.2436,44.6024],[-89.2436,44.5988],[-89.2361,44.5988],[-89.236,44.5952],[-89.2335,44.5952],[-89.2336,44.5988]]],[[[-89.1175,44.6203],[-89.1309,44.6193],[-89.131,44.6169],[-89.1173,44.6168],[-89.1175,44.6203]]],[[[-89.2976,44.5821],[-89.2947,44.5849],[-89.2966,44.586],[-89.2974,44.5838],[-89.3043,44.5838],[-89.3042,44.5769],[-89.3004,44.5786],[-89.2976,44.5821]]],[[[-89.2335,44.5952],[-89.2335,44.5916],[-89.2235,44.5916],[-89.2235,44.5952],[-89.2335,44.5952]]],[[[-89.2745,44.6461],[-89.2744,44.6399],[-89.2845,44.6382],[-89.2744,44.6398],[-89.2693,44.6389],[-89.2694,44.6461],[-89.2745,44.6461]]],[[[-89.2543,44.6814],[-89.2543,44.6795],[-89.2594,44.6813],[-89.2594,44.679],[-89.2441,44.6787],[-89.2442,44.6813],[-89.2543,44.6814]]],[[[-89.3001,44.6459],[-89.3,44.641],[-89.2949,44.6406],[-89.295,44.646],[-89.3001,44.6459]]],[[[-89.1342,44.6198],[-89.1324,44.6205],[-89.1324,44.6223],[-89.1349,44.6205],[-89.1425,44.6205],[-89.1425,44.6168],[-89.1365,44.6169],[-89.1374,44.6193],[-89.1342,44.6198]]],[[[-89.2767,44.5919],[-89.2772,44.5939],[-89.2792,44.5924],[-89.2792,44.5874],[-89.2741,44.5874],[-89.2741,44.5916],[-89.2767,44.5919]]],[[[-89.2897,44.5916],[-89.2943,44.5916],[-89.2943,44.5868],[-89.2893,44.5874],[-89.2897,44.5916]]],[[[-89.2893,44.5916],[-89.2809,44.5916],[-89.2799,44.5948],[-89.2831,44.5936],[-89.2864,44.5946],[-89.2893,44.5916]],[[-89.2843,44.5931],[-89.2835,44.5931],[-89.2835,44.5923],[-89.2843,44.5931]]],[[[-89.2083,44.6024],[-89.2083,44.5987],[-89.2033,44.5987],[-89.2032,44.601],[-89.2011,44.6023],[-89.2083,44.6024]]],[[[-89.0477,44.6346],[-89.0523,44.6355],[-89.0504,44.6316],[-89.0473,44.6315],[-89.0477,44.6346]]],[[[-89.2023,44.6532],[-89.2037,44.6495],[-89.1998,44.6495],[-89.1994,44.6532],[-89.2023,44.6532]]],[[[-88.9966,44.6228],[-88.9938,44.6229],[-88.9938,44.6265],[-88.9976,44.6243],[-88.9966,44.6228]]],[[[-89.1072,44.6314],[-89.1122,44.6314],[-89.1121,44.6296],[-89.1072,44.6296],[-89.1072,44.6314]]],[[[-89.0998,44.6276],[-89.0998,44.6244],[-89.0974,44.6238],[-89.0973,44.6275],[-89.0998,44.6276]]],[[[-89.1733,44.6633],[-89.1733,44.6624],[-89.163,44.6624],[-89.1733,44.6633]]],[[[-89.1798,44.6059],[-89.1832,44.6024],[-89.1781,44.6048],[-89.1781,44.606],[-89.1798,44.6059]]],[[[-89.0792,44.6197],[-89.0722,44.6187],[-89.0722,44.6196],[-89.0792,44.6197]]],[[[-89.1845,44.6024],[-89.1844,44.606],[-89.1856,44.606],[-89.1857,44.6024],[-89.1845,44.6024]]],[[[-88.9041,44.5122],[-88.9049,44.5129],[-88.9049,44.5122],[-88.9041,44.5122]]],[[[-89.0801,44.6197],[-89.0809,44.6197],[-89.0805,44.6197],[-89.0801,44.6197]]]]},"properties":{"PROP_NAME":"LITTLE WOLF RIVER FISHERY AREA","ACRES":2339.26,"PUBLIC_ACCESS":"Open to Hiking, Fishing, Hunting and Trapping","TRANS_TYPE":1}},{"type":"Feature","geometry":{"type":"MultiPolygon","coordinates":[[[[-89.5167,43.3169],[-89.5209,43.3186],[-89.5217,43.3173],[-89.5211,43.3156],[-89.5167,43.3156],[-89.5167,43.3169]]],[[[-89.5366,43.3264],[-89.5366,43.3287],[-89.5382,43.3277],[-89.5367,43.3264],[-89.5374,43.324],[-89.5341,43.3228],[-89.5341,43.3246],[-89.5366,43.3264]]],[[[-89.5591,43.3376],[-89.5592,43.3383],[-89.56,43.3376],[-89.5591,43.3376]]],[[[-89.5606,43.3409],[-89.5617,43.3415],[-89.5588,43.3386],[-89.5606,43.3409]]]]},"properties":{"PROP_NAME":"LODI SPRING CREEK FISHERY AREA","ACRES":47.02,"PUBLIC_ACCESS":"Open to Hiking, Fishing, Hunting and Trapping","TRANS_TYPE":1}},{"type":"Feature","geometry":{"type":"Polygon","coordinates":[[[-87.7033,44.0952],[-87.7018,44.0962],[-87.7029,44.0966],[-87.7033,44.0952]]]},"properties":{"PROP_NAME":"MANITOWOC RIVER PUBLIC ACCESS","ACRES":2.5100000000000002,"PUBLIC_ACCESS":"Open to Hiking, Fishing, Hunting and Trapping","TRANS_TYPE":1}},{"type":"Feature","geometry":{"type":"MultiPolygon","coordinates":[[[[-91.4245,45.1777],[-91.4297,45.1778],[-91.4296,45.1813],[-91.4348,45.1814],[-91.4348,45.1885],[-91.44,45.1886],[-91.44,45.1814],[-91.4358,45.1814],[-91.4359,45.1796],[-91.4338,45.1796],[-91.4335,45.1742],[-91.4245,45.1741],[-91.4245,45.1777]]],[[[-91.4053,45.0912],[-91.4052,45.0965],[-91.4066,45.0965],[-91.4059,45.0893],[-91.4045,45.0893],[-91.4053,45.0912]]],[[[-91.407,45.0995],[-91.4101,45.0995],[-91.4274,45.1072],[-91.4121,45.0987],[-91.407,45.0975],[-91.407,45.0995]]],[[[-91.4315,45.1108],[-91.4297,45.1072],[-91.4277,45.1072],[-91.4315,45.1108]]],[[[-91.4303,45.116],[-91.4326,45.116],[-91.4326,45.1144],[-91.4303,45.1145],[-91.4303,45.116]]],[[[-91.435,45.1277],[-91.435,45.1311],[-91.4401,45.1311],[-91.4401,45.1275],[-91.435,45.1277]]]]},"properties":{"PROP_NAME":"MCCANN CREEK FISHERY AREA","ACRES":317.82,"PUBLIC_ACCESS":"Open to Hiking, Fishing, Hunting and Trapping","TRANS_TYPE":1}},{"type":"Feature","geometry":{"type":"Polygon","coordinates":[[[-91.3784,46.0946],[-91.3854,46.095],[-91.3902,46.0883],[-91.3851,46.0882],[-91.3849,46.0846],[-91.3823,46.0846],[-91.3825,46.0882],[-91.3799,46.0882],[-91.3784,46.0946]]]},"properties":{"PROP_NAME":"MCDERMOTT BROOK FISHERY AREA","ACRES":141.91,"PUBLIC_ACCESS":"Open to Hiking, Fishing, Hunting and Trapping","TRANS_TYPE":1}},{"type":"Feature","geometry":{"type":"Polygon","coordinates":[[[-91.8668,45.9908],[-91.8823,45.9908],[-91.8824,45.9836],[-91.872,45.9836],[-91.872,45.9872],[-91.8668,45.9872],[-91.8668,45.9908]]]},"properties":{"PROP_NAME":"MCKENZIE CREEK FISHERY AREA","ACRES":200.22,"PUBLIC_ACCESS":"Open to Hiking, Fishing, Hunting and Trapping","TRANS_TYPE":1}},{"type":"Feature","geometry":{"type":"MultiPolygon","coordinates":[[[[-89.4055,43.9704],[-89.4055,43.9667],[-89.4156,43.9667],[-89.4156,43.9694],[-89.4207,43.9694],[-89.4214,43.9775],[-89.4256,43.9775],[-89.4256,43.9823],[-89.4283,43.9823],[-89.4284,43.9798],[-89.4302,43.9798],[-89.4306,43.9823],[-89.4307,43.9775],[-89.4332,43.9775],[-89.4332,43.9739],[-89.4358,43.9739],[-89.4357,43.9775],[-89.4458,43.9776],[-89.4458,43.9822],[-89.4482,43.9809],[-89.4482,43.9822],[-89.4558,43.9822],[-89.4558,43.98],[-89.4582,43.9801],[-89.4623,43.9816],[-89.4622,43.9829],[-89.4709,43.984],[-89.4709,43.9774],[-89.4627,43.9775],[-89.4625,43.9804],[-89.4647,43.9814],[-89.4623,43.9814],[-89.4586,43.9776],[-89.4558,43.9777],[-89.4559,43.9739],[-89.4459,43.974],[-89.446,43.9667],[-89.4409,43.9667],[-89.4409,43.9699],[-89.4358,43.968],[-89.4358,43.9667],[-89.4308,43.9667],[-89.4307,43.9739],[-89.4257,43.9739],[-89.4257,43.9702],[-89.421,43.9685],[-89.4207,43.9667],[-89.4257,43.9666],[-89.4258,43.963],[-89.4157,43.963],[-89.4157,43.9594],[-89.4081,43.9595],[-89.4081,43.9559],[-89.4055,43.9559],[-89.4044,43.9595],[-89.403,43.9595],[-89.4005,43.9577],[-89.4014,43.9522],[-89.3954,43.9522],[-89.3954,43.9576],[-89.3974,43.9579],[-89.3974,43.9595],[-89.4005,43.9595],[-89.4005,43.9675],[-89.4053,43.9675],[-89.4055,43.9704]],[[-89.4145,43.9631],[-89.4124,43.9631],[-89.4128,43.962],[-89.4145,43.9631]],[[-89.4441,43.9718],[-89.4432,43.973],[-89.4418,43.9718],[-89.4441,43.9718]],[[-89.4055,43.9631],[-89.4028,43.9631],[-89.4028,43.9613],[-89.4055,43.9613],[-89.4055,43.9631]]],[[[-89.3753,43.9521],[-89.3753,43.9449],[-89.3472,43.9448],[-89.3472,43.9485],[-89.3422,43.9485],[-89.3422,43.9449],[-89.3372,43.9449],[-89.3373,43.9594],[-89.3324,43.9594],[-89.3323,43.9558],[-89.3273,43.9558],[-89.3275,43.9667],[-89.3423,43.9667],[-89.3423,43.963],[-89.3473,43.9653],[-89.3483,43.9639],[-89.3473,43.9557],[-89.3523,43.9557],[-89.3523,43.9521],[-89.3573,43.9521],[-89.3573,43.9557],[-89.3653,43.9557],[-89.364,43.9557],[-89.364,43.9521],[-89.3753,43.9521]],[[-89.3498,43.9539],[-89.3473,43.9539],[-89.3473,43.9521],[-89.3497,43.9521],[-89.3498,43.9539]]],[[[-89.4822,44.0654],[-89.4872,44.0653],[-89.4859,44.0545],[-89.4759,44.0535],[-89.476,44.051],[-89.4641,44.0511],[-89.4609,44.0475],[-89.4508,44.0466],[-89.4534,44.0475],[-89.4533,44.05],[-89.4604,44.05],[-89.4609,44.0547],[-89.4659,44.0547],[-89.4659,44.0619],[-89.4709,44.0619],[-89.4709,44.0583],[-89.4769,44.0597],[-89.4822,44.0589],[-89.4822,44.0654]],[[-89.467,44.0547],[-89.4633,44.0537],[-89.4633,44.0513],[-89.467,44.0547]]],[[[-89.5124,43.9893],[-89.5123,43.9965],[-89.5173,43.9965],[-89.5173,43.9893],[-89.5223,43.9893],[-89.5223,43.9882],[-89.5224,43.9893],[-89.5273,43.9893],[-89.5273,43.9928],[-89.5223,43.9929],[-89.5374,43.993],[-89.5374,43.9912],[-89.5424,43.9914],[-89.5374,43.9902],[-89.5424,43.9894],[-89.5424,43.9822],[-89.5324,43.9822],[-89.5324,43.9858],[-89.5124,43.9857],[-89.5124,43.9893]]],[[[-89.3905,44.0511],[-89.3905,44.0438],[-89.3955,44.0438],[-89.3905,44.0438],[-89.3905,44.0417],[-89.3955,44.0417],[-89.3972,44.0438],[-89.4023,44.0446],[-89.4081,44.0437],[-89.408,44.0407],[-89.3905,44.0402],[-89.3905,44.0366],[-89.3796,44.036],[-89.3835,44.0367],[-89.3835,44.0403],[-89.3756,44.0403],[-89.3722,44.044],[-89.3779,44.0439],[-89.3779,44.0475],[-89.3855,44.0475],[-89.3855,44.0512],[-89.3905,44.0511]]],[[[-89.3703,44.0313],[-89.3754,44.0295],[-89.3742,44.0331],[-89.3652,44.0332],[-89.3652,44.035],[-89.3628,44.035],[-89.3628,44.0338],[-89.3651,44.0338],[-89.3653,44.0259],[-89.3691,44.0259],[-89.3691,44.0295],[-89.3704,44.0295],[-89.3704,44.0232],[-89.3653,44.0223],[-89.3627,44.0223],[-89.3627,44.0259],[-89.3577,44.026],[-89.3577,44.0296],[-89.3552,44.0296],[-89.3553,44.0332],[-89.3578,44.0332],[-89.3578,44.0368],[-89.3698,44.0368],[-89.3679,44.0333],[-89.3805,44.0349],[-89.383,44.0336],[-89.383,44.0312],[-89.3856,44.0312],[-89.3856,44.0294],[-89.3704,44.0295],[-89.3703,44.0313]]],[[[-89.3853,43.9558],[-89.3853,43.9522],[-89.3753,43.9521],[-89.3753,43.9622],[-89.3714,43.9622],[-89.3714,43.9667],[-89.3753,43.9667],[-89.3753,43.963],[-89.3853,43.9631],[-89.3853,43.9576],[-89.3903,43.9576],[-89.3904,43.9522],[-89.3853,43.9522],[-89.3853,43.9558]],[[-89.3788,43.9558],[-89.3788,43.9543],[-89.383,43.9543],[-89.3831,43.9558],[-89.3803,43.9558],[-89.3803,43.9594],[-89.3788,43.9594],[-89.3788,43.9558]]],[[[-89.3971,44.0186],[-89.3987,44.0187],[-89.3981,44.0114],[-89.3956,44.0114],[-89.3956,44.0078],[-89.3906,44.0078],[-89.3906,44.0041],[-89.3956,44.0041],[-89.3955,44.0005],[-89.3855,44.0005],[-89.3843,44.0027],[-89.3805,44.0019],[-89.3789,43.9996],[-89.3805,44.0078],[-89.389,44.0078],[-89.389,44.0132],[-89.3956,44.0132],[-89.3956,44.015],[-89.3933,44.015],[-89.3933,44.0185],[-89.3971,44.0186]],[[-89.3878,44.0032],[-89.3864,44.0037],[-89.3865,44.0025],[-89.3878,44.0032]]],[[[-89.3222,43.9413],[-89.3172,43.9413],[-89.3172,43.9522],[-89.3272,43.9522],[-89.3273,43.9413],[-89.3222,43.9413]]],[[[-89.4824,43.9821],[-89.4824,43.9893],[-89.4874,43.9893],[-89.4874,43.9859],[-89.4961,43.9857],[-89.4962,43.9821],[-89.4976,43.9893],[-89.4976,43.9821],[-89.4926,43.9808],[-89.4926,43.9773],[-89.4924,43.9807],[-89.4824,43.9794],[-89.4824,43.9821]]],[[[-89.466,43.9968],[-89.4609,43.9968],[-89.4609,44.0004],[-89.4566,44.0004],[-89.4546,44.0042],[-89.466,44.0072],[-89.466,44.0004],[-89.471,44.0004],[-89.471,43.9967],[-89.466,43.9968]]],[[[-89.4458,44.0421],[-89.4455,44.0446],[-89.4508,44.0439],[-89.4509,44.0403],[-89.4458,44.0403],[-89.4458,44.036],[-89.4443,44.036],[-89.4457,44.0294],[-89.4432,44.0283],[-89.4439,44.0258],[-89.4392,44.0258],[-89.4416,44.0265],[-89.4416,44.0294],[-89.4438,44.0294],[-89.4438,44.0338],[-89.4407,44.0338],[-89.4407,44.042],[-89.4458,44.0421]]],[[[-89.4006,44.0189],[-89.4156,44.022],[-89.4158,44.0146],[-89.4106,44.0149],[-89.4106,44.0185],[-89.408,44.0185],[-89.408,44.0167],[-89.4055,44.0167],[-89.4055,44.015],[-89.4006,44.015],[-89.4006,44.0189]]],[[[-89.5011,43.9883],[-89.5089,43.9893],[-89.5074,43.9857],[-89.5037,43.9844],[-89.5024,43.9779],[-89.4978,43.9812],[-89.4978,43.9845],[-89.5011,43.9883]],[[-89.5046,43.9859],[-89.5029,43.9857],[-89.5045,43.9857],[-89.5046,43.9859]]],[[[-89.4149,43.9871],[-89.4156,43.9896],[-89.4206,43.9896],[-89.4206,43.9824],[-89.413,43.9824],[-89.4131,43.986],[-89.4149,43.9871]]],[[[-89.3428,43.9966],[-89.3427,43.9934],[-89.3377,43.9934],[-89.3377,43.9966],[-89.3416,43.9977],[-89.3377,43.9977],[-89.3377,44.0007],[-89.3468,44.0007],[-89.343,43.9977],[-89.3444,43.9934],[-89.3427,43.9934],[-89.3428,43.9966]]],[[[-89.4873,44.0074],[-89.4823,44.0074],[-89.4823,44.011],[-89.4923,44.011],[-89.4923,44.0073],[-89.4873,44.0074]]],[[[-89.434,43.9933],[-89.4356,43.9938],[-89.4408,43.9896],[-89.4307,43.9896],[-89.4307,43.9932],[-89.434,43.9933]]],[[[-89.481,44.0437],[-89.476,44.0437],[-89.476,44.0474],[-89.4822,44.0473],[-89.4822,44.0436],[-89.481,44.0437]]],[[[-89.3605,43.9861],[-89.3591,43.9877],[-89.3603,43.9891],[-89.3577,43.9883],[-89.3577,43.9897],[-89.3654,43.9897],[-89.3654,43.9861],[-89.3605,43.9861]]],[[[-89.3628,43.9958],[-89.3654,43.9979],[-89.3686,43.9969],[-89.3686,43.9943],[-89.3654,43.9922],[-89.3654,43.9945],[-89.3604,43.9939],[-89.3628,43.9958]]],[[[-89.4433,44.0005],[-89.4433,43.9979],[-89.4459,43.9968],[-89.4357,43.9969],[-89.4382,43.997],[-89.4398,44.0005],[-89.4433,44.0005]]],[[[-89.4458,43.995],[-89.4458,43.9932],[-89.4379,43.9932],[-89.4408,43.9905],[-89.4359,43.9935],[-89.4367,43.9947],[-89.4458,43.995]]],[[[-89.3608,43.9858],[-89.3597,43.9825],[-89.3537,43.9825],[-89.3567,43.9861],[-89.3608,43.9858]]],[[[-89.3957,43.9715],[-89.3956,43.974],[-89.4005,43.974],[-89.4005,43.9704],[-89.3972,43.9699],[-89.3957,43.9715]]],[[[-89.3724,44.0421],[-89.3652,44.0421],[-89.3652,44.044],[-89.3719,44.044],[-89.3737,44.0421],[-89.3724,44.0421]]],[[[-89.4979,43.9893],[-89.501,43.9893],[-89.4978,43.9846],[-89.4979,43.9893]]],[[[-89.4282,44.0221],[-89.4282,44.0185],[-89.4258,44.0185],[-89.4257,44.0221],[-89.4282,44.0221]]],[[[-89.4257,44.0221],[-89.4235,44.0221],[-89.4235,44.0257],[-89.4252,44.0257],[-89.4257,44.0221]]],[[[-89.4055,43.9705],[-89.4065,43.9776],[-89.4065,43.9704],[-89.4055,43.9705]]],[[[-89.3377,44.0369],[-89.3377,44.0333],[-89.3364,44.0332],[-89.3365,44.0369],[-89.3377,44.0369]]],[[[-89.447,44.0457],[-89.4458,44.0475],[-89.4483,44.0475],[-89.4483,44.0457],[-89.447,44.0457]]]]},"properties":{"PROP_NAME":"MECAN RIVER FISHERY AREA","ACRES":6699.31,"PUBLIC_ACCESS":"Open to Hiking, Fishing, Hunting and Trapping","TRANS_TYPE":1}},{"type":"Feature","geometry":{"type":"Polygon","coordinates":[[[-91.504,46.2859],[-91.503,46.2875],[-91.5099,46.2877],[-91.5099,46.2839],[-91.5022,46.2837],[-91.504,46.2859]]]},"properties":{"PROP_NAME":"MID EAU CLAIRE LAKE PUBLIC ACCESS","ACRES":56.17,"PUBLIC_ACCESS":"Open to Hiking, Fishing, Hunting and Trapping","TRANS_TYPE":1}},{"type":"Feature","geometry":{"type":"MultiPolygon","coordinates":[[[[-90.5354,44.0711],[-90.5304,44.0711],[-90.5304,44.0729],[-90.5354,44.0728],[-90.5354,44.0711]]],[[[-90.4955,44.0554],[-90.5004,44.0553],[-90.5004,44.0544],[-90.4955,44.0554]]],[[[-90.5355,44.0754],[-90.5378,44.0728],[-90.5354,44.0728],[-90.5355,44.0754]]]]},"properties":{"PROP_NAME":"MILL CREEK FISHERY AREA","ACRES":35.43,"PUBLIC_ACCESS":"Open to Hiking, Fishing, Hunting and Trapping","TRANS_TYPE":1}},{"type":"Feature","geometry":{"type":"Polygon","coordinates":[[[-88.1117,45.0514],[-88.1107,45.0522],[-88.1156,45.0523],[-88.1154,45.0595],[-88.1204,45.0596],[-88.1207,45.0511],[-88.1117,45.0514]]]},"properties":{"PROP_NAME":"MONTANA LAKE FISHERY AREA","ACRES":98.43,"PUBLIC_ACCESS":"Open to Hiking, Fishing, Hunting and Trapping","TRANS_TYPE":1}},{"type":"Feature","geometry":{"type":"Polygon","coordinates":[[[-90.8438,43.0359],[-90.8487,43.0359],[-90.8472,43.0313],[-90.8486,43.0318],[-90.8474,43.03],[-90.849,43.0276],[-90.8455,43.0273],[-90.8441,43.0252],[-90.8342,43.0252],[-90.8341,43.0288],[-90.8391,43.0288],[-90.8391,43.0322],[-90.8438,43.0322],[-90.8438,43.0359]]]},"properties":{"PROP_NAME":"MOUNT HOPE REARING STATION","ACRES":200.26,"PUBLIC_ACCESS":"Open to Hiking, Fishing, Hunting and Trapping","TRANS_TYPE":1}},{"type":"Feature","geometry":{"type":"MultiPolygon","coordinates":[[[[-89.6323,42.9323],[-89.6323,42.934],[-89.6448,42.9421],[-89.6455,42.94],[-89.6472,42.9406],[-89.6476,42.9392],[-89.6461,42.9391],[-89.6471,42.9341],[-89.6355,42.9316],[-89.6357,42.9295],[-89.6421,42.9292],[-89.6421,42.9231],[-89.6372,42.9231],[-89.6372,42.9267],[-89.6323,42.9268],[-89.6323,42.9323]]],[[[-89.6605,42.9481],[-89.6589,42.948],[-89.662,42.9518],[-89.662,42.9543],[-89.6669,42.9566],[-89.6669,42.9518],[-89.6639,42.9518],[-89.6601,42.9464],[-89.6572,42.9461],[-89.6605,42.9481]]],[[[-89.6323,42.9323],[-89.6323,42.9305],[-89.6311,42.9305],[-89.6323,42.9323]]],[[[-89.6519,42.9447],[-89.6524,42.9445],[-89.6514,42.9444],[-89.6519,42.9447]]]]},"properties":{"PROP_NAME":"MOUNT VERNON CREEK FISHERY AREA","ACRES":375.85,"PUBLIC_ACCESS":"Open to Hiking, Fishing, Hunting and Trapping","TRANS_TYPE":1}},{"type":"Feature","geometry":{"type":"Polygon","coordinates":[[[-90.5436,45.748],[-90.5436,45.7516],[-90.5488,45.7527],[-90.5492,45.7562],[-90.5505,45.7561],[-90.551,45.7531],[-90.5551,45.7518],[-90.555,45.7451],[-90.5436,45.7443],[-90.5436,45.748]]]},"properties":{"PROP_NAME":"NIEBAUER SPRINGS FISHERY AREA","ACRES":198.78,"PUBLIC_ACCESS":"Open to Hiking, Fishing, Hunting and Trapping","TRANS_TYPE":1}},{"type":"Feature","geometry":{"type":"MultiPolygon","coordinates":[[[[-88.0947,45.1674],[-88.0949,45.1638],[-88.0848,45.1636],[-88.0848,45.16],[-88.0745,45.1603],[-88.0744,45.1633],[-88.0796,45.1635],[-88.0795,45.167],[-88.0847,45.1672],[-88.0845,45.1781],[-88.0946,45.1783],[-88.0946,45.1819],[-88.0997,45.182],[-88.0997,45.1784],[-88.0972,45.1783],[-88.0972,45.1747],[-88.0947,45.1746],[-88.0947,45.1728],[-88.0897,45.1727],[-88.0897,45.1673],[-88.0947,45.1674]]],[[[-88.1097,45.2001],[-88.1097,45.1964],[-88.1245,45.1967],[-88.1245,45.1932],[-88.1097,45.193],[-88.1097,45.1894],[-88.1047,45.1893],[-88.1047,45.1857],[-88.0946,45.1855],[-88.0946,45.1891],[-88.0997,45.1892],[-88.0997,45.1929],[-88.1048,45.1929],[-88.1047,45.2],[-88.1097,45.2001]]],[[[-88.0635,45.161],[-88.0641,45.1598],[-88.0581,45.1581],[-88.0578,45.156],[-88.0543,45.1545],[-88.0531,45.149],[-88.0582,45.1488],[-88.0531,45.1488],[-88.0532,45.1452],[-88.0456,45.1452],[-88.0431,45.1433],[-88.0386,45.1433],[-88.0404,45.1469],[-88.043,45.1469],[-88.0429,45.1487],[-88.048,45.1488],[-88.0478,45.1524],[-88.0516,45.1524],[-88.0515,45.156],[-88.0554,45.1566],[-88.0571,45.1589],[-88.0635,45.161]]],[[[-88.0947,45.1692],[-88.1035,45.1694],[-88.1035,45.1712],[-88.1149,45.1713],[-88.115,45.1695],[-88.1048,45.1694],[-88.0998,45.1675],[-88.0947,45.1674],[-88.0947,45.1692]]],[[[-88.0278,45.1448],[-88.0226,45.1447],[-88.0225,45.1483],[-88.0277,45.1484],[-88.0278,45.1448]]],[[[-88.125,45.175],[-88.1248,45.1787],[-88.1299,45.1788],[-88.13,45.1752],[-88.125,45.175]]]]},"properties":{"PROP_NAME":"NORTH BRANCH BEAVER CREEK FISHERY AREA","ACRES":1137.73,"PUBLIC_ACCESS":"Open to Hiking, Fishing, Hunting and Trapping","TRANS_TYPE":1}},{"type":"Feature","geometry":{"type":"MultiPolygon","coordinates":[[[[-90.9927,44.3922],[-90.9935,44.3938],[-90.9981,44.3936],[-91.003,44.3896],[-90.9986,44.3891],[-90.9966,44.3901],[-90.9999,44.3899],[-90.9927,44.3922]]],[[[-91.0056,44.4553],[-91.0039,44.4554],[-91.0039,44.4567],[-91.006,44.4588],[-91.0069,44.4517],[-91.0038,44.4505],[-91.0028,44.448],[-91.0003,44.4481],[-91.0009,44.4518],[-91.0047,44.4526],[-91.0056,44.4553]]],[[[-90.9919,44.4173],[-90.9945,44.4107],[-90.9891,44.4154],[-90.9888,44.419],[-90.9917,44.419],[-90.9919,44.4173]]],[[[-90.9948,44.4009],[-90.9948,44.404],[-90.9969,44.4039],[-90.9967,44.3961],[-90.9949,44.3973],[-90.9948,44.4009]]],[[[-90.9942,44.4225],[-90.9927,44.4225],[-90.993,44.4262],[-90.9948,44.4262],[-90.9942,44.4225]]],[[[-91.0036,44.437],[-91.0037,44.4352],[-90.9999,44.4352],[-90.9999,44.437],[-91.0036,44.437]]],[[[-90.9917,44.419],[-90.9934,44.4222],[-90.9939,44.4189],[-90.9917,44.419]]],[[[-91.009,44.4623],[-91.0109,44.4626],[-91.009,44.4605],[-91.009,44.4623]]],[[[-91.006,44.459],[-91.0039,44.4571],[-91.0039,44.459],[-91.006,44.459]]]]},"properties":{"PROP_NAME":"NORTH BRANCH TREMPEALEAU RIVER FISHERY AREA","ACRES":240.20000000000002,"PUBLIC_ACCESS":"Open to Hiking, Fishing, Hunting and Trapping","TRANS_TYPE":1}},{"type":"Feature","geometry":{"type":"Polygon","coordinates":[[[-92.6697,45.3469],[-92.6722,45.3469],[-92.6773,45.3506],[-92.6871,45.3506],[-92.6869,45.3542],[-92.6916,45.3542],[-92.6924,45.347],[-92.6822,45.347],[-92.6823,45.3433],[-92.6798,45.3433],[-92.6797,45.3376],[-92.6823,45.3361],[-92.6771,45.3361],[-92.6772,45.339],[-92.6735,45.3407],[-92.6736,45.3433],[-92.6696,45.3433],[-92.6697,45.3469]]]},"properties":{"PROP_NAME":"OSCEOLA HATCHERY","ACRES":343.98,"PUBLIC_ACCESS":"Open to Hiking, Fishing, Hunting and Trapping","TRANS_TYPE":1}},{"type":"Feature","geometry":{"type":"MultiPolygon","coordinates":[[[[-91.8496,45.1109],[-91.8597,45.1109],[-91.8598,45.1073],[-91.8538,45.1082],[-91.855,45.0965],[-91.8499,45.0964],[-91.8496,45.1109]]],[[[-91.8396,45.1035],[-91.8447,45.1036],[-91.8448,45.1],[-91.8397,45.0999],[-91.8396,45.1035]]]]},"properties":{"PROP_NAME":"OTTER CREEK WILDLIFE AREA","ACRES":236.45000000000002,"PUBLIC_ACCESS":"Open to Hiking, Fishing, Hunting and Trapping","TRANS_TYPE":1}},{"type":"Feature","geometry":{"type":"MultiPolygon","coordinates":[[[[-87.9012,45.5021],[-87.9005,45.5031],[-87.9055,45.5032],[-87.9055,45.4996],[-87.9081,45.4997],[-87.9083,45.4961],[-87.9044,45.496],[-87.9055,45.4946],[-87.9042,45.4924],[-87.908,45.4925],[-87.9079,45.4899],[-87.9054,45.4908],[-87.9048,45.4779],[-87.8998,45.4779],[-87.8996,45.4743],[-87.8822,45.474],[-87.8839,45.4783],[-87.882,45.4788],[-87.8846,45.4788],[-87.8848,45.4813],[-87.8951,45.4814],[-87.8954,45.4922],[-87.9004,45.4923],[-87.9005,45.4959],[-87.9021,45.4959],[-87.9005,45.4963],[-87.9012,45.5021]],[[-87.906,45.4975],[-87.9056,45.4975],[-87.9056,45.4975],[-87.906,45.4975]],[[-87.8867,45.4777],[-87.8891,45.4757],[-87.8946,45.4779],[-87.8897,45.4778],[-87.8943,45.4778],[-87.889,45.4759],[-87.8867,45.4777]]],[[[-87.9632,45.504],[-87.9709,45.4996],[-87.9818,45.5005],[-87.9817,45.4983],[-87.9838,45.4983],[-87.9839,45.4962],[-87.9729,45.4977],[-87.9665,45.4969],[-87.9665,45.4986],[-87.9614,45.4986],[-87.9615,45.5004],[-87.9513,45.5003],[-87.9515,45.5075],[-87.9464,45.5075],[-87.9464,45.5097],[-87.9362,45.5095],[-87.9362,45.5109],[-87.9388,45.5123],[-87.9388,45.5109],[-87.9414,45.511],[-87.9414,45.5123],[-87.9433,45.5122],[-87.9414,45.5124],[-87.9414,45.5146],[-87.9433,45.5147],[-87.9446,45.511],[-87.9446,45.5147],[-87.9478,45.5147],[-87.9478,45.5111],[-87.9465,45.5106],[-87.9556,45.5076],[-87.9511,45.511],[-87.9567,45.5111],[-87.9566,45.5076],[-87.961,45.5076],[-87.9616,45.504],[-87.9632,45.504]]],[[[-87.9769,45.4979],[-87.977,45.4977],[-87.9767,45.4983],[-87.9769,45.4979]]],[[[-88.016,45.5057],[-88.0161,45.5043],[-88.0176,45.5054],[-88.0325,45.5026],[-88.0324,45.4972],[-88.0408,45.4973],[-88.0413,45.4942],[-88.0409,45.4973],[-88.0478,45.4974],[-88.0476,45.4903],[-88.0425,45.4902],[-88.0426,45.4938],[-88.0274,45.4936],[-88.0274,45.4971],[-88.0199,45.497],[-88.02,45.5007],[-88.0123,45.5006],[-88.0124,45.5055],[-88.016,45.5057]]],[[[-87.8887,45.4527],[-87.889,45.4458],[-87.8839,45.4458],[-87.884,45.4431],[-87.8738,45.4447],[-87.874,45.442],[-87.864,45.442],[-87.8637,45.4492],[-87.8686,45.4492],[-87.8688,45.4456],[-87.8738,45.4456],[-87.8734,45.4524],[-87.8887,45.4527]]],[[[-88.0486,45.5731],[-88.0538,45.5731],[-88.0539,45.5694],[-88.067,45.5696],[-88.0667,45.5673],[-88.0632,45.568],[-88.0666,45.5672],[-88.0683,45.5684],[-88.0682,45.5663],[-88.0581,45.5659],[-88.058,45.5623],[-88.0537,45.5622],[-88.0538,45.5658],[-88.036,45.5668],[-88.036,45.5692],[-88.039,45.5693],[-88.0389,45.5675],[-88.0435,45.568],[-88.0435,45.573],[-88.0486,45.5731]],[[-88.0379,45.5669],[-88.038,45.5682],[-88.0369,45.568],[-88.0379,45.5669]]],[[[-88.0084,45.5381],[-88.0034,45.538],[-88.0034,45.5396],[-88.0186,45.5398],[-88.0185,45.538],[-88.0217,45.535],[-88.0285,45.5331],[-88.0282,45.5259],[-88.0231,45.5257],[-88.0232,45.5294],[-88.0181,45.5292],[-88.0184,45.5364],[-88.0084,45.5365],[-88.0084,45.5381]]],[[[-88.0071,45.5606],[-88.0072,45.5586],[-88.0093,45.5595],[-88.0094,45.5579],[-87.9995,45.5566],[-87.9989,45.5542],[-88.0028,45.5542],[-88.003,45.5506],[-88.0045,45.5506],[-88.0078,45.5457],[-88.0079,45.5433],[-87.9981,45.5432],[-87.9979,45.5469],[-87.9992,45.548],[-87.9979,45.548],[-87.9979,45.5578],[-88.0028,45.5578],[-88.0028,45.5606],[-88.0071,45.5606]]],[[[-88.0758,45.5199],[-88.0773,45.52],[-88.0772,45.5164],[-88.0748,45.5165],[-88.0747,45.5139],[-88.0729,45.5127],[-88.075,45.5127],[-88.0753,45.5091],[-88.0727,45.509],[-88.0717,45.5053],[-88.0666,45.5051],[-88.0665,45.5016],[-88.0615,45.5013],[-88.0616,45.5066],[-88.0666,45.5069],[-88.0668,45.5126],[-88.0719,45.5127],[-88.0721,45.5181],[-88.0757,45.5183],[-88.0758,45.5199]]],[[[-88.1328,45.5759],[-88.1287,45.5745],[-88.1288,45.5726],[-88.135,45.5724],[-88.1349,45.5688],[-88.1202,45.5679],[-88.1194,45.5689],[-88.1194,45.575],[-88.1328,45.5759]],[[-88.1295,45.5689],[-88.1298,45.5696],[-88.129,45.5695],[-88.1295,45.5689]],[[-88.1232,45.5703],[-88.1217,45.5702],[-88.1217,45.5691],[-88.1232,45.5703]]],[[[-88.0887,45.5742],[-88.0887,45.5706],[-88.104,45.571],[-88.1046,45.5676],[-88.0886,45.5671],[-88.0885,45.5697],[-88.0835,45.5696],[-88.0835,45.567],[-88.0784,45.5668],[-88.0785,45.5704],[-88.0802,45.5704],[-88.0802,45.567],[-88.0805,45.5704],[-88.0836,45.5705],[-88.0836,45.5741],[-88.0887,45.5742]]],[[[-88.024,45.5699],[-88.0282,45.5709],[-88.0282,45.569],[-88.0333,45.5691],[-88.0333,45.568],[-88.0291,45.5686],[-88.0283,45.5672],[-88.0282,45.5685],[-88.0243,45.567],[-88.0231,45.5616],[-88.018,45.5615],[-88.018,45.5579],[-88.0125,45.5579],[-88.0125,45.5605],[-88.0111,45.5606],[-88.0098,45.5579],[-88.0094,45.5614],[-88.0189,45.5639],[-88.021,45.5685],[-88.024,45.5699]]],[[[-88.1031,45.5243],[-88.1031,45.523],[-88.101,45.5238],[-88.0998,45.5224],[-88.1083,45.5244],[-88.1083,45.5208],[-88.0978,45.5205],[-88.0978,45.517],[-88.0926,45.5169],[-88.0927,45.5192],[-88.0908,45.5199],[-88.0875,45.5181],[-88.0876,45.5203],[-88.0962,45.5209],[-88.0979,45.5241],[-88.1031,45.5243]]],[[[-88.1191,45.6271],[-88.1203,45.6291],[-88.1293,45.6293],[-88.1294,45.6261],[-88.1242,45.6259],[-88.1243,45.6222],[-88.1191,45.622],[-88.1191,45.6271]]],[[[-88.0177,45.515],[-88.0177,45.5115],[-88.0126,45.5114],[-88.0129,45.5221],[-88.0179,45.5221],[-88.0178,45.5185],[-88.0146,45.5154],[-88.0177,45.515]]],[[[-88.0024,45.5084],[-88.0027,45.5098],[-88.0075,45.5098],[-88.0074,45.5078],[-88.0024,45.5077],[-88.002,45.4998],[-87.9968,45.5001],[-87.9971,45.5067],[-88.0022,45.5068],[-88.0024,45.5084]]],[[[-88.1163,45.6074],[-88.1089,45.6071],[-88.1088,45.6145],[-88.114,45.6147],[-88.114,45.6109],[-88.1163,45.6074]]],[[[-88.0564,45.4974],[-88.0562,45.4904],[-88.0478,45.4903],[-88.0478,45.4935],[-88.0529,45.4939],[-88.0529,45.4974],[-88.0564,45.4974]]],[[[-88.1154,45.6007],[-88.119,45.5996],[-88.1194,45.5966],[-88.1091,45.5963],[-88.109,45.5998],[-88.1154,45.6007]]],[[[-87.9953,45.4971],[-87.9926,45.4971],[-87.992,45.4993],[-87.9967,45.4985],[-87.9967,45.4971],[-88.0019,45.4975],[-87.9995,45.4971],[-88.0003,45.496],[-87.9989,45.4953],[-88.0018,45.4953],[-88.0018,45.4935],[-87.9938,45.494],[-87.9924,45.4971],[-87.9953,45.4971]]],[[[-87.8792,45.4668],[-87.879,45.4632],[-87.884,45.4633],[-87.8838,45.4597],[-87.8788,45.4596],[-87.8784,45.4631],[-87.8737,45.4667],[-87.8765,45.4648],[-87.8749,45.4667],[-87.8792,45.4668]]],[[[-87.8765,45.474],[-87.874,45.4741],[-87.8743,45.4776],[-87.8826,45.4771],[-87.8819,45.474],[-87.8765,45.474]]],[[[-87.9168,45.5126],[-87.9336,45.5109],[-87.9156,45.5109],[-87.9156,45.5128],[-87.9168,45.5126]]],[[[-88.1091,45.5686],[-88.1159,45.5683],[-88.1159,45.5665],[-88.1133,45.5676],[-88.1118,45.5663],[-88.1132,45.565],[-88.1072,45.5643],[-88.1054,45.5661],[-88.1091,45.5663],[-88.1091,45.5686]]],[[[-87.9617,45.5076],[-87.9668,45.5076],[-87.9667,45.504],[-87.9616,45.504],[-87.9617,45.5076]]],[[[-88.0178,45.5177],[-88.0229,45.5187],[-88.0228,45.5151],[-88.0177,45.515],[-88.0178,45.5177]]],[[[-88.1164,45.6074],[-88.1192,45.6087],[-88.1192,45.6038],[-88.1164,45.6044],[-88.1164,45.6074]]],[[[-88.0071,45.547],[-88.0047,45.5505],[-88.008,45.5505],[-88.0082,45.5471],[-88.0071,45.547]]],[[[-88.1192,45.6093],[-88.1155,45.6093],[-88.1141,45.611],[-88.1192,45.6111],[-88.1192,45.6093]]],[[[-87.9892,45.4988],[-87.9916,45.4988],[-87.9919,45.497],[-87.9867,45.497],[-87.9892,45.4988]]],[[[-87.9846,45.496],[-87.9866,45.4948],[-87.9847,45.4941],[-87.9846,45.496]]],[[[-87.9375,45.5122],[-87.9375,45.5146],[-87.9388,45.5146],[-87.9375,45.5122]]],[[[-88.1031,45.5261],[-88.1053,45.5261],[-88.1031,45.5243],[-88.1031,45.5261]]],[[[-88.0339,45.5663],[-88.0339,45.5677],[-88.0356,45.5666],[-88.0339,45.5663]]],[[[-87.855,45.4421],[-87.8542,45.4432],[-87.8557,45.4437],[-87.855,45.4421]]],[[[-88.1308,45.5754],[-88.1316,45.5755],[-88.1317,45.5733],[-88.1308,45.5754]]],[[[-88.1329,45.5759],[-88.1341,45.575],[-88.1327,45.575],[-88.1329,45.5759]]],[[[-88.0299,45.5671],[-88.0298,45.5654],[-88.029,45.5654],[-88.0299,45.5671]]],[[[-87.8562,45.4414],[-87.8578,45.4417],[-87.8585,45.4412],[-87.8562,45.4414]]],[[[-88.1046,45.568],[-88.1042,45.5685],[-88.1065,45.5676],[-88.1046,45.568]]],[[[-88.0082,45.5433],[-88.0072,45.547],[-88.0082,45.547],[-88.0082,45.5433]]],[[[-88.0926,45.5169],[-88.0926,45.5168],[-88.0875,45.5166],[-88.0926,45.5169]]],[[[-87.8991,45.5142],[-87.8988,45.5159],[-87.8994,45.5151],[-87.8991,45.5142]]],[[[-87.9007,45.5152],[-87.901,45.5141],[-87.9003,45.5142],[-87.9007,45.5152]]],[[[-87.8744,45.4479],[-87.8737,45.4473],[-87.8736,45.4488],[-87.8744,45.4479]]],[[[-87.8982,45.5139],[-87.9005,45.5139],[-87.8981,45.5137],[-87.8982,45.5139]]],[[[-87.9499,45.511],[-87.9489,45.5106],[-87.9489,45.511],[-87.9499,45.511]]],[[[-88.1068,45.5671],[-88.1069,45.5666],[-88.1064,45.5667],[-88.1068,45.5671]]],[[[-88.1348,45.5746],[-88.135,45.5747],[-88.135,45.5738],[-88.1348,45.5746]]],[[[-88.1052,45.5677],[-88.1061,45.5676],[-88.1051,45.5676],[-88.1052,45.5677]]],[[[-87.8568,45.4456],[-87.8567,45.4458],[-87.8572,45.4449],[-87.8568,45.4456]]],[[[-88.0479,45.4938],[-88.0479,45.4938],[-88.0484,45.4938],[-88.0479,45.4938]]]]},"properties":{"PROP_NAME":"PIKE WILD RIVER","ACRES":4735.11,"PUBLIC_ACCESS":"Open to Hiking, Fishing, Hunting and Trapping","TRANS_TYPE":1}},{"type":"Feature","geometry":{"type":"Polygon","coordinates":[[[-92.271,44.5427],[-92.2711,44.543],[-92.2717,44.543],[-92.271,44.5427]]]},"properties":{"PROP_NAME":"PINE CREEK FISHERY AREA","ACRES":0.16,"PUBLIC_ACCESS":"Open to Hiking, Fishing, Hunting and Trapping","TRANS_TYPE":1}},{"type":"Feature","geometry":{"type":"MultiPolygon","coordinates":[[[[-88.3342,45.8801],[-88.3342,45.8837],[-88.3498,45.884],[-88.3498,45.8888],[-88.3486,45.8894],[-88.3498,45.8912],[-88.355,45.8912],[-88.3551,45.8978],[-88.3499,45.8976],[-88.35,45.9011],[-88.3757,45.902],[-88.3757,45.8984],[-88.3808,45.8986],[-88.3808,45.9022],[-88.3909,45.9023],[-88.391,45.8987],[-88.4012,45.8987],[-88.401,45.9023],[-88.4113,45.9024],[-88.4111,45.906],[-88.4354,45.9068],[-88.4354,45.9032],[-88.4456,45.9034],[-88.4455,45.9071],[-88.4507,45.9072],[-88.4508,45.9035],[-88.4611,45.9037],[-88.4612,45.9001],[-88.4663,45.9002],[-88.4664,45.8966],[-88.4923,45.8964],[-88.4923,45.8935],[-88.4974,45.8933],[-88.4973,45.8861],[-88.4871,45.8864],[-88.4869,45.8692],[-88.4666,45.8677],[-88.4461,45.8682],[-88.4455,45.8829],[-88.4355,45.8822],[-88.4355,45.8894],[-88.4457,45.8902],[-88.4458,45.8962],[-88.4304,45.8959],[-88.4304,45.8995],[-88.4166,45.8991],[-88.4168,45.8955],[-88.4013,45.8951],[-88.4014,45.8926],[-88.3861,45.8926],[-88.3861,45.889],[-88.3758,45.8883],[-88.3757,45.8948],[-88.3602,45.8944],[-88.3602,45.8876],[-88.355,45.8876],[-88.355,45.8803],[-88.3394,45.8802],[-88.3393,45.8766],[-88.3428,45.8767],[-88.3426,45.873],[-88.334,45.8729],[-88.3344,45.8674],[-88.343,45.8658],[-88.3337,45.8667],[-88.3403,45.8658],[-88.3337,45.8657],[-88.3336,45.8627],[-88.3284,45.8626],[-88.3284,45.8657],[-88.3232,45.8656],[-88.3227,45.8739],[-88.3288,45.8739],[-88.3289,45.8764],[-88.3347,45.8756],[-88.3359,45.8765],[-88.3341,45.8765],[-88.3342,45.8801]],[[-88.3288,45.8733],[-88.328,45.8728],[-88.3288,45.8728],[-88.3288,45.8733]],[[-88.4613,45.8757],[-88.4574,45.8754],[-88.459,45.8744],[-88.4613,45.8757]],[[-88.468,45.8756],[-88.4709,45.877],[-88.4664,45.8772],[-88.4662,45.8753],[-88.468,45.8756]],[[-88.4487,45.8871],[-88.4515,45.891],[-88.4451,45.8883],[-88.4443,45.8846],[-88.4487,45.8871]],[[-88.465,45.8867],[-88.4566,45.8839],[-88.4557,45.8816],[-88.4608,45.8786],[-88.4622,45.8799],[-88.4614,45.8821],[-88.4647,45.8794],[-88.4685,45.8796],[-88.4679,45.8861],[-88.465,45.8867]]],[[[-88.3493,45.8597],[-88.3546,45.8598],[-88.3548,45.839],[-88.3706,45.839],[-88.3708,45.8248],[-88.3655,45.8248],[-88.3654,45.8319],[-88.3602,45.8319],[-88.3601,45.8354],[-88.3341,45.8354],[-88.3341,45.8317],[-88.3186,45.8316],[-88.3186,45.8353],[-88.3133,45.8352],[-88.3134,45.8316],[-88.303,45.8315],[-88.3031,45.8278],[-88.2806,45.8268],[-88.2805,45.8288],[-88.285,45.8289],[-88.291,45.8318],[-88.3018,45.8323],[-88.3029,45.8338],[-88.3029,45.8356],[-88.3016,45.8326],[-88.2907,45.8322],[-88.2876,45.8301],[-88.2805,45.8292],[-88.2803,45.8341],[-88.2855,45.8343],[-88.2854,45.838],[-88.3443,45.839],[-88.3442,45.8426],[-88.3416,45.8426],[-88.3442,45.844],[-88.3441,45.8596],[-88.3493,45.8597]]],[[[-88.3762,45.8089],[-88.3869,45.809],[-88.3888,45.8071],[-88.3865,45.8071],[-88.3864,45.8011],[-88.3915,45.8012],[-88.3916,45.8031],[-88.3939,45.8031],[-88.3967,45.7998],[-88.401,45.7997],[-88.4018,45.8014],[-88.4121,45.8016],[-88.4119,45.798],[-88.4171,45.798],[-88.4168,45.7908],[-88.4256,45.7909],[-88.4256,45.7874],[-88.4307,45.7874],[-88.4307,45.7839],[-88.4359,45.7839],[-88.4359,45.7804],[-88.4462,45.7805],[-88.4461,45.7659],[-88.4564,45.7659],[-88.4564,45.7588],[-88.446,45.7587],[-88.446,45.7623],[-88.441,45.7623],[-88.441,45.7659],[-88.4359,45.7664],[-88.4359,45.7695],[-88.4308,45.7695],[-88.4308,45.7731],[-88.4166,45.7729],[-88.4167,45.7873],[-88.4062,45.7872],[-88.4063,45.7907],[-88.4115,45.7908],[-88.4117,45.7943],[-88.4065,45.7943],[-88.4067,45.7979],[-88.4016,45.7978],[-88.4017,45.7996],[-88.3925,45.8002],[-88.3914,45.7976],[-88.3812,45.7975],[-88.3813,45.8029],[-88.3709,45.8028],[-88.371,45.8089],[-88.3762,45.8089]]],[[[-88.4685,45.7613],[-88.4633,45.7696],[-88.4668,45.7696],[-88.4668,45.766],[-88.4719,45.766],[-88.4719,45.7624],[-88.4771,45.7624],[-88.477,45.7588],[-88.5128,45.7589],[-88.5129,45.7517],[-88.5027,45.7517],[-88.5027,45.7481],[-88.4924,45.748],[-88.4925,45.7444],[-88.477,45.7444],[-88.477,45.7511],[-88.471,45.7518],[-88.4715,45.7542],[-88.469,45.7566],[-88.4722,45.7598],[-88.4685,45.7613]]],[[[-88.2016,45.8472],[-88.2066,45.8487],[-88.2273,45.8484],[-88.2281,45.8417],[-88.2333,45.8419],[-88.2342,45.8347],[-88.2393,45.835],[-88.2394,45.8314],[-88.2523,45.8324],[-88.2523,45.8296],[-88.2478,45.8272],[-88.2441,45.8272],[-88.2375,45.8292],[-88.2368,45.8322],[-88.2301,45.8317],[-88.2316,45.8382],[-88.2299,45.8315],[-88.2363,45.8319],[-88.2373,45.829],[-88.2447,45.8263],[-88.255,45.8272],[-88.255,45.8254],[-88.2395,45.8241],[-88.2395,45.8277],[-88.2287,45.8272],[-88.2286,45.8236],[-88.2238,45.8234],[-88.2247,45.8282],[-88.2234,45.8295],[-88.226,45.8321],[-88.2232,45.8352],[-88.2285,45.8387],[-88.2228,45.8355],[-88.2231,45.8334],[-88.2255,45.8322],[-88.2231,45.8304],[-88.2241,45.8278],[-88.223,45.827],[-88.2189,45.8272],[-88.2188,45.8304],[-88.2136,45.8303],[-88.2135,45.8339],[-88.2187,45.834],[-88.2181,45.8396],[-88.2214,45.8397],[-88.2242,45.8445],[-88.2196,45.8487],[-88.2133,45.8481],[-88.2095,45.8455],[-88.2035,45.8472],[-88.2021,45.8462],[-88.2042,45.8428],[-88.2029,45.8379],[-88.1922,45.8386],[-88.192,45.8412],[-88.1971,45.8412],[-88.1963,45.8486],[-88.2015,45.8486],[-88.2016,45.8472]]],[[[-88.2649,45.837],[-88.2646,45.8452],[-88.2698,45.8453],[-88.27,45.8372],[-88.2649,45.837]]],[[[-88.2179,45.8414],[-88.2171,45.8478],[-88.2195,45.8484],[-88.2238,45.8437],[-88.2212,45.84],[-88.218,45.8399],[-88.2179,45.8414]]],[[[-88.4682,45.7606],[-88.4619,45.7635],[-88.4616,45.7696],[-88.4629,45.7696],[-88.4682,45.7606]]],[[[-88.2142,45.827],[-88.2189,45.8267],[-88.219,45.8231],[-88.2137,45.8238],[-88.2142,45.827]]],[[[-88.5282,45.7554],[-88.5283,45.7517],[-88.5231,45.7517],[-88.5231,45.7553],[-88.5282,45.7554]]],[[[-88.5231,45.7553],[-88.518,45.7553],[-88.5179,45.759],[-88.5231,45.759],[-88.5231,45.7553]]],[[[-88.265,45.8333],[-88.2599,45.8331],[-88.2598,45.8367],[-88.2649,45.837],[-88.265,45.8333]]],[[[-88.3441,45.8596],[-88.3388,45.8596],[-88.3389,45.8627],[-88.3441,45.8627],[-88.3441,45.8596]]]]},"properties":{"PROP_NAME":"PINE-POPPLE WILD RIVERS","ACRES":11380.960000000001,"PUBLIC_ACCESS":"Open to Hiking, Fishing, Hunting and Trapping","TRANS_TYPE":1}},{"type":"Feature","geometry":{"type":"MultiPolygon","coordinates":[[[[-89.2089,44.2139],[-89.1989,44.2138],[-89.1992,44.1993],[-89.1954,44.1993],[-89.1954,44.1969],[-89.1991,44.1969],[-89.1991,44.1958],[-89.1941,44.1957],[-89.1941,44.1993],[-89.1941,44.196],[-89.1916,44.196],[-89.1917,44.1993],[-89.1891,44.1992],[-89.1891,44.2065],[-89.1891,44.2048],[-89.1848,44.2046],[-89.1858,44.2029],[-89.1816,44.2029],[-89.1831,44.2099],[-89.1803,44.2099],[-89.1841,44.2101],[-89.1841,44.221],[-89.189,44.221],[-89.189,44.209],[-89.1939,44.2107],[-89.1948,44.2138],[-89.1964,44.2138],[-89.1965,44.2157],[-89.199,44.2157],[-89.199,44.2175],[-89.209,44.2176],[-89.2089,44.2157],[-89.2141,44.2157],[-89.2141,44.2139],[-89.2089,44.2139]],[[-89.1967,44.2131],[-89.1959,44.2135],[-89.1964,44.2129],[-89.1967,44.2131]],[[-89.194,44.2041],[-89.1928,44.2044],[-89.1928,44.2029],[-89.194,44.2041]]],[[[-89.214,44.2139],[-89.2241,44.2139],[-89.2242,44.2102],[-89.2191,44.2102],[-89.2192,44.2066],[-89.2293,44.2065],[-89.2287,44.2029],[-89.2162,44.203],[-89.2162,44.2048],[-89.2091,44.2043],[-89.2077,44.2065],[-89.2141,44.2066],[-89.2141,44.2096],[-89.2109,44.2103],[-89.2115,44.2121],[-89.2089,44.2121],[-89.2089,44.2139],[-89.214,44.2139]]],[[[-89.164,44.192],[-89.1639,44.1884],[-89.1615,44.1884],[-89.1614,44.1812],[-89.1514,44.1812],[-89.1513,44.1842],[-89.1439,44.1849],[-89.1439,44.1885],[-89.1453,44.1895],[-89.159,44.1884],[-89.1591,44.1921],[-89.164,44.192]]],[[[-89.2434,44.2046],[-89.2424,44.206],[-89.2444,44.206],[-89.2444,44.2028],[-89.2469,44.2028],[-89.247,44.1956],[-89.2444,44.1956],[-89.2444,44.192],[-89.2393,44.1934],[-89.2393,44.1974],[-89.2343,44.1974],[-89.2343,44.1993],[-89.2276,44.1993],[-89.2267,44.2012],[-89.2293,44.2029],[-89.2293,44.2004],[-89.2368,44.1994],[-89.2368,44.2029],[-89.2434,44.2028],[-89.2434,44.2046]]],[[[-89.2674,44.1845],[-89.2724,44.1846],[-89.2724,44.1812],[-89.2774,44.181],[-89.2724,44.181],[-89.2724,44.1774],[-89.2625,44.1761],[-89.2626,44.1737],[-89.2624,44.1764],[-89.2574,44.1758],[-89.2573,44.1812],[-89.2674,44.181],[-89.2674,44.1845]]],[[[-89.1226,44.139],[-89.1226,44.1377],[-89.1287,44.1376],[-89.1287,44.1327],[-89.1226,44.1334],[-89.1201,44.1322],[-89.1201,44.1304],[-89.1133,44.1305],[-89.1192,44.1356],[-89.1192,44.1377],[-89.1226,44.139]]],[[[-89.1994,44.1844],[-89.2038,44.185],[-89.204,44.1833],[-89.2058,44.1833],[-89.2057,44.185],[-89.2088,44.1843],[-89.2088,44.1813],[-89.204,44.1813],[-89.204,44.1777],[-89.1989,44.1777],[-89.1994,44.1844]]],[[[-89.199,44.1843],[-89.1895,44.1814],[-89.1895,44.185],[-89.199,44.1843]]],[[[-89.0872,44.1377],[-89.0872,44.1341],[-89.0822,44.1341],[-89.0822,44.1377],[-89.0872,44.1377]]],[[[-89.1991,44.2066],[-89.199,44.2102],[-89.2039,44.2102],[-89.2039,44.2066],[-89.1991,44.2066]]],[[[-89.2143,44.2211],[-89.2191,44.2204],[-89.2191,44.2186],[-89.2115,44.2189],[-89.2115,44.2211],[-89.2143,44.2211]]],[[[-89.1126,44.1314],[-89.1075,44.1308],[-89.1075,44.1342],[-89.1126,44.1341],[-89.1126,44.1314]]],[[[-89.2091,44.1831],[-89.2141,44.183],[-89.2141,44.1813],[-89.209,44.1813],[-89.2091,44.1831]]],[[[-89.1126,44.1313],[-89.1145,44.1325],[-89.113,44.1305],[-89.1126,44.1313]]]]},"properties":{"PROP_NAME":"PINE RIVER SYSTEM FISHERY AREA","ACRES":2074.61,"PUBLIC_ACCESS":"Open to Hiking, Fishing, Hunting and Trapping","TRANS_TYPE":1}},{"type":"Feature","geometry":{"type":"Polygon","coordinates":[[[-90.7524,43.7761],[-90.7562,43.7794],[-90.7561,43.7749],[-90.7541,43.7749],[-90.7541,43.773],[-90.7461,43.773],[-90.7462,43.7748],[-90.7524,43.7761]]]},"properties":{"PROP_NAME":"PINNACLE ROCK REARING STATION","ACRES":54.69,"PUBLIC_ACCESS":"Open to Hiking, Fishing, Hunting and Trapping","TRANS_TYPE":1}},{"type":"Feature","geometry":{"type":"MultiPolygon","coordinates":[[[[-89.3247,44.9432],[-89.3248,44.9452],[-89.3253,44.9432],[-89.3247,44.9432]]],[[[-89.312,44.9521],[-89.3103,44.954],[-89.3149,44.9515],[-89.315,44.954],[-89.32,44.954],[-89.3199,44.9503],[-89.3149,44.9503],[-89.312,44.9521]]],[[[-89.3078,44.9568],[-89.307,44.9583],[-89.3101,44.9618],[-89.3075,44.9576],[-89.3099,44.9545],[-89.3078,44.9568]]],[[[-89.2834,44.9684],[-89.2795,44.9684],[-89.2795,44.972],[-89.2744,44.972],[-89.2744,44.9793],[-89.2769,44.9793],[-89.2769,44.9757],[-89.3,44.9757],[-89.3005,44.9735],[-89.3051,44.9715],[-89.3,44.9735],[-89.3,44.972],[-89.2963,44.972],[-89.2951,44.9686],[-89.2897,44.9679],[-89.2897,44.9647],[-89.2845,44.9648],[-89.2834,44.9719],[-89.2834,44.9684]],[[-89.2839,44.9719],[-89.2839,44.9719],[-89.2838,44.972],[-89.2839,44.9719]],[[-89.2834,44.972],[-89.2834,44.972],[-89.2834,44.972],[-89.2834,44.972]],[[-89.284,44.9712],[-89.284,44.9714],[-89.284,44.9712],[-89.284,44.9712]],[[-89.2846,44.9708],[-89.2846,44.9709],[-89.2846,44.9707],[-89.2846,44.9708]],[[-89.2846,44.9705],[-89.2845,44.9706],[-89.2845,44.9706],[-89.2846,44.9705]]],[[[-89.2692,45.001],[-89.2717,45.0009],[-89.273,44.9958],[-89.2845,44.9937],[-89.2846,44.9916],[-89.2769,44.9902],[-89.2769,44.9866],[-89.2692,44.9866],[-89.2692,45.001]]],[[[-89.2692,45.001],[-89.254,45.0009],[-89.254,45.0045],[-89.2591,45.0045],[-89.2591,45.0081],[-89.254,45.0081],[-89.254,45.0116],[-89.2489,45.0116],[-89.2489,45.0152],[-89.2438,45.0151],[-89.2441,45.0294],[-89.2478,45.0294],[-89.2477,45.0224],[-89.2516,45.0224],[-89.2515,45.0188],[-89.2541,45.0188],[-89.254,45.0152],[-89.2642,45.0153],[-89.2642,45.0081],[-89.2692,45.0081],[-89.2692,45.001]]],[[[-89.234,45.0331],[-89.234,45.0367],[-89.2473,45.0368],[-89.2474,45.0295],[-89.2386,45.0305],[-89.2353,45.0295],[-89.234,45.0331]]]]},"properties":{"PROP_NAME":"PLOVER RIVER FISHERY AREA","ACRES":1470.19,"PUBLIC_ACCESS":"Open to Hiking, Fishing, Hunting and Trapping","TRANS_TYPE":1}},{"type":"Feature","geometry":{"type":"MultiPolygon","coordinates":[[[[-89.452,45.3804],[-89.4604,45.3793],[-89.461,45.3804],[-89.4624,45.3772],[-89.4608,45.3764],[-89.4629,45.3762],[-89.4638,45.3737],[-89.4611,45.3737],[-89.4603,45.3689],[-89.4651,45.3689],[-89.4655,45.3653],[-89.4552,45.3652],[-89.4552,45.3689],[-89.4501,45.369],[-89.4501,45.3727],[-89.4552,45.3727],[-89.4552,45.3765],[-89.4517,45.3765],[-89.452,45.3804]]],[[[-89.5845,45.3735],[-89.5847,45.3626],[-89.5743,45.3627],[-89.5742,45.3735],[-89.5794,45.3735],[-89.5793,45.3771],[-89.5845,45.3771],[-89.5845,45.3735]]],[[[-89.4647,45.3472],[-89.4657,45.3444],[-89.4632,45.3437],[-89.4659,45.3437],[-89.4651,45.3355],[-89.461,45.3374],[-89.4504,45.3364],[-89.4504,45.3436],[-89.4608,45.3437],[-89.4609,45.3472],[-89.4647,45.3472]]],[[[-89.5277,45.3036],[-89.5174,45.3047],[-89.5168,45.3084],[-89.5134,45.3083],[-89.5121,45.3119],[-89.5069,45.3124],[-89.507,45.3155],[-89.5172,45.3156],[-89.5173,45.3084],[-89.5276,45.3085],[-89.5277,45.3036]]],[[[-89.5536,45.3373],[-89.5488,45.3373],[-89.5488,45.341],[-89.554,45.3444],[-89.5488,45.3445],[-89.5488,45.3482],[-89.5591,45.3482],[-89.5592,45.3445],[-89.554,45.3409],[-89.5536,45.3373]]],[[[-89.5382,45.2938],[-89.533,45.2944],[-89.533,45.2974],[-89.5351,45.2974],[-89.5339,45.3011],[-89.5406,45.3011],[-89.5407,45.2974],[-89.5487,45.2974],[-89.5432,45.297],[-89.5433,45.2954],[-89.5382,45.2938]]],[[[-89.5376,45.3373],[-89.5376,45.3337],[-89.5274,45.3332],[-89.5273,45.3254],[-89.5222,45.3264],[-89.5269,45.3334],[-89.5324,45.3372],[-89.5273,45.3339],[-89.5273,45.337],[-89.5376,45.3373]]],[[[-89.3872,45.4265],[-89.3871,45.4247],[-89.3922,45.4248],[-89.391,45.4216],[-89.392,45.4193],[-89.3818,45.4228],[-89.3821,45.4264],[-89.3872,45.4265]]],[[[-89.4348,45.4055],[-89.4346,45.3911],[-89.432,45.3911],[-89.4334,45.4019],[-89.4296,45.4019],[-89.4297,45.4055],[-89.4348,45.4055]]],[[[-89.4023,45.4213],[-89.4021,45.4158],[-89.397,45.4157],[-89.3972,45.4212],[-89.4023,45.4213]]],[[[-89.6101,45.2501],[-89.6105,45.2477],[-89.609,45.247],[-89.6105,45.2468],[-89.6045,45.2484],[-89.6039,45.2467],[-89.6002,45.2477],[-89.6002,45.25],[-89.6101,45.2501]]],[[[-89.4708,45.3293],[-89.4688,45.3305],[-89.4683,45.3366],[-89.4708,45.3366],[-89.4708,45.333],[-89.4734,45.333],[-89.4734,45.3293],[-89.4708,45.3293]]],[[[-89.4297,45.4055],[-89.4246,45.4054],[-89.4246,45.409],[-89.4297,45.4091],[-89.4297,45.4055]]],[[[-89.4661,45.3539],[-89.465,45.3519],[-89.4662,45.3508],[-89.4609,45.3508],[-89.4609,45.3544],[-89.4661,45.3539]]],[[[-89.5281,45.3035],[-89.5337,45.3011],[-89.5278,45.3011],[-89.5281,45.3035]]],[[[-89.4801,45.3149],[-89.4776,45.3175],[-89.4811,45.3185],[-89.4801,45.3149]]],[[[-89.4757,45.319],[-89.4717,45.3221],[-89.4759,45.3221],[-89.4757,45.319]]],[[[-89.5433,45.2938],[-89.5405,45.2938],[-89.5434,45.2952],[-89.5463,45.2938],[-89.5433,45.2938]]],[[[-89.5464,45.2938],[-89.5442,45.2951],[-89.5487,45.2952],[-89.5486,45.2938],[-89.5464,45.2938]]],[[[-89.4658,45.3384],[-89.4653,45.3366],[-89.4654,45.3384],[-89.4658,45.3384]]],[[[-89.4658,45.3665],[-89.4654,45.3689],[-89.4658,45.3689],[-89.4658,45.3665]]],[[[-89.4042,45.4175],[-89.404,45.4189],[-89.4043,45.4189],[-89.4042,45.4175]]],[[[-89.4709,45.3237],[-89.4715,45.324],[-89.471,45.3232],[-89.4709,45.3237]]]]},"properties":{"PROP_NAME":"PRAIRIE RIVER FISHERY AREA","ACRES":1938.16,"PUBLIC_ACCESS":"Open to Hiking, Fishing, Hunting and Trapping","TRANS_TYPE":1}},{"type":"Feature","geometry":{"type":"Polygon","coordinates":[[[-88.9857,45.1469],[-89.0012,45.147],[-89.0013,45.1433],[-88.9858,45.1433],[-88.9857,45.1469]]]},"properties":{"PROP_NAME":"RABES LAKE FISHERY AREA","ACRES":120.09,"PUBLIC_ACCESS":"Open to Hiking, Fishing, Hunting and Trapping","TRANS_TYPE":1}},{"type":"Feature","geometry":{"type":"MultiPolygon","coordinates":[[[[-89.1868,44.2778],[-89.1837,44.2779],[-89.1947,44.2771],[-89.1947,44.2759],[-89.2141,44.2765],[-89.2141,44.2723],[-89.2091,44.2723],[-89.2092,44.2651],[-89.2042,44.2651],[-89.2041,44.2687],[-89.2014,44.2689],[-89.199,44.2718],[-89.2041,44.2723],[-89.1982,44.2723],[-89.1928,44.2758],[-89.1855,44.2771],[-89.1837,44.277],[-89.1838,44.2741],[-89.1889,44.2746],[-89.189,44.2722],[-89.179,44.2721],[-89.1786,44.2784],[-89.1737,44.2784],[-89.1754,44.2793],[-89.1737,44.2793],[-89.1737,44.283],[-89.1736,44.2775],[-89.1688,44.2775],[-89.1687,44.2793],[-89.1586,44.2793],[-89.1584,44.2857],[-89.1627,44.2857],[-89.1627,44.2899],[-89.1675,44.2902],[-89.1757,44.2874],[-89.1759,44.2807],[-89.1778,44.2807],[-89.1779,44.2793],[-89.1868,44.2778]]],[[[-89.2574,44.2636],[-89.2574,44.269],[-89.2599,44.269],[-89.26,44.2582],[-89.2501,44.2581],[-89.2495,44.2555],[-89.2399,44.2548],[-89.2398,44.258],[-89.2449,44.2581],[-89.2449,44.2616],[-89.2574,44.2636]],[[-89.2499,44.2581],[-89.2449,44.2581],[-89.2449,44.2581],[-89.2499,44.2581]]],[[[-89.2214,44.2579],[-89.2142,44.2589],[-89.2142,44.2651],[-89.2246,44.2651],[-89.2247,44.2579],[-89.2214,44.2579]]],[[[-89.1573,44.3047],[-89.1577,44.2958],[-89.1536,44.296],[-89.1566,44.2974],[-89.1482,44.296],[-89.1482,44.3011],[-89.1539,44.3011],[-89.1531,44.3047],[-89.1573,44.3047]]],[[[-89.2198,44.2576],[-89.2209,44.2563],[-89.2247,44.2566],[-89.2249,44.2547],[-89.2259,44.2561],[-89.2298,44.2551],[-89.23,44.2565],[-89.2304,44.2544],[-89.2366,44.2538],[-89.2379,44.2549],[-89.2399,44.2533],[-89.2228,44.2538],[-89.2202,44.2523],[-89.2181,44.2562],[-89.2198,44.2576]]],[[[-89.1584,44.2944],[-89.1599,44.2949],[-89.1609,44.2924],[-89.1634,44.2921],[-89.1584,44.2921],[-89.1584,44.2944]]]]},"properties":{"PROP_NAME":"RADLEY CREEK FISHERY AREA","ACRES":1425.24,"PUBLIC_ACCESS":"Open to Hiking, Fishing, Hunting and Trapping","TRANS_TYPE":1}},{"type":"Feature","geometry":{"type":"MultiPolygon","coordinates":[[[[-90.1321,45.2375],[-90.1346,45.2375],[-90.1345,45.2339],[-90.1475,45.2336],[-90.1474,45.231],[-90.1294,45.2303],[-90.1294,45.234],[-90.1268,45.234],[-90.1269,45.2367],[-90.1321,45.2375]]],[[[-90.106,45.2156],[-90.1061,45.2184],[-90.1112,45.2191],[-90.1111,45.2154],[-90.106,45.2156]]]]},"properties":{"PROP_NAME":"RIB RIVER FISHERY AREA","ACRES":224.20000000000002,"PUBLIC_ACCESS":"Open to Hiking, Fishing, Hunting and Trapping","TRANS_TYPE":1}},{"type":"Feature","geometry":{"type":"MultiPolygon","coordinates":[[[[-89.3347,44.544],[-89.3398,44.544],[-89.3399,44.5476],[-89.3452,44.5476],[-89.3452,44.5549],[-89.3538,44.5553],[-89.3529,44.5589],[-89.3543,44.559],[-89.3549,44.5554],[-89.3601,44.5558],[-89.3566,44.5554],[-89.3577,44.5508],[-89.3562,44.5507],[-89.3562,44.5466],[-89.3552,44.548],[-89.3502,44.5478],[-89.3502,44.5431],[-89.3452,44.5429],[-89.3451,44.5366],[-89.3468,44.5367],[-89.3468,44.534],[-89.3502,44.5343],[-89.3502,44.5332],[-89.3463,44.5331],[-89.3464,44.5295],[-89.3398,44.5294],[-89.3399,44.5222],[-89.3368,44.5221],[-89.3391,44.5245],[-89.3369,44.5258],[-89.3373,44.5276],[-89.3352,44.5276],[-89.3352,44.5258],[-89.3297,44.5257],[-89.3296,44.5312],[-89.3347,44.5312],[-89.3347,44.533],[-89.3296,44.533],[-89.3297,44.5403],[-89.3347,44.5403],[-89.3347,44.544]],[[-89.3348,44.5346],[-89.3348,44.5346],[-89.3348,44.5346],[-89.3348,44.5346]],[[-89.3347,44.5346],[-89.3347,44.5347],[-89.3347,44.5346],[-89.3347,44.5346]],[[-89.341,44.5392],[-89.3347,44.5391],[-89.3347,44.5366],[-89.3411,44.5366],[-89.341,44.5392]]],[[[-89.3347,44.544],[-89.3297,44.544],[-89.3297,44.5403],[-89.3282,44.5403],[-89.3281,44.5436],[-89.3246,44.5439],[-89.3248,44.5548],[-89.3282,44.5548],[-89.3283,44.5583],[-89.3146,44.5585],[-89.3249,44.5584],[-89.325,44.5621],[-89.3263,44.5621],[-89.3247,44.5767],[-89.3298,44.5767],[-89.3301,44.5621],[-89.3325,44.5621],[-89.3325,44.5585],[-89.3351,44.5585],[-89.335,44.5548],[-89.3312,44.5548],[-89.3311,44.553],[-89.3349,44.553],[-89.3349,44.5512],[-89.3311,44.5512],[-89.331,44.5476],[-89.3348,44.5476],[-89.3347,44.544]]],[[[-89.2991,44.483],[-89.2943,44.4831],[-89.2943,44.4903],[-89.2945,44.4867],[-89.2994,44.4867],[-89.2991,44.483]]],[[[-89.326,44.5115],[-89.3297,44.5142],[-89.3297,44.5112],[-89.326,44.5115]]],[[[-89.3345,44.5138],[-89.3348,44.5149],[-89.3369,44.5149],[-89.3345,44.5138]]],[[[-89.3055,44.4872],[-89.3064,44.4876],[-89.3048,44.4867],[-89.3055,44.4872]]],[[[-89.3081,44.4907],[-89.3092,44.4904],[-89.3071,44.4904],[-89.3081,44.4907]]],[[[-89.3109,44.4939],[-89.3109,44.4944],[-89.3115,44.4941],[-89.3109,44.4939]]],[[[-89.3072,44.4889],[-89.3077,44.4888],[-89.3074,44.4885],[-89.3072,44.4889]]]]},"properties":{"PROP_NAME":"RICHARD A HEMP FISHERY AREA","ACRES":1346.69,"PUBLIC_ACCESS":"Open to Hiking, Fishing, Hunting and Trapping","TRANS_TYPE":1}},{"type":"Feature","geometry":{"type":"MultiPolygon","coordinates":[[[[-89.3447,43.4628],[-89.3497,43.4628],[-89.3496,43.4556],[-89.3546,43.4556],[-89.3544,43.4483],[-89.3615,43.4482],[-89.3488,43.4481],[-89.3489,43.4537],[-89.3427,43.4539],[-89.3427,43.4517],[-89.3346,43.4517],[-89.3347,43.4556],[-89.3297,43.4556],[-89.3298,43.4592],[-89.3248,43.4592],[-89.3447,43.4592],[-89.3447,43.4628]]],[[[-89.3684,43.4557],[-89.3713,43.4559],[-89.3687,43.4538],[-89.3638,43.4538],[-89.3638,43.4556],[-89.3684,43.4557]]],[[[-89.3787,43.461],[-89.3787,43.4623],[-89.3837,43.4642],[-89.3836,43.4609],[-89.3936,43.4609],[-89.3935,43.4536],[-89.3888,43.4537],[-89.3882,43.45],[-89.3872,43.4537],[-89.3785,43.4537],[-89.3786,43.4557],[-89.373,43.4557],[-89.3753,43.4585],[-89.3737,43.4593],[-89.3787,43.4593],[-89.3787,43.461]]]]},"properties":{"PROP_NAME":"ROCKY RUN CREEK FISHERY AREA","ACRES":725.5500000000001,"PUBLIC_ACCESS":"Open to Hiking, Fishing, Hunting and Trapping","TRANS_TYPE":1}},{"type":"Feature","geometry":{"type":"Polygon","coordinates":[[[-88.9332,45.4257],[-88.9308,45.4299],[-88.9337,45.4288],[-88.9343,45.4256],[-88.9332,45.4257]]]},"properties":{"PROP_NAME":"ROLLING STONE LAKE PUBLIC ACCESS","ACRES":18.95,"PUBLIC_ACCESS":"Open to Hiking, Fishing, Hunting and Trapping","TRANS_TYPE":1}},{"type":"Feature","geometry":{"type":"MultiPolygon","coordinates":[[[[-89.4554,43.4028],[-89.4578,43.4028],[-89.4577,43.3992],[-89.4627,43.4013],[-89.4626,43.3957],[-89.4551,43.3955],[-89.4552,43.397],[-89.4528,43.3973],[-89.4528,43.3919],[-89.4425,43.3875],[-89.4426,43.3953],[-89.4476,43.3954],[-89.4477,43.399],[-89.4532,43.3991],[-89.4554,43.4028]]],[[[-89.4226,43.3893],[-89.4227,43.3915],[-89.4246,43.3892],[-89.4276,43.3891],[-89.4275,43.3853],[-89.4176,43.3844],[-89.4175,43.3807],[-89.4125,43.3814],[-89.4076,43.3854],[-89.4088,43.3884],[-89.4122,43.385],[-89.4127,43.3878],[-89.4226,43.3893]],[[-89.4126,43.3851],[-89.4125,43.3849],[-89.4126,43.3849],[-89.4126,43.3851]]],[[[-89.3821,43.3856],[-89.3857,43.3875],[-89.3855,43.3851],[-89.3829,43.384],[-89.3829,43.3812],[-89.3778,43.3812],[-89.3778,43.3788],[-89.3727,43.377],[-89.3728,43.3815],[-89.3821,43.3856]]],[[[-89.3942,43.3869],[-89.3928,43.3846],[-89.3863,43.3857],[-89.3879,43.3883],[-89.3927,43.3883],[-89.3928,43.3864],[-89.3942,43.3869]]],[[[-89.4644,43.4042],[-89.4651,43.4029],[-89.4628,43.4029],[-89.4628,43.4042],[-89.4644,43.4042]]],[[[-89.3985,43.3868],[-89.3996,43.3875],[-89.398,43.3861],[-89.3985,43.3868]]],[[[-89.4001,43.3882],[-89.4015,43.3877],[-89.4,43.3873],[-89.4001,43.3882]]],[[[-89.3966,43.3867],[-89.3978,43.3861],[-89.3965,43.3861],[-89.3966,43.3867]]],[[[-89.3942,43.3869],[-89.3948,43.3873],[-89.3949,43.3864],[-89.3942,43.3869]]],[[[-89.4011,43.3885],[-89.4009,43.3891],[-89.4014,43.3891],[-89.4011,43.3885]]]]},"properties":{"PROP_NAME":"ROWAN CREEK FISHERY AREA","ACRES":643.61,"PUBLIC_ACCESS":"Open to Hiking, Fishing, Hunting and Trapping","TRANS_TYPE":1}},{"type":"Feature","geometry":{"type":"MultiPolygon","coordinates":[[[[-90.5333,43.425],[-90.5323,43.4262],[-90.5333,43.4263],[-90.5333,43.425]]],[[[-90.5333,43.4263],[-90.5323,43.4262],[-90.5325,43.4274],[-90.5333,43.4263]]]]},"properties":{"PROP_NAME":"SABIN SPRINGS FISHERY AREA","ACRES":4.87,"PUBLIC_ACCESS":"Open to Hiking, Fishing, Hunting and Trapping","TRANS_TYPE":1}},{"type":"Feature","geometry":{"type":"MultiPolygon","coordinates":[[[[-92.155,45.7044],[-92.1601,45.7044],[-92.1601,45.708],[-92.1651,45.7081],[-92.1651,45.6973],[-92.1618,45.6973],[-92.1618,45.7009],[-92.155,45.7008],[-92.1549,45.6901],[-92.16,45.6901],[-92.16,45.6865],[-92.1651,45.6865],[-92.1651,45.6901],[-92.1753,45.6902],[-92.1753,45.6866],[-92.1702,45.6866],[-92.1691,45.6759],[-92.1703,45.6759],[-92.1704,45.6723],[-92.1549,45.6722],[-92.1549,45.6687],[-92.1446,45.6687],[-92.145,45.6974],[-92.1502,45.6973],[-92.1502,45.7045],[-92.155,45.7044]]],[[[-92.1502,45.7045],[-92.1451,45.7045],[-92.1451,45.7081],[-92.1502,45.708],[-92.1502,45.7045]]]]},"properties":{"PROP_NAME":"SAND CREEK FISHERY AREA-POLK","ACRES":1434.75,"PUBLIC_ACCESS":"Open to Hiking, Fishing, Hunting and Trapping","TRANS_TYPE":1}},{"type":"Feature","geometry":{"type":"MultiPolygon","coordinates":[[[[-91.583,45.2001],[-91.5829,45.1964],[-91.5881,45.1965],[-91.5881,45.1947],[-91.5829,45.1947],[-91.5829,45.1929],[-91.5779,45.1926],[-91.5779,45.1962],[-91.5728,45.1959],[-91.5728,45.1998],[-91.583,45.2001]]],[[[-91.6397,45.1756],[-91.6397,45.1793],[-91.6449,45.1794],[-91.645,45.1757],[-91.6397,45.1756]]],[[[-91.6397,45.1756],[-91.6397,45.1719],[-91.6346,45.1719],[-91.6346,45.1737],[-91.6397,45.1756]]],[[[-91.6279,45.189],[-91.6264,45.1895],[-91.6292,45.1895],[-91.6279,45.189]]],[[[-91.6816,45.1692],[-91.6811,45.1692],[-91.6811,45.1696],[-91.6816,45.1692]]]]},"properties":{"PROP_NAME":"SAND CREEK FISHERY AREA","ACRES":214.31,"PUBLIC_ACCESS":"Open to Hiking, Fishing, Hunting and Trapping","TRANS_TYPE":1}},{"type":"Feature","geometry":{"type":"MultiPolygon","coordinates":[[[[-91.9551,45.7841],[-91.9552,45.7825],[-91.9602,45.7826],[-91.9601,45.7749],[-91.955,45.7753],[-91.9549,45.7681],[-91.9497,45.768],[-91.9499,45.7753],[-91.9396,45.7752],[-91.9396,45.7788],[-91.9448,45.7789],[-91.9447,45.786],[-91.955,45.7861],[-91.9551,45.7841]]],[[[-91.9446,45.7609],[-91.9445,45.7573],[-91.9394,45.7573],[-91.9395,45.7645],[-91.9343,45.7644],[-91.9344,45.768],[-91.9446,45.768],[-91.9446,45.7609]]],[[[-91.955,45.7861],[-91.9547,45.7933],[-91.9599,45.7933],[-91.9599,45.7912],[-91.9624,45.7919],[-91.9651,45.7904],[-91.96,45.7897],[-91.9601,45.7861],[-91.955,45.7861]]],[[[-91.9395,45.7716],[-91.9344,45.7716],[-91.9344,45.7734],[-91.9395,45.7734],[-91.9395,45.7716]]]]},"properties":{"PROP_NAME":"SAWYER CREEK FISHERY AREA","ACRES":708.24,"PUBLIC_ACCESS":"Open to Hiking, Fishing, Hunting and Trapping","TRANS_TYPE":1}},{"type":"Feature","geometry":{"type":"Polygon","coordinates":[[[-87.9247,43.8607],[-87.9322,43.8592],[-87.9322,43.8556],[-87.9279,43.8556],[-87.9284,43.8587],[-87.9245,43.8591],[-87.9247,43.8607]]]},"properties":{"PROP_NAME":"SCHUET CREEK FISHERY AREA","ACRES":44.58,"PUBLIC_ACCESS":"Open to Hiking, Fishing, Hunting and Trapping","TRANS_TYPE":1}},{"type":"Feature","geometry":{"type":"Polygon","coordinates":[[[-91.6633,45.4658],[-91.662,45.4658],[-91.6633,45.4679],[-91.6633,45.4658]]]},"properties":{"PROP_NAME":"SILVER CREEK FISHERY AREA","ACRES":3.24,"PUBLIC_ACCESS":"Open to Hiking, Fishing, Hunting and Trapping","TRANS_TYPE":1}},{"type":"Feature","geometry":{"type":"Polygon","coordinates":[[[-91.0253,44.3643],[-91.0304,44.3642],[-91.0303,44.357],[-91.0233,44.357],[-91.0253,44.3643]]]},"properties":{"PROP_NAME":"SMITH POND FISHERY AREA","ACRES":95.73,"PUBLIC_ACCESS":"Open to Hiking, Fishing, Hunting and Trapping","TRANS_TYPE":1}},{"type":"Feature","geometry":{"type":"MultiPolygon","coordinates":[[[[-88.4661,45.048],[-88.4662,45.0443],[-88.4574,45.0441],[-88.4574,45.0423],[-88.4514,45.0379],[-88.4413,45.0365],[-88.4412,45.0401],[-88.4487,45.0403],[-88.4486,45.0439],[-88.4562,45.0441],[-88.4561,45.0477],[-88.4661,45.048]]],[[[-88.4415,45.0293],[-88.443,45.0267],[-88.4394,45.0222],[-88.4163,45.0219],[-88.4163,45.0233],[-88.4264,45.0236],[-88.4269,45.022],[-88.4284,45.0241],[-88.4365,45.0237],[-88.4365,45.0265],[-88.4408,45.0267],[-88.4404,45.0293],[-88.4415,45.0293]]],[[[-88.4085,45.0257],[-88.4162,45.0253],[-88.4162,45.0217],[-88.4113,45.0214],[-88.4111,45.025],[-88.4061,45.0249],[-88.406,45.0267],[-88.4085,45.0268],[-88.4085,45.0257]]],[[[-88.4713,45.063],[-88.4733,45.0641],[-88.4759,45.0627],[-88.476,45.059],[-88.4712,45.059],[-88.4713,45.063]]],[[[-88.4706,45.0699],[-88.4655,45.0699],[-88.4654,45.0735],[-88.4705,45.0736],[-88.4706,45.0699]]],[[[-88.4431,45.0305],[-88.4415,45.0304],[-88.4414,45.0329],[-88.4465,45.0321],[-88.4466,45.0294],[-88.4431,45.0294],[-88.4431,45.0305]]],[[[-88.398,45.0214],[-88.4007,45.0235],[-88.4007,45.0284],[-88.4011,45.0212],[-88.3985,45.0212],[-88.3987,45.0175],[-88.3962,45.0175],[-88.396,45.0201],[-88.398,45.0214]]],[[[-88.4661,45.048],[-88.466,45.0516],[-88.4689,45.0517],[-88.4693,45.0502],[-88.4661,45.048]]],[[[-88.4719,45.0699],[-88.472,45.0672],[-88.4755,45.0673],[-88.4707,45.0663],[-88.4706,45.0699],[-88.4719,45.0699]]],[[[-88.4564,45.0416],[-88.4563,45.0421],[-88.4569,45.0422],[-88.4564,45.0416]]],[[[-88.459,45.0442],[-88.4587,45.0441],[-88.458,45.0441],[-88.459,45.0442]]]]},"properties":{"PROP_NAME":"SOUTH BRANCH OCONTO RIVER FISHERY AREA","ACRES":581.33,"PUBLIC_ACCESS":"Open to Hiking, Fishing, Hunting and Trapping","TRANS_TYPE":1}},{"type":"Feature","geometry":{"type":"MultiPolygon","coordinates":[[[[-91.0144,46.7167],[-91.0144,46.7174],[-91.0163,46.7174],[-91.0144,46.7167]]],[[[-90.9044,46.7277],[-90.9096,46.7275],[-90.9055,46.7268],[-90.9044,46.7252],[-90.9044,46.7277]]],[[[-91.3631,46.7806],[-91.363,46.7822],[-91.3681,46.7822],[-91.3682,46.7804],[-91.3631,46.7806]]],[[[-91.3813,46.7846],[-91.3813,46.7858],[-91.3834,46.7858],[-91.3834,46.7822],[-91.3783,46.7822],[-91.3784,46.7846],[-91.3813,46.7846]]],[[[-90.8787,46.7926],[-90.8803,46.7926],[-90.8787,46.7907],[-90.8736,46.7889],[-90.8736,46.7925],[-90.8787,46.7926]]],[[[-90.8839,46.7927],[-90.884,46.7891],[-90.8788,46.789],[-90.8788,46.7852],[-90.8736,46.7852],[-90.8769,46.7901],[-90.8804,46.7926],[-90.8839,46.7927]]],[[[-90.8839,46.7927],[-90.8845,46.7946],[-90.8869,46.794],[-90.8891,46.7956],[-90.8891,46.7927],[-90.8839,46.7927]]],[[[-90.8908,46.7961],[-90.8917,46.7965],[-90.892,46.7961],[-90.8908,46.7961]]],[[[-90.8964,46.7988],[-90.8994,46.7983],[-90.8994,46.7961],[-90.8945,46.7961],[-90.8964,46.7988]]],[[[-90.8851,46.7983],[-90.8858,46.7998],[-90.8957,46.7997],[-90.8928,46.7971],[-90.8862,46.7951],[-90.8839,46.7954],[-90.8851,46.7983]]],[[[-90.8975,46.7997],[-90.8972,46.7997],[-90.8979,46.7997],[-90.8975,46.7997]]],[[[-90.8993,46.7992],[-90.8984,46.7997],[-90.8994,46.7997],[-90.8993,46.7992]]],[[[-90.8734,46.8163],[-90.8732,46.8168],[-90.8733,46.8176],[-90.8734,46.8163]]]]},"properties":{"PROP_NAME":"SOUTH SHORE LAKE SUPERIOR FISHERY AREA","ACRES":276.46,"PUBLIC_ACCESS":"Open to Hiking, Fishing, Hunting and Trapping","TRANS_TYPE":1}},{"type":"Feature","geometry":{"type":"MultiPolygon","coordinates":[[[[-91.2631,46.7884],[-91.269,46.789],[-91.269,46.7856],[-91.2638,46.7855],[-91.2639,46.782],[-91.2535,46.7819],[-91.2534,46.7859],[-91.2566,46.7873],[-91.2565,46.789],[-91.2631,46.7884]]],[[[-91.2388,46.7388],[-91.2391,46.7461],[-91.2445,46.7462],[-91.2442,46.7354],[-91.2386,46.7352],[-91.2388,46.7388]]],[[[-91.2389,46.7497],[-91.2388,46.7515],[-91.2441,46.7516],[-91.2443,46.748],[-91.239,46.7479],[-91.2389,46.7497]]],[[[-91.2386,46.7551],[-91.2385,46.7569],[-91.2437,46.757],[-91.2439,46.7543],[-91.2386,46.7551]]],[[[-91.2435,46.7606],[-91.2383,46.7607],[-91.2382,46.7642],[-91.2447,46.7642],[-91.2446,46.7606],[-91.2435,46.7606]]],[[[-91.2693,46.7903],[-91.2701,46.7891],[-91.2694,46.7891],[-91.2693,46.7903]]],[[[-91.2741,46.7929],[-91.274,46.7965],[-91.2792,46.7965],[-91.2793,46.7929],[-91.2741,46.7929]]],[[[-91.2738,46.8109],[-91.2738,46.8164],[-91.2789,46.8164],[-91.279,46.8073],[-91.2739,46.8073],[-91.2738,46.8109]]],[[[-91.2653,46.8252],[-91.2663,46.8272],[-91.2688,46.8264],[-91.2664,46.8237],[-91.2683,46.8221],[-91.2653,46.8217],[-91.2653,46.8252]]],[[[-91.2663,46.8299],[-91.2689,46.8299],[-91.2689,46.829],[-91.2663,46.8299]]],[[[-91.2663,46.831],[-91.2689,46.83],[-91.2663,46.8299],[-91.2663,46.831]]]]},"properties":{"PROP_NAME":"SOUTH SHORE LAKE SUPERIOR FISHERY AREA - CRANBERRY RIVER UNIT","ACRES":588.17,"PUBLIC_ACCESS":"Open to Hiking, Fishing, Hunting and Trapping","TRANS_TYPE":1}},{"type":"Feature","geometry":{"type":"MultiPolygon","coordinates":[[[[-91.001,46.5748],[-91.0117,46.5748],[-91.0115,46.5676],[-91.0378,46.5673],[-91.0376,46.5601],[-91.0429,46.5601],[-91.0428,46.5564],[-91.0324,46.5566],[-91.0321,46.5632],[-91.0291,46.561],[-91.0242,46.5637],[-91.0219,46.5631],[-91.0218,46.5603],[-91.0165,46.5603],[-91.0114,46.5639],[-91.0114,46.5657],[-91.0008,46.5663],[-91.001,46.5748]]],[[[-90.9458,46.587],[-90.9546,46.5867],[-90.9659,46.5783],[-90.9326,46.5784],[-90.9329,46.582],[-90.9273,46.5821],[-90.9278,46.584],[-90.9321,46.5856],[-90.9428,46.5868],[-90.941,46.5849],[-90.9426,46.5837],[-90.9458,46.587]]],[[[-91.1313,46.5345],[-91.1261,46.5345],[-91.1261,46.531],[-91.1156,46.531],[-91.1156,46.5381],[-91.1309,46.5381],[-91.1313,46.5345]]],[[[-91.0949,46.5488],[-91.0948,46.5399],[-91.0928,46.5399],[-91.0928,46.5416],[-91.0896,46.5417],[-91.0897,46.5452],[-91.0845,46.5453],[-91.0846,46.5488],[-91.0949,46.5488]]],[[[-91.1156,46.5381],[-91.1052,46.5381],[-91.1052,46.5416],[-91.1104,46.5416],[-91.1104,46.5452],[-91.1156,46.5451],[-91.1156,46.5381]]],[[[-91.0585,46.5455],[-91.0533,46.5467],[-91.0534,46.5527],[-91.0586,46.5526],[-91.0586,46.5491],[-91.0638,46.549],[-91.0637,46.5454],[-91.0585,46.5455]]],[[[-91.147,46.5346],[-91.147,46.531],[-91.1366,46.5309],[-91.1365,46.5345],[-91.147,46.5346]]],[[[-90.9846,46.5691],[-90.9797,46.5704],[-90.9798,46.5747],[-90.9851,46.5747],[-90.9846,46.5691]]],[[[-90.9476,46.5934],[-90.9465,46.5944],[-90.951,46.5946],[-90.9513,46.5911],[-90.9489,46.5911],[-90.95,46.5886],[-90.9445,46.5876],[-90.9485,46.5922],[-90.9476,46.5934]]],[[[-91.0691,46.5525],[-91.0691,46.556],[-91.0743,46.5559],[-91.0743,46.5524],[-91.0691,46.5525]]],[[[-90.9903,46.5711],[-90.9903,46.5729],[-90.9943,46.5729],[-90.9942,46.5711],[-90.9903,46.5711]]],[[[-90.9398,46.5885],[-90.9413,46.5894],[-90.9404,46.5876],[-90.9427,46.5881],[-90.9368,46.5874],[-90.9398,46.5885]]],[[[-91.1319,46.5345],[-91.1313,46.5326],[-91.1313,46.5345],[-91.1319,46.5345]]],[[[-91.0533,46.5455],[-91.0533,46.5463],[-91.0546,46.5455],[-91.0533,46.5455]]]]},"properties":{"PROP_NAME":"SOUTH SHORE LAKE SUPERIOR FISHERY AREA - FISH CREEK UNIT","ACRES":1914.92,"PUBLIC_ACCESS":"Open to Hiking, Fishing, Hunting and Trapping","TRANS_TYPE":1}},{"type":"Feature","geometry":{"type":"MultiPolygon","coordinates":[[[[-91.3423,46.7695],[-91.3382,46.7694],[-91.3371,46.7674],[-91.3384,46.769],[-91.3423,46.7692],[-91.3423,46.7713],[-91.3475,46.7708],[-91.3475,46.7679],[-91.3423,46.7678],[-91.3423,46.7643],[-91.3371,46.7643],[-91.3371,46.7607],[-91.3319,46.7607],[-91.3323,46.7571],[-91.3271,46.7571],[-91.3275,46.7536],[-91.3223,46.7535],[-91.3214,46.7607],[-91.3267,46.7607],[-91.3309,46.7643],[-91.3319,46.7714],[-91.3423,46.7714],[-91.3423,46.7695]],[[-91.346,46.7687],[-91.346,46.7703],[-91.3444,46.7702],[-91.3444,46.7687],[-91.346,46.7687]]],[[[-91.3732,46.7822],[-91.3747,46.7813],[-91.3733,46.7786],[-91.3691,46.7769],[-91.3682,46.778],[-91.3694,46.7786],[-91.3631,46.7786],[-91.3601,46.7752],[-91.3528,46.7753],[-91.3526,46.7788],[-91.3474,46.7787],[-91.3472,46.7823],[-91.3578,46.7822],[-91.3579,46.7787],[-91.3578,46.7822],[-91.3682,46.7804],[-91.368,46.7858],[-91.3698,46.7858],[-91.3732,46.7822]]],[[[-91.3939,46.7842],[-91.3939,46.7858],[-91.3991,46.7858],[-91.399,46.7886],[-91.4039,46.7895],[-91.4046,46.7787],[-91.401,46.7787],[-91.401,46.7798],[-91.3941,46.7787],[-91.3939,46.7822],[-91.3887,46.7822],[-91.3887,46.7858],[-91.3939,46.7858],[-91.3939,46.7842]],[[-91.4024,46.7823],[-91.4024,46.7822],[-91.4024,46.7822],[-91.4024,46.7823]],[[-91.394,46.784],[-91.394,46.7841],[-91.394,46.784],[-91.394,46.784]],[[-91.3942,46.7836],[-91.3942,46.7836],[-91.3941,46.7835],[-91.3942,46.7836]]],[[[-91.3214,46.7607],[-91.311,46.7607],[-91.311,46.7643],[-91.3215,46.7643],[-91.3214,46.7607]]],[[[-91.3732,46.7828],[-91.3704,46.7858],[-91.3813,46.7858],[-91.3813,46.7846],[-91.3784,46.7846],[-91.3783,46.7822],[-91.3732,46.7828]]],[[[-91.3887,46.7827],[-91.385,46.7824],[-91.3834,46.7841],[-91.3881,46.7842],[-91.3887,46.7827]]],[[[-91.3452,46.7729],[-91.3458,46.7751],[-91.3475,46.7752],[-91.3475,46.7728],[-91.3452,46.7729]]],[[[-91.401,46.7894],[-91.399,46.7887],[-91.399,46.7894],[-91.401,46.7894]]],[[[-91.3159,46.761],[-91.3165,46.7607],[-91.3156,46.7607],[-91.3159,46.761]]],[[[-91.3175,46.761],[-91.3177,46.7607],[-91.3169,46.7607],[-91.3175,46.761]]]]},"properties":{"PROP_NAME":"SOUTH SHORE LAKE SUPERIOR FISHERY AREA - FLAG RIVER UNIT","ACRES":1018.65,"PUBLIC_ACCESS":"Open to Hiking, Fishing, Hunting and Trapping","TRANS_TYPE":1}},{"type":"Feature","geometry":{"type":"MultiPolygon","coordinates":[[[[-91.48,46.7444],[-91.4826,46.7479],[-91.4843,46.7475],[-91.4843,46.7498],[-91.4895,46.7498],[-91.4895,46.7371],[-91.4947,46.7372],[-91.4947,46.7336],[-91.4895,46.7335],[-91.4895,46.7263],[-91.479,46.7262],[-91.479,46.719],[-91.4684,46.7189],[-91.4684,46.7371],[-91.4737,46.7371],[-91.4737,46.7407],[-91.479,46.7407],[-91.4772,46.742],[-91.479,46.7439],[-91.4737,46.7443],[-91.48,46.7444]],[[-91.4843,46.7462],[-91.4843,46.7463],[-91.4843,46.7475],[-91.4843,46.7462]],[[-91.4843,46.7444],[-91.4828,46.7444],[-91.4831,46.7444],[-91.4843,46.7444]]],[[[-91.4819,46.7478],[-91.479,46.7446],[-91.479,46.7479],[-91.4819,46.7478]]]]},"properties":{"PROP_NAME":"SOUTH SHORE LAKE SUPERIOR FISHERY AREA - IRON RIVER UNIT","ACRES":988.8000000000001,"PUBLIC_ACCESS":"Open to Hiking, Fishing, Hunting and Trapping","TRANS_TYPE":1}},{"type":"Feature","geometry":{"type":"MultiPolygon","coordinates":[[[[-90.884,46.7891],[-90.884,46.7853],[-90.8788,46.7852],[-90.8788,46.789],[-90.884,46.7891]]],[[[-90.8563,46.786],[-90.8562,46.7882],[-90.8586,46.7882],[-90.8585,46.7903],[-90.8639,46.7852],[-90.8563,46.786]]],[[[-90.8687,46.7851],[-90.8664,46.7839],[-90.8611,46.7885],[-90.863,46.788],[-90.8631,46.79],[-90.8619,46.7886],[-90.8631,46.791],[-90.8683,46.794],[-90.8637,46.7887],[-90.8684,46.7888],[-90.8684,46.7854],[-90.8725,46.7859],[-90.8756,46.7889],[-90.8742,46.7864],[-90.8759,46.7889],[-90.8736,46.7852],[-90.871,46.7852],[-90.8709,46.7815],[-90.8697,46.7815],[-90.8687,46.7851]]],[[[-90.8683,46.794],[-90.8683,46.7996],[-90.8787,46.7998],[-90.8787,46.7962],[-90.8721,46.7961],[-90.8707,46.7939],[-90.8683,46.7929],[-90.8683,46.794]]],[[[-90.9098,46.7996],[-90.9151,46.7996],[-90.9151,46.796],[-90.9098,46.796],[-90.9098,46.7996]]],[[[-90.8788,46.8033],[-90.8734,46.8194],[-90.8732,46.8176],[-90.8628,46.8174],[-90.8627,46.8247],[-90.8706,46.8246],[-90.8705,46.8282],[-90.8731,46.8281],[-90.8731,46.8294],[-90.8705,46.83],[-90.8705,46.8317],[-90.8783,46.8315],[-90.8784,46.824],[-90.8757,46.82],[-90.8771,46.8147],[-90.8813,46.8093],[-90.8808,46.8046],[-90.8858,46.8005],[-90.8839,46.7954],[-90.8928,46.7971],[-90.8959,46.7998],[-90.8994,46.7992],[-90.9005,46.8005],[-90.9042,46.7984],[-90.9046,46.7967],[-90.9009,46.7989],[-90.8959,46.7987],[-90.8941,46.7972],[-90.8943,46.789],[-90.884,46.7891],[-90.8839,46.7927],[-90.8891,46.7927],[-90.8891,46.7956],[-90.8869,46.794],[-90.8845,46.7946],[-90.8839,46.7927],[-90.8805,46.7926],[-90.8755,46.7889],[-90.8802,46.7924],[-90.8787,46.7926],[-90.8787,46.7962],[-90.882,46.7969],[-90.8826,46.7995],[-90.8792,46.8003],[-90.8803,46.8024],[-90.8788,46.8033]],[[-90.8732,46.8211],[-90.8756,46.8243],[-90.8732,46.8246],[-90.8732,46.8211]],[[-90.8718,46.8305],[-90.8718,46.8306],[-90.8718,46.8307],[-90.8718,46.8305]],[[-90.8718,46.8312],[-90.8718,46.8313],[-90.8719,46.8313],[-90.8718,46.8312]],[[-90.8916,46.7964],[-90.8908,46.7961],[-90.892,46.7961],[-90.8916,46.7964]]],[[[-90.8705,46.8317],[-90.8705,46.8326],[-90.8731,46.8326],[-90.8705,46.8317]]],[[[-90.8699,46.834],[-90.8699,46.8354],[-90.8731,46.8353],[-90.8731,46.8339],[-90.8699,46.834]]],[[[-90.8721,46.796],[-90.8721,46.796],[-90.8721,46.796],[-90.8721,46.796]]]]},"properties":{"PROP_NAME":"SOUTH SHORE LAKE SUPERIOR FISHERY AREA - PIKES CREEK UNIT","ACRES":1003.4,"PUBLIC_ACCESS":"Open to Hiking, Fishing, Hunting and Trapping","TRANS_TYPE":1}},{"type":"Feature","geometry":{"type":"MultiPolygon","coordinates":[[[[-90.983,46.7068],[-90.983,46.7032],[-90.9883,46.7033],[-90.9884,46.6996],[-90.978,46.6996],[-90.9779,46.7008],[-90.9758,46.6996],[-90.9623,46.6995],[-90.9624,46.6959],[-90.952,46.6958],[-90.9521,46.6922],[-90.9415,46.6921],[-90.9415,46.6957],[-90.9362,46.6956],[-90.9362,46.6992],[-90.931,46.6991],[-90.931,46.7027],[-90.9622,46.7031],[-90.9621,46.7067],[-90.983,46.7068]],[[-90.9773,46.7032],[-90.9768,46.7032],[-90.9778,46.7028],[-90.9773,46.7032]],[[-90.9756,46.7028],[-90.9765,46.7032],[-90.9726,46.7031],[-90.9756,46.7028]]],[[[-90.8887,46.7312],[-90.8964,46.7312],[-90.9008,46.7279],[-90.9007,46.73],[-90.9038,46.7299],[-90.9044,46.7252],[-90.9055,46.7268],[-90.9149,46.7277],[-90.9148,46.7314],[-90.9255,46.7314],[-90.9255,46.7278],[-90.9202,46.7277],[-90.9201,46.7241],[-90.9097,46.7241],[-90.9097,46.7223],[-90.9099,46.7238],[-90.911,46.723],[-90.9101,46.7224],[-90.9203,46.7223],[-90.9203,46.7206],[-90.9256,46.7206],[-90.9256,46.7156],[-90.9308,46.7157],[-90.9308,46.7144],[-90.9251,46.7139],[-90.9257,46.7098],[-90.9361,46.71],[-90.9361,46.7064],[-90.9257,46.7062],[-90.9258,46.7026],[-90.9205,46.7026],[-90.9203,46.717],[-90.9098,46.717],[-90.9098,46.7206],[-90.9045,46.7206],[-90.9044,46.7241],[-90.8992,46.7241],[-90.8991,46.7276],[-90.8835,46.7275],[-90.8836,46.7311],[-90.8887,46.7312]]],[[[-90.9946,46.6702],[-90.9947,46.6744],[-91.0052,46.6743],[-91.0052,46.6701],[-90.9999,46.6702],[-90.9998,46.6666],[-90.9945,46.6666],[-90.9946,46.6702]]],[[[-91.0202,46.719],[-91.0248,46.7208],[-91.025,46.7137],[-91.0145,46.7138],[-91.0144,46.7167],[-91.0196,46.7173],[-91.0202,46.719]]],[[[-90.9535,46.6886],[-90.9535,46.6868],[-90.9561,46.6868],[-90.9561,46.6886],[-90.9574,46.6886],[-90.9577,46.6815],[-90.9524,46.6815],[-90.9523,46.6868],[-90.947,46.6868],[-90.9469,46.6886],[-90.9535,46.6886]]],[[[-90.8828,46.746],[-90.8846,46.7455],[-90.8775,46.7309],[-90.8747,46.7309],[-90.8828,46.746]],[[-90.8773,46.7332],[-90.8771,46.7327],[-90.8768,46.7323],[-90.8773,46.7332]]],[[[-90.9934,46.714],[-90.9933,46.7175],[-90.9986,46.7175],[-90.9986,46.7133],[-90.9934,46.714]]],[[[-90.9867,46.678],[-90.9893,46.6789],[-90.9894,46.6744],[-90.9842,46.6744],[-90.9841,46.678],[-90.9867,46.678]]],[[[-90.9788,46.678],[-90.9736,46.6779],[-90.9735,46.6815],[-90.9787,46.6815],[-90.9788,46.678]]],[[[-90.8836,46.7311],[-90.878,46.7313],[-90.8791,46.7338],[-90.8835,46.7328],[-90.8836,46.7311]]],[[[-90.9919,46.7122],[-90.9934,46.7122],[-90.9934,46.7104],[-90.9881,46.7104],[-90.9881,46.7122],[-90.9919,46.7122]]],[[[-91.0248,46.7208],[-91.0196,46.7188],[-91.0196,46.7209],[-91.0248,46.7208]]],[[[-90.8834,46.7419],[-90.8835,46.7395],[-90.8817,46.7395],[-90.8834,46.7419]]],[[[-90.9522,46.6886],[-90.9494,46.6886],[-90.9495,46.6895],[-90.9522,46.6886]]]]},"properties":{"PROP_NAME":"SOUTH SHORE LAKE SUPERIOR FISHERY AREA - SIOUX RIVER UNIT","ACRES":2265.46,"PUBLIC_ACCESS":"Open to Hiking, Fishing, Hunting and Trapping","TRANS_TYPE":1}},{"type":"Feature","geometry":{"type":"MultiPolygon","coordinates":[[[[-91.9042,45.8209],[-91.9065,45.8217],[-91.9081,45.817],[-91.8954,45.8177],[-91.8975,45.8185],[-91.8964,45.8199],[-91.8976,45.8217],[-91.9042,45.8209]]],[[[-91.8981,45.8251],[-91.8982,45.8218],[-91.8937,45.8238],[-91.8943,45.8251],[-91.8981,45.8251]]]]},"properties":{"PROP_NAME":"GOV. TOMMY G. THOMPSON HATCHERY","ACRES":118.29,"PUBLIC_ACCESS":"Open to Hiking, Fishing, Hunting and Trapping","TRANS_TYPE":1}},{"type":"Feature","geometry":{"type":"Polygon","coordinates":[[[-92.1597,45.8304],[-92.1635,45.8304],[-92.1647,45.8245],[-92.1596,45.8216],[-92.1594,45.816],[-92.1597,45.8304]]]},"properties":{"PROP_NAME":"SPRING CREEK FISHERY AREA","ACRES":71.89,"PUBLIC_ACCESS":"Open to Hiking, Fishing, Hunting and Trapping","TRANS_TYPE":1}},{"type":"Feature","geometry":{"type":"Polygon","coordinates":[[[-89.6157,45.2645],[-89.6208,45.2646],[-89.6209,45.2573],[-89.6054,45.2573],[-89.6054,45.2609],[-89.6002,45.2609],[-89.6003,45.2645],[-89.6157,45.2645],[-89.6157,45.2609],[-89.6106,45.2609],[-89.6157,45.2609],[-89.6157,45.2645]],[[-89.6026,45.2645],[-89.6019,45.2645],[-89.6018,45.2632],[-89.6026,45.2645]]]},"properties":{"PROP_NAME":"SPRING LAKE FISHERY AREA","ACRES":279.23,"PUBLIC_ACCESS":"Open to Hiking, Fishing, Hunting and Trapping","TRANS_TYPE":1}},{"type":"Feature","geometry":{"type":"MultiPolygon","coordinates":[[[[-92.6462,45.4067],[-92.6467,45.408],[-92.6467,45.4066],[-92.6462,45.4067]]],[[[-92.6462,45.4062],[-92.6467,45.4065],[-92.6467,45.4061],[-92.6462,45.4062]]],[[[-92.6454,45.4067],[-92.646,45.4067],[-92.646,45.4066],[-92.6454,45.4067]]],[[[-92.6449,45.4074],[-92.6449,45.4082],[-92.646,45.4082],[-92.6449,45.4074]]],[[[-92.6449,45.4084],[-92.646,45.4086],[-92.646,45.4083],[-92.6449,45.4084]]]]},"properties":{"PROP_NAME":"ST CROIX FALLS HATCHERY","ACRES":4.33,"PUBLIC_ACCESS":"Open to Hiking, Fishing, Hunting and Trapping","TRANS_TYPE":1}},{"type":"Feature","geometry":{"type":"MultiPolygon","coordinates":[[[[-89.7914,45.6451],[-89.7958,45.6451],[-89.7959,45.6389],[-89.794,45.642],[-89.7952,45.6426],[-89.7914,45.6437],[-89.7914,45.6451]]],[[[-89.7844,45.6299],[-89.7866,45.631],[-89.7866,45.628],[-89.7815,45.628],[-89.7814,45.6303],[-89.7844,45.6299]]]]},"properties":{"PROP_NAME":"SWAMP LAKE PUBLIC ACCESS","ACRES":56.370000000000005,"PUBLIC_ACCESS":"Open to Hiking, Fishing, Hunting and Trapping","TRANS_TYPE":1}},{"type":"Feature","geometry":{"type":"Polygon","coordinates":[[[-89.3156,46.0728],[-89.3205,46.0742],[-89.3204,46.0763],[-89.3256,46.0762],[-89.3257,46.0691],[-89.3101,46.0691],[-89.3101,46.0727],[-89.3156,46.0728]]]},"properties":{"PROP_NAME":"TAMARACK REARING STATION","ACRES":169.82,"PUBLIC_ACCESS":"Open to Hiking, Fishing, Hunting and Trapping","TRANS_TYPE":1}},{"type":"Feature","geometry":{"type":"MultiPolygon","coordinates":[[[[-90.9487,44.3606],[-90.9609,44.3607],[-90.9487,44.3541],[-90.9235,44.3459],[-90.9235,44.3496],[-90.9285,44.3496],[-90.9295,44.3545],[-90.9281,44.3548],[-90.93,44.3569],[-90.9487,44.357],[-90.9487,44.3588],[-90.9538,44.3588],[-90.9487,44.359],[-90.9487,44.3606]]],[[[-90.9588,44.3589],[-90.9639,44.3607],[-90.9626,44.358],[-90.9557,44.357],[-90.9588,44.3589]]],[[[-90.9642,44.3616],[-90.9659,44.3629],[-90.966,44.3616],[-90.9642,44.3616]]],[[[-90.9691,44.3627],[-90.9691,44.3644],[-90.9736,44.3645],[-90.9691,44.3627]]],[[[-91.0032,44.3854],[-91.0046,44.3855],[-90.9948,44.3821],[-90.9948,44.3791],[-90.9897,44.3792],[-90.9999,44.3854],[-91.0032,44.3854]]]]},"properties":{"PROP_NAME":"TANK CREEK FISHERY AREA","ACRES":502.84000000000003,"PUBLIC_ACCESS":"Open to Hiking, Fishing, Hunting and Trapping","TRANS_TYPE":1}},{"type":"Feature","geometry":{"type":"Polygon","coordinates":[[[-88.2774,45.2879],[-88.2851,45.288],[-88.2852,45.2847],[-88.2878,45.2848],[-88.288,45.2812],[-88.2775,45.2809],[-88.2774,45.2879]]]},"properties":{"PROP_NAME":"THUNDER RIVER REARING STATION","ACRES":135.51,"PUBLIC_ACCESS":"Open to Hiking, Fishing, Hunting and Trapping","TRANS_TYPE":1}},{"type":"Feature","geometry":{"type":"Polygon","coordinates":[[[-89.2935,43.1966],[-89.2935,43.1949],[-89.2925,43.1946],[-89.2935,43.1966]]]},"properties":{"PROP_NAME":"TOKEN CREEK REARING STATION","ACRES":4.61,"PUBLIC_ACCESS":"Open to Hiking, Fishing, Hunting and Trapping","TRANS_TYPE":1}},{"type":"Feature","geometry":{"type":"MultiPolygon","coordinates":[[[[-89.9708,43.0819],[-89.9787,43.0807],[-89.976,43.0777],[-89.9775,43.0727],[-89.9757,43.0749],[-89.9757,43.0718],[-89.978,43.0727],[-89.9807,43.0671],[-89.9627,43.0687],[-89.961,43.0674],[-89.961,43.0639],[-89.9561,43.0639],[-89.9561,43.0602],[-89.9514,43.0602],[-89.9487,43.0577],[-89.9487,43.053],[-89.9561,43.053],[-89.9561,43.0458],[-89.9434,43.0458],[-89.947,43.0587],[-89.9561,43.0671],[-89.9561,43.0745],[-89.9659,43.0747],[-89.9659,43.0783],[-89.9708,43.0783],[-89.9708,43.0819]],[[-89.974,43.0808],[-89.9731,43.0812],[-89.973,43.0807],[-89.974,43.0808]],[[-89.9659,43.072],[-89.9644,43.0712],[-89.9659,43.0712],[-89.9659,43.072]]],[[[-89.9237,43.0241],[-89.9283,43.0277],[-89.9325,43.0277],[-89.9334,43.0314],[-89.9375,43.0314],[-89.9375,43.0241],[-89.9237,43.0241]]]]},"properties":{"PROP_NAME":"TROUT CREEK FISHERY AREA-IOWA","ACRES":953.02,"PUBLIC_ACCESS":"Open to Hiking, Fishing, Hunting and Trapping","TRANS_TYPE":1}},{"type":"Feature","geometry":{"type":"Polygon","coordinates":[[[-89.2091,44.5221],[-89.2041,44.522],[-89.204,44.5256],[-89.2099,44.5252],[-89.2091,44.5221]]]},"properties":{"PROP_NAME":"TROUT-NACE CREEK FISHERY AREA","ACRES":45.45,"PUBLIC_ACCESS":"Open to Hiking, Fishing, Hunting and Trapping","TRANS_TYPE":1}},{"type":"Feature","geometry":{"type":"Polygon","coordinates":[[[-92.0586,45.3204],[-92.0587,45.3168],[-92.0536,45.3168],[-92.0536,45.3204],[-92.0586,45.3204]]]},"properties":{"PROP_NAME":"TURTLE CREEK FISHERY AREA","ACRES":39.17,"PUBLIC_ACCESS":"Open to Hiking, Fishing, Hunting and Trapping","TRANS_TYPE":1}},{"type":"Feature","geometry":{"type":"MultiPolygon","coordinates":[[[[-89.6427,43.8362],[-89.6379,43.8325],[-89.6379,43.8253],[-89.6329,43.8242],[-89.6329,43.8325],[-89.6354,43.8325],[-89.6354,43.8362],[-89.6427,43.8362]],[[-89.6335,43.8262],[-89.633,43.8253],[-89.6335,43.8253],[-89.6335,43.8262]]],[[[-89.6039,43.79],[-89.6061,43.7906],[-89.6062,43.79],[-89.6039,43.79]]],[[[-89.6036,43.7922],[-89.6047,43.7922],[-89.6036,43.7915],[-89.6036,43.7922]]],[[[-89.6062,43.7928],[-89.6099,43.7958],[-89.615,43.7958],[-89.615,43.7923],[-89.6178,43.7923],[-89.618,43.7897],[-89.6121,43.7916],[-89.6116,43.7899],[-89.6036,43.7908],[-89.5986,43.7891],[-89.6062,43.7928]]],[[[-89.6182,43.7994],[-89.6174,43.802],[-89.6185,43.803],[-89.6186,43.7994],[-89.6236,43.7994],[-89.6237,43.7974],[-89.6187,43.7958],[-89.6182,43.7994]]],[[[-89.6436,43.8148],[-89.6481,43.8148],[-89.6488,43.8133],[-89.6383,43.8123],[-89.6383,43.8104],[-89.6308,43.8103],[-89.6332,43.8142],[-89.6382,43.8131],[-89.6436,43.8148]],[[-89.6457,43.8143],[-89.6436,43.814],[-89.6457,43.814],[-89.6457,43.8143]]]]},"properties":{"PROP_NAME":"UPPER NEENAH FISHERY AREA","ACRES":369.57,"PUBLIC_ACCESS":"Open to Hiking, Fishing, Hunting and Trapping","TRANS_TYPE":1}},{"type":"Feature","geometry":{"type":"MultiPolygon","coordinates":[[[[-88.7284,45.1645],[-88.7294,45.1663],[-88.7294,45.1645],[-88.7332,45.1645],[-88.7334,45.1609],[-88.7281,45.1608],[-88.7283,45.1536],[-88.7336,45.1536],[-88.7337,45.15],[-88.7389,45.15],[-88.739,45.1464],[-88.7338,45.1464],[-88.7339,45.1392],[-88.7313,45.1391],[-88.7315,45.1319],[-88.7239,45.1318],[-88.7239,45.1282],[-88.7124,45.1282],[-88.7122,45.1246],[-88.7122,45.1275],[-88.7034,45.1282],[-88.7033,45.1311],[-88.6955,45.132],[-88.6937,45.139],[-88.703,45.139],[-88.7031,45.1354],[-88.7134,45.1354],[-88.7133,45.1391],[-88.7236,45.1391],[-88.7235,45.1427],[-88.7287,45.1428],[-88.7286,45.1464],[-88.713,45.1463],[-88.7125,45.1644],[-88.7228,45.1645],[-88.7225,45.1755],[-88.7369,45.1754],[-88.7368,45.1805],[-88.7348,45.1827],[-88.736,45.1827],[-88.7376,45.1815],[-88.7373,45.1791],[-88.7405,45.179],[-88.7406,45.1774],[-88.7379,45.1774],[-88.7383,45.1682],[-88.7279,45.1681],[-88.728,45.1645],[-88.7234,45.1608],[-88.7284,45.1645]],[[-88.7115,45.1282],[-88.7091,45.1282],[-88.7103,45.128],[-88.7115,45.1282]],[[-88.7246,45.1631],[-88.7235,45.1631],[-88.724,45.1627],[-88.7246,45.1631]]],[[[-89.0196,45.3655],[-89.0193,45.3668],[-89.0167,45.3667],[-89.017,45.3655],[-89.0158,45.3682],[-89.0143,45.3681],[-89.0135,45.3786],[-89.0398,45.3777],[-89.0393,45.386],[-89.0497,45.3855],[-89.0497,45.3819],[-89.055,45.3821],[-89.055,45.3855],[-89.0597,45.3828],[-89.0625,45.386],[-89.076,45.3865],[-89.0761,45.3829],[-89.0707,45.3826],[-89.0711,45.3758],[-89.0763,45.376],[-89.0764,45.3723],[-89.0667,45.3719],[-89.0625,45.3754],[-89.0498,45.3749],[-89.0498,45.3713],[-89.0338,45.3712],[-89.0326,45.364],[-89.0336,45.3626],[-89.0292,45.3639],[-89.0336,45.3624],[-89.0337,45.3567],[-89.0286,45.3566],[-89.0285,45.3639],[-89.0197,45.364],[-89.0195,45.3604],[-89.0142,45.3604],[-89.0143,45.3621],[-89.0169,45.3622],[-89.0196,45.3655]],[[-89.0159,45.3683],[-89.0159,45.3683],[-89.0159,45.3683],[-89.0159,45.3683]],[[-89.0171,45.3712],[-89.0168,45.3712],[-89.0173,45.3712],[-89.0171,45.3712]],[[-89.0298,45.3722],[-89.0286,45.3714],[-89.0297,45.3714],[-89.0298,45.3722]],[[-89.0288,45.3775],[-89.0265,45.3775],[-89.0265,45.3769],[-89.0288,45.3775]],[[-89.0191,45.3712],[-89.0188,45.375],[-89.0185,45.3749],[-89.0191,45.3712]],[[-89.0213,45.3711],[-89.0277,45.3711],[-89.0245,45.3711],[-89.0238,45.375],[-89.022,45.375],[-89.0229,45.3735],[-89.0213,45.3711]]],[[[-88.8185,45.2741],[-88.8245,45.2765],[-88.8406,45.2764],[-88.8339,45.2733],[-88.8426,45.2764],[-88.8311,45.2704],[-88.8236,45.2689],[-88.8236,45.2639],[-88.8133,45.2621],[-88.8133,45.265],[-88.8091,45.264],[-88.8106,45.261],[-88.8088,45.2549],[-88.8031,45.2549],[-88.8031,45.2615],[-88.8127,45.2709],[-88.8185,45.2741]],[[-88.8084,45.2576],[-88.8082,45.2577],[-88.8083,45.2574],[-88.8084,45.2576]],[[-88.8123,45.2655],[-88.8093,45.2657],[-88.8082,45.2646],[-88.8123,45.2655]],[[-88.8304,45.2711],[-88.8329,45.2728],[-88.8236,45.2698],[-88.8304,45.2711]],[[-88.8088,45.2582],[-88.8094,45.261],[-88.8082,45.2634],[-88.8088,45.2582]]],[[[-88.7955,45.2314],[-88.7981,45.2259],[-88.8044,45.2229],[-88.8044,45.2199],[-88.8009,45.2182],[-88.7922,45.2188],[-88.7756,45.2081],[-88.7675,45.2104],[-88.7597,45.2102],[-88.7597,45.2083],[-88.7656,45.2047],[-88.7658,45.2007],[-88.7729,45.2006],[-88.7666,45.197],[-88.7631,45.1922],[-88.7629,45.1971],[-88.761,45.1993],[-88.7628,45.1992],[-88.7637,45.2036],[-88.7582,45.2077],[-88.7587,45.2102],[-88.7642,45.2118],[-88.7719,45.209],[-88.7762,45.2091],[-88.7842,45.2155],[-88.7901,45.218],[-88.7931,45.2224],[-88.7897,45.2182],[-88.7837,45.216],[-88.7754,45.2095],[-88.7654,45.2123],[-88.7591,45.2118],[-88.7578,45.2072],[-88.7625,45.2047],[-88.7626,45.2032],[-88.7561,45.2032],[-88.757,45.2125],[-88.7622,45.2156],[-88.7622,45.2134],[-88.7674,45.2134],[-88.7745,45.2102],[-88.783,45.2171],[-88.7893,45.2188],[-88.7905,45.2224],[-88.7943,45.2241],[-88.7943,45.226],[-88.7885,45.2335],[-88.7945,45.2288],[-88.7964,45.2246],[-88.8034,45.2222],[-88.7963,45.2255],[-88.7949,45.2298],[-88.7904,45.2333],[-88.7955,45.2314]]],[[[-88.8658,45.3245],[-88.8604,45.3245],[-88.8596,45.3346],[-88.8661,45.3356],[-88.874,45.339],[-88.8807,45.3377],[-88.8809,45.3347],[-88.8715,45.3351],[-88.8707,45.3279],[-88.8671,45.3281],[-88.8706,45.3227],[-88.8826,45.3167],[-88.8823,45.3137],[-88.8852,45.313],[-88.8851,45.3095],[-88.8821,45.3096],[-88.8811,45.3166],[-88.8802,45.3132],[-88.876,45.3133],[-88.8801,45.3112],[-88.88,45.3096],[-88.875,45.3097],[-88.8753,45.318],[-88.88,45.3168],[-88.8777,45.3189],[-88.8723,45.3174],[-88.8731,45.3206],[-88.8683,45.3234],[-88.8658,45.3281],[-88.8674,45.3236],[-88.8715,45.3207],[-88.8653,45.321],[-88.8658,45.3245]],[[-88.8778,45.3151],[-88.8773,45.3156],[-88.8764,45.315],[-88.8778,45.3151]]],[[[-88.777,45.2624],[-88.7719,45.2624],[-88.7668,45.266],[-88.7666,45.2733],[-88.7717,45.2732],[-88.7718,45.2696],[-88.7818,45.2695],[-88.7821,45.255],[-88.7872,45.255],[-88.7874,45.2479],[-88.7823,45.2479],[-88.7822,45.2514],[-88.7771,45.2514],[-88.7771,45.2551],[-88.7751,45.2553],[-88.7771,45.2553],[-88.777,45.2624]]],[[[-89.134,45.4052],[-89.1449,45.405],[-89.1447,45.4014],[-89.1502,45.4013],[-89.1501,45.3943],[-89.1281,45.3944],[-89.1285,45.4016],[-89.131,45.4016],[-89.1312,45.4052],[-89.134,45.4052]]],[[[-89.0088,45.3639],[-89.0089,45.3603],[-89.0187,45.3603],[-89.0187,45.3567],[-89.0089,45.3567],[-89.0089,45.3494],[-88.9985,45.3496],[-88.9991,45.3532],[-88.9879,45.3536],[-88.9904,45.3535],[-88.9932,45.3568],[-89.0037,45.3567],[-89.0036,45.3639],[-89.0088,45.3639]]],[[[-88.6827,45.1336],[-88.685,45.134],[-88.6851,45.1321],[-88.6828,45.1315],[-88.6829,45.1245],[-88.6665,45.1246],[-88.6644,45.126],[-88.6646,45.1246],[-88.6627,45.1246],[-88.6642,45.1222],[-88.6625,45.1247],[-88.6635,45.1279],[-88.6704,45.1317],[-88.6765,45.1317],[-88.6764,45.1353],[-88.6827,45.1353],[-88.6827,45.1336]]],[[[-88.9881,45.3499],[-88.9882,45.3462],[-88.9831,45.3461],[-88.9831,45.3424],[-88.978,45.3423],[-88.978,45.3386],[-88.9677,45.3383],[-88.9679,45.3456],[-88.973,45.3458],[-88.973,45.3493],[-88.9881,45.3499]]],[[[-89.0486,45.4182],[-89.0485,45.4216],[-89.0538,45.4217],[-89.0535,45.429],[-89.0641,45.4295],[-89.0644,45.4221],[-89.0564,45.4218],[-89.0565,45.415],[-89.0487,45.4148],[-89.0486,45.4182]]],[[[-88.9208,45.3387],[-88.9198,45.334],[-88.9196,45.3356],[-88.9156,45.335],[-88.9157,45.3313],[-88.9081,45.3311],[-88.9075,45.3362],[-88.9055,45.3362],[-88.9056,45.3381],[-88.9102,45.3377],[-88.9105,45.3351],[-88.9106,45.3384],[-88.9208,45.3387]]],[[[-88.7575,45.1987],[-88.7602,45.1971],[-88.7604,45.1935],[-88.7529,45.1924],[-88.7531,45.1901],[-88.7524,45.1935],[-88.7473,45.1931],[-88.7472,45.1943],[-88.7523,45.1971],[-88.7522,45.1996],[-88.7575,45.1987]]],[[[-88.7713,45.2824],[-88.7712,45.2877],[-88.7763,45.2876],[-88.7764,45.2804],[-88.7714,45.2804],[-88.7713,45.2824]]],[[[-88.7843,45.3059],[-88.7815,45.3059],[-88.7815,45.313],[-88.7867,45.313],[-88.7866,45.3058],[-88.7843,45.3059]]],[[[-88.9525,45.3278],[-88.9572,45.3291],[-88.9575,45.3313],[-88.9575,45.3292],[-88.9547,45.3278],[-88.9574,45.3277],[-88.9572,45.3241],[-88.9473,45.3242],[-88.9476,45.3278],[-88.9525,45.3278]]],[[[-89.044,45.394],[-89.0389,45.394],[-89.0388,45.3974],[-89.0492,45.3975],[-89.0493,45.394],[-89.044,45.394]]],[[[-88.8032,45.2516],[-88.8083,45.2514],[-88.8074,45.2443],[-88.8032,45.2371],[-88.8067,45.2478],[-88.8032,45.2488],[-88.8032,45.2516]]],[[[-88.8581,45.2905],[-88.8614,45.2933],[-88.86,45.2989],[-88.8612,45.299],[-88.8626,45.2933],[-88.8603,45.2906],[-88.845,45.2879],[-88.8411,45.2888],[-88.8398,45.2873],[-88.8409,45.2896],[-88.8447,45.2887],[-88.8581,45.2905]]],[[[-88.7925,45.2368],[-88.7936,45.2378],[-88.7925,45.2393],[-88.7965,45.2396],[-88.7973,45.2332],[-88.7925,45.2332],[-88.7925,45.2368]]],[[[-88.94,45.3104],[-88.9371,45.3119],[-88.9371,45.3158],[-88.9423,45.3158],[-88.9423,45.3104],[-88.94,45.3104]]],[[[-88.6667,45.1209],[-88.6718,45.121],[-88.6719,45.1174],[-88.6634,45.1174],[-88.6667,45.1209]],[[-88.6674,45.12],[-88.6674,45.1208],[-88.6667,45.1198],[-88.6674,45.12]]],[[[-88.8563,45.3027],[-88.8553,45.3064],[-88.8581,45.3077],[-88.8592,45.307],[-88.8573,45.3063],[-88.8573,45.3027],[-88.8597,45.3027],[-88.8611,45.2937],[-88.8577,45.2908],[-88.8543,45.2909],[-88.8576,45.2917],[-88.8566,45.2917],[-88.8597,45.2953],[-88.8593,45.299],[-88.8563,45.3027]],[[-88.8598,45.2934],[-88.8596,45.2935],[-88.8596,45.2932],[-88.8598,45.2934]]],[[[-88.7977,45.2332],[-88.7973,45.2368],[-88.8032,45.2367],[-88.8032,45.2331],[-88.7977,45.2332]]],[[[-88.932,45.3352],[-88.9319,45.3316],[-88.9264,45.3316],[-88.9264,45.3352],[-88.932,45.3352]]],[[[-88.9476,45.3278],[-88.9424,45.3279],[-88.9427,45.3315],[-88.948,45.3314],[-88.9476,45.3278]]],[[[-88.865,45.3136],[-88.86,45.3136],[-88.8601,45.3173],[-88.8652,45.3173],[-88.865,45.3136]]],[[[-89.128,45.3907],[-89.1279,45.3871],[-89.1228,45.3872],[-89.1229,45.3908],[-89.128,45.3907]]],[[[-89.0482,45.4288],[-89.0483,45.4252],[-89.0434,45.4252],[-89.0433,45.4288],[-89.0482,45.4288]]],[[[-88.8413,45.2912],[-88.854,45.2909],[-88.8403,45.29],[-88.839,45.2862],[-88.8386,45.2883],[-88.8413,45.2912]]],[[[-88.7325,45.1866],[-88.734,45.1899],[-88.737,45.189],[-88.7372,45.1863],[-88.7327,45.1854],[-88.7325,45.1866]]],[[[-88.9209,45.3291],[-88.9227,45.3291],[-88.9227,45.3279],[-88.9174,45.3277],[-88.9173,45.3314],[-88.9208,45.3315],[-88.9209,45.3291]]],[[[-88.865,45.3136],[-88.8623,45.3129],[-88.8619,45.3111],[-88.8637,45.3112],[-88.8598,45.3081],[-88.8615,45.31],[-88.8599,45.31],[-88.86,45.3131],[-88.865,45.3136]]],[[[-89.0306,45.3874],[-89.0291,45.3902],[-89.0338,45.3902],[-89.0338,45.3873],[-89.0306,45.3874]]],[[[-88.8808,45.3386],[-88.8776,45.3384],[-88.8782,45.342],[-88.8807,45.3419],[-88.8808,45.3386]]],[[[-88.7937,45.2423],[-88.7924,45.2441],[-88.796,45.244],[-88.7964,45.2408],[-88.7937,45.2423]]],[[[-88.8031,45.2657],[-88.8068,45.2657],[-88.8031,45.262],[-88.8031,45.2657]]],[[[-88.859,45.2953],[-88.8569,45.301],[-88.8533,45.3043],[-88.8581,45.3005],[-88.859,45.2953]]],[[[-88.736,45.1929],[-88.7433,45.1913],[-88.7337,45.1912],[-88.736,45.1929]]],[[[-88.804,45.2437],[-88.8052,45.2434],[-88.8032,45.2397],[-88.804,45.2437]]],[[[-88.8975,45.3372],[-88.9008,45.3382],[-88.8959,45.3356],[-88.8975,45.3372]]],[[[-88.8976,45.3387],[-88.9008,45.3394],[-88.8959,45.3372],[-88.8976,45.3387]]],[[[-88.7459,45.1899],[-88.7453,45.1919],[-88.7472,45.1922],[-88.7474,45.1899],[-88.7459,45.1899]]],[[[-88.804,45.2443],[-88.8032,45.246],[-88.8049,45.246],[-88.8057,45.2445],[-88.804,45.2443]]],[[[-88.8543,45.2917],[-88.8559,45.2917],[-88.8492,45.2913],[-88.8543,45.2917]]],[[[-88.8651,45.3154],[-88.8676,45.314],[-88.865,45.3136],[-88.8651,45.3154]]],[[[-88.8562,45.3027],[-88.8534,45.3044],[-88.8547,45.307],[-88.8562,45.3027]]],[[[-88.7353,45.1784],[-88.7353,45.1764],[-88.7334,45.1764],[-88.7334,45.178],[-88.7353,45.1784]]],[[[-88.7317,45.1841],[-88.7316,45.1873],[-88.7323,45.183],[-88.7312,45.183],[-88.7317,45.1841]]],[[[-88.7878,45.2347],[-88.7886,45.2365],[-88.7901,45.2362],[-88.7887,45.2352],[-88.7893,45.2335],[-88.7878,45.2347]]],[[[-88.6616,45.121],[-88.6632,45.1231],[-88.6638,45.1219],[-88.6616,45.121]]],[[[-88.8687,45.3163],[-88.8702,45.3157],[-88.8667,45.3157],[-88.8687,45.3163]]],[[[-88.7381,45.1904],[-88.7374,45.1911],[-88.741,45.19],[-88.7381,45.1904]]],[[[-88.8386,45.286],[-88.8374,45.2878],[-88.839,45.2897],[-88.8386,45.286]]],[[[-88.7968,45.2404],[-88.7965,45.2429],[-88.7975,45.2426],[-88.7968,45.2404]]],[[[-88.7338,45.1817],[-88.7325,45.1827],[-88.7342,45.1827],[-88.7338,45.1817]]],[[[-88.806,45.2481],[-88.8032,45.2474],[-88.8035,45.2481],[-88.806,45.2481]]],[[[-88.7352,45.1909],[-88.737,45.1912],[-88.737,45.19],[-88.7352,45.1909]]],[[[-88.8625,45.3118],[-88.8627,45.3124],[-88.865,45.3124],[-88.8625,45.3118]]],[[[-88.7336,45.184],[-88.7334,45.1849],[-88.7353,45.184],[-88.7336,45.184]]],[[[-88.867,45.3151],[-88.8699,45.3152],[-88.8701,45.3147],[-88.867,45.3151]]],[[[-88.7358,45.1798],[-88.7358,45.1813],[-88.7363,45.1802],[-88.7358,45.1798]]],[[[-89.0158,45.3659],[-89.0171,45.3646],[-89.0153,45.3653],[-89.0158,45.3659]]],[[[-88.7646,45.1934],[-88.766,45.1964],[-88.7671,45.197],[-88.7646,45.1934]]],[[[-88.7479,45.1923],[-88.7486,45.1917],[-88.7474,45.1914],[-88.7479,45.1923]]],[[[-88.8701,45.3145],[-88.8701,45.314],[-88.8684,45.314],[-88.8701,45.3145]]],[[[-88.7346,45.1831],[-88.7344,45.1837],[-88.7359,45.1831],[-88.7346,45.1831]]],[[[-88.7454,45.193],[-88.7458,45.1926],[-88.7448,45.1921],[-88.7454,45.193]]],[[[-88.8918,45.3345],[-88.8922,45.3354],[-88.8926,45.3345],[-88.8918,45.3345]]],[[[-88.6655,45.1234],[-88.6645,45.1238],[-88.6653,45.1241],[-88.6655,45.1234]]],[[[-89.0216,45.3727],[-89.0219,45.3712],[-89.0215,45.3712],[-89.0216,45.3727]]],[[[-88.8514,45.2903],[-88.8529,45.2902],[-88.8508,45.29],[-88.8514,45.2903]]],[[[-89.0153,45.3668],[-89.0144,45.3664],[-89.0144,45.367],[-89.0153,45.3668]]],[[[-88.732,45.1882],[-88.7329,45.1895],[-88.732,45.1875],[-88.732,45.1882]]],[[[-89.0185,45.3647],[-89.0177,45.3641],[-89.0176,45.365],[-89.0185,45.3647]]],[[[-88.7338,45.1812],[-88.7338,45.1815],[-88.735,45.1813],[-88.7338,45.1812]]],[[[-88.6664,45.1225],[-88.6668,45.123],[-88.6672,45.1223],[-88.6664,45.1225]]],[[[-88.859,45.3098],[-88.8598,45.3094],[-88.8585,45.3096],[-88.859,45.3098]]],[[[-88.7398,45.1912],[-88.7413,45.1911],[-88.7394,45.1911],[-88.7398,45.1912]]],[[[-88.8392,45.2881],[-88.8397,45.2878],[-88.839,45.2874],[-88.8392,45.2881]]],[[[-88.7339,45.1798],[-88.7338,45.18],[-88.7353,45.1798],[-88.7339,45.1798]]],[[[-88.7352,45.1912],[-88.7359,45.1917],[-88.7365,45.1916],[-88.7352,45.1912]]],[[[-88.7326,45.1833],[-88.7326,45.1835],[-88.7338,45.1833],[-88.7326,45.1833]]],[[[-88.8856,45.3343],[-88.8844,45.3346],[-88.8857,45.3346],[-88.8856,45.3343]]],[[[-88.74,45.1909],[-88.7413,45.1909],[-88.7407,45.1906],[-88.74,45.1909]]],[[[-88.6667,45.1214],[-88.6673,45.1218],[-88.6674,45.1214],[-88.6667,45.1214]]],[[[-88.7475,45.1925],[-88.7478,45.1928],[-88.7484,45.1928],[-88.7475,45.1925]]],[[[-88.8444,45.289],[-88.8442,45.2891],[-88.8449,45.2892],[-88.8444,45.289]]],[[[-89.0197,45.3647],[-89.0191,45.3648],[-89.0196,45.3655],[-89.0197,45.3647]]],[[[-88.7439,45.1921],[-88.7436,45.1914],[-88.7436,45.1921],[-88.7439,45.1921]]],[[[-88.6651,45.1207],[-88.6657,45.1204],[-88.6652,45.1202],[-88.6651,45.1207]]],[[[-88.6655,45.1208],[-88.6651,45.121],[-88.6661,45.121],[-88.6655,45.1208]]],[[[-88.7326,45.1798],[-88.7325,45.18],[-88.7332,45.1798],[-88.7326,45.1798]]],[[[-88.7415,45.1909],[-88.7421,45.191],[-88.7414,45.1907],[-88.7415,45.1909]]],[[[-88.88,45.3383],[-88.8798,45.3383],[-88.8808,45.3384],[-88.88,45.3383]]],[[[-88.9476,45.3279],[-88.9477,45.3278],[-88.9476,45.3278],[-88.9476,45.3279]]],[[[-88.8034,45.2186],[-88.8035,45.2186],[-88.8035,45.2186],[-88.8034,45.2186]]],[[[-88.8237,45.2765],[-88.8236,45.2764],[-88.8236,45.2765],[-88.8237,45.2765]]],[[[-88.7978,45.2332],[-88.7977,45.2332],[-88.798,45.2332],[-88.7978,45.2332]]]]},"properties":{"PROP_NAME":"UPPER WOLF RIVER FISHERY AREA","ACRES":8941.51,"PUBLIC_ACCESS":"Open to Hiking, Fishing, Hunting and Trapping","TRANS_TYPE":1}},{"type":"Feature","geometry":{"type":"MultiPolygon","coordinates":[[[[-89.1838,44.3811],[-89.1848,44.3749],[-89.1823,44.3798],[-89.1784,44.379],[-89.1784,44.3811],[-89.1838,44.3811]]],[[[-89.113,44.352],[-89.1131,44.3542],[-89.1157,44.3556],[-89.1156,44.352],[-89.113,44.352]]],[[[-89.1163,44.3598],[-89.1169,44.3608],[-89.1188,44.3595],[-89.1133,44.3566],[-89.1133,44.3593],[-89.1171,44.3593],[-89.1163,44.3598]]],[[[-89.0899,44.3665],[-89.0903,44.3663],[-89.0887,44.3658],[-89.0899,44.3665]]],[[[-89.0909,44.3665],[-89.0919,44.3674],[-89.092,44.3664],[-89.0909,44.3665]]],[[[-89.1854,44.374],[-89.1853,44.3749],[-89.1856,44.3739],[-89.1854,44.374]]]]},"properties":{"PROP_NAME":"WAUPACA RIVER FISHERY AREA","ACRES":69.29,"PUBLIC_ACCESS":"Open to Hiking, Fishing, Hunting and Trapping","TRANS_TYPE":1}},{"type":"Feature","geometry":{"type":"MultiPolygon","coordinates":[[[[-91.8118,45.9496],[-91.8047,45.9565],[-91.818,45.9564],[-91.8178,45.9529],[-91.8125,45.9529],[-91.8118,45.9496]]],[[[-91.8131,45.9354],[-91.8146,45.9373],[-91.8137,45.9382],[-91.8158,45.9389],[-91.8131,45.9354]]],[[[-91.8021,45.953],[-91.8014,45.9565],[-91.8042,45.9565],[-91.8116,45.9494],[-91.8072,45.9495],[-91.8072,45.9513],[-91.8021,45.9512],[-91.8021,45.953]]]]},"properties":{"PROP_NAME":"WHALEN CREEK FISHERY AREA","ACRES":174.63,"PUBLIC_ACCESS":"Open to Hiking, Fishing, Hunting and Trapping","TRANS_TYPE":1}},{"type":"Feature","geometry":{"type":"MultiPolygon","coordinates":[[[[-91.2671,46.4697],[-91.27,46.4721],[-91.2703,46.4666],[-91.2687,46.4657],[-91.2714,46.4625],[-91.261,46.4622],[-91.2609,46.4585],[-91.2557,46.4584],[-91.2558,46.4513],[-91.2402,46.451],[-91.2402,46.4438],[-91.2137,46.4436],[-91.2137,46.4416],[-91.2096,46.4413],[-91.214,46.4389],[-91.2102,46.4362],[-91.207,46.4308],[-91.2039,46.4292],[-91.1924,46.4291],[-91.1925,46.4426],[-91.216,46.4503],[-91.2169,46.4489],[-91.2154,46.449],[-91.215,46.4469],[-91.209,46.4457],[-91.2093,46.4442],[-91.2068,46.4438],[-91.2084,46.4435],[-91.2069,46.4437],[-91.2116,46.4466],[-91.2149,46.4466],[-91.2156,46.449],[-91.2185,46.4506],[-91.2218,46.4503],[-91.219,46.4515],[-91.2367,46.459],[-91.2387,46.4582],[-91.2355,46.457],[-91.2348,46.4533],[-91.2401,46.4533],[-91.2401,46.4566],[-91.2423,46.4577],[-91.2495,46.4568],[-91.2495,46.4592],[-91.2401,46.4584],[-91.2401,46.4602],[-91.2485,46.4592],[-91.2541,46.4621],[-91.2506,46.4621],[-91.2507,46.4694],[-91.2671,46.4697]],[[-91.2449,46.4592],[-91.2444,46.4593],[-91.2449,46.4592],[-91.2449,46.4592]],[[-91.2433,46.4596],[-91.2428,46.4597],[-91.2432,46.4596],[-91.2433,46.4596]],[[-91.2425,46.4598],[-91.2417,46.4599],[-91.2415,46.46],[-91.2425,46.4598]],[[-91.2045,46.4436],[-91.2042,46.4442],[-91.2039,46.4435],[-91.2045,46.4436]],[[-91.2008,46.4397],[-91.1996,46.4399],[-91.2003,46.4395],[-91.2008,46.4397]],[[-91.1996,46.4396],[-91.1978,46.4399],[-91.1978,46.4385],[-91.2007,46.4386],[-91.1996,46.4396]]],[[[-91.3132,46.4522],[-91.3132,46.4414],[-91.2715,46.4408],[-91.2713,46.4588],[-91.3131,46.4592],[-91.3132,46.4522]]],[[[-90.94,46.4863],[-90.94,46.488],[-90.9415,46.4878],[-90.9483,46.4857],[-90.9492,46.4836],[-90.9505,46.4852],[-90.9662,46.4846],[-90.9662,46.4816],[-90.9871,46.4815],[-90.9871,46.4787],[-90.9975,46.4787],[-90.9975,46.4751],[-90.9957,46.4751],[-90.9947,46.4728],[-90.9932,46.4747],[-90.986,46.476],[-90.9837,46.4738],[-90.9822,46.4784],[-90.9849,46.479],[-90.9845,46.48],[-90.9797,46.4791],[-90.9771,46.4803],[-90.9767,46.478],[-90.973,46.481],[-90.9718,46.4792],[-90.9689,46.4804],[-90.9669,46.4794],[-90.9661,46.4807],[-90.9639,46.4799],[-90.9634,46.4825],[-90.9635,46.4798],[-90.966,46.4806],[-90.9662,46.4788],[-90.9504,46.4789],[-90.9505,46.4826],[-90.94,46.4826],[-90.94,46.4863]]],[[[-91.217,46.4624],[-91.2295,46.4619],[-91.2295,46.4563],[-91.219,46.4518],[-91.219,46.4581],[-91.2137,46.4581],[-91.2137,46.4654],[-91.217,46.4654],[-91.217,46.4624]]],[[[-90.8684,46.5081],[-90.8677,46.5067],[-90.8708,46.5058],[-90.8728,46.5073],[-90.8742,46.5053],[-90.8805,46.5058],[-90.8783,46.5048],[-90.8782,46.5019],[-90.8647,46.5016],[-90.8647,46.508],[-90.8684,46.5081]]],[[[-90.94,46.4863],[-90.9374,46.4863],[-90.9374,46.4881],[-90.9348,46.4881],[-90.9347,46.4899],[-90.927,46.4899],[-90.927,46.4917],[-90.9244,46.4917],[-90.9244,46.4935],[-90.9296,46.493],[-90.9317,46.4959],[-90.9322,46.4932],[-90.9306,46.4917],[-90.9348,46.4934],[-90.9351,46.4901],[-90.9398,46.4903],[-90.94,46.4863]]],[[[-91.0536,46.4299],[-91.0561,46.4329],[-91.0606,46.4283],[-91.0629,46.4297],[-91.0619,46.428],[-91.0519,46.428],[-91.0514,46.4307],[-91.0536,46.4299]]],[[[-90.8989,46.4997],[-90.901,46.4981],[-90.9087,46.4972],[-90.8982,46.4972],[-90.8989,46.4997]]],[[[-90.8926,46.5032],[-90.8925,46.5057],[-90.8942,46.5057],[-90.8943,46.5021],[-90.8926,46.5032]]]]},"properties":{"PROP_NAME":"WHITE RIVER FISHERY AREA-BAYFIELD","ACRES":4447.150000000001,"PUBLIC_ACCESS":"Open to Hiking, Fishing, Hunting and Trapping","TRANS_TYPE":1}},{"type":"Feature","geometry":{"type":"MultiPolygon","coordinates":[[[[-89.3575,44.0659],[-89.3578,44.0683],[-89.3578,44.0658],[-89.365,44.0657],[-89.3652,44.0581],[-89.3622,44.0567],[-89.3623,44.0551],[-89.3653,44.0551],[-89.3651,44.0519],[-89.353,44.0515],[-89.3529,44.0496],[-89.3505,44.0496],[-89.3504,44.0478],[-89.3479,44.0478],[-89.3479,44.0461],[-89.3386,44.0478],[-89.3382,44.049],[-89.3429,44.0514],[-89.3479,44.0514],[-89.3479,44.055],[-89.353,44.055],[-89.3529,44.0622],[-89.3565,44.0621],[-89.3575,44.0659]]],[[[-89.3441,44.079],[-89.338,44.0767],[-89.3379,44.0828],[-89.34,44.0829],[-89.3401,44.09],[-89.3477,44.0901],[-89.3477,44.0865],[-89.3553,44.0865],[-89.3473,44.0793],[-89.3558,44.0865],[-89.3648,44.0871],[-89.3641,44.0829],[-89.3578,44.0829],[-89.3578,44.0793],[-89.3506,44.0798],[-89.3477,44.0786],[-89.3477,44.0757],[-89.3408,44.0757],[-89.3441,44.079]]],[[[-89.2873,44.0547],[-89.2873,44.0511],[-89.2923,44.0494],[-89.2923,44.0469],[-89.2872,44.044],[-89.2788,44.0439],[-89.2788,44.0413],[-89.2733,44.0404],[-89.2671,44.037],[-89.2671,44.0403],[-89.272,44.0438],[-89.2671,44.0403],[-89.2671,44.0475],[-89.2722,44.0475],[-89.2722,44.0439],[-89.2772,44.0439],[-89.2786,44.045],[-89.2772,44.048],[-89.2849,44.0547],[-89.2873,44.0547]]],[[[-89.2918,44.0939],[-89.2924,44.0903],[-89.2874,44.0901],[-89.2874,44.0794],[-89.2848,44.0811],[-89.2848,44.0793],[-89.2815,44.0793],[-89.2785,44.0829],[-89.2799,44.0829],[-89.2786,44.0854],[-89.2773,44.0855],[-89.2773,44.0829],[-89.2673,44.0829],[-89.2672,44.0864],[-89.2723,44.0865],[-89.2724,44.0902],[-89.2772,44.0902],[-89.2773,44.0866],[-89.2773,44.0902],[-89.2874,44.0902],[-89.2874,44.0939],[-89.2918,44.0939]],[[-89.2761,44.0849],[-89.2745,44.0853],[-89.2747,44.0849],[-89.2761,44.0849]]],[[[-89.2621,44.1064],[-89.2622,44.0974],[-89.2648,44.0975],[-89.2706,44.0902],[-89.2721,44.0902],[-89.2703,44.0865],[-89.2591,44.0859],[-89.2591,44.0829],[-89.2572,44.0829],[-89.2571,44.0974],[-89.2612,44.0974],[-89.2595,44.1047],[-89.2621,44.1064]],[[-89.2672,44.0938],[-89.2672,44.092],[-89.2672,44.092],[-89.2672,44.0938]],[[-89.2622,44.092],[-89.2622,44.0902],[-89.2622,44.0911],[-89.2622,44.092]]],[[[-89.3181,44.0902],[-89.3294,44.09],[-89.3295,44.0827],[-89.3227,44.0828],[-89.3227,44.081],[-89.3177,44.081],[-89.3176,44.0792],[-89.3126,44.0793],[-89.3126,44.0829],[-89.3101,44.0829],[-89.3101,44.0801],[-89.3076,44.0793],[-89.3076,44.083],[-89.3092,44.0847],[-89.3173,44.0877],[-89.3181,44.0902]],[[-89.3201,44.0864],[-89.3176,44.0865],[-89.3226,44.0864],[-89.3201,44.0864]]],[[[-89.3225,44.0296],[-89.3225,44.031],[-89.3175,44.031],[-89.3175,44.0323],[-89.3276,44.0332],[-89.3276,44.0369],[-89.3327,44.0369],[-89.3372,44.0406],[-89.3459,44.0404],[-89.339,44.0404],[-89.339,44.0369],[-89.3365,44.0369],[-89.3364,44.0332],[-89.3326,44.0332],[-89.3326,44.0296],[-89.3301,44.0296],[-89.3301,44.0259],[-89.3276,44.0259],[-89.3276,44.0282],[-89.326,44.0263],[-89.3225,44.0259],[-89.3225,44.0296]]],[[[-89.3327,44.0586],[-89.3378,44.0585],[-89.3378,44.0549],[-89.3325,44.0549],[-89.3325,44.0531],[-89.3276,44.0531],[-89.3276,44.0513],[-89.3175,44.0517],[-89.3187,44.0526],[-89.3176,44.0552],[-89.3225,44.0556],[-89.3226,44.0585],[-89.3276,44.0586],[-89.3276,44.0555],[-89.3276,44.0586],[-89.3327,44.0586]],[[-89.3264,44.0544],[-89.3237,44.0543],[-89.3237,44.0543],[-89.3264,44.0544]],[[-89.3216,44.0535],[-89.3214,44.0533],[-89.3216,44.0533],[-89.3216,44.0535]]],[[[-89.2941,44.0548],[-89.3005,44.0539],[-89.3025,44.0512],[-89.3125,44.0513],[-89.3124,44.0477],[-89.3028,44.0477],[-89.3024,44.0501],[-89.302,44.0477],[-89.2973,44.0476],[-89.2974,44.0512],[-89.2938,44.0521],[-89.2941,44.0548]]],[[[-89.3805,44.0548],[-89.3779,44.0548],[-89.3779,44.053],[-89.3703,44.053],[-89.3703,44.046],[-89.3656,44.0514],[-89.3654,44.0549],[-89.3703,44.0549],[-89.3703,44.0567],[-89.378,44.0572],[-89.3778,44.0584],[-89.3804,44.0584],[-89.3805,44.0548]]],[[[-89.3225,44.0246],[-89.3175,44.0246],[-89.3175,44.0197],[-89.3125,44.0196],[-89.3125,44.0224],[-89.315,44.0223],[-89.3149,44.026],[-89.3225,44.0259],[-89.3225,44.0246]]],[[[-89.3075,44.0115],[-89.3075,44.0152],[-89.3126,44.0151],[-89.3126,44.0115],[-89.3075,44.0115]]],[[[-89.2873,44.0568],[-89.2894,44.0576],[-89.2895,44.0598],[-89.2916,44.0598],[-89.2892,44.0627],[-89.2924,44.062],[-89.2923,44.0584],[-89.29,44.0583],[-89.2916,44.0574],[-89.2894,44.056],[-89.2904,44.0547],[-89.2873,44.0547],[-89.2873,44.0568]]],[[[-89.3677,44.0609],[-89.3711,44.0609],[-89.3732,44.0585],[-89.3654,44.0585],[-89.3654,44.0609],[-89.3675,44.0609],[-89.3675,44.062],[-89.3677,44.0609]]],[[[-89.3804,44.0584],[-89.3804,44.0609],[-89.3854,44.062],[-89.3855,44.0584],[-89.3804,44.0584]]],[[[-89.3394,44.0668],[-89.3389,44.0684],[-89.3427,44.0684],[-89.3428,44.0649],[-89.3377,44.0662],[-89.3394,44.0668]]],[[[-89.3376,44.0658],[-89.3356,44.0655],[-89.3376,44.065],[-89.3376,44.0634],[-89.3338,44.0622],[-89.3337,44.0644],[-89.3376,44.0658]]],[[[-89.3395,44.0702],[-89.341,44.0721],[-89.341,44.0685],[-89.339,44.0685],[-89.3395,44.0702]]],[[[-89.305,44.0736],[-89.3059,44.0721],[-89.3024,44.0721],[-89.3025,44.0735],[-89.305,44.0736]]],[[[-89.2932,44.0492],[-89.2953,44.0476],[-89.2932,44.0473],[-89.2932,44.0492]]],[[[-89.3832,44.0548],[-89.3815,44.0545],[-89.3805,44.0547],[-89.3832,44.0548]]],[[[-89.3225,44.0259],[-89.3225,44.0259],[-89.3225,44.0259],[-89.3225,44.0259]]]]},"properties":{"PROP_NAME":"WHITE RIVER FISHERY AREA-WAUSHARA","ACRES":3456.79,"PUBLIC_ACCESS":"Open to Hiking, Fishing, Hunting and Trapping","TRANS_TYPE":1}},{"type":"Feature","geometry":{"type":"Polygon","coordinates":[[[-89.2472,44.1992],[-89.252,44.1991],[-89.2521,44.1955],[-89.2571,44.1955],[-89.2573,44.1883],[-89.2498,44.1883],[-89.2496,44.1904],[-89.2472,44.1899],[-89.2472,44.1912],[-89.2432,44.1884],[-89.2393,44.192],[-89.2401,44.1934],[-89.2444,44.192],[-89.2444,44.1956],[-89.2466,44.1956],[-89.2471,44.192],[-89.2472,44.1992]]]},"properties":{"PROP_NAME":"WILD ROSE HATCHERY","ACRES":245.18,"PUBLIC_ACCESS":"Open to Hiking, Fishing, Hunting and Trapping","TRANS_TYPE":1}},{"type":"Feature","geometry":{"type":"MultiPolygon","coordinates":[[[[-90.2565,43.3806],[-90.2418,43.3902],[-90.2416,43.3949],[-90.2468,43.3921],[-90.2511,43.3925],[-90.2512,43.3901],[-90.2572,43.386],[-90.258,43.3839],[-90.2624,43.3823],[-90.2632,43.3804],[-90.2665,43.3803],[-90.27,43.3743],[-90.2704,43.369],[-90.2661,43.3694],[-90.267,43.3743],[-90.261,43.3758],[-90.2565,43.3806]],[[-90.2519,43.3882],[-90.2518,43.3881],[-90.2518,43.388],[-90.2519,43.3882]],[[-90.2556,43.3841],[-90.2517,43.3841],[-90.2518,43.3878],[-90.2517,43.3841],[-90.2556,43.3841]]],[[[-90.2316,43.4129],[-90.2407,43.413],[-90.2403,43.4115],[-90.2377,43.411],[-90.2446,43.4058],[-90.2368,43.4057],[-90.2368,43.4113],[-90.2344,43.4127],[-90.2259,43.4105],[-90.228,43.4128],[-90.2316,43.4129]]],[[[-90.2167,43.4562],[-90.2167,43.4574],[-90.2217,43.4526],[-90.2167,43.4526],[-90.2167,43.4562]]],[[[-90.2067,43.4567],[-90.2142,43.4583],[-90.2142,43.4562],[-90.2067,43.4567]]],[[[-90.2857,43.3413],[-90.2852,43.3412],[-90.2851,43.3417],[-90.2857,43.3413]]]]},"properties":{"PROP_NAME":"WILLOW CREEK FISHERY AREA - RICHLAND AND SAUK CO","ACRES":528.57,"PUBLIC_ACCESS":"Open to Hiking, Fishing, Hunting and Trapping","TRANS_TYPE":1}},{"type":"Feature","geometry":{"type":"MultiPolygon","coordinates":[[[[-89.2531,44.163],[-89.2549,44.1558],[-89.2522,44.1558],[-89.2522,44.1594],[-89.2472,44.1594],[-89.2472,44.163],[-89.2434,44.163],[-89.2399,44.1627],[-89.2391,44.1558],[-89.2391,44.1594],[-89.2341,44.1594],[-89.2341,44.163],[-89.2303,44.163],[-89.2291,44.1655],[-89.224,44.1655],[-89.224,44.163],[-89.214,44.163],[-89.214,44.1594],[-89.209,44.1594],[-89.2091,44.163],[-89.214,44.1648],[-89.2147,44.1689],[-89.2154,44.1666],[-89.2242,44.1666],[-89.2242,44.1684],[-89.2285,44.1693],[-89.2291,44.1666],[-89.2426,44.1666],[-89.2426,44.168],[-89.2468,44.168],[-89.2468,44.1666],[-89.2523,44.1666],[-89.2523,44.163],[-89.2523,44.1666],[-89.2531,44.163]]],[[[-89.1939,44.152],[-89.1939,44.1339],[-89.1889,44.1339],[-89.1889,44.1303],[-89.1839,44.1303],[-89.1839,44.1411],[-89.1789,44.143],[-89.1788,44.1484],[-89.1889,44.1483],[-89.1888,44.1519],[-89.1939,44.152]]],[[[-89.1309,44.0961],[-89.1327,44.0979],[-89.1388,44.0979],[-89.1388,44.0946],[-89.1439,44.0953],[-89.1438,44.0871],[-89.1538,44.0871],[-89.1538,44.0854],[-89.1464,44.0835],[-89.1496,44.0761],[-89.1424,44.0726],[-89.1418,44.0799],[-89.1437,44.0799],[-89.1437,44.0835],[-89.1458,44.0835],[-89.1455,44.0847],[-89.1396,44.0857],[-89.1388,44.0871],[-89.1413,44.0871],[-89.1413,44.0907],[-89.1337,44.0907],[-89.1337,44.0943],[-89.1286,44.0943],[-89.1309,44.0961]]],[[[-89.0719,44.0889],[-89.0693,44.0763],[-89.0643,44.0745],[-89.0643,44.0763],[-89.0618,44.0763],[-89.0618,44.0816],[-89.0643,44.0816],[-89.0644,44.0907],[-89.0619,44.0907],[-89.062,44.0944],[-89.067,44.0944],[-89.0669,44.0908],[-89.0716,44.0908],[-89.0719,44.0889]]],[[[-89.1487,44.069],[-89.149,44.0589],[-89.1486,44.0625],[-89.1286,44.0626],[-89.1286,44.0662],[-89.1474,44.0662],[-89.1486,44.0681],[-89.1471,44.069],[-89.1487,44.069]]],[[[-89.0969,44.0489],[-89.0995,44.0476],[-89.0962,44.0472],[-89.0965,44.0447],[-89.0936,44.0462],[-89.0942,44.0437],[-89.0918,44.0437],[-89.0918,44.0466],[-89.0868,44.0466],[-89.0869,44.0502],[-89.0919,44.0493],[-89.0919,44.052],[-89.0969,44.052],[-89.0969,44.0489]]],[[[-89.0663,44.0483],[-89.0642,44.0483],[-89.0642,44.0501],[-89.0667,44.0501],[-89.0667,44.0483],[-89.0768,44.0484],[-89.0767,44.0466],[-89.0667,44.0465],[-89.0666,44.043],[-89.0616,44.043],[-89.0577,44.0478],[-89.0663,44.0483]]],[[[-89.1941,44.1521],[-89.196,44.1555],[-89.1989,44.1557],[-89.1989,44.152],[-89.1941,44.1521]]],[[[-89.1471,44.069],[-89.142,44.069],[-89.1423,44.0723],[-89.1451,44.0723],[-89.1471,44.069]]],[[[-89.104,44.0492],[-89.1041,44.0525],[-89.1069,44.0516],[-89.1068,44.048],[-89.104,44.0492]]],[[[-89.0818,44.0466],[-89.0818,44.0484],[-89.0843,44.0484],[-89.0843,44.0448],[-89.0817,44.0448],[-89.0818,44.0466]]],[[[-89.0719,44.0908],[-89.0769,44.0908],[-89.0768,44.089],[-89.0719,44.0889],[-89.0719,44.0908]]],[[[-89.138,44.0481],[-89.138,44.0472],[-89.1315,44.0473],[-89.138,44.0481]]],[[[-89.1115,44.0478],[-89.1127,44.0468],[-89.1127,44.045],[-89.1115,44.0478]]],[[[-89.1436,44.0549],[-89.1452,44.0551],[-89.1427,44.0534],[-89.1436,44.0549]]],[[[-89.1293,44.0481],[-89.1285,44.0473],[-89.1285,44.0481],[-89.1293,44.0481]]]]},"properties":{"PROP_NAME":"WILLOW CREEK FISHERY AREA - WAUSHARA CO","ACRES":2158.56,"PUBLIC_ACCESS":"Open to Hiking, Fishing, Hunting and Trapping","TRANS_TYPE":1}},{"type":"Feature","geometry":{"type":"MultiPolygon","coordinates":[[[[-88.908,45.1448],[-88.9084,45.1467],[-88.9085,45.1449],[-88.9185,45.1448],[-88.9186,45.143],[-88.9237,45.143],[-88.9244,45.1324],[-88.93,45.1324],[-88.9303,45.1251],[-88.9245,45.1251],[-88.9246,45.1215],[-88.9195,45.1215],[-88.9194,45.1251],[-88.9092,45.1251],[-88.9086,45.1395],[-88.8984,45.1395],[-88.8983,45.1414],[-88.9009,45.1431],[-88.908,45.1448]]],[[[-88.898,45.1342],[-88.8985,45.136],[-88.8986,45.1341],[-88.898,45.1342]]],[[[-88.8729,45.1358],[-88.878,45.1377],[-88.8781,45.1323],[-88.873,45.1322],[-88.8729,45.1358]]],[[[-88.8816,45.1439],[-88.8871,45.1432],[-88.8882,45.1396],[-88.8783,45.1395],[-88.8783,45.1431],[-88.8816,45.1439]]],[[[-88.9448,45.1431],[-88.9296,45.1429],[-88.9292,45.1537],[-88.9394,45.1538],[-88.9397,45.1431],[-88.9499,45.1431],[-88.9448,45.1431]]]]},"properties":{"PROP_NAME":"WOODS FLOWAGE FISHERY AREA","ACRES":1216.06,"PUBLIC_ACCESS":"Open to Hiking, Fishing, Hunting and Trapping","TRANS_TYPE":1}},{"type":"Feature","geometry":{"type":"Polygon","coordinates":[[[-91.915,45.546],[-91.9196,45.546],[-91.9195,45.5424],[-91.9171,45.5424],[-91.9195,45.5422],[-91.9194,45.5315],[-91.917,45.5315],[-91.9169,45.5297],[-91.9144,45.5279],[-91.9143,45.5243],[-91.9093,45.5243],[-91.9043,45.5207],[-91.9042,45.5066],[-91.9025,45.5066],[-91.9042,45.5062],[-91.9041,45.5044],[-91.9016,45.5044],[-91.9015,45.5026],[-91.8949,45.5025],[-91.8938,45.4991],[-91.8886,45.4994],[-91.8888,45.5098],[-91.8991,45.5101],[-91.8992,45.5243],[-91.9044,45.5243],[-91.906,45.5279],[-91.9119,45.5279],[-91.9119,45.5315],[-91.9144,45.5315],[-91.9144,45.5351],[-91.9182,45.5388],[-91.915,45.5388],[-91.915,45.546]],[[-91.9002,45.5212],[-91.8995,45.5213],[-91.8995,45.5212],[-91.9002,45.5212]]]},"properties":{"PROP_NAME":"YELLOW RIVER FISHERY AREA","ACRES":672.07,"PUBLIC_ACCESS":"Open to Hiking, Fishing, Hunting and Trapping","TRANS_TYPE":1}},{"type":"Feature","geometry":{"type":"MultiPolygon","coordinates":[[[[-90.6464,46.3169],[-90.6484,46.3185],[-90.6478,46.3168],[-90.6464,46.3169]]],[[[-90.6486,46.3176],[-90.6492,46.3186],[-90.6492,46.3175],[-90.6486,46.3176]]],[[[-90.6493,46.3179],[-90.6507,46.3186],[-90.6507,46.3178],[-90.6493,46.3179]]]]},"properties":{"PROP_NAME":"REM-DEVILS CREEK","ACRES":6.8100000000000005,"PUBLIC_ACCESS":"Open to Hiking, Fishing, Hunting and Trapping","TRANS_TYPE":1}},{"type":"Feature","geometry":{"type":"Polygon","coordinates":[[[-91.8738,45.5314],[-91.8737,45.5241],[-91.8686,45.5241],[-91.8688,45.5313],[-91.8738,45.5314]]]},"properties":{"PROP_NAME":"REM-HICKEY CREEK","ACRES":78.91,"PUBLIC_ACCESS":"Open to Hiking, Fishing, Hunting and Trapping","TRANS_TYPE":1}},{"type":"Feature","geometry":{"type":"Polygon","coordinates":[[[-91.5456,46.2624],[-91.5459,46.2588],[-91.542,46.2587],[-91.5418,46.2623],[-91.5456,46.2624]]]},"properties":{"PROP_NAME":"REM-LOWER EAU CLAIRE LAKE","ACRES":29.63,"PUBLIC_ACCESS":"Open to Hiking, Fishing, Hunting and Trapping","TRANS_TYPE":1}},{"type":"Feature","geometry":{"type":"Polygon","coordinates":[[[-89.2513,43.4893],[-89.2512,43.4857],[-89.2462,43.4858],[-89.2463,43.4894],[-89.2513,43.4893]]]},"properties":{"PROP_NAME":"REM-ROELKE CREEK","ACRES":39.89,"PUBLIC_ACCESS":"Open to Hiking, Fishing, Hunting and Trapping","TRANS_TYPE":1}},{"type":"Feature","geometry":{"type":"Polygon","coordinates":[[[-89.3198,42.8905],[-89.319,42.8905],[-89.319,42.8914],[-89.3198,42.8905]]]},"properties":{"PROP_NAME":"REM-ANTHONY BRANCH","ACRES":1.72,"PUBLIC_ACCESS":"Open to Hiking, Fishing, Hunting and Trapping","TRANS_TYPE":1}},{"type":"Feature","geometry":{"type":"Polygon","coordinates":[[[-89.8141,43.0932],[-89.8191,43.0932],[-89.8191,43.0913],[-89.8154,43.0865],[-89.8104,43.0857],[-89.8112,43.0846],[-89.8092,43.0834],[-89.8091,43.0896],[-89.8141,43.0896],[-89.8141,43.0932]]]},"properties":{"PROP_NAME":"REM-ELVERS CREEK","ACRES":104.67,"PUBLIC_ACCESS":"Open to Hiking, Fishing, Hunting and Trapping","TRANS_TYPE":1}},{"type":"Feature","geometry":{"type":"MultiPolygon","coordinates":[[[[-92.1092,44.8724],[-92.1019,44.8724],[-92.0982,44.8797],[-92.1061,44.8796],[-92.1061,44.873],[-92.1092,44.8724]]],[[[-92.0656,44.8877],[-92.0821,44.8869],[-92.0656,44.8869],[-92.0656,44.8877]]],[[[-92.0859,44.8857],[-92.0827,44.8869],[-92.0909,44.887],[-92.0909,44.8837],[-92.0859,44.8857]]],[[[-92.1111,44.8724],[-92.1111,44.8719],[-92.106,44.8719],[-92.1111,44.8724]]],[[[-92.1111,44.8724],[-92.1092,44.8724],[-92.1111,44.8724],[-92.1111,44.8724]]]]},"properties":{"PROP_NAME":"REM-GILBERT CREEK","ACRES":164.77,"PUBLIC_ACCESS":"Open to Hiking, Fishing, Hunting and Trapping","TRANS_TYPE":1}},{"type":"Feature","geometry":{"type":"MultiPolygon","coordinates":[[[[-91.7329,45.003],[-91.7369,45.003],[-91.7328,45.0012],[-91.7348,45.0021],[-91.7329,45.003]]],[[[-91.7201,45.201],[-91.7222,45.2012],[-91.7222,45.2002],[-91.7201,45.201]]]]},"properties":{"PROP_NAME":"REM-RED CEDAR RIVER PUBLIC ACCESS","ACRES":9.39,"PUBLIC_ACCESS":"Open to Hiking, Fishing, Hunting and Trapping","TRANS_TYPE":1}},{"type":"Feature","geometry":{"type":"Polygon","coordinates":[[[-91.8754,45.053],[-91.8755,45.0603],[-91.8806,45.0602],[-91.8806,45.0529],[-91.8754,45.053]]]},"properties":{"PROP_NAME":"REM-OTTER CREEK","ACRES":80.88,"PUBLIC_ACCESS":"Open to Hiking, Fishing, Hunting and Trapping","TRANS_TYPE":1}},{"type":"Feature","geometry":{"type":"Polygon","coordinates":[[[-92.086,44.9773],[-92.0888,44.9773],[-92.0884,44.975],[-92.0904,44.974],[-92.096,44.9756],[-92.0959,44.9719],[-92.0859,44.9701],[-92.086,44.9773]]]},"properties":{"PROP_NAME":"REM-WILSON CREEK","ACRES":108.15,"PUBLIC_ACCESS":"Open to Hiking, Fishing, Hunting and Trapping","TRANS_TYPE":1}},{"type":"Feature","geometry":{"type":"Polygon","coordinates":[[[-91.463,44.6808],[-91.4629,44.6833],[-91.4678,44.6833],[-91.463,44.6808]]]},"properties":{"PROP_NAME":"REM-CLEAR CREEK","ACRES":16.82,"PUBLIC_ACCESS":"Open to Hiking, Fishing, Hunting and Trapping","TRANS_TYPE":1}},{"type":"Feature","geometry":{"type":"Polygon","coordinates":[[[-90.7593,43.0031],[-90.7607,43.0037],[-90.7593,43.0024],[-90.7593,43.0031]]]},"properties":{"PROP_NAME":"REM-BIG GREEN RIVER","ACRES":2.49,"PUBLIC_ACCESS":"Open to Hiking, Fishing, Hunting and Trapping","TRANS_TYPE":1}},{"type":"Feature","geometry":{"type":"MultiPolygon","coordinates":[[[[-90.465,43.0313],[-90.4632,43.0313],[-90.4634,43.0387],[-90.4585,43.0387],[-90.4587,43.0461],[-90.4685,43.046],[-90.4681,43.0313],[-90.465,43.0313]]],[[[-90.4358,43.0036],[-90.4348,43.0039],[-90.437,43.0037],[-90.4358,43.0036]]]]},"properties":{"PROP_NAME":"REM-BLUE RIVER","ACRES":241.98000000000002,"PUBLIC_ACCESS":"Open to Hiking, Fishing, Hunting and Trapping","TRANS_TYPE":1}},{"type":"Feature","geometry":{"type":"MultiPolygon","coordinates":[[[[-90.5292,43.0495],[-90.5322,43.0512],[-90.536,43.0508],[-90.5377,43.0495],[-90.5376,43.0459],[-90.5338,43.0491],[-90.5308,43.0477],[-90.5286,43.0485],[-90.5292,43.0495]]],[[[-90.518,43.0458],[-90.5218,43.0455],[-90.5205,43.0437],[-90.5228,43.0435],[-90.5227,43.0422],[-90.5179,43.0422],[-90.518,43.0458]]],[[[-90.5418,43.0461],[-90.5452,43.0458],[-90.5401,43.0458],[-90.5418,43.0461]]]]},"properties":{"PROP_NAME":"REM-CASTLE ROCK CREEK","ACRES":85.79,"PUBLIC_ACCESS":"Open to Hiking, Fishing, Hunting and Trapping","TRANS_TYPE":1}},{"type":"Feature","geometry":{"type":"MultiPolygon","coordinates":[[[[-90.5539,42.6577],[-90.5531,42.6597],[-90.5593,42.6584],[-90.5539,42.6577]]],[[[-90.5709,42.6555],[-90.57,42.6566],[-90.5724,42.6565],[-90.5709,42.6555]]],[[[-90.5733,42.657],[-90.5723,42.6576],[-90.5746,42.6567],[-90.5733,42.657]]]]},"properties":{"PROP_NAME":"REM-LITTLE PLATTE RIVER","ACRES":20.39,"PUBLIC_ACCESS":"Open to Hiking, Fishing, Hunting and Trapping","TRANS_TYPE":1}},{"type":"Feature","geometry":{"type":"Polygon","coordinates":[[[-90.415,43.0827],[-90.4169,43.0839],[-90.4241,43.0824],[-90.424,43.0789],[-90.419,43.0789],[-90.4191,43.0717],[-90.4042,43.0718],[-90.4042,43.0755],[-90.4092,43.0754],[-90.4092,43.079],[-90.414,43.079],[-90.415,43.0827]]]},"properties":{"PROP_NAME":"REM-BIG SPRING CREEK","ACRES":287,"PUBLIC_ACCESS":"Open to Hiking, Fishing, Hunting and Trapping","TRANS_TYPE":1}},{"type":"Feature","geometry":{"type":"MultiPolygon","coordinates":[[[[-89.9904,43.0317],[-90.0022,43.031],[-90.0002,43.0314],[-89.9999,43.0277],[-89.9756,43.0276],[-89.9756,43.0315],[-89.9904,43.0317]]],[[[-89.9953,43.0257],[-90.0023,43.026],[-90.0003,43.0226],[-89.9943,43.019],[-89.9904,43.0133],[-89.9903,43.0238],[-89.9953,43.0238],[-89.9953,43.0257]]],[[[-90.0045,43.0463],[-90.0059,43.0428],[-90.002,43.0427],[-90.0034,43.0427],[-90.002,43.0426],[-90.0011,43.038],[-90.0005,43.0393],[-89.9978,43.039],[-89.9978,43.0462],[-90.0045,43.0463]]],[[[-89.9904,43.0317],[-89.9904,43.0389],[-89.9953,43.0389],[-89.9953,43.0318],[-89.9904,43.0317]]],[[[-89.9805,43.0316],[-89.9756,43.0315],[-89.9749,43.0349],[-89.9805,43.0352],[-89.9805,43.0316]]]]},"properties":{"PROP_NAME":"REM-LOVE CREEK","ACRES":578.01,"PUBLIC_ACCESS":"Open to Hiking, Fishing, Hunting and Trapping","TRANS_TYPE":1}},{"type":"Feature","geometry":{"type":"Polygon","coordinates":[[[-90.3298,43.0808],[-90.3397,43.0798],[-90.3397,43.0762],[-90.3298,43.0762],[-90.3298,43.0808]]]},"properties":{"PROP_NAME":"REM-POMPEY PILLAR CREEK","ACRES":82.95,"PUBLIC_ACCESS":"Open to Hiking, Fishing, Hunting and Trapping","TRANS_TYPE":1}},{"type":"Feature","geometry":{"type":"MultiPolygon","coordinates":[[[[-90.9485,44.4043],[-90.9485,44.408],[-90.9587,44.4083],[-90.9588,44.4045],[-90.9537,44.4024],[-90.9486,44.4007],[-90.9485,44.4043]]],[[[-90.9743,44.4026],[-90.9918,44.3979],[-90.9864,44.3975],[-90.9743,44.4026]]]]},"properties":{"PROP_NAME":"REM-S BRANCH TREMPEALEAU RIVER","ACRES":179.78,"PUBLIC_ACCESS":"Open to Hiking, Fishing, Hunting and Trapping","TRANS_TYPE":1}},{"type":"Feature","geometry":{"type":"Polygon","coordinates":[[[-89.4634,43.7956],[-89.4576,43.7956],[-89.4576,43.7992],[-89.4651,43.7992],[-89.4651,43.7956],[-89.4634,43.7956]]]},"properties":{"PROP_NAME":"REM-LAING CREEK","ACRES":60.35,"PUBLIC_ACCESS":"Open to Hiking, Fishing, Hunting and Trapping","TRANS_TYPE":1}},{"type":"Feature","geometry":{"type":"Polygon","coordinates":[[[-90.7884,44.0966],[-90.7884,44.0979],[-90.7922,44.0978],[-90.7921,44.0956],[-90.7906,44.0951],[-90.7884,44.0951],[-90.7884,44.0966]]]},"properties":{"PROP_NAME":"REM-RATHBONE CREEK","ACRES":20.900000000000002,"PUBLIC_ACCESS":"Open to Hiking, Fishing, Hunting and Trapping","TRANS_TYPE":1}},{"type":"Feature","geometry":{"type":"Polygon","coordinates":[[[-92.419,45.2736],[-92.4242,45.2754],[-92.4263,45.2734],[-92.4279,45.2748],[-92.4281,45.2719],[-92.419,45.2736]]]},"properties":{"PROP_NAME":"REM-APPLE RIVER","ACRES":27.46,"PUBLIC_ACCESS":"Open to Hiking, Fishing, Hunting and Trapping","TRANS_TYPE":1}},{"type":"Feature","geometry":{"type":"Polygon","coordinates":[[[-89.3403,44.3929],[-89.3402,44.3893],[-89.3352,44.3892],[-89.3352,44.3928],[-89.3403,44.3929]]]},"properties":{"PROP_NAME":"REM-MACK CREEK","ACRES":39.83,"PUBLIC_ACCESS":"Open to Hiking, Fishing, Hunting and Trapping","TRANS_TYPE":1}},{"type":"Feature","geometry":{"type":"MultiPolygon","coordinates":[[[[-89.2598,44.2798],[-89.2598,44.282],[-89.2674,44.2811],[-89.2675,44.2763],[-89.2599,44.2762],[-89.2598,44.2798]]],[[[-89.2447,44.2816],[-89.2498,44.2799],[-89.2498,44.276],[-89.2397,44.2759],[-89.2396,44.2795],[-89.2447,44.2795],[-89.2447,44.2816]]]]},"properties":{"PROP_NAME":"REM-NORTH FORK RADLEY CREEK","ACRES":187.51,"PUBLIC_ACCESS":"Open to Hiking, Fishing, Hunting and Trapping","TRANS_TYPE":1}},{"type":"Feature","geometry":{"type":"Polygon","coordinates":[[[-89.2284,44.4827],[-89.226,44.4827],[-89.2297,44.4827],[-89.229,44.4806],[-89.2305,44.4791],[-89.2233,44.4791],[-89.2233,44.4827],[-89.2244,44.4827],[-89.2233,44.4827],[-89.2233,44.4863],[-89.2284,44.4863],[-89.2284,44.4827]]]},"properties":{"PROP_NAME":"REM-PETERSON AND SANNES CREEK","ACRES":88.53,"PUBLIC_ACCESS":"Open to Hiking, Fishing, Hunting and Trapping","TRANS_TYPE":1}},{"type":"Feature","geometry":{"type":"Polygon","coordinates":[[[-89.5188,44.295],[-89.5232,44.2949],[-89.5232,44.2914],[-89.5188,44.2912],[-89.5188,44.2877],[-89.5187,44.2914],[-89.5137,44.2914],[-89.5136,44.2877],[-89.5086,44.2877],[-89.5086,44.2914],[-89.5136,44.2914],[-89.5139,44.2935],[-89.5187,44.2935],[-89.5188,44.295]]]},"properties":{"PROP_NAME":"TEN MILE CREEK-NORTH BRANCH STATE HABITAT AREA","ACRES":100.59,"PUBLIC_ACCESS":"Open to Hiking, Fishing, Hunting and Trapping","TRANS_TYPE":1}},{"type":"Feature","geometry":{"type":"Polygon","coordinates":[[[-90.393,43.2854],[-90.3978,43.2874],[-90.4051,43.2877],[-90.4052,43.286],[-90.393,43.2854]]]},"properties":{"PROP_NAME":"REM-ASH CREEK","ACRES":52.300000000000004,"PUBLIC_ACCESS":"Open to Hiking, Fishing, Hunting and Trapping","TRANS_TYPE":1}},{"type":"Feature","geometry":{"type":"Polygon","coordinates":[[[-90.6048,43.502],[-90.6195,43.5016],[-90.6193,43.4949],[-90.6095,43.4952],[-90.6096,43.4988],[-90.5997,43.4988],[-90.5996,43.4953],[-90.5798,43.4952],[-90.58,43.4999],[-90.5828,43.4982],[-90.5879,43.4981],[-90.5953,43.5004],[-90.6006,43.4996],[-90.6048,43.502]]]},"properties":{"PROP_NAME":"REM-CAMP CREEK","ACRES":382.49,"PUBLIC_ACCESS":"Open to Hiking, Fishing, Hunting and Trapping","TRANS_TYPE":1}},{"type":"Feature","geometry":{"type":"MultiPolygon","coordinates":[[[[-90.6335,43.4517],[-90.6383,43.4517],[-90.6384,43.4544],[-90.6432,43.452],[-90.6431,43.4481],[-90.6333,43.448],[-90.6335,43.4517]]],[[[-90.6894,43.4677],[-90.6934,43.4665],[-90.6908,43.4665],[-90.6894,43.4677]]]]},"properties":{"PROP_NAME":"REM-ELK CREEK ","ACRES":102.85000000000001,"PUBLIC_ACCESS":"Open to Hiking, Fishing, Hunting and Trapping","TRANS_TYPE":1}},{"type":"Feature","geometry":{"type":"Polygon","coordinates":[[[-90.3207,43.5319],[-90.3269,43.5319],[-90.3305,43.5286],[-90.3207,43.5283],[-90.3207,43.5319]]]},"properties":{"PROP_NAME":"REM-HANSELL CREEK","ACRES":62.33,"PUBLIC_ACCESS":"Open to Hiking, Fishing, Hunting and Trapping","TRANS_TYPE":1}},{"type":"Feature","geometry":{"type":"MultiPolygon","coordinates":[[[[-90.6465,43.3035],[-90.6464,43.3066],[-90.65,43.3066],[-90.6501,43.303],[-90.6465,43.3035]]],[[[-90.6548,43.3203],[-90.6563,43.3214],[-90.6563,43.3203],[-90.6548,43.3203]]]]},"properties":{"PROP_NAME":"REM-KNAPP CREEK","ACRES":31.6,"PUBLIC_ACCESS":"Open to Hiking, Fishing, Hunting and Trapping","TRANS_TYPE":1}},{"type":"Feature","geometry":{"type":"MultiPolygon","coordinates":[[[[-90.3408,43.5494],[-90.3508,43.55],[-90.3508,43.5482],[-90.3548,43.5482],[-90.3554,43.5356],[-90.3507,43.5356],[-90.3508,43.5464],[-90.3408,43.5464],[-90.3408,43.5494]]],[[[-90.3539,43.5525],[-90.3546,43.5533],[-90.3547,43.55],[-90.3539,43.5525]]]]},"properties":{"PROP_NAME":"REM-MILANCTHON CREEK","ACRES":200.84,"PUBLIC_ACCESS":"Open to Hiking, Fishing, Hunting and Trapping","TRANS_TYPE":1}},{"type":"Feature","geometry":{"type":"MultiPolygon","coordinates":[[[[-90.5836,43.4249],[-90.5882,43.4249],[-90.5882,43.423],[-90.5832,43.423],[-90.5836,43.4249]]],[[[-90.5785,43.4048],[-90.5832,43.4045],[-90.5785,43.4039],[-90.5785,43.4048]]]]},"properties":{"PROP_NAME":"REM-MILL CREEK","ACRES":24.63,"PUBLIC_ACCESS":"Open to Hiking, Fishing, Hunting and Trapping","TRANS_TYPE":1}},{"type":"Feature","geometry":{"type":"MultiPolygon","coordinates":[[[[-90.3589,43.4125],[-90.359,43.4138],[-90.362,43.4138],[-90.3599,43.4118],[-90.3615,43.4114],[-90.3603,43.4104],[-90.3623,43.4092],[-90.3609,43.4077],[-90.3633,43.4041],[-90.3584,43.405],[-90.358,43.4084],[-90.3597,43.4101],[-90.3589,43.4125]]],[[[-90.3634,43.4132],[-90.3627,43.4136],[-90.3636,43.4136],[-90.3634,43.4132]]],[[[-90.365,43.4152],[-90.365,43.4162],[-90.3663,43.4162],[-90.365,43.4152]]],[[[-90.3583,43.4552],[-90.3582,43.4559],[-90.3593,43.4555],[-90.3583,43.4552]]],[[[-90.3869,43.4989],[-90.3888,43.4995],[-90.3852,43.498],[-90.3869,43.4989]]]]},"properties":{"PROP_NAME":"REM-PINE RIVER-YUBA","ACRES":69.95,"PUBLIC_ACCESS":"Open to Hiking, Fishing, Hunting and Trapping","TRANS_TYPE":1}},{"type":"Feature","geometry":{"type":"Polygon","coordinates":[[[-90.8272,45.4535],[-90.8327,45.4537],[-90.8329,45.45],[-90.8187,45.4498],[-90.8188,45.4535],[-90.8272,45.4535]]]},"properties":{"PROP_NAME":"REM-MAIN CREEK","ACRES":110,"PUBLIC_ACCESS":"Open to Hiking, Fishing, Hunting and Trapping","TRANS_TYPE":1}},{"type":"Feature","geometry":{"type":"Polygon","coordinates":[[[-91.2723,45.6318],[-91.2722,45.639],[-91.2772,45.639],[-91.2774,45.6283],[-91.2723,45.6282],[-91.2723,45.6318]]]},"properties":{"PROP_NAME":"REM-WEIRGOR RIVER","ACRES":116.44,"PUBLIC_ACCESS":"Open to Hiking, Fishing, Hunting and Trapping","TRANS_TYPE":1}},{"type":"Feature","geometry":{"type":"MultiPolygon","coordinates":[[[[-89.7137,43.4587],[-89.7147,43.4586],[-89.7147,43.4573],[-89.7137,43.4587]]],[[[-89.7152,43.4585],[-89.7151,43.4587],[-89.7154,43.4587],[-89.7152,43.4585]]]]},"properties":{"PROP_NAME":"REM-BARABOO RIVER","ACRES":1.41,"PUBLIC_ACCESS":"Open to Hiking, Fishing, Hunting and Trapping","TRANS_TYPE":1}},{"type":"Feature","geometry":{"type":"Polygon","coordinates":[[[-91.4605,45.8153],[-91.4619,45.8167],[-91.4681,45.8166],[-91.4681,45.8131],[-91.4722,45.8131],[-91.4683,45.8096],[-91.4604,45.8096],[-91.4605,45.8153]]]},"properties":{"PROP_NAME":"REM-HAUER CREEK","ACRES":129.85,"PUBLIC_ACCESS":"Open to Hiking, Fishing, Hunting and Trapping","TRANS_TYPE":1}},{"type":"Feature","geometry":{"type":"Polygon","coordinates":[[[-91.2306,45.668],[-91.2358,45.668],[-91.2359,45.6644],[-91.2307,45.6644],[-91.2306,45.668]]]},"properties":{"PROP_NAME":"REM-MAPLE CREEK","ACRES":40.54,"PUBLIC_ACCESS":"Open to Hiking, Fishing, Hunting and Trapping","TRANS_TYPE":1}},{"type":"Feature","geometry":{"type":"Polygon","coordinates":[[[-88.0405,43.7057],[-88.0357,43.7058],[-88.0359,43.7106],[-88.0406,43.7105],[-88.0405,43.7057]]]},"properties":{"PROP_NAME":"REM-AREAS-ONION RIVER","ACRES":50.1,"PUBLIC_ACCESS":"Open to Hiking, Fishing, Hunting and Trapping","TRANS_TYPE":1}},{"type":"Feature","geometry":{"type":"Polygon","coordinates":[[[-88.0012,43.7855],[-88.0042,43.7902],[-88.0062,43.7903],[-88.0041,43.7864],[-88.0012,43.7855]]]},"properties":{"PROP_NAME":"REM-AREAS-MULLET RIVER","ACRES":23.44,"PUBLIC_ACCESS":"Open to Hiking, Fishing, Hunting and Trapping","TRANS_TYPE":1}},{"type":"Feature","geometry":{"type":"MultiPolygon","coordinates":[[[[-91.327,44.5603],[-91.327,44.5636],[-91.3321,44.5637],[-91.3321,44.5602],[-91.327,44.5603]]],[[[-91.3069,44.5602],[-91.3069,44.5615],[-91.3119,44.5607],[-91.3069,44.5602]]],[[[-91.3119,44.5638],[-91.3119,44.561],[-91.3069,44.5618],[-91.3069,44.5638],[-91.3119,44.5638]]],[[[-91.2523,44.5759],[-91.2522,44.576],[-91.2533,44.5758],[-91.2523,44.5759]]],[[[-91.2846,44.5758],[-91.2847,44.5772],[-91.2866,44.5764],[-91.2866,44.5752],[-91.2846,44.5758]]],[[[-91.2522,44.5763],[-91.2521,44.5793],[-91.2573,44.578],[-91.2574,44.5758],[-91.2522,44.5763]]],[[[-91.2567,44.579],[-91.2534,44.5795],[-91.2573,44.5795],[-91.2567,44.579]]]]},"properties":{"PROP_NAME":"REM-BUFFALO RIVER","ACRES":118.34,"PUBLIC_ACCESS":"Open to Hiking, Fishing, Hunting and Trapping","TRANS_TYPE":1}},{"type":"Feature","geometry":{"type":"Polygon","coordinates":[[[-91.2229,44.5244],[-91.224,44.5245],[-91.2222,44.5227],[-91.2243,44.5208],[-91.2219,44.5208],[-91.2229,44.5244]]]},"properties":{"PROP_NAME":"REM-KING CREEK","ACRES":12.55,"PUBLIC_ACCESS":"Open to Hiking, Fishing, Hunting and Trapping","TRANS_TYPE":1}},{"type":"Feature","geometry":{"type":"MultiPolygon","coordinates":[[[[-92.2799,44.5428],[-92.2818,44.5445],[-92.2818,44.5427],[-92.2799,44.5428]]],[[[-91.2775,44.5872],[-91.2776,44.5827],[-91.2725,44.5829],[-91.2724,44.5865],[-91.2775,44.5872]]],[[[-91.2825,44.5898],[-91.2792,44.5899],[-91.2792,44.5922],[-91.2866,44.5947],[-91.2867,44.5909],[-91.2825,44.5898]]]]},"properties":{"PROP_NAME":"REM-PINE CREEK","ACRES":100.92,"PUBLIC_ACCESS":"Open to Hiking, Fishing, Hunting and Trapping","TRANS_TYPE":1}},{"type":"Feature","geometry":{"type":"Polygon","coordinates":[[[-91.1585,44.1882],[-91.1627,44.1907],[-91.1602,44.1871],[-91.1525,44.1871],[-91.1525,44.1835],[-91.1486,44.1836],[-91.1486,44.1883],[-91.1585,44.1882]],[[-91.1525,44.1873],[-91.1525,44.1878],[-91.1521,44.1873],[-91.1525,44.1873]]]},"properties":{"PROP_NAME":"REM-WASHINGTON COULEE","ACRES":70.04,"PUBLIC_ACCESS":"Open to Hiking, Fishing, Hunting and Trapping","TRANS_TYPE":1}},{"type":"Feature","geometry":{"type":"MultiPolygon","coordinates":[[[[-90.8297,43.5564],[-90.8249,43.5565],[-90.8264,43.558],[-90.8247,43.5585],[-90.8247,43.567],[-90.8271,43.567],[-90.8272,43.5598],[-90.8299,43.5597],[-90.8297,43.5564]]],[[[-90.8297,43.5564],[-90.8295,43.5531],[-90.8227,43.5531],[-90.8247,43.5565],[-90.8297,43.5564]]]]},"properties":{"PROP_NAME":"REM-BISHOP BRANCH CREEK","ACRES":122.33,"PUBLIC_ACCESS":"Open to Hiking, Fishing, Hunting and Trapping","TRANS_TYPE":1}},{"type":"Feature","geometry":{"type":"Polygon","coordinates":[[[-91.0383,43.5283],[-91.042,43.5273],[-91.0383,43.5272],[-91.0383,43.5283]]]},"properties":{"PROP_NAME":"REM-RAINBOW SPRINGS","ACRES":4.89,"PUBLIC_ACCESS":"Open to Hiking, Fishing, Hunting and Trapping","TRANS_TYPE":1}},{"type":"Feature","geometry":{"type":"Polygon","coordinates":[[[-90.8348,43.5598],[-90.8298,43.5579],[-90.8299,43.5598],[-90.8364,43.5611],[-90.8364,43.5595],[-90.8348,43.5598]],[[-90.8331,43.5599],[-90.831,43.5585],[-90.8338,43.5597],[-90.8331,43.5599]]]},"properties":{"PROP_NAME":"REM-MAPLE DALE CREEK","ACRES":18.67,"PUBLIC_ACCESS":"Open to Hiking, Fishing, Hunting and Trapping","TRANS_TYPE":1}},{"type":"Feature","geometry":{"type":"Polygon","coordinates":[[[-90.7701,43.589],[-90.7711,43.592],[-90.775,43.5943],[-90.7749,43.5889],[-90.7701,43.589]]]},"properties":{"PROP_NAME":"REM-WEST FORK KICKAPOO RIVER","ACRES":43.38,"PUBLIC_ACCESS":"Open to Hiking, Fishing, Hunting and Trapping","TRANS_TYPE":1}},{"type":"Feature","geometry":{"type":"Polygon","coordinates":[[[-88.9376,44.6714],[-88.9447,44.6732],[-88.9514,44.6781],[-88.9454,44.6732],[-88.9454,44.6701],[-88.9419,44.6686],[-88.932,44.6688],[-88.9321,44.6708],[-88.936,44.6711],[-88.9206,44.6714],[-88.9376,44.6714]]]},"properties":{"PROP_NAME":"REM-DOTY CREEK","ACRES":92.88,"PUBLIC_ACCESS":"Open to Hiking, Fishing, Hunting and Trapping","TRANS_TYPE":1}},{"type":"Feature","geometry":{"type":"MultiPolygon","coordinates":[[[[-89.1862,44.5792],[-89.1987,44.5783],[-89.1988,44.5762],[-89.2064,44.5755],[-89.2064,44.5744],[-89.2089,44.5743],[-89.2089,44.5725],[-89.1972,44.573],[-89.1972,44.5745],[-89.1938,44.5745],[-89.1938,44.5762],[-89.1865,44.5762],[-89.1862,44.5792]],[[-89.204,44.5742],[-89.2028,44.5754],[-89.2028,44.5736],[-89.204,44.5742]]],[[[-89.1633,44.5674],[-89.1636,44.5655],[-89.1625,44.5655],[-89.1633,44.5674]]],[[[-89.1787,44.5618],[-89.1787,44.5691],[-89.1788,44.5655],[-89.1837,44.5655],[-89.1837,44.5618],[-89.1787,44.5618]]],[[[-89.1721,44.5655],[-89.1722,44.5668],[-89.1686,44.5668],[-89.1686,44.5691],[-89.1785,44.5691],[-89.1786,44.5655],[-89.1721,44.5655]]]]},"properties":{"PROP_NAME":"REM-LEER AND GRIFFEN CREEK","ACRES":252.88,"PUBLIC_ACCESS":"Open to Hiking, Fishing, Hunting and Trapping","TRANS_TYPE":1}},{"type":"Feature","geometry":{"type":"MultiPolygon","coordinates":[[[[-89.1891,44.4572],[-89.1916,44.4573],[-89.1917,44.4536],[-89.1873,44.4536],[-89.1873,44.4488],[-89.1892,44.4488],[-89.1892,44.4463],[-89.1844,44.4482],[-89.1852,44.4499],[-89.179,44.4499],[-89.179,44.4536],[-89.1841,44.4536],[-89.1841,44.4563],[-89.1891,44.4572]]],[[[-89.2063,44.4211],[-89.2064,44.4247],[-89.209,44.4247],[-89.209,44.4211],[-89.2063,44.4211]]],[[[-89.199,44.4266],[-89.204,44.4265],[-89.204,44.4229],[-89.2014,44.4229],[-89.2014,44.4211],[-89.1938,44.4211],[-89.1989,44.4247],[-89.199,44.4266]]],[[[-89.1939,44.4284],[-89.194,44.432],[-89.199,44.432],[-89.199,44.4284],[-89.1939,44.4284]]],[[[-89.2201,44.4755],[-89.2192,44.4827],[-89.2233,44.4827],[-89.2233,44.4755],[-89.2201,44.4755]]]]},"properties":{"PROP_NAME":"REM-PETERSON AND SANNES CREEK","ACRES":344.19,"PUBLIC_ACCESS":"Open to Hiking, Fishing, Hunting and Trapping","TRANS_TYPE":1}},{"type":"Feature","geometry":{"type":"Polygon","coordinates":[[[-88.9946,44.6735],[-89.0072,44.6733],[-89.0086,44.6698],[-89.0046,44.6698],[-89.0022,44.6729],[-88.9946,44.6698],[-88.9946,44.6735]]]},"properties":{"PROP_NAME":"REM-S BR PIGEON RIVER","ACRES":75.86,"PUBLIC_ACCESS":"Open to Hiking, Fishing, Hunting and Trapping","TRANS_TYPE":1}},{"type":"Feature","geometry":{"type":"MultiPolygon","coordinates":[[[[-89.2189,44.3779],[-89.2164,44.3778],[-89.2167,44.3803],[-89.2185,44.3804],[-89.2188,44.3851],[-89.2237,44.3851],[-89.2237,44.382],[-89.2206,44.381],[-89.2216,44.3798],[-89.2189,44.3779]]],[[[-89.2189,44.3779],[-89.2155,44.3752],[-89.2165,44.3778],[-89.2189,44.3779]]]]},"properties":{"PROP_NAME":"REM-WAUPACA RIVER","ACRES":73.13,"PUBLIC_ACCESS":"Open to Hiking, Fishing, Hunting and Trapping","TRANS_TYPE":1}},{"type":"Feature","geometry":{"type":"MultiPolygon","coordinates":[[[[-89.067,44.5835],[-89.062,44.5836],[-89.0619,44.591],[-89.072,44.5911],[-89.072,44.5834],[-89.067,44.5835]]],[[[-88.9808,44.5627],[-88.9908,44.563],[-88.9908,44.5612],[-88.9808,44.5609],[-88.9808,44.5627]]],[[[-89.067,44.5726],[-89.072,44.5726],[-89.0705,44.5715],[-89.0721,44.5666],[-89.0672,44.5672],[-89.0671,44.5689],[-89.0695,44.569],[-89.0671,44.569],[-89.067,44.5726]]],[[[-89.034,44.5869],[-89.0366,44.5869],[-89.0386,44.5798],[-89.0315,44.5799],[-89.0315,44.5836],[-89.034,44.5836],[-89.034,44.5869]]],[[[-89.0366,44.5943],[-89.0367,44.5978],[-89.0417,44.5978],[-89.0416,44.587],[-89.037,44.5864],[-89.0365,44.5894],[-89.0399,44.5917],[-89.0365,44.5907],[-89.0366,44.5943]]],[[[-89.0621,44.6053],[-89.0621,44.6088],[-89.0671,44.6089],[-89.0671,44.6053],[-89.0621,44.6053]]]]},"properties":{"PROP_NAME":"REM-WHITCOMB CREEK","ACRES":481.90000000000003,"PUBLIC_ACCESS":"Open to Hiking, Fishing, Hunting and Trapping","TRANS_TYPE":1}},{"type":"Feature","geometry":{"type":"MultiPolygon","coordinates":[[[[-89.5745,44.1012],[-89.5745,44.1037],[-89.5725,44.1048],[-89.5627,44.1048],[-89.5628,44.1084],[-89.573,44.1085],[-89.5729,44.1048],[-89.578,44.1048],[-89.578,44.1012],[-89.5745,44.1012]]],[[[-89.5931,44.0975],[-89.5831,44.0985],[-89.5831,44.1014],[-89.5931,44.0992],[-89.5931,44.0975]]],[[[-89.5981,44.0974],[-89.5981,44.0938],[-89.5931,44.0939],[-89.5931,44.0975],[-89.5981,44.0974]]]]},"properties":{"PROP_NAME":"CARTER CREEK STATE HABITAT AREA","ACRES":200.05,"PUBLIC_ACCESS":"Open to Hiking, Fishing, Hunting and Trapping","TRANS_TYPE":1}},{"type":"Feature","geometry":{"type":"MultiPolygon","coordinates":[[[[-89.1025,44.1374],[-89.1025,44.1305],[-89.0948,44.1305],[-89.0948,44.1341],[-89.0923,44.1341],[-89.0941,44.1374],[-89.1025,44.1374]]],[[[-89.0772,44.1414],[-89.0807,44.1407],[-89.0822,44.1359],[-89.0772,44.136],[-89.0772,44.1414]]],[[[-89.1126,44.1314],[-89.1126,44.1296],[-89.105,44.1305],[-89.105,44.1342],[-89.1075,44.1342],[-89.1076,44.1307],[-89.1126,44.1314]]],[[[-89.1126,44.1325],[-89.1139,44.1325],[-89.1134,44.1314],[-89.1126,44.1325]]]]},"properties":{"PROP_NAME":"REM-LITTLE SILVER CREEK","ACRES":218.83,"PUBLIC_ACCESS":"Open to Hiking, Fishing, Hunting and Trapping","TRANS_TYPE":1}},{"type":"Feature","geometry":{"type":"MultiPolygon","coordinates":[[[[-89.0185,44.134],[-89.0267,44.134],[-89.0187,44.1334],[-89.0185,44.134]]],[[[-89.0168,44.134],[-89.018,44.1339],[-89.0168,44.1337],[-89.0168,44.134]]]]},"properties":{"PROP_NAME":"REM-PINE RIVER","ACRES":8.24,"PUBLIC_ACCESS":"Open to Hiking, Fishing, Hunting and Trapping","TRANS_TYPE":1}},{"type":"Feature","geometry":{"type":"Polygon","coordinates":[[[-89.1604,44.0589],[-89.1555,44.0589],[-89.1588,44.0609],[-89.1604,44.0589]]]},"properties":{"PROP_NAME":"REM-THORSTEAD CREEK","ACRES":12.02,"PUBLIC_ACCESS":"Open to Hiking, Fishing, Hunting and Trapping","TRANS_TYPE":1}},{"type":"Feature","geometry":{"type":"MultiPolygon","coordinates":[[[[-89.3039,42.7451],[-89.2993,42.7451],[-89.2993,42.7551],[-89.3089,42.7552],[-89.3089,42.7451],[-89.3039,42.7451]]],[[[-89.2841,42.773],[-89.2818,42.7738],[-89.2842,42.7738],[-89.2841,42.773]]]]},"properties":{"PROP_NAME":"ALLEN CREEK STREAMBANK PROTECTION AREA","ACRES":219.65,"PUBLIC_ACCESS":"Open to Hiking, Fishing, Hunting and Trapping","TRANS_TYPE":1}},{"type":"Feature","geometry":{"type":"Polygon","coordinates":[[[-89.3199,42.8931],[-89.32,42.8968],[-89.315,42.8968],[-89.3151,42.8984],[-89.3233,42.8971],[-89.3217,42.8949],[-89.3249,42.8949],[-89.3248,42.8928],[-89.3347,42.8923],[-89.3397,42.8935],[-89.3397,42.8965],[-89.3428,42.8951],[-89.3428,42.8964],[-89.3447,42.8964],[-89.3447,42.8913],[-89.3471,42.8891],[-89.3496,42.8891],[-89.3508,42.8854],[-89.3419,42.8855],[-89.342,42.8819],[-89.3399,42.8819],[-89.3395,42.878],[-89.3396,42.8799],[-89.3288,42.8821],[-89.3249,42.8865],[-89.3199,42.8866],[-89.3199,42.8931]]]},"properties":{"PROP_NAME":"ANTHONY BRANCH STREAMBANK PROTECTION AREA","ACRES":684.42,"PUBLIC_ACCESS":"Open to Hiking, Fishing, Hunting and Trapping","TRANS_TYPE":1}},{"type":"Feature","geometry":{"type":"MultiPolygon","coordinates":[[[[-91.5037,44.65],[-91.4987,44.65],[-91.4987,44.6536],[-91.4937,44.6536],[-91.4937,44.66],[-91.4887,44.66],[-91.4887,44.6628],[-91.4937,44.6628],[-91.4937,44.6609],[-91.4987,44.6596],[-91.4987,44.6554],[-91.5012,44.6557],[-91.5012,44.6536],[-91.5037,44.6536],[-91.5037,44.65]]],[[[-91.5087,44.6501],[-91.5138,44.6502],[-91.5138,44.6466],[-91.5037,44.6464],[-91.5037,44.65],[-91.5087,44.6501]]],[[[-91.4836,44.6683],[-91.4836,44.6647],[-91.4786,44.6648],[-91.4786,44.6684],[-91.4836,44.6683]]]]},"properties":{"PROP_NAME":"LOWES CREEK STREAMBANK PROTECTION AREA","ACRES":274.69,"PUBLIC_ACCESS":"Open to Hiking, Fishing, Hunting and Trapping","TRANS_TYPE":1}},{"type":"Feature","geometry":{"type":"MultiPolygon","coordinates":[[[[-88.02,43.7144],[-88.0248,43.7178],[-88.0247,43.7155],[-88.0193,43.7108],[-88.0359,43.7106],[-88.0358,43.7078],[-88.0287,43.7061],[-88.0291,43.7035],[-88.0284,43.709],[-88.0259,43.7089],[-88.0258,43.7071],[-88.0208,43.7072],[-88.0157,43.7036],[-88.0131,43.7037],[-88.0138,43.7071],[-88.011,43.7071],[-88.0124,43.7042],[-88.0108,43.7037],[-88.0111,43.7129],[-88.02,43.7144]]],[[[-87.9709,43.7037],[-87.9857,43.7038],[-87.9857,43.7001],[-87.9807,43.7001],[-87.9807,43.6965],[-87.9674,43.6964],[-87.9674,43.6892],[-87.9658,43.6892],[-87.9659,43.6964],[-87.9647,43.6964],[-87.968,43.7001],[-87.9708,43.7001],[-87.9709,43.7037]],[[-87.9794,43.7001],[-87.9782,43.7001],[-87.9782,43.6983],[-87.9794,43.6983],[-87.9794,43.7001]]],[[[-87.9952,43.7086],[-87.9973,43.7093],[-87.9975,43.7058],[-88.0009,43.7042],[-88.0009,43.7026],[-87.9954,43.7038],[-87.9969,43.7045],[-87.9941,43.7074],[-87.9952,43.7086]]],[[[-87.991,43.7101],[-87.9973,43.711],[-87.9973,43.7094],[-87.9923,43.7084],[-87.991,43.7101]]],[[[-88.0424,43.7116],[-88.0406,43.7118],[-88.0407,43.7141],[-88.054,43.7142],[-88.0529,43.7106],[-88.0554,43.7104],[-88.0515,43.7087],[-88.0471,43.7101],[-88.0405,43.709],[-88.0424,43.7116]]],[[[-88.0212,43.7432],[-88.0212,43.745],[-88.0237,43.745],[-88.0238,43.7415],[-88.0225,43.7412],[-88.026,43.7405],[-88.0237,43.7395],[-88.0236,43.7357],[-88.036,43.7358],[-88.0361,43.7336],[-88.0409,43.7336],[-88.041,43.7358],[-88.041,43.7313],[-88.0361,43.7321],[-88.0361,43.7285],[-88.0311,43.7286],[-88.0311,43.7322],[-88.0211,43.7323],[-88.0211,43.7353],[-88.0167,43.738],[-88.0212,43.7389],[-88.0212,43.7432]],[[-88.0408,43.7335],[-88.0381,43.7335],[-88.0381,43.7322],[-88.0408,43.7321],[-88.0408,43.7335]]]]},"properties":{"PROP_NAME":"ONION RIVER STREAMBANK PROTECTION AREA","ACRES":1016.44,"PUBLIC_ACCESS":"Open to Hiking, Fishing, Hunting and Trapping","TRANS_TYPE":1}},{"type":"Feature","geometry":{"type":"MultiPolygon","coordinates":[[[[-91.1271,43.3926],[-91.1271,43.394],[-91.137,43.394],[-91.137,43.3903],[-91.142,43.3903],[-91.142,43.3867],[-91.1318,43.3867],[-91.13,43.3889],[-91.1271,43.3893],[-91.1271,43.3926]]],[[[-91.1168,43.3937],[-91.116,43.3941],[-91.1172,43.3941],[-91.1168,43.3937]]],[[[-91.0698,43.3943],[-91.0699,43.3981],[-91.0724,43.3981],[-91.0723,43.3942],[-91.0698,43.3943]]],[[[-91.0974,43.4036],[-91.1012,43.4036],[-91.1011,43.4008],[-91.0974,43.4015],[-91.0974,43.4036]]],[[[-91.1271,43.4218],[-91.1273,43.423],[-91.1321,43.423],[-91.1321,43.4193],[-91.1371,43.4193],[-91.1371,43.4157],[-91.1272,43.4157],[-91.1271,43.4218]]],[[[-91.1266,43.423],[-91.1271,43.4234],[-91.1271,43.423],[-91.1266,43.423]]],[[[-91.1222,43.4231],[-91.1258,43.4244],[-91.1236,43.423],[-91.1222,43.4231]]],[[[-91.126,43.4238],[-91.1272,43.4248],[-91.127,43.4238],[-91.126,43.4238]]]]},"properties":{"PROP_NAME":"RUSH CREEK STREAMBANK PROTECTION AREA","ACRES":344.99,"PUBLIC_ACCESS":"Open to Hiking, Fishing, Hunting and Trapping","TRANS_TYPE":1}},{"type":"Feature","geometry":{"type":"MultiPolygon","coordinates":[[[[-92.2602,46.6529],[-92.2709,46.6496],[-92.2708,46.6479],[-92.2761,46.6477],[-92.2761,46.6441],[-92.2865,46.6438],[-92.2864,46.6366],[-92.2918,46.6367],[-92.2918,46.6254],[-92.2134,46.6263],[-92.2032,46.6297],[-92.203,46.6481],[-92.2148,46.6495],[-92.2207,46.6449],[-92.2232,46.6453],[-92.224,46.6471],[-92.2216,46.6499],[-92.2242,46.6483],[-92.2283,46.6498],[-92.2323,46.6484],[-92.2326,46.6504],[-92.2347,46.6494],[-92.2347,46.6476],[-92.2464,46.6473],[-92.2515,46.645],[-92.2528,46.6464],[-92.2516,46.6484],[-92.263,46.6514],[-92.2621,46.6525],[-92.2574,46.6504],[-92.2602,46.6529]],[[-92.2218,46.6405],[-92.2211,46.6405],[-92.2218,46.6397],[-92.2218,46.6405]],[[-92.2123,46.6333],[-92.2118,46.6334],[-92.2118,46.6333],[-92.2123,46.6333]],[[-92.209,46.6334],[-92.2085,46.6335],[-92.2085,46.6334],[-92.209,46.6334]],[[-92.2076,46.6328],[-92.2071,46.6328],[-92.2071,46.6327],[-92.2076,46.6328]],[[-92.2077,46.6327],[-92.2083,46.6324],[-92.2083,46.6327],[-92.2077,46.6327]],[[-92.2051,46.632],[-92.2046,46.6322],[-92.2046,46.632],[-92.2051,46.632]],[[-92.2044,46.6317],[-92.2044,46.6318],[-92.2039,46.6318],[-92.2044,46.6317]],[[-92.2097,46.6314],[-92.2097,46.6315],[-92.2091,46.6315],[-92.2097,46.6314]],[[-92.2038,46.6314],[-92.2038,46.6315],[-92.2033,46.6315],[-92.2038,46.6314]],[[-92.2109,46.6311],[-92.2104,46.6311],[-92.2104,46.6311],[-92.2109,46.6311]]],[[[-92.2762,46.6001],[-92.2867,46.5989],[-92.2867,46.5968],[-92.2763,46.5953],[-92.2762,46.6001]]],[[[-92.2898,46.605],[-92.292,46.6071],[-92.2919,46.5999],[-92.2898,46.605]]],[[[-92.2654,46.6254],[-92.2918,46.6251],[-92.292,46.6072],[-92.2891,46.6044],[-92.2907,46.5998],[-92.2784,46.5997],[-92.2576,46.612],[-92.2138,46.6261],[-92.2401,46.6259],[-92.2402,46.6225],[-92.2401,46.6259],[-92.2654,46.6254]]],[[[-92.2265,46.652],[-92.2276,46.6519],[-92.2251,46.6515],[-92.2265,46.652]]],[[[-92.2737,46.6522],[-92.2739,46.6528],[-92.2746,46.6531],[-92.2737,46.6522]]],[[[-92.2562,46.6539],[-92.2596,46.6534],[-92.2558,46.6505],[-92.2542,46.6507],[-92.2581,46.6527],[-92.2507,46.6522],[-92.2468,46.6502],[-92.2503,46.6528],[-92.2562,46.6539]]],[[[-92.2776,46.6558],[-92.2811,46.6571],[-92.2767,46.655],[-92.2776,46.6558]]],[[[-92.2779,46.6578],[-92.2802,46.6575],[-92.2747,46.6544],[-92.2755,46.6572],[-92.2779,46.6578]]],[[[-92.2551,46.6582],[-92.2584,46.6574],[-92.2607,46.6547],[-92.2523,46.6542],[-92.2593,46.6557],[-92.2556,46.6572],[-92.2512,46.6545],[-92.2551,46.6582]]],[[[-92.2859,46.6594],[-92.2872,46.6606],[-92.2872,46.6601],[-92.2859,46.6594]]],[[[-92.2866,46.6649],[-92.2883,46.6677],[-92.2908,46.6682],[-92.2921,46.6628],[-92.2882,46.6628],[-92.2866,46.6649]]],[[[-92.1797,46.6968],[-92.1818,46.6982],[-92.1845,46.6968],[-92.1786,46.696],[-92.1797,46.6968]]],[[[-92.2025,46.6975],[-92.2032,46.7044],[-92.2049,46.7015],[-92.2025,46.6975]]],[[[-92.1826,46.7103],[-92.1895,46.7102],[-92.1927,46.7075],[-92.1967,46.7033],[-92.1932,46.6977],[-92.1957,46.6988],[-92.1965,46.6972],[-92.1849,46.6962],[-92.1847,46.698],[-92.1823,46.6993],[-92.1855,46.7021],[-92.1788,46.705],[-92.1832,46.7091],[-92.1826,46.7103]]]]},"properties":{"PROP_NAME":"ST LOUIS RIVER STREAMBANK PROTECTION AREA","ACRES":6695,"PUBLIC_ACCESS":"Open to Hiking, Fishing, Hunting and Trapping","TRANS_TYPE":1}},{"type":"Feature","geometry":{"type":"Polygon","coordinates":[[[-90.9532,44.0856],[-90.9784,44.0854],[-90.9784,44.0829],[-90.9734,44.0817],[-90.9731,44.0709],[-90.9581,44.0711],[-90.958,44.0613],[-90.9579,44.0711],[-90.953,44.0711],[-90.9532,44.0856]]]},"properties":{"PROP_NAME":"SAND CREEK STREAMBANK PROTECTION AREA","ACRES":682.9,"PUBLIC_ACCESS":"Open to Hiking, Fishing, Hunting and Trapping","TRANS_TYPE":1}},{"type":"Feature","geometry":{"type":"MultiPolygon","coordinates":[[[[-89.4629,42.8892],[-89.4679,42.8892],[-89.4679,42.8856],[-89.475,42.8854],[-89.4744,42.8816],[-89.4784,42.8815],[-89.4784,42.8781],[-89.4693,42.8782],[-89.47,42.8819],[-89.4654,42.8819],[-89.4654,42.8856],[-89.4629,42.8855],[-89.4629,42.8892]]],[[[-89.453,42.8781],[-89.458,42.8781],[-89.4598,42.8759],[-89.4538,42.8737],[-89.4538,42.8752],[-89.4484,42.8751],[-89.4481,42.878],[-89.453,42.8781]]]]},"properties":{"PROP_NAME":"STORY CREEK STREAMBANK PROTECTION AREA","ACRES":261.07,"PUBLIC_ACCESS":"Open to Hiking, Fishing, Hunting and Trapping","TRANS_TYPE":1}},{"type":"Feature","geometry":{"type":"MultiPolygon","coordinates":[[[[-89.8788,44.2701],[-89.8814,44.2711],[-89.8813,44.2675],[-89.8838,44.2675],[-89.8846,44.2603],[-89.8716,44.2603],[-89.8736,44.2639],[-89.8812,44.2639],[-89.8787,44.2652],[-89.8788,44.2701]]],[[[-89.8359,44.2601],[-89.8359,44.2565],[-89.8258,44.2564],[-89.8258,44.2585],[-89.8208,44.2584],[-89.8208,44.2618],[-89.8259,44.2619],[-89.8258,44.26],[-89.8359,44.2601]]],[[[-89.7322,44.2713],[-89.7398,44.2696],[-89.7411,44.266],[-89.7348,44.2659],[-89.7347,44.2695],[-89.7296,44.2695],[-89.7296,44.2731],[-89.7321,44.2731],[-89.7322,44.2713]]],[[[-89.7803,44.2575],[-89.7854,44.2576],[-89.7854,44.2549],[-89.7753,44.2547],[-89.7753,44.2575],[-89.7803,44.2575]]],[[[-89.8106,44.2598],[-89.8106,44.2562],[-89.8056,44.2561],[-89.8056,44.2598],[-89.8106,44.2598]]],[[[-89.7678,44.26],[-89.7703,44.2592],[-89.7703,44.2574],[-89.7653,44.2573],[-89.7653,44.26],[-89.7678,44.26]]],[[[-89.8145,44.2635],[-89.8157,44.2635],[-89.8157,44.2614],[-89.8132,44.2613],[-89.8132,44.2635],[-89.8145,44.2635]]],[[[-89.8359,44.261],[-89.841,44.2602],[-89.8359,44.2601],[-89.8359,44.261]]],[[[-89.8511,44.2602],[-89.8536,44.2593],[-89.8486,44.2593],[-89.8511,44.2602]]],[[[-89.811,44.2622],[-89.8116,44.26],[-89.8109,44.26],[-89.811,44.2622]]],[[[-89.8689,44.2652],[-89.8695,44.264],[-89.8684,44.2641],[-89.8689,44.2652]]]]},"properties":{"PROP_NAME":"TEN MILE CREEK STREAMBANK PROTECTION AREA","ACRES":511.2,"PUBLIC_ACCESS":"Open to Hiking, Fishing, Hunting and Trapping","TRANS_TYPE":1}},{"type":"Feature","geometry":{"type":"MultiPolygon","coordinates":[[[[-91.369,46.0489],[-91.3691,46.0515],[-91.3844,46.0515],[-91.3844,46.0479],[-91.3896,46.0478],[-91.3897,46.0463],[-91.3846,46.0459],[-91.3845,46.0442],[-91.3729,46.0442],[-91.3729,46.0479],[-91.369,46.0479],[-91.369,46.0489]]],[[[-89.1007,45.769],[-89.1007,45.7666],[-89.1054,45.7678],[-89.1034,45.767],[-89.1036,45.7656],[-89.1061,45.7654],[-89.106,45.7627],[-89.0898,45.7622],[-89.0904,45.7694],[-89.1007,45.769]]],[[[-91.9224,45.7309],[-91.9292,45.732],[-91.9293,45.7249],[-91.9251,45.7268],[-91.9206,45.7254],[-91.9224,45.7309]]],[[[-89.1898,45.2231],[-89.1948,45.223],[-89.1948,45.2156],[-89.1897,45.2157],[-89.1898,45.2231]]],[[[-89.2218,45.1973],[-89.2207,45.2007],[-89.2153,45.2008],[-89.215,45.204],[-89.2236,45.2038],[-89.224,45.1996],[-89.2218,45.1973]]],[[[-89.1312,45.7957],[-89.1322,45.7979],[-89.1381,45.8001],[-89.1345,45.7971],[-89.1349,45.7939],[-89.1331,45.7939],[-89.1331,45.7904],[-89.1294,45.7904],[-89.1282,45.7931],[-89.1287,45.7954],[-89.1312,45.7957]]],[[[-89.6157,45.25],[-89.6157,45.2513],[-89.6179,45.2509],[-89.6188,45.2463],[-89.6105,45.2464],[-89.6136,45.25],[-89.6157,45.25]]],[[[-89.8094,45.8669],[-89.8117,45.8658],[-89.8118,45.8611],[-89.8067,45.8611],[-89.8068,45.8649],[-89.8094,45.8669]]],[[[-91.4687,46.0845],[-91.4686,46.0832],[-91.464,46.0816],[-91.4619,46.0783],[-91.4597,46.0797],[-91.4613,46.0818],[-91.4579,46.081],[-91.4515,46.0846],[-91.4559,46.0845],[-91.4558,46.0827],[-91.458,46.0821],[-91.4632,46.082],[-91.4647,46.0845],[-91.4687,46.0845]]],[[[-91.1381,46.3432],[-91.138,46.3466],[-91.1433,46.3466],[-91.1433,46.3431],[-91.1381,46.3432]]],[[[-91.4686,46.0926],[-91.4686,46.0953],[-91.4717,46.0955],[-91.4738,46.0918],[-91.4686,46.0926]]],[[[-89.6136,45.25],[-89.6105,45.2478],[-89.6112,45.2524],[-89.6088,45.2548],[-89.611,45.2573],[-89.6123,45.2573],[-89.6101,45.2553],[-89.6124,45.2525],[-89.6113,45.2501],[-89.6136,45.25]]],[[[-89.6559,45.6611],[-89.6568,45.6621],[-89.6579,45.659],[-89.6618,45.6559],[-89.6566,45.6559],[-89.6559,45.6611]]],[[[-89.655,45.6667],[-89.6541,45.674],[-89.6566,45.674],[-89.6565,45.6667],[-89.655,45.6667]]],[[[-90.1307,45.982],[-90.1291,45.9819],[-90.1296,45.9804],[-90.1255,45.9802],[-90.1255,45.9821],[-90.1307,45.982]]],[[[-89.1681,45.8295],[-89.17,45.8314],[-89.1739,45.8296],[-89.1681,45.8295]]],[[[-91.4687,46.0845],[-91.4686,46.0881],[-91.4704,46.0881],[-91.4687,46.0845]]],[[[-89.1981,45.5247],[-89.1952,45.524],[-89.1952,45.5249],[-89.1981,45.5247]]],[[[-91.4666,46.0813],[-91.4679,46.0825],[-91.4682,46.0807],[-91.4666,46.0813]]],[[[-89.6843,45.2112],[-89.6856,45.2128],[-89.6856,45.2112],[-89.6843,45.2112]]],[[[-91.4587,46.0794],[-91.46,46.0792],[-91.4577,46.0789],[-91.4587,46.0794]]],[[[-89.7231,46.2516],[-89.7218,46.2513],[-89.7218,46.2517],[-89.7231,46.2516]]]]},"properties":{"PROP_NAME":"STATEWIDE HABITAT AREAS - NW","ACRES":1154.81,"PUBLIC_ACCESS":"Open to Hiking, Fishing, Hunting and Trapping","TRANS_TYPE":1}},{"type":"Feature","geometry":{"type":"Polygon","coordinates":[[[-87.643,45.0401],[-87.6475,45.0402],[-87.6476,45.0383],[-87.6429,45.0383],[-87.643,45.0401]]]},"properties":{"PROP_NAME":"HABITAT AREA","ACRES":18.51,"PUBLIC_ACCESS":"Open to Hiking, Fishing, Hunting and Trapping","TRANS_TYPE":1}},{"type":"Feature","geometry":{"type":"Polygon","coordinates":[[[-88.5631,42.6364],[-88.5658,42.6335],[-88.5631,42.6335],[-88.5631,42.6364]]]},"properties":{"PROP_NAME":"DELAVAN LAKE STATE HABITAT AREA","ACRES":10.700000000000001,"PUBLIC_ACCESS":"Open to Hiking, Fishing, Hunting and Trapping","TRANS_TYPE":1}},{"type":"Feature","geometry":{"type":"MultiPolygon","coordinates":[[[[-88.3665,42.8626],[-88.3786,42.8609],[-88.3753,42.8609],[-88.3753,42.8573],[-88.3709,42.8585],[-88.3668,42.8574],[-88.3655,42.8599],[-88.3665,42.8626]]],[[[-88.3162,42.8566],[-88.3235,42.8579],[-88.3263,42.8562],[-88.3243,42.8544],[-88.3162,42.8566]]]]},"properties":{"PROP_NAME":"MUKWONAGO RIVER STATE HABITAT AREA","ACRES":131.71,"PUBLIC_ACCESS":"Open to Hiking, Fishing, Hunting and Trapping","TRANS_TYPE":1}},{"type":"Feature","geometry":{"type":"MultiPolygon","coordinates":[[[[-87.6414,45.0393],[-87.6381,45.04],[-87.6382,45.0418],[-87.643,45.0419],[-87.6429,45.0393],[-87.6414,45.0393]]],[[[-87.6251,45.0435],[-87.626,45.0448],[-87.6264,45.0435],[-87.6251,45.0435]]],[[[-87.6243,45.045],[-87.6259,45.0454],[-87.626,45.0449],[-87.6243,45.045]]],[[[-87.6266,45.0454],[-87.6276,45.0466],[-87.6276,45.0448],[-87.6266,45.0454]]]]},"properties":{"PROP_NAME":"LITTLE RIVER STATE HABITAT AREA","ACRES":31.67,"PUBLIC_ACCESS":"Open to Hiking, Fishing, Hunting and Trapping","TRANS_TYPE":1}},{"type":"Feature","geometry":{"type":"Polygon","coordinates":[[[-87.9387,44.8213],[-87.9366,44.8227],[-87.9394,44.8228],[-87.9394,44.821],[-87.9418,44.8212],[-87.9435,44.8184],[-87.9387,44.8213]]]},"properties":{"PROP_NAME":"PENSAUKEE RIVER STATE HABITAT AREA","ACRES":16.26,"PUBLIC_ACCESS":"Open to Hiking, Fishing, Hunting and Trapping","TRANS_TYPE":1}},{"type":"Feature","geometry":{"type":"MultiPolygon","coordinates":[[[[-88.0379,44.634],[-88.0409,44.6337],[-88.0412,44.6332],[-88.0379,44.634]]],[[[-88.0364,44.6336],[-88.0342,44.6352],[-88.0385,44.6351],[-88.0364,44.6336]]]]},"properties":{"PROP_NAME":"SUAMICO RIVER STATE HABITAT AREA","ACRES":11.81,"PUBLIC_ACCESS":"Open to Hiking, Fishing, Hunting and Trapping","TRANS_TYPE":1}},{"type":"Feature","geometry":{"type":"MultiPolygon","coordinates":[[[[-91.025,46.8789],[-91.025,46.8824],[-91.0303,46.8788],[-91.0409,46.8786],[-91.0409,46.8714],[-91.0304,46.8716],[-91.0303,46.8752],[-91.0251,46.8752],[-91.025,46.8789]]],[[[-91.0302,46.88],[-91.0253,46.8825],[-91.0303,46.8824],[-91.0302,46.88]]]]},"properties":{"PROP_NAME":"SAXINE CREEK STATE HABITAT AREA","ACRES":236.45000000000002,"PUBLIC_ACCESS":"Open to Hiking, Fishing, Hunting and Trapping","TRANS_TYPE":1}},{"type":"Feature","geometry":{"type":"Polygon","coordinates":[[[-91.3864,46.6544],[-91.3863,46.6508],[-91.3812,46.6508],[-91.3813,46.6543],[-91.3864,46.6544]]]},"properties":{"PROP_NAME":"SCHACTE CREEK STATE HABITAT AREA","ACRES":38.14,"PUBLIC_ACCESS":"Open to Hiking, Fishing, Hunting and Trapping","TRANS_TYPE":1}},{"type":"Feature","geometry":{"type":"Polygon","coordinates":[[[-91.785,45.828],[-91.8012,45.828],[-91.7965,45.8275],[-91.7937,45.8245],[-91.7851,45.8245],[-91.785,45.828]]]},"properties":{"PROP_NAME":"SPOONER LAKE STATE HABITAT AREA","ACRES":83.92,"PUBLIC_ACCESS":"Open to Hiking, Fishing, Hunting and Trapping","TRANS_TYPE":1}},{"type":"Feature","geometry":{"type":"Polygon","coordinates":[[[-91.5826,45.9816],[-91.5826,45.9834],[-91.593,45.9833],[-91.5929,45.9784],[-91.5826,45.978],[-91.5826,45.9816]]]},"properties":{"PROP_NAME":"NAMEKAGON RIVER STATE HABITAT AREA","ACRES":113.46000000000001,"PUBLIC_ACCESS":"Open to Hiking, Fishing, Hunting and Trapping","TRANS_TYPE":1}},{"type":"Feature","geometry":{"type":"Polygon","coordinates":[[[-92.5808,45.654],[-92.5825,45.6586],[-92.5843,45.6586],[-92.5836,45.6534],[-92.5798,45.6534],[-92.5808,45.654]]]},"properties":{"PROP_NAME":"ROUND LAKE STATE HABITAT AREA","ACRES":24.43,"PUBLIC_ACCESS":"Open to Hiking, Fishing, Hunting and Trapping","TRANS_TYPE":1}},{"type":"Feature","geometry":{"type":"Polygon","coordinates":[[[-88.0889,45.4253],[-88.0932,45.4253],[-88.0931,45.4227],[-88.0895,45.4228],[-88.0889,45.4253]]]},"properties":{"PROP_NAME":"WAUSAUKEE RIVER STATE HABITAT AREA","ACRES":23.19,"PUBLIC_ACCESS":"Open to Hiking, Fishing, Hunting and Trapping","TRANS_TYPE":1}},{"type":"Feature","geometry":{"type":"Polygon","coordinates":[[[-88.3813,45.8282],[-88.376,45.8282],[-88.376,45.8316],[-88.3863,45.8313],[-88.3864,45.8281],[-88.3813,45.8282]]]},"properties":{"PROP_NAME":"WOODS CREEK STATE HABITAT AREA","ACRES":72.71000000000001,"PUBLIC_ACCESS":"Open to Hiking, Fishing, Hunting and Trapping","TRANS_TYPE":1}},{"type":"Feature","geometry":{"type":"MultiPolygon","coordinates":[[[[-92.7028,45.3194],[-92.6969,45.3198],[-92.7008,45.3207],[-92.7028,45.3194]]],[[[-92.7028,45.3192],[-92.7011,45.3195],[-92.7028,45.3194],[-92.7028,45.3192]]],[[[-92.6993,45.3202],[-92.6992,45.3201],[-92.6991,45.3202],[-92.6993,45.3202]]]]},"properties":{"PROP_NAME":"OSCEOLA CREEK STATE HABITAT AREA","ACRES":9,"PUBLIC_ACCESS":"Open to Hiking, Fishing, Hunting and Trapping","TRANS_TYPE":1}},{"type":"Feature","geometry":{"type":"Polygon","coordinates":[[[-92.3372,45.2637],[-92.3373,45.2673],[-92.3476,45.267],[-92.3475,45.2634],[-92.3424,45.2635],[-92.3422,45.2527],[-92.3372,45.2528],[-92.3372,45.2637]]]},"properties":{"PROP_NAME":"SNAKE CREEK SPRING STATE HABITAT AREA","ACRES":199.22,"PUBLIC_ACCESS":"Open to Hiking, Fishing, Hunting and Trapping","TRANS_TYPE":1}},{"type":"Feature","geometry":{"type":"MultiPolygon","coordinates":[[[[-87.9536,45.34],[-87.9584,45.3388],[-87.9658,45.3401],[-87.9683,45.3372],[-87.9585,45.3376],[-87.9573,45.3395],[-87.9536,45.34]]],[[[-87.9525,45.341],[-87.9538,45.341],[-87.9539,45.3406],[-87.9525,45.341]]]]},"properties":{"PROP_NAME":"UPPER MIDDLE INLET STATE HABITAT AREA","ACRES":51.9,"PUBLIC_ACCESS":"Open to Hiking, Fishing, Hunting and Trapping","TRANS_TYPE":1}},{"type":"Feature","geometry":{"type":"Polygon","coordinates":[[[-90.4372,42.8468],[-90.4422,42.8459],[-90.4372,42.8459],[-90.4372,42.8468]]]},"properties":{"PROP_NAME":"HEADWATERS LITTLE PLATTE RIVER STATE HABITAT AREA","ACRES":6.71,"PUBLIC_ACCESS":"Open to Hiking, Fishing, Hunting and Trapping","TRANS_TYPE":1}},{"type":"Feature","geometry":{"type":"Polygon","coordinates":[[[-89.9273,42.9458],[-89.9273,42.9443],[-89.9228,42.9444],[-89.9273,42.9458]]]},"properties":{"PROP_NAME":"SMITH-CONLEY CREEK STATE HABITAT AREA","ACRES":9.89,"PUBLIC_ACCESS":"Open to Hiking, Fishing, Hunting and Trapping","TRANS_TYPE":1}},{"type":"Feature","geometry":{"type":"Polygon","coordinates":[[[-90.1221,43.8072],[-90.1283,43.8063],[-90.1283,43.8036],[-90.1268,43.8036],[-90.1268,43.8052],[-90.1221,43.8054],[-90.1221,43.8072]]]},"properties":{"PROP_NAME":"BREWER CREEK-LEMONWEIR RIVER STATE HABITAT AREA","ACRES":23.91,"PUBLIC_ACCESS":"Open to Hiking, Fishing, Hunting and Trapping","TRANS_TYPE":1}},{"type":"Feature","geometry":{"type":"Polygon","coordinates":[[[-89.7871,43.8425],[-89.7817,43.8415],[-89.7811,43.8398],[-89.7754,43.8375],[-89.7799,43.8398],[-89.7801,43.8424],[-89.7871,43.8425]]]},"properties":{"PROP_NAME":"CAMPBELL CREEK-WHITE CREEK STATE HABITAT AREA","ACRES":26.23,"PUBLIC_ACCESS":"Open to Hiking, Fishing, Hunting and Trapping","TRANS_TYPE":1}},{"type":"Feature","geometry":{"type":"MultiPolygon","coordinates":[[[[-89.7726,43.9854],[-89.7776,43.9854],[-89.7777,43.9814],[-89.7714,43.9818],[-89.7714,43.9801],[-89.7699,43.9801],[-89.7668,43.9835],[-89.7646,43.9827],[-89.7646,43.9805],[-89.7627,43.9808],[-89.7626,43.9854],[-89.7676,43.9854],[-89.7675,43.989],[-89.7725,43.989],[-89.7726,43.9854]]],[[[-89.7426,44.0035],[-89.7476,44.0035],[-89.7475,43.9999],[-89.7524,43.9998],[-89.7523,43.9962],[-89.7452,43.9963],[-89.7451,44.0012],[-89.7376,44.0017],[-89.7376,44.0036],[-89.7426,44.0035]]],[[[-89.7376,44.0036],[-89.7276,44.0036],[-89.7276,44.008],[-89.7338,44.007],[-89.7376,44.0036]],[[-89.7427,43.9855],[-89.742,43.9855],[-89.743,43.9837],[-89.7427,43.9855]]]]},"properties":{"PROP_NAME":"FORDHAM CREEK-LITTLE ROCHE A CRI CREEK STATE HABITAT AREA","ACRES":346.39,"PUBLIC_ACCESS":"Open to Hiking, Fishing, Hunting and Trapping","TRANS_TYPE":1}},{"type":"Feature","geometry":{"type":"MultiPolygon","coordinates":[[[[-88.0703,43.6115],[-88.0702,43.6151],[-88.0705,43.6115],[-88.0852,43.6116],[-88.0808,43.6116],[-88.0807,43.6153],[-88.0835,43.613],[-88.087,43.6152],[-88.0901,43.6152],[-88.0902,43.6006],[-88.0816,43.6007],[-88.0804,43.6079],[-88.0704,43.6079],[-88.0703,43.6115]],[[-88.0867,43.6079],[-88.0851,43.6079],[-88.0867,43.6074],[-88.0867,43.6079]],[[-88.0849,43.6043],[-88.0826,43.6068],[-88.0818,43.6036],[-88.0849,43.6043]],[[-88.0854,43.6038],[-88.0863,43.6025],[-88.0861,43.6043],[-88.0854,43.6038]]],[[[-88.1153,43.5899],[-88.1153,43.5924],[-88.1182,43.5924],[-88.1189,43.5865],[-88.1153,43.5864],[-88.1153,43.5899]]]]},"properties":{"PROP_NAME":"STATEWIDE NEW HATCHERIES - SE","ACRES":390.81,"PUBLIC_ACCESS":"Open to Hiking, Fishing, Hunting and Trapping","TRANS_TYPE":1}},{"type":"Feature","geometry":{"type":"Polygon","coordinates":[[[-92.2009,46.6521],[-92.2021,46.6527],[-92.2031,46.651],[-92.2009,46.6521]]]},"properties":{"PROP_NAME":"OLIVER - ST LOUIS RIVER STATE PUBLIC ACCESS","ACRES":3.7800000000000002,"PUBLIC_ACCESS":"Open to Hiking, Fishing, Hunting and Trapping","TRANS_TYPE":1}},{"type":"Feature","geometry":{"type":"Polygon","coordinates":[[[-90.8858,46.7562],[-90.8851,46.7562],[-90.885,46.7565],[-90.8858,46.7562]]]},"properties":{"PROP_NAME":"ONION RIVER STATE PUBLIC ACCESS","ACRES":0.38,"PUBLIC_ACCESS":"Open to Hiking, Fishing, Hunting and Trapping","TRANS_TYPE":1}},{"type":"Feature","geometry":{"type":"Polygon","coordinates":[[[-91.6544,45.9751],[-91.6545,45.9769],[-91.6592,45.9715],[-91.6542,45.9714],[-91.6544,45.9751]]]},"properties":{"PROP_NAME":"NAMEKAGON RIVER - TRAILS END ROAD STATE PUBLIC ACCESS","ACRES":33.03,"PUBLIC_ACCESS":"Open to Hiking, Fishing, Hunting and Trapping","TRANS_TYPE":1}},{"type":"Feature","geometry":{"type":"MultiPolygon","coordinates":[[[[-91.1555,43.104],[-91.1592,43.1013],[-91.1528,43.104],[-91.1555,43.104]]],[[[-91.1588,43.1006],[-91.1592,43.1013],[-91.1595,43.1006],[-91.1588,43.1006]]],[[[-91.1596,43.1008],[-91.1594,43.1013],[-91.1601,43.1008],[-91.1596,43.1008]]],[[[-91.1593,43.1015],[-91.1595,43.1018],[-91.1598,43.1013],[-91.1593,43.1015]]],[[[-89.6562,43.7458],[-89.6587,43.7457],[-89.6567,43.7449],[-89.6562,43.7458]]],[[[-91.3163,43.9375],[-91.317,43.9373],[-91.3168,43.9372],[-91.3163,43.9375]]],[[[-91.4318,43.9987],[-91.4322,43.9987],[-91.4319,43.9985],[-91.4318,43.9987]]],[[[-89.2314,44.3807],[-89.2304,44.3818],[-89.2321,44.3824],[-89.2314,44.3807]]],[[[-89.7896,44.735],[-89.7888,44.7353],[-89.7897,44.7353],[-89.7896,44.735]]],[[[-89.7107,44.8173],[-89.7101,44.8176],[-89.7108,44.8176],[-89.7107,44.8173]]],[[[-91.4559,44.8865],[-91.4558,44.8843],[-91.4549,44.8853],[-91.4559,44.8865]]],[[[-89.3096,44.9434],[-89.3099,44.9434],[-89.3099,44.9432],[-89.3096,44.9434]]],[[[-91.3416,44.9825],[-91.341,44.9844],[-91.3421,44.9825],[-91.3416,44.9825]]],[[[-90.9336,45.052],[-90.9333,45.0525],[-90.9338,45.0525],[-90.9336,45.052]]],[[[-90.9314,45.0517],[-90.9329,45.0528],[-90.9336,45.0516],[-90.9314,45.0517]]],[[[-92.5707,45.2319],[-92.5716,45.2324],[-92.5716,45.2318],[-92.5707,45.2319]]],[[[-91.3637,45.2626],[-91.3673,45.2626],[-91.3673,45.2602],[-91.3637,45.2626]]]]},"properties":{"PROP_NAME":"STATEWIDE PUBLIC ACCESS - WD","ACRES":46.77,"PUBLIC_ACCESS":"Open to Hiking, Fishing, Hunting and Trapping","TRANS_TYPE":1}},{"type":"Feature","geometry":{"type":"Polygon","coordinates":[[[-90.2931,43.8818],[-90.2937,43.8806],[-90.292,43.8803],[-90.2931,43.8818]]]},"properties":{"PROP_NAME":"FOUNTAIN CREEK-LITTLE LEMONWEIR RIVER STATE PUBLIC ACCESS","ACRES":4.94,"PUBLIC_ACCESS":"Open to Hiking, Fishing, Hunting and Trapping","TRANS_TYPE":1}},{"type":"Feature","geometry":{"type":"Polygon","coordinates":[[[-87.9534,45.1382],[-87.9554,45.1382],[-87.955,45.1366],[-87.9534,45.1382]]]},"properties":{"PROP_NAME":"COUNTY P PESHTIGO RIVER STATE PUBLIC ACCESS","ACRES":5.15,"PUBLIC_ACCESS":"Open to Hiking, Fishing, Hunting and Trapping","TRANS_TYPE":1}},{"type":"Feature","geometry":{"type":"MultiPolygon","coordinates":[[[[-87.9112,44.824],[-87.9122,44.824],[-87.912,44.8234],[-87.9112,44.824]]],[[[-87.9122,44.8232],[-87.9121,44.8237],[-87.9127,44.8236],[-87.9122,44.8232]]]]},"properties":{"PROP_NAME":"PENSAUKEE RIVER STATE PUBLIC ACCESS","ACRES":1.5,"PUBLIC_ACCESS":"Open to Hiking, Fishing, Hunting and Trapping","TRANS_TYPE":1}},{"type":"Feature","geometry":{"type":"Polygon","coordinates":[[[-88.4077,44.9141],[-88.4098,44.9158],[-88.4099,44.914],[-88.4077,44.9141]]]},"properties":{"PROP_NAME":"OCONTO RIVER-PATZER PARK STATE PUBLIC ACCESS","ACRES":7.33,"PUBLIC_ACCESS":"Open to Hiking, Fishing, Hunting and Trapping","TRANS_TYPE":1}},{"type":"Feature","geometry":{"type":"MultiPolygon","coordinates":[[[[-89.771,43.6332],[-89.7712,43.6335],[-89.7714,43.6333],[-89.771,43.6332]]],[[[-89.7714,43.6334],[-89.7717,43.6337],[-89.7719,43.6335],[-89.7714,43.6334]]]]},"properties":{"PROP_NAME":"WISCONSIN DELLS STATE PUBLIC ACCESS","ACRES":0.54,"PUBLIC_ACCESS":"Open to Hiking, Fishing, Hunting and Trapping","TRANS_TYPE":1}},{"type":"Feature","geometry":{"type":"Polygon","coordinates":[[[-88.4347,42.8548],[-88.4351,42.8558],[-88.4355,42.8553],[-88.4347,42.8548]]]},"properties":{"PROP_NAME":"EAGLE SPRINGS LAKE STATE PUBLIC ACCESS","ACRES":1.02,"PUBLIC_ACCESS":"Open to Hiking, Fishing, Hunting and Trapping","TRANS_TYPE":1}},{"type":"Feature","geometry":{"type":"MultiPolygon","coordinates":[[[[-88.8864,45.1763],[-88.8863,45.183],[-88.8966,45.1829],[-88.8966,45.1793],[-88.8992,45.1792],[-88.8872,45.1761],[-88.8916,45.1757],[-88.8919,45.1684],[-88.8868,45.1692],[-88.8866,45.1721],[-88.8814,45.1721],[-88.8812,45.1758],[-88.8864,45.1763]]],[[[-89.0935,45.0621],[-89.0986,45.0621],[-89.0986,45.0595],[-89.0935,45.06],[-89.0935,45.0621]]],[[[-89.0852,45.091],[-89.0839,45.091],[-89.0839,45.0946],[-89.0942,45.0945],[-89.0941,45.0909],[-89.0898,45.0909],[-89.0874,45.0874],[-89.0838,45.0874],[-89.0852,45.091]]],[[[-88.9842,45.0995],[-88.9872,45.0996],[-88.9872,45.0976],[-88.9844,45.0975],[-88.9842,45.0995]]],[[[-89.0331,45.1056],[-89.0332,45.1083],[-89.0281,45.1083],[-89.0283,45.1128],[-89.0385,45.1129],[-89.0384,45.1093],[-89.0333,45.1092],[-89.0331,45.1056]]],[[[-88.9762,45.1279],[-88.9759,45.1325],[-88.9785,45.1325],[-88.9787,45.1279],[-88.9762,45.1279]]],[[[-88.7594,45.1319],[-88.7442,45.132],[-88.7442,45.1356],[-88.7582,45.1355],[-88.7581,45.1337],[-88.7645,45.1332],[-88.7645,45.1319],[-88.7594,45.1319]]],[[[-88.8365,45.1465],[-88.8367,45.1469],[-88.8367,45.1465],[-88.8365,45.1465]]],[[[-88.837,45.1483],[-88.8391,45.1499],[-88.8392,45.1483],[-88.837,45.1483]]],[[[-88.8287,45.1519],[-88.8312,45.1518],[-88.8314,45.1501],[-88.839,45.1501],[-88.8356,45.1487],[-88.8361,45.1465],[-88.8265,45.1464],[-88.8263,45.15],[-88.8288,45.1498],[-88.8287,45.1519]],[[-88.8351,45.1497],[-88.8336,45.1495],[-88.8366,45.1487],[-88.8351,45.1497]]],[[[-88.9699,45.1612],[-88.9775,45.1612],[-88.9751,45.1588],[-88.9754,45.147],[-88.9703,45.147],[-88.9699,45.1612]]],[[[-88.9497,45.161],[-88.9495,45.1647],[-88.9546,45.1647],[-88.9547,45.161],[-88.9497,45.161]]],[[[-88.9443,45.1647],[-88.9446,45.1684],[-88.9466,45.1647],[-88.9443,45.1647]]],[[[-89.071,45.2806],[-89.0704,45.2815],[-89.0743,45.2816],[-89.0761,45.278],[-89.071,45.2806]]],[[[-88.8132,45.3496],[-88.8236,45.3498],[-88.8238,45.3424],[-88.8185,45.3423],[-88.8184,45.346],[-88.8132,45.3459],[-88.8132,45.3496]]],[[[-89.0762,45.3651],[-89.0814,45.3653],[-89.0813,45.3616],[-89.0761,45.3614],[-89.0762,45.3651]]],[[[-89.101,45.3714],[-89.097,45.3716],[-89.097,45.3731],[-89.1021,45.3731],[-89.101,45.3714]]],[[[-89.0917,45.3942],[-89.0917,45.3979],[-89.0943,45.3979],[-89.0943,45.3942],[-89.0917,45.3942]]],[[[-89.2109,45.4411],[-89.2145,45.4393],[-89.2085,45.4398],[-89.2109,45.4411]]],[[[-88.9465,45.447],[-88.9495,45.447],[-88.9495,45.444],[-88.9465,45.443],[-88.9464,45.4406],[-88.9465,45.447]]],[[[-88.94,45.4473],[-88.9398,45.451],[-88.9453,45.4509],[-88.9457,45.4473],[-88.94,45.4473]]],[[[-88.872,45.5902],[-88.8718,45.5938],[-88.877,45.5938],[-88.8769,45.5901],[-88.872,45.5902]]],[[[-88.9098,45.6625],[-88.9106,45.6589],[-88.9047,45.6588],[-88.9047,45.6624],[-88.9098,45.6625]]],[[[-89.6477,45.6688],[-89.6462,45.6696],[-89.6547,45.6704],[-89.6545,45.667],[-89.6507,45.6684],[-89.648,45.6674],[-89.6477,45.6688]]],[[[-91.5134,46.0014],[-91.5192,46.0014],[-91.5192,45.9978],[-91.5134,45.9978],[-91.5134,46.0014]]]]},"properties":{"PROP_NAME":"STATEWIDE SPRING PONDS - NW","ACRES":1441.92,"PUBLIC_ACCESS":"Open to Hiking, Fishing, Hunting and Trapping","TRANS_TYPE":1}},{"type":"Feature","geometry":{"type":"MultiPolygon","coordinates":[[[[-91.9314,45.8038],[-91.9367,45.8038],[-91.9367,45.802],[-91.9314,45.802],[-91.9314,45.8038]],[[-91.933,45.8022],[-91.933,45.8027],[-91.9315,45.8027],[-91.933,45.8022]]],[[[-91.9359,45.8002],[-91.9393,45.8003],[-91.9392,45.7985],[-91.9359,45.7984],[-91.9359,45.8002]]]]},"properties":{"PROP_NAME":"TOZER STATE SPRING PONDS","ACRES":31.69,"PUBLIC_ACCESS":"Open to Hiking, Fishing, Hunting and Trapping","TRANS_TYPE":1}},{"type":"Feature","geometry":{"type":"Polygon","coordinates":[[[-92.3769,45.3887],[-92.3839,45.3887],[-92.3839,45.3868],[-92.3821,45.3868],[-92.3821,45.385],[-92.377,45.385],[-92.3769,45.3887]]]},"properties":{"PROP_NAME":"OMER SPRINGS FISHERY AREA","ACRES":47.47,"PUBLIC_ACCESS":"Open to Hiking, Fishing, Hunting and Trapping","TRANS_TYPE":1}},{"type":"Feature","geometry":{"type":"Polygon","coordinates":[[[-92.4937,45.2489],[-92.4937,45.2453],[-92.4885,45.2453],[-92.4806,45.2489],[-92.4937,45.2489]]]},"properties":{"PROP_NAME":"WAGON LANDING STATEWIDE SPRING POND","ACRES":69.33,"PUBLIC_ACCESS":"Open to Hiking, Fishing, Hunting and Trapping","TRANS_TYPE":1}},{"type":"Feature","geometry":{"type":"MultiPolygon","coordinates":[[[[-89.3619,44.8638],[-89.3526,44.8637],[-89.3518,44.8709],[-89.362,44.8711],[-89.3619,44.8638]],[[-89.3566,44.8692],[-89.3568,44.8709],[-89.3553,44.8708],[-89.3553,44.8692],[-89.3566,44.8692]]],[[[-89.2849,44.838],[-89.285,44.8309],[-89.2747,44.8308],[-89.2747,44.8344],[-89.2798,44.8344],[-89.2798,44.838],[-89.2849,44.838]]],[[[-89.362,44.8638],[-89.367,44.8639],[-89.367,44.8603],[-89.3619,44.8602],[-89.362,44.8638]]],[[[-89.2527,44.8562],[-89.2544,44.8536],[-89.2493,44.8545],[-89.2527,44.8562]]],[[[-89.2503,44.8524],[-89.2493,44.8542],[-89.2544,44.8533],[-89.2503,44.8524]]],[[[-89.4162,44.7459],[-89.4173,44.7489],[-89.4183,44.745],[-89.4162,44.7459]]],[[[-89.2495,44.8536],[-89.2499,44.8524],[-89.2493,44.8524],[-89.2495,44.8536]]]]},"properties":{"PROP_NAME":"STATEWIDE SPRING PONDS - WD","ACRES":347.42,"PUBLIC_ACCESS":"Open to Hiking, Fishing, Hunting and Trapping","TRANS_TYPE":1}},{"type":"Feature","geometry":{"type":"MultiPolygon","coordinates":[[[[-89.1276,45.0086],[-89.1225,45.0086],[-89.1226,45.0122],[-89.1328,45.0122],[-89.1328,45.0086],[-89.1276,45.0086]]],[[[-88.4727,45.1874],[-88.4733,45.1876],[-88.4714,45.186],[-88.4727,45.1874]]]]},"properties":{"PROP_NAME":"STATEWIDE SPRING PONDS - LM","ACRES":82.35000000000001,"PUBLIC_ACCESS":"Open to Hiking, Fishing, Hunting and Trapping","TRANS_TYPE":1}},{"type":"Feature","geometry":{"type":"MultiPolygon","coordinates":[[[[-91.5037,44.6536],[-91.5087,44.6537],[-91.5087,44.6501],[-91.5037,44.65],[-91.5037,44.6536]]],[[[-89.2526,44.423],[-89.2539,44.4242],[-89.2559,44.4228],[-89.2507,44.4196],[-89.2526,44.423]]]]},"properties":{"PROP_NAME":"STREAM BANK PROTECTION FEE PROGRAM - WD","ACRES":58.47,"PUBLIC_ACCESS":"Open to Hiking, Fishing, Hunting and Trapping","TRANS_TYPE":1}},{"type":"Feature","geometry":{"type":"Polygon","coordinates":[[[-88.0961,44.5577],[-88.0998,44.5582],[-88.0991,44.5568],[-88.0961,44.5577]]]},"properties":{"PROP_NAME":"STREAM BANK PROTECTION FEE PROGRAM - LM","ACRES":7.18,"PUBLIC_ACCESS":"Open to Hiking, Fishing, Hunting and Trapping","TRANS_TYPE":1}},{"type":"Feature","geometry":{"type":"Polygon","coordinates":[[[-89.4862,42.834],[-89.4912,42.834],[-89.4912,42.8329],[-89.4862,42.8328],[-89.4862,42.834]]]},"properties":{"PROP_NAME":"STREAM BANK PROTECTION FEE PROGRAM - SD","ACRES":13.02,"PUBLIC_ACCESS":"Open to Hiking, Fishing, Hunting and Trapping","TRANS_TYPE":1}},{"type":"Feature","geometry":{"type":"Polygon","coordinates":[[[-89.1409,45.155],[-89.1409,45.1541],[-89.14,45.1541],[-89.1409,45.155]]]},"properties":{"PROP_NAME":"ANTIGO HABITAT STATION","ACRES":1.76,"PUBLIC_ACCESS":"Open to Hiking, Fishing, Hunting and Trapping","TRANS_TYPE":1}},{"type":"Feature","geometry":{"type":"Polygon","coordinates":[[[-89.1398,45.1611],[-89.1399,45.1595],[-89.1374,45.1593],[-89.1398,45.1611]]]},"properties":{"PROP_NAME":"ANTIGO STATION","ACRES":6.6000000000000005,"PUBLIC_ACCESS":"Open to Hiking, Fishing, Hunting and Trapping","TRANS_TYPE":1}},{"type":"Feature","geometry":{"type":"Polygon","coordinates":[[[-91.9514,45.328],[-91.9532,45.328],[-91.9533,45.3267],[-91.9515,45.3267],[-91.9514,45.328]]]},"properties":{"PROP_NAME":"ARLAND TOWER SITE","ACRES":4.94,"PUBLIC_ACCESS":"Open to Hiking, Fishing, Hunting and Trapping","TRANS_TYPE":1}},{"type":"Feature","geometry":{"type":"Polygon","coordinates":[[[-91.1349,44.6817],[-91.1349,44.6827],[-91.1359,44.6827],[-91.1349,44.6817]]]},"properties":{"PROP_NAME":"AUGUSTA RANGER STATION","ACRES":2.5100000000000002,"PUBLIC_ACCESS":"Open to Hiking, Fishing, Hunting and Trapping","TRANS_TYPE":1}},{"type":"Feature","geometry":{"type":"Polygon","coordinates":[[[-90.8442,46.8282],[-90.8442,46.8273],[-90.8415,46.8281],[-90.8442,46.8282]]]},"properties":{"PROP_NAME":"BAYFIELD COMMUNICATION TOWER","ACRES":2.67,"PUBLIC_ACCESS":"Open to Hiking, Fishing, Hunting and Trapping","TRANS_TYPE":1}},{"type":"Feature","geometry":{"type":"MultiPolygon","coordinates":[[[[-88.9081,45.5638],[-88.9098,45.5646],[-88.9098,45.5638],[-88.9081,45.5638]]],[[[-88.9027,45.5727],[-88.9022,45.5729],[-88.9032,45.5729],[-88.9027,45.5727]]],[[[-88.9022,45.5729],[-88.9022,45.573],[-88.9032,45.5729],[-88.9022,45.5729]]]]},"properties":{"PROP_NAME":"CRANDON STATION","ACRES":3.52,"PUBLIC_ACCESS":"Open to Hiking, Fishing, Hunting and Trapping","TRANS_TYPE":1}},{"type":"Feature","geometry":{"type":"Polygon","coordinates":[[[-91.8647,45.4058],[-91.8652,45.4062],[-91.8634,45.4053],[-91.8647,45.4058]]]},"properties":{"PROP_NAME":"CUMBERLAND AREA STORAGE","ACRES":1.81,"PUBLIC_ACCESS":"Open to Hiking, Fishing, Hunting and Trapping","TRANS_TYPE":1}},{"type":"Feature","geometry":{"type":"Polygon","coordinates":[[[-92.4251,45.6375],[-92.4252,45.6352],[-92.4272,45.6352],[-92.4273,45.6339],[-92.4221,45.6338],[-92.4221,45.6374],[-92.4251,45.6375]]]},"properties":{"PROP_NAME":"FREDERIC TOWER SITE","ACRES":29.740000000000002,"PUBLIC_ACCESS":"Open to Hiking, Fishing, Hunting and Trapping","TRANS_TYPE":1}},{"type":"Feature","geometry":{"type":"Polygon","coordinates":[[[-92.1565,45.006],[-92.1566,45.0097],[-92.1603,45.0097],[-92.1618,45.0133],[-92.1769,45.0134],[-92.1765,45.0024],[-92.1777,45.0011],[-92.1764,44.9998],[-92.1763,44.9952],[-92.1662,44.9952],[-92.1663,44.9988],[-92.1562,44.9988],[-92.1563,45.0001],[-92.1584,45.0001],[-92.1585,45.0022],[-92.1564,45.0024],[-92.1589,45.0024],[-92.1564,45.0033],[-92.1565,45.006]]]},"properties":{"PROP_NAME":"GLEN HILLS WATERSHED","ACRES":665.02,"PUBLIC_ACCESS":"Open to Hiking, Fishing, Hunting and Trapping","TRANS_TYPE":1}},{"type":"Feature","geometry":{"type":"Polygon","coordinates":[[[-91.8037,46.2455],[-91.805,46.2464],[-91.8051,46.2446],[-91.8037,46.2455]]]},"properties":{"PROP_NAME":"GORDON STATION","ACRES":5.01,"PUBLIC_ACCESS":"Open to Hiking, Fishing, Hunting and Trapping","TRANS_TYPE":1}},{"type":"Feature","geometry":{"type":"Polygon","coordinates":[[[-88.7817,44.8438],[-88.7838,44.8428],[-88.7817,44.8427],[-88.7817,44.8438]]]},"properties":{"PROP_NAME":"GRESHAM STATION","ACRES":4.7700000000000005,"PUBLIC_ACCESS":"Open to Hiking, Fishing, Hunting and Trapping","TRANS_TYPE":1}},{"type":"Feature","geometry":{"type":"MultiPolygon","coordinates":[[[[-91.487,46.0015],[-91.4872,46.0025],[-91.4888,46.0017],[-91.487,46.0015]]],[[[-91.4896,46.0016],[-91.4881,46.0033],[-91.4914,46.0015],[-91.4896,46.0016]]]]},"properties":{"PROP_NAME":"HAYWARD STATION","ACRES":8.09,"PUBLIC_ACCESS":"Open to Hiking, Fishing, Hunting and Trapping","TRANS_TYPE":1}},{"type":"Feature","geometry":{"type":"Polygon","coordinates":[[[-88.0962,44.5564],[-88.0961,44.5577],[-88.0991,44.5568],[-88.0962,44.5564]]]},"properties":{"PROP_NAME":"NORTHEAST REGION HDQRS","ACRES":7.01,"PUBLIC_ACCESS":"Open to Hiking, Fishing, Hunting and Trapping","TRANS_TYPE":1}},{"type":"Feature","geometry":{"type":"Polygon","coordinates":[[[-88.3526,45.404],[-88.3526,45.4049],[-88.3534,45.4049],[-88.3526,45.404]]]},"properties":{"PROP_NAME":"LAKEWOOD TOWER SITE","ACRES":1.37,"PUBLIC_ACCESS":"Open to Hiking, Fishing, Hunting and Trapping","TRANS_TYPE":1}},{"type":"Feature","geometry":{"type":"Polygon","coordinates":[[[-89.6547,45.18],[-89.6546,45.1815],[-89.6556,45.1815],[-89.6547,45.18]]]},"properties":{"PROP_NAME":"MERRILL STATION","ACRES":3.27,"PUBLIC_ACCESS":"Open to Hiking, Fishing, Hunting and Trapping","TRANS_TYPE":1}},{"type":"Feature","geometry":{"type":"MultiPolygon","coordinates":[[[[-91.8154,46.1],[-91.8178,46.1015],[-91.8179,46.0999],[-91.8154,46.1]]],[[[-91.8141,46.1016],[-91.8163,46.1016],[-91.8141,46.0998],[-91.8141,46.1016]]]]},"properties":{"PROP_NAME":"MINONG STATION","ACRES":12.89,"PUBLIC_ACCESS":"Open to Hiking, Fishing, Hunting and Trapping","TRANS_TYPE":1}},{"type":"Feature","geometry":{"type":"MultiPolygon","coordinates":[[[[-90.4491,45.9274],[-90.4502,45.9262],[-90.4491,45.9263],[-90.4491,45.9274]]],[[[-90.4505,45.9274],[-90.4513,45.9274],[-90.4512,45.9262],[-90.4505,45.9274]]],[[[-90.4426,45.9296],[-90.4431,45.9296],[-90.4431,45.9292],[-90.4426,45.9296]]],[[[-90.4414,45.93],[-90.4418,45.9296],[-90.4416,45.9293],[-90.4414,45.93]]]]},"properties":{"PROP_NAME":"PARK FALLS HEADQUARTERS","ACRES":5.59,"PUBLIC_ACCESS":"Open to Hiking, Fishing, Hunting and Trapping","TRANS_TYPE":1}},{"type":"Feature","geometry":{"type":"Polygon","coordinates":[[[-87.9943,45.6157],[-87.9945,45.6169],[-87.9957,45.6165],[-87.9943,45.6157]]]},"properties":{"PROP_NAME":"PEMBINE STATION","ACRES":2.67,"PUBLIC_ACCESS":"Open to Hiking, Fishing, Hunting and Trapping","TRANS_TYPE":1}},{"type":"Feature","geometry":{"type":"Polygon","coordinates":[[[-92.2188,44.6819],[-92.2164,44.6854],[-92.2213,44.6875],[-92.2213,44.6996],[-92.2314,44.6997],[-92.2315,44.6924],[-92.2273,44.6914],[-92.2264,44.6869],[-92.2239,44.6869],[-92.2256,44.6808],[-92.2213,44.6807],[-92.2257,44.6808],[-92.2256,44.6771],[-92.2226,44.6765],[-92.2225,44.674],[-92.216,44.6738],[-92.2159,44.6697],[-92.2184,44.6698],[-92.2183,44.6679],[-92.2158,44.6679],[-92.2158,44.6625],[-92.213,44.6673],[-92.1916,44.6651],[-92.1957,44.6674],[-92.1957,44.6693],[-92.2077,44.6713],[-92.2077,44.6726],[-92.2097,44.6726],[-92.2098,44.6767],[-92.206,44.6768],[-92.2187,44.6788],[-92.2188,44.6819]]]},"properties":{"PROP_NAME":"PLUM CREEK WATERSHED","ACRES":748.0500000000001,"PUBLIC_ACCESS":"Open to Hiking, Fishing, Hunting and Trapping","TRANS_TYPE":1}},{"type":"Feature","geometry":{"type":"Polygon","coordinates":[[[-87.9862,43.7664],[-87.9862,43.7651],[-87.9832,43.7657],[-87.9862,43.7664]]]},"properties":{"PROP_NAME":"PLYMOUTH FIELD STATION","ACRES":6.95,"PUBLIC_ACCESS":"Open to Hiking, Fishing, Hunting and Trapping","TRANS_TYPE":1}},{"type":"Feature","geometry":{"type":"MultiPolygon","coordinates":[[[[-87.9561,45.3799],[-87.9553,45.38],[-87.9573,45.3801],[-87.9561,45.3799]]],[[[-87.9581,45.3796],[-87.9588,45.3801],[-87.9588,45.3795],[-87.9581,45.3796]]]]},"properties":{"PROP_NAME":"WAUSAUKEE STATION","ACRES":2.46,"PUBLIC_ACCESS":"Open to Hiking, Fishing, Hunting and Trapping","TRANS_TYPE":1}},{"type":"Feature","geometry":{"type":"Polygon","coordinates":[[[-89.2904,44.0559],[-89.2923,44.0576],[-89.2923,44.0559],[-89.2904,44.0559]]]},"properties":{"PROP_NAME":"WAUTOMA STATION","ACRES":6.91,"PUBLIC_ACCESS":"Open to Hiking, Fishing, Hunting and Trapping","TRANS_TYPE":1}},{"type":"Feature","geometry":{"type":"Polygon","coordinates":[[[-90.826,44.2975],[-90.8292,44.3001],[-90.8319,44.299],[-90.8319,44.2971],[-90.828,44.2972],[-90.8293,44.2947],[-90.8257,44.2953],[-90.826,44.2975]]]},"properties":{"PROP_NAME":"BLACK RIVER FALLS SERVICE CENTER","ACRES":41.49,"PUBLIC_ACCESS":"Open to Hiking, Fishing, Hunting and Trapping","TRANS_TYPE":1}},{"type":"Feature","geometry":{"type":"MultiPolygon","coordinates":[[[[-89.7697,43.6347],[-89.7698,43.6351],[-89.7701,43.6348],[-89.7697,43.6347]]],[[[-89.7701,43.6349],[-89.7702,43.6353],[-89.7705,43.635],[-89.7701,43.6349]]]]},"properties":{"PROP_NAME":"WISCONSIN DELLS STATION","ACRES":0.8,"PUBLIC_ACCESS":"Open to Hiking, Fishing, Hunting and Trapping","TRANS_TYPE":1}},{"type":"Feature","geometry":{"type":"Polygon","coordinates":[[[-92.3636,45.3952],[-92.3717,45.395],[-92.3717,45.3923],[-92.3631,45.3923],[-92.3636,45.3952]]]},"properties":{"PROP_NAME":"APPLE RIVER TIMBER DEMO FOREST","ACRES":53.79,"PUBLIC_ACCESS":"Open to Hiking, Fishing, Hunting and Trapping","TRANS_TYPE":1}},{"type":"Feature","geometry":{"type":"MultiPolygon","coordinates":[[[[-91.7315,46.7096],[-91.7261,46.7096],[-91.726,46.7132],[-91.7204,46.7133],[-91.7202,46.7169],[-91.689,46.7166],[-91.689,46.713],[-91.6783,46.713],[-91.6796,46.7202],[-91.6683,46.7202],[-91.6681,46.7056],[-91.6783,46.7057],[-91.6785,46.6913],[-91.6625,46.6912],[-91.6626,46.6948],[-91.6574,46.6947],[-91.6573,46.6911],[-91.6309,46.6911],[-91.6311,46.6981],[-91.6258,46.6981],[-91.6259,46.7016],[-91.6206,46.7015],[-91.6205,46.698],[-91.6152,46.698],[-91.6151,46.6945],[-91.6198,46.6945],[-91.6158,46.6874],[-91.6256,46.6874],[-91.6257,46.6838],[-91.6204,46.6838],[-91.6204,46.6765],[-91.6151,46.6764],[-91.6156,46.6549],[-91.6103,46.6549],[-91.6103,46.6513],[-91.6156,46.6513],[-91.6156,46.6369],[-91.6054,46.6369],[-91.6051,46.6404],[-91.6053,46.6333],[-91.6,46.6333],[-91.6,46.6369],[-91.5868,46.6367],[-91.5866,46.6402],[-91.5999,46.6404],[-91.5999,46.644],[-91.6052,46.644],[-91.6051,46.6476],[-91.6026,46.6476],[-91.6024,46.6512],[-91.5918,46.6511],[-91.5918,46.6474],[-91.5898,46.6474],[-91.5898,46.6511],[-91.5784,46.6509],[-91.5784,46.6546],[-91.5837,46.6547],[-91.5837,46.6582],[-91.5944,46.6566],[-91.5943,46.662],[-91.573,46.6616],[-91.573,46.6647],[-91.5742,46.6635],[-91.5836,46.6637],[-91.5836,46.6654],[-91.573,46.6653],[-91.573,46.6668],[-91.5753,46.6668],[-91.5753,46.6689],[-91.573,46.6689],[-91.573,46.676],[-91.5733,46.6725],[-91.5733,46.676],[-91.5783,46.676],[-91.5783,46.6726],[-91.5836,46.6727],[-91.5835,46.6762],[-91.5914,46.6762],[-91.5915,46.6728],[-91.5941,46.6729],[-91.594,46.6769],[-91.5956,46.6781],[-91.5947,46.6795],[-91.5963,46.6796],[-91.5981,46.6763],[-91.5959,46.6799],[-91.5993,46.6799],[-91.5992,46.6835],[-91.5887,46.6852],[-91.5887,46.6834],[-91.594,46.6835],[-91.5954,46.6799],[-91.5835,46.6798],[-91.5835,46.6762],[-91.5783,46.6763],[-91.5783,46.6834],[-91.5731,46.6834],[-91.5732,46.6923],[-91.5743,46.6923],[-91.5732,46.6932],[-91.5736,46.723],[-91.5788,46.723],[-91.5789,46.7266],[-91.5737,46.7266],[-91.5736,46.723],[-91.5682,46.723],[-91.5682,46.7194],[-91.5575,46.7194],[-91.5575,46.7121],[-91.5522,46.7121],[-91.552,46.7517],[-91.5624,46.7519],[-91.552,46.7517],[-91.5522,46.7559],[-91.5749,46.7574],[-91.5892,46.7546],[-91.5992,46.7517],[-91.5993,46.7487],[-91.5997,46.7515],[-91.6155,46.7456],[-91.6048,46.7451],[-91.6047,46.7487],[-91.602,46.7487],[-91.602,46.7451],[-91.6048,46.7451],[-91.6048,46.7414],[-91.5995,46.7414],[-91.5994,46.745],[-91.5967,46.745],[-91.5969,46.7414],[-91.5995,46.7414],[-91.5996,46.7378],[-91.6022,46.7378],[-91.6009,46.7385],[-91.6048,46.7396],[-91.6072,46.7429],[-91.6155,46.7415],[-91.6155,46.7433],[-91.6205,46.7439],[-91.6575,46.7319],[-91.6577,46.7237],[-91.663,46.7238],[-91.6628,46.7306],[-91.6782,46.7267],[-91.6782,46.7238],[-91.6836,46.7239],[-91.6836,46.7258],[-91.6879,46.7253],[-91.7291,46.715],[-91.7313,46.7142],[-91.7315,46.7096]],[[-91.6099,46.6764],[-91.6099,46.6775],[-91.6082,46.6775],[-91.6099,46.6764]],[[-91.6047,46.6729],[-91.6046,46.6763],[-91.6019,46.6763],[-91.602,46.6729],[-91.6047,46.6729]],[[-91.5998,46.7231],[-91.5944,46.7231],[-91.5944,46.7194],[-91.5998,46.7194],[-91.5998,46.7231]],[[-91.6208,46.7086],[-91.6155,46.7086],[-91.6154,46.705],[-91.626,46.705],[-91.6261,46.7087],[-91.6208,46.7086]],[[-91.5945,46.7377],[-91.5945,46.7341],[-91.5893,46.734],[-91.5893,46.7303],[-91.5947,46.7304],[-91.5947,46.7267],[-91.5997,46.7268],[-91.5997,46.7341],[-91.5947,46.7341],[-91.5945,46.7377]],[[-91.6156,46.7269],[-91.6208,46.7269],[-91.6205,46.7342],[-91.6101,46.7342],[-91.6103,46.7268],[-91.605,46.7268],[-91.6051,46.7231],[-91.6104,46.7232],[-91.6103,46.7268],[-91.6156,46.7269]],[[-91.5942,46.7086],[-91.5943,46.7122],[-91.5891,46.7122],[-91.589,46.7086],[-91.5838,46.7086],[-91.5837,46.6979],[-91.5888,46.6979],[-91.5889,46.7015],[-91.5941,46.7015],[-91.594,46.6979],[-91.5993,46.6979],[-91.5994,46.7015],[-91.6047,46.7015],[-91.6038,46.7053],[-91.589,46.7051],[-91.589,46.7086],[-91.5942,46.7086]]],[[[-91.6752,46.4457],[-91.6723,46.4447],[-91.6749,46.4396],[-91.6656,46.4386],[-91.6655,46.4351],[-91.6602,46.4353],[-91.6601,46.4318],[-91.6653,46.4316],[-91.6653,46.428],[-91.6706,46.4279],[-91.6706,46.4254],[-91.6678,46.4244],[-91.6803,46.4242],[-91.6803,46.4312],[-91.6853,46.4312],[-91.6854,46.4348],[-91.6803,46.4348],[-91.6804,46.4385],[-91.6753,46.4392],[-91.6752,46.4457],[-91.6907,46.4456],[-91.6906,46.4421],[-91.6958,46.4421],[-91.6957,46.4386],[-91.6905,46.4385],[-91.6904,46.4349],[-91.6955,46.4349],[-91.6953,46.4312],[-91.7059,46.4312],[-91.7061,46.4386],[-91.7397,46.4387],[-91.7397,46.4423],[-91.737,46.4423],[-91.7375,46.453],[-91.7428,46.4528],[-91.7426,46.4495],[-91.7453,46.4495],[-91.7454,46.4526],[-91.7534,46.4531],[-91.7535,46.4566],[-91.7477,46.4566],[-91.747,46.4597],[-91.7512,46.4633],[-91.75,46.4673],[-91.7585,46.4675],[-91.7578,46.4317],[-91.7527,46.4316],[-91.7526,46.428],[-91.7577,46.4281],[-91.7575,46.4173],[-91.7886,46.4171],[-91.7896,46.3887],[-91.7791,46.3889],[-91.7794,46.3828],[-91.7781,46.3813],[-91.7797,46.3759],[-91.7764,46.376],[-91.7764,46.3778],[-91.7689,46.378],[-91.7688,46.3817],[-91.7583,46.3819],[-91.7582,46.3855],[-91.7531,46.3854],[-91.753,46.389],[-91.7373,46.3886],[-91.7373,46.3958],[-91.7121,46.3964],[-91.712,46.3928],[-91.7015,46.3927],[-91.7016,46.3963],[-91.686,46.3962],[-91.6852,46.4173],[-91.6344,46.4176],[-91.6344,46.4249],[-91.6242,46.4248],[-91.6239,46.4177],[-91.5934,46.4177],[-91.5938,46.4568],[-91.5988,46.4569],[-91.599,46.4497],[-91.6042,46.4497],[-91.6042,46.4389],[-91.6146,46.439],[-91.6146,46.4319],[-91.6549,46.432],[-91.6551,46.4388],[-91.6499,46.4389],[-91.65,46.4424],[-91.6395,46.4426],[-91.6395,46.4461],[-91.6343,46.4463],[-91.6344,46.4499],[-91.6449,46.4496],[-91.645,46.4532],[-91.6345,46.4534],[-91.6347,46.4605],[-91.6296,46.4605],[-91.6296,46.4641],[-91.6347,46.4641],[-91.6346,46.4748],[-91.6558,46.4746],[-91.6556,46.4601],[-91.6754,46.4599],[-91.6754,46.4563],[-91.6712,46.4564],[-91.6712,46.4528],[-91.6753,46.4528],[-91.6752,46.4457]],[[-91.6709,46.4421],[-91.671,46.4457],[-91.6697,46.4457],[-91.6696,46.4421],[-91.6709,46.4421]],[[-91.7062,46.4106],[-91.701,46.4105],[-91.7013,46.4069],[-91.7066,46.407],[-91.7062,46.4106]],[[-91.7177,46.4035],[-91.7172,46.4071],[-91.7119,46.4071],[-91.7124,46.4035],[-91.7177,46.4035]],[[-91.7529,46.4388],[-91.7506,46.4423],[-91.7531,46.4424],[-91.7532,46.4459],[-91.7479,46.4459],[-91.7477,46.4423],[-91.7424,46.4423],[-91.7424,46.4387],[-91.7476,46.4387],[-91.7476,46.4351],[-91.7528,46.4352],[-91.7529,46.4388]]],[[[-91.5536,46.5459],[-91.5536,46.5548],[-91.5738,46.5507],[-91.5742,46.5462],[-91.5726,46.5462],[-91.5726,46.5449],[-91.5743,46.545],[-91.5742,46.5389],[-91.5692,46.5385],[-91.5745,46.5353],[-91.5693,46.5352],[-91.5739,46.5353],[-91.5792,46.5327],[-91.5811,46.5244],[-91.5903,46.5171],[-91.5955,46.517],[-91.5955,46.5032],[-91.5935,46.5026],[-91.5935,46.4933],[-91.5941,46.4916],[-91.594,46.4932],[-91.5987,46.4931],[-91.5988,46.4895],[-91.5937,46.4896],[-91.5952,46.4781],[-91.5937,46.4781],[-91.5934,46.4604],[-91.5728,46.4602],[-91.5731,46.4707],[-91.5522,46.4717],[-91.5516,46.5024],[-91.5535,46.5024],[-91.5538,46.517],[-91.559,46.5171],[-91.5589,46.5207],[-91.5537,46.5207],[-91.5536,46.5459]],[[-91.5685,46.54],[-91.5645,46.5424],[-91.5691,46.5389],[-91.5685,46.54]]],[[[-91.5845,46.6257],[-91.5846,46.622],[-91.6003,46.6222],[-91.6001,46.6296],[-91.6106,46.6296],[-91.608,46.6306],[-91.608,46.6333],[-91.6156,46.6333],[-91.6158,46.6196],[-91.6132,46.6195],[-91.6158,46.6186],[-91.6167,46.5681],[-91.6114,46.5681],[-91.6114,46.5658],[-91.598,46.5623],[-91.5964,46.5606],[-91.6007,46.5629],[-91.6007,46.5602],[-91.5954,46.5562],[-91.5954,46.5642],[-91.5849,46.5642],[-91.5848,46.5609],[-91.5774,46.5609],[-91.576,46.5641],[-91.5771,46.5609],[-91.5743,46.5609],[-91.5744,46.5786],[-91.5796,46.5786],[-91.5796,46.5803],[-91.5777,46.5809],[-91.5795,46.5823],[-91.5793,46.5895],[-91.5741,46.5895],[-91.5739,46.6036],[-91.582,46.6037],[-91.5819,46.6073],[-91.574,46.6072],[-91.5741,46.6108],[-91.5898,46.6111],[-91.5899,46.6148],[-91.5742,46.6127],[-91.5742,46.6145],[-91.5794,46.6146],[-91.5795,46.6183],[-91.5793,46.6245],[-91.5741,46.6244],[-91.5753,46.6255],[-91.574,46.6252],[-91.5738,46.6327],[-91.579,46.6329],[-91.5793,46.6256],[-91.5845,46.6257]]],[[[-91.6165,46.5227],[-91.608,46.524],[-91.6087,46.5267],[-91.6062,46.5281],[-91.606,46.5244],[-91.5956,46.5244],[-91.5956,46.5317],[-91.5851,46.5316],[-91.5851,46.528],[-91.5813,46.528],[-91.5807,46.5323],[-91.5748,46.5366],[-91.5747,46.5463],[-91.5954,46.5461],[-91.5954,46.5547],[-91.5976,46.5573],[-91.6049,46.5625],[-91.6167,46.5664],[-91.6166,46.5534],[-91.606,46.5534],[-91.606,46.5461],[-91.6166,46.5461],[-91.6165,46.5245],[-91.6151,46.5245],[-91.6152,46.5281],[-91.6113,46.5281],[-91.6112,46.5244],[-91.6165,46.5245],[-91.6165,46.5227]]],[[[-91.7479,46.2369],[-91.7791,46.2372],[-91.7788,46.2263],[-91.7375,46.2262],[-91.7376,46.237],[-91.7427,46.2369],[-91.7427,46.2406],[-91.7479,46.2405],[-91.7479,46.2369]]],[[[-91.6143,46.475],[-91.6091,46.4748],[-91.609,46.482],[-91.6039,46.482],[-91.6039,46.5026],[-91.606,46.5026],[-91.606,46.5172],[-91.6165,46.5172],[-91.6164,46.5026],[-91.6143,46.5026],[-91.6143,46.475]]],[[[-91.6,46.6333],[-91.6,46.6306],[-91.5921,46.6277],[-91.5948,46.6278],[-91.595,46.6234],[-91.5898,46.6234],[-91.5897,46.6258],[-91.5845,46.6257],[-91.5843,46.6294],[-91.5895,46.6295],[-91.5894,46.6332],[-91.6,46.6333]]],[[[-91.6245,46.4677],[-91.6143,46.4678],[-91.6143,46.475],[-91.6194,46.475],[-91.6194,46.4714],[-91.6245,46.4713],[-91.6245,46.4677]]],[[[-91.5543,46.5596],[-91.564,46.5604],[-91.5639,46.5535],[-91.5535,46.5581],[-91.5543,46.5596]],[[-91.5639,46.5559],[-91.5627,46.5568],[-91.5636,46.5579],[-91.5609,46.5589],[-91.56,46.5578],[-91.5613,46.5573],[-91.56,46.5556],[-91.5626,46.5546],[-91.5639,46.5559]]],[[[-91.5839,46.6437],[-91.5786,46.6436],[-91.5787,46.6401],[-91.5753,46.64],[-91.5752,46.6413],[-91.5735,46.6413],[-91.5733,46.6453],[-91.5838,46.6456],[-91.5839,46.6437]]],[[[-91.6749,46.4384],[-91.6753,46.4312],[-91.6706,46.4314],[-91.6708,46.4385],[-91.6749,46.4384]]],[[[-91.7367,46.7095],[-91.7315,46.7096],[-91.7313,46.7142],[-91.7421,46.7104],[-91.7367,46.7095]]],[[[-91.7367,46.7095],[-91.7369,46.7058],[-91.7317,46.7058],[-91.7315,46.7096],[-91.7367,46.7095]]],[[[-91.5784,46.6546],[-91.573,46.6546],[-91.573,46.6581],[-91.5784,46.6582],[-91.5784,46.6546]]],[[[-91.579,46.6329],[-91.5789,46.6364],[-91.5841,46.6366],[-91.5842,46.633],[-91.579,46.6329]]],[[[-91.6296,46.4641],[-91.6245,46.4641],[-91.6245,46.4677],[-91.6296,46.4677],[-91.6296,46.4641]]],[[[-91.5945,46.644],[-91.5935,46.6404],[-91.5893,46.6404],[-91.5892,46.6438],[-91.5945,46.644]]],[[[-91.6294,46.4427],[-91.6245,46.4426],[-91.6245,46.4462],[-91.6294,46.4462],[-91.6294,46.4427]]],[[[-91.5589,46.5542],[-91.5535,46.5552],[-91.5536,46.5577],[-91.5604,46.5543],[-91.5589,46.5542]]],[[[-91.5892,46.6438],[-91.5865,46.6438],[-91.5865,46.6457],[-91.5838,46.6456],[-91.5838,46.6473],[-91.5892,46.6474],[-91.5892,46.6438]]],[[[-91.5988,46.4782],[-91.5954,46.4781],[-91.5953,46.4819],[-91.5988,46.4819],[-91.5988,46.4782]]],[[[-91.5901,46.5184],[-91.589,46.5198],[-91.5955,46.5198],[-91.5947,46.5172],[-91.5901,46.5184]]],[[[-91.5902,46.5511],[-91.5902,46.5489],[-91.5853,46.5493],[-91.5902,46.5511]],[[-91.5891,46.5499],[-91.5889,46.5504],[-91.5891,46.5499],[-91.5891,46.5499]],[[-91.5891,46.5498],[-91.5889,46.5495],[-91.589,46.5497],[-91.5891,46.5498]],[[-91.588,46.5503],[-91.5878,46.5503],[-91.5878,46.5503],[-91.588,46.5503]],[[-91.5887,46.5505],[-91.5883,46.5505],[-91.5883,46.5505],[-91.5887,46.5505]]],[[[-91.584,46.6383],[-91.5815,46.6383],[-91.5814,46.6401],[-91.584,46.6402],[-91.584,46.6383]]],[[[-91.5867,46.5472],[-91.5902,46.548],[-91.5902,46.5471],[-91.5867,46.5472]]],[[[-91.5872,46.5523],[-91.5874,46.5534],[-91.5901,46.5534],[-91.5872,46.5523]]],[[[-91.5783,46.676],[-91.5733,46.6762],[-91.5783,46.6762],[-91.5783,46.676]]],[[[-91.5732,46.6761],[-91.573,46.6761],[-91.573,46.6762],[-91.5732,46.6761]]],[[[-91.5745,46.5426],[-91.5745,46.5426],[-91.5745,46.5426],[-91.5745,46.5426]]]]},"properties":{"PROP_NAME":"BRULE RIVER STATE FOREST","ACRES":47314.63,"PUBLIC_ACCESS":"Open to Hiking, Fishing, Hunting and Trapping","TRANS_TYPE":1}},{"type":"Feature","geometry":{"type":"Polygon","coordinates":[[[-90.47,43.5975],[-90.4718,43.5983],[-90.4697,43.593],[-90.4668,43.593],[-90.4668,43.5967],[-90.4619,43.5967],[-90.47,43.5975]]]},"properties":{"PROP_NAME":"CHAMPION VALLEY TIMBER DEMO FOREST","ACRES":52.870000000000005,"PUBLIC_ACCESS":"Open to Hiking, Fishing, Hunting and Trapping","TRANS_TYPE":1}},{"type":"Feature","geometry":{"type":"Polygon","coordinates":[[[-90.9627,43.0246],[-90.9725,43.0234],[-90.9728,43.0182],[-90.9677,43.0182],[-90.9677,43.0146],[-90.9633,43.0146],[-90.9626,43.0109],[-90.9476,43.0109],[-90.9476,43.0181],[-90.9577,43.0182],[-90.9576,43.0204],[-90.9626,43.0215],[-90.9627,43.0246]]]},"properties":{"PROP_NAME":"DOUGLAS HALLOCK DEMO FOREST","ACRES":451.95,"PUBLIC_ACCESS":"Open to Hiking, Fishing, Hunting and Trapping","TRANS_TYPE":1}},{"type":"Feature","geometry":{"type":"Polygon","coordinates":[[[-90.69,43.1446],[-90.691,43.1446],[-90.6861,43.1465],[-90.6861,43.1483],[-90.6832,43.1483],[-90.6827,43.1519],[-90.6862,43.1512],[-90.6862,43.1537],[-90.6887,43.1537],[-90.6887,43.1519],[-90.6911,43.1518],[-90.696,43.1482],[-90.696,43.1446],[-90.69,43.1446]]]},"properties":{"PROP_NAME":"F G WILSON STATE FOREST NURSERY","ACRES":156.12,"PUBLIC_ACCESS":"Open to Hiking, Fishing, Hunting and Trapping","TRANS_TYPE":1}},{"type":"Feature","geometry":{"type":"MultiPolygon","coordinates":[[[[-90.7051,45.8621],[-90.7008,45.8626],[-90.6979,45.8656],[-90.7006,45.8625],[-90.7044,45.862],[-90.7021,45.8609],[-90.7022,45.8585],[-90.7067,45.8586],[-90.7076,45.855],[-90.7109,45.8557],[-90.7146,45.8514],[-90.7157,45.8474],[-90.7233,45.8428],[-90.7244,45.837],[-90.7213,45.8341],[-90.7122,45.8376],[-90.7077,45.8363],[-90.7052,45.8352],[-90.7042,45.8306],[-90.7204,45.8258],[-90.7251,45.8153],[-90.723,45.8132],[-90.7243,45.8081],[-90.7337,45.8028],[-90.7425,45.8011],[-90.7421,45.7986],[-90.7363,45.7955],[-90.7373,45.7903],[-90.7438,45.7856],[-90.751,45.7856],[-90.7535,45.7821],[-90.7512,45.782],[-90.7511,45.7784],[-90.7544,45.778],[-90.7534,45.769],[-90.7618,45.7678],[-90.7642,45.7653],[-90.7681,45.7654],[-90.7688,45.7618],[-90.7735,45.7594],[-90.7741,45.7554],[-90.778,45.7536],[-90.782,45.7486],[-90.7884,45.7466],[-90.7905,45.744],[-90.7908,45.7405],[-90.7785,45.7395],[-90.7761,45.738],[-90.7745,45.7353],[-90.7794,45.7286],[-90.761,45.7286],[-90.761,45.725],[-90.7802,45.725],[-90.7871,45.7186],[-90.7854,45.712],[-90.7863,45.7089],[-90.7976,45.7081],[-90.7979,45.7048],[-90.795,45.7015],[-90.7967,45.699],[-90.8105,45.6973],[-90.8134,45.6948],[-90.8054,45.682],[-90.8121,45.6742],[-90.8118,45.6689],[-90.7965,45.6579],[-90.7904,45.6484],[-90.7945,45.6439],[-90.7937,45.6363],[-90.7779,45.6308],[-90.7729,45.6319],[-90.7717,45.6272],[-90.7673,45.6251],[-90.7641,45.6209],[-90.7607,45.6216],[-90.7552,45.6285],[-90.7462,45.6335],[-90.7445,45.638],[-90.7399,45.6417],[-90.7383,45.6447],[-90.7391,45.6502],[-90.7371,45.6516],[-90.7385,45.6579],[-90.7045,45.6638],[-90.7005,45.6683],[-90.694,45.669],[-90.6871,45.6732],[-90.6854,45.6761],[-90.678,45.6787],[-90.6777,45.7072],[-90.6884,45.7071],[-90.6883,45.7144],[-90.683,45.7144],[-90.683,45.7216],[-90.6778,45.7217],[-90.6775,45.7576],[-90.6684,45.7576],[-90.6684,45.7612],[-90.6736,45.7612],[-90.6736,45.7648],[-90.6684,45.7649],[-90.6684,45.7685],[-90.6632,45.7685],[-90.6631,45.7756],[-90.658,45.7756],[-90.6579,45.7827],[-90.6779,45.7829],[-90.6779,45.8112],[-90.683,45.8112],[-90.6888,45.8068],[-90.6971,45.812],[-90.6867,45.8179],[-90.6843,45.8175],[-90.684,45.8149],[-90.6779,45.8148],[-90.6779,45.8184],[-90.685,45.8185],[-90.6779,45.8184],[-90.6779,45.8446],[-90.6826,45.8436],[-90.675,45.8448],[-90.6585,45.8401],[-90.6503,45.8416],[-90.6497,45.84],[-90.6371,45.8398],[-90.6338,45.8408],[-90.6335,45.8433],[-90.6387,45.8434],[-90.6383,45.8471],[-90.6511,45.8473],[-90.6585,45.8403],[-90.6718,45.8436],[-90.6754,45.8457],[-90.6743,45.8494],[-90.6752,45.8547],[-90.6801,45.8589],[-90.6782,45.8642],[-90.6724,45.8645],[-90.6732,45.8686],[-90.6719,45.8686],[-90.6719,45.8641],[-90.6777,45.8634],[-90.6788,45.8585],[-90.6739,45.8546],[-90.6741,45.8462],[-90.6679,45.8431],[-90.6572,45.842],[-90.6512,45.8486],[-90.6516,45.8499],[-90.6482,45.8504],[-90.6451,45.8544],[-90.6375,45.8543],[-90.6379,45.8507],[-90.6327,45.8506],[-90.6335,45.8433],[-90.6288,45.8434],[-90.629,45.8414],[-90.6276,45.8417],[-90.6194,45.8435],[-90.6237,45.8447],[-90.6239,45.8461],[-90.6202,45.8447],[-90.6193,45.8471],[-90.6128,45.8484],[-90.6112,45.8499],[-90.6124,45.8533],[-90.6111,45.8543],[-90.6103,45.8501],[-90.6147,45.8459],[-90.6115,45.8471],[-90.6147,45.8456],[-90.6148,45.8435],[-90.6194,45.8435],[-90.6196,45.8398],[-90.5948,45.8394],[-90.5939,45.8503],[-90.5964,45.8504],[-90.5961,45.8532],[-90.5981,45.8518],[-90.5992,45.853],[-90.6027,45.8522],[-90.6048,45.8542],[-90.6028,45.8528],[-90.5967,45.8538],[-90.5937,45.8574],[-90.5969,45.8961],[-90.6105,45.8963],[-90.6103,45.8952],[-90.617,45.8964],[-90.6168,45.8937],[-90.6218,45.8938],[-90.622,45.8963],[-90.6575,45.8966],[-90.6568,45.8873],[-90.6517,45.8871],[-90.6515,45.8835],[-90.6566,45.8845],[-90.6733,45.8826],[-90.6686,45.8776],[-90.6708,45.8713],[-90.6701,45.8771],[-90.6751,45.8834],[-90.6804,45.8848],[-90.6811,45.8817],[-90.6953,45.8736],[-90.6984,45.8664],[-90.7051,45.8621]],[[-90.7023,45.8274],[-90.7023,45.8275],[-90.7024,45.8258],[-90.7023,45.8274]],[[-90.6966,45.8718],[-90.6966,45.8714],[-90.6965,45.8692],[-90.6966,45.8718]],[[-90.7604,45.7573],[-90.7604,45.7573],[-90.7661,45.7573],[-90.7604,45.7573]],[[-90.7461,45.6604],[-90.741,45.6604],[-90.7356,45.6604],[-90.7461,45.6604]],[[-90.7173,45.8435],[-90.7171,45.8426],[-90.7177,45.8422],[-90.7173,45.8435]],[[-90.6266,45.8569],[-90.6246,45.8552],[-90.6281,45.8507],[-90.6254,45.8554],[-90.6263,45.8562],[-90.6433,45.8584],[-90.6345,45.8587],[-90.6266,45.8569]],[[-90.6489,45.8617],[-90.6486,45.8588],[-90.6538,45.8589],[-90.6541,45.8618],[-90.6489,45.8617]],[[-90.7663,45.7501],[-90.7663,45.7519],[-90.7635,45.7519],[-90.7635,45.7537],[-90.7606,45.7537],[-90.7608,45.7501],[-90.7663,45.7501]],[[-90.6037,45.8514],[-90.599,45.8504],[-90.5992,45.8486],[-90.6044,45.8472],[-90.6041,45.8516],[-90.6067,45.8527],[-90.6041,45.8527],[-90.6037,45.8514]],[[-90.6923,45.851],[-90.6875,45.8508],[-90.6874,45.8473],[-90.6921,45.8474],[-90.6923,45.851]],[[-90.6878,45.743],[-90.6828,45.7431],[-90.6829,45.7395],[-90.6878,45.7394],[-90.6878,45.743]],[[-90.702,45.8368],[-90.6967,45.8367],[-90.6969,45.8331],[-90.7021,45.8332],[-90.702,45.8368]],[[-90.702,45.8441],[-90.6967,45.844],[-90.6955,45.8421],[-90.6966,45.8404],[-90.7018,45.8405],[-90.702,45.8441]],[[-90.72,45.6787],[-90.7201,45.6858],[-90.7148,45.6858],[-90.7147,45.6786],[-90.72,45.6787]],[[-90.6974,45.8017],[-90.6936,45.7995],[-90.6958,45.7919],[-90.7065,45.7922],[-90.707,45.7955],[-90.7044,45.8003],[-90.6974,45.8017]],[[-90.6925,45.8218],[-90.6924,45.8257],[-90.6919,45.8189],[-90.6899,45.8183],[-90.6935,45.8158],[-90.695,45.8165],[-90.6982,45.8133],[-90.7039,45.815],[-90.7021,45.8124],[-90.7051,45.8103],[-90.7085,45.8114],[-90.7101,45.8088],[-90.7085,45.8089],[-90.7088,45.8034],[-90.7141,45.8034],[-90.7135,45.8117],[-90.71,45.8118],[-90.7112,45.813],[-90.7089,45.8151],[-90.7101,45.8163],[-90.7054,45.8177],[-90.7015,45.8164],[-90.6965,45.8222],[-90.6925,45.8218]],[[-90.7062,45.7848],[-90.7053,45.7816],[-90.7118,45.7781],[-90.715,45.7802],[-90.7187,45.776],[-90.7133,45.7753],[-90.7154,45.7731],[-90.7151,45.7705],[-90.7179,45.7683],[-90.7156,45.7668],[-90.7159,45.7644],[-90.7199,45.7637],[-90.7199,45.7649],[-90.7228,45.7654],[-90.7224,45.7626],[-90.7199,45.7617],[-90.7198,45.7577],[-90.7244,45.757],[-90.7198,45.7566],[-90.7198,45.7525],[-90.7249,45.7528],[-90.7252,45.7492],[-90.7303,45.7494],[-90.7305,45.7457],[-90.7356,45.7459],[-90.7358,45.7422],[-90.7391,45.7422],[-90.7384,45.7439],[-90.7406,45.7447],[-90.7408,45.7423],[-90.745,45.7424],[-90.7474,45.7404],[-90.7487,45.7425],[-90.7558,45.7428],[-90.7558,45.7464],[-90.7506,45.7462],[-90.7504,45.7536],[-90.7454,45.7535],[-90.7455,45.757],[-90.7404,45.757],[-90.7405,45.7604],[-90.7353,45.7603],[-90.7354,45.7639],[-90.7329,45.7638],[-90.7329,45.7612],[-90.7322,45.7638],[-90.7302,45.7638],[-90.7302,45.7607],[-90.7283,45.7599],[-90.725,45.7612],[-90.7252,45.7745],[-90.7209,45.7745],[-90.7166,45.782],[-90.7062,45.7848]]],[[[-90.761,45.7715],[-90.7663,45.7715],[-90.7663,45.7751],[-90.7715,45.7751],[-90.7716,45.778],[-90.7664,45.7757],[-90.7665,45.7823],[-90.7614,45.7824],[-90.761,45.7715],[-90.7554,45.7714],[-90.7559,45.7784],[-90.7544,45.7829],[-90.751,45.7862],[-90.7508,45.7891],[-90.7412,45.7883],[-90.7384,45.7899],[-90.7393,45.7936],[-90.7375,45.7957],[-90.7435,45.7982],[-90.7437,45.8009],[-90.7403,45.803],[-90.7336,45.8037],[-90.7252,45.8084],[-90.7236,45.8125],[-90.7259,45.8149],[-90.7251,45.8189],[-90.7211,45.8261],[-90.7047,45.831],[-90.7069,45.8351],[-90.7122,45.8368],[-90.7212,45.8335],[-90.7239,45.8346],[-90.7256,45.8374],[-90.7241,45.843],[-90.7169,45.8478],[-90.7155,45.8516],[-90.7167,45.8516],[-90.7167,45.8534],[-90.7146,45.8527],[-90.7107,45.8587],[-90.7125,45.8587],[-90.7125,45.86],[-90.7084,45.8599],[-90.6987,45.8683],[-90.6967,45.8735],[-90.6904,45.8769],[-90.6881,45.8801],[-90.6814,45.8823],[-90.6815,45.885],[-90.6766,45.8846],[-90.678,45.8964],[-90.7243,45.8972],[-90.7346,45.8904],[-90.7598,45.8904],[-90.7584,45.8403],[-90.7602,45.8122],[-90.8016,45.8116],[-90.8009,45.7827],[-90.8221,45.7822],[-90.8229,45.7114],[-90.8178,45.7112],[-90.8182,45.7004],[-90.8233,45.7004],[-90.8234,45.6968],[-90.8183,45.6968],[-90.8183,45.6932],[-90.8235,45.6932],[-90.8243,45.6532],[-90.9255,45.6534],[-90.9262,45.6067],[-90.9314,45.6067],[-90.9314,45.6103],[-90.9366,45.6103],[-90.9366,45.6013],[-90.9286,45.6012],[-90.9242,45.607],[-90.9113,45.6086],[-90.9065,45.6145],[-90.9065,45.6169],[-90.8965,45.6225],[-90.8965,45.6251],[-90.8934,45.6251],[-90.8931,45.6235],[-90.8862,45.6273],[-90.8873,45.6315],[-90.8858,45.6328],[-90.8854,45.6423],[-90.8804,45.6423],[-90.8805,45.6387],[-90.8755,45.6386],[-90.8756,45.6362],[-90.8706,45.6363],[-90.8706,45.6314],[-90.8662,45.6278],[-90.8614,45.6263],[-90.8506,45.6298],[-90.85,45.6385],[-90.8481,45.6385],[-90.8479,45.6342],[-90.8396,45.6363],[-90.8353,45.6408],[-90.8273,45.6436],[-90.8199,45.6422],[-90.808,45.6476],[-90.7916,45.6473],[-90.7928,45.6518],[-90.7959,45.6534],[-90.7967,45.6566],[-90.8032,45.6566],[-90.8032,45.6622],[-90.8128,45.6685],[-90.8129,45.6747],[-90.8063,45.6815],[-90.8143,45.6944],[-90.8106,45.6978],[-90.7965,45.6997],[-90.7961,45.702],[-90.7988,45.7061],[-90.7973,45.709],[-90.7867,45.7092],[-90.7858,45.7118],[-90.7876,45.7189],[-90.7823,45.7228],[-90.7801,45.7296],[-90.7756,45.7354],[-90.7797,45.7387],[-90.7914,45.7401],[-90.791,45.7449],[-90.7743,45.7566],[-90.7744,45.7576],[-90.7817,45.758],[-90.7743,45.7587],[-90.7693,45.7629],[-90.7693,45.7655],[-90.7648,45.7658],[-90.7607,45.7685],[-90.761,45.7715]],[[-90.7764,45.7593],[-90.7753,45.7593],[-90.7764,45.7587],[-90.7764,45.7593]],[[-90.7096,45.8624],[-90.7096,45.8634],[-90.7088,45.8634],[-90.7096,45.8624]],[[-90.7799,45.78],[-90.7819,45.7818],[-90.7782,45.7787],[-90.7799,45.78]],[[-90.8193,45.6714],[-90.818,45.6787],[-90.8169,45.6714],[-90.8193,45.6714]],[[-90.8018,45.725],[-90.8018,45.7286],[-90.7972,45.7286],[-90.7972,45.725],[-90.8018,45.725]],[[-90.7971,45.7411],[-90.7971,45.7429],[-90.7919,45.743],[-90.792,45.7394],[-90.7975,45.7394],[-90.7971,45.7411]],[[-90.8185,45.6823],[-90.8185,45.6859],[-90.8133,45.6859],[-90.8133,45.6822],[-90.8185,45.6823]],[[-90.7171,45.8668],[-90.712,45.8659],[-90.7123,45.8623],[-90.7174,45.8624],[-90.7171,45.866],[-90.7158,45.8659],[-90.7171,45.8668]],[[-90.7387,45.8225],[-90.7428,45.8252],[-90.7392,45.8274],[-90.7386,45.8255],[-90.7401,45.8248],[-90.7391,45.8246],[-90.7363,45.8275],[-90.7343,45.8275],[-90.7342,45.829],[-90.7317,45.8291],[-90.7387,45.8225]],[[-90.8448,45.6459],[-90.8345,45.6458],[-90.8345,45.6422],[-90.8448,45.6422],[-90.8448,45.6459]],[[-90.8122,45.7322],[-90.807,45.7322],[-90.807,45.7286],[-90.8173,45.7286],[-90.8173,45.7395],[-90.8122,45.7395],[-90.8122,45.7322]],[[-90.738,45.8659],[-90.7328,45.8659],[-90.7331,45.8587],[-90.7383,45.8586],[-90.7381,45.8623],[-90.7487,45.8623],[-90.7487,45.8696],[-90.7379,45.8696],[-90.7376,45.8767],[-90.7376,45.8743],[-90.7327,45.8731],[-90.7326,45.8696],[-90.7379,45.8696],[-90.738,45.8659]]],[[[-90.6782,45.671],[-90.678,45.6777],[-90.6858,45.675],[-90.6861,45.673],[-90.6933,45.668],[-90.7005,45.6676],[-90.7041,45.6632],[-90.7382,45.6573],[-90.7365,45.6536],[-90.7366,45.6512],[-90.7389,45.6499],[-90.7375,45.6444],[-90.7442,45.6374],[-90.7447,45.6341],[-90.7469,45.6321],[-90.7462,45.6279],[-90.7492,45.6279],[-90.7464,45.6285],[-90.7464,45.6315],[-90.7499,45.6307],[-90.7485,45.6301],[-90.7498,45.6279],[-90.7513,45.6302],[-90.7535,45.6284],[-90.7514,45.6282],[-90.7514,45.6262],[-90.7562,45.6263],[-90.7603,45.6208],[-90.763,45.6205],[-90.763,45.6171],[-90.764,45.6205],[-90.764,45.6171],[-90.7671,45.6171],[-90.7665,45.6219],[-90.7723,45.6207],[-90.7722,45.6243],[-90.7678,45.6242],[-90.7725,45.6271],[-90.773,45.6313],[-90.778,45.6304],[-90.7942,45.6358],[-90.7956,45.6416],[-90.7941,45.6461],[-90.7953,45.6469],[-90.8089,45.6464],[-90.8176,45.6415],[-90.8241,45.642],[-90.8241,45.6384],[-90.8293,45.6385],[-90.8293,45.6419],[-90.8343,45.6405],[-90.8397,45.6354],[-90.8397,45.6327],[-90.8449,45.6336],[-90.845,45.6291],[-90.8498,45.6291],[-90.8586,45.6255],[-90.8663,45.6272],[-90.8776,45.6344],[-90.8838,45.6328],[-90.8858,45.6312],[-90.8851,45.627],[-90.9044,45.6175],[-90.9104,45.6079],[-90.9203,45.6068],[-90.9264,45.604],[-90.9271,45.5979],[-90.9223,45.5934],[-90.9229,45.589],[-90.9253,45.5864],[-90.9285,45.5857],[-90.9408,45.5896],[-90.9399,45.5883],[-90.945,45.5814],[-90.9215,45.5815],[-90.9216,45.5887],[-90.9164,45.5888],[-90.9165,45.596],[-90.8856,45.5965],[-90.8862,45.6105],[-90.7206,45.6097],[-90.7207,45.6242],[-90.6789,45.6245],[-90.6782,45.671]],[[-90.7047,45.6352],[-90.7046,45.6384],[-90.6993,45.6384],[-90.6994,45.6352],[-90.7047,45.6352]],[[-90.8084,45.6421],[-90.8032,45.6421],[-90.8032,45.6384],[-90.8136,45.6384],[-90.8137,45.6421],[-90.8084,45.6421]]],[[[-90.224,46.0668],[-90.2239,46.068],[-90.2292,46.0672],[-90.2307,46.0653],[-90.2386,46.063],[-90.2397,46.061],[-90.2474,46.0588],[-90.2487,46.061],[-90.2556,46.06],[-90.2588,46.0621],[-90.2617,46.0616],[-90.2664,46.057],[-90.2734,46.0552],[-90.2783,46.052],[-90.2876,46.053],[-90.2975,46.0475],[-90.3129,46.0459],[-90.3204,46.0482],[-90.3279,46.0465],[-90.3316,46.0405],[-90.3311,46.035],[-90.3323,46.0337],[-90.3395,46.0309],[-90.3528,46.0303],[-90.3543,46.0256],[-90.3594,46.0232],[-90.3539,46.0203],[-90.3524,46.0178],[-90.3529,46.0144],[-90.3548,46.0126],[-90.3685,46.0091],[-90.3675,46.0041],[-90.3642,46.0015],[-90.3659,45.9983],[-90.3653,45.9948],[-90.3719,45.9897],[-90.3685,45.9894],[-90.3692,45.9914],[-90.3675,45.9909],[-90.3681,45.9894],[-90.3716,45.9867],[-90.3781,45.9853],[-90.3842,45.9885],[-90.3781,45.9845],[-90.3711,45.986],[-90.3671,45.989],[-90.3634,45.9963],[-90.363,46.0103],[-90.3543,46.0118],[-90.3518,46.0143],[-90.3512,46.0178],[-90.3528,46.0207],[-90.3583,46.0228],[-90.3532,46.0252],[-90.3523,46.0295],[-90.3393,46.0301],[-90.3315,46.0331],[-90.3299,46.0349],[-90.3304,46.0403],[-90.3274,46.0459],[-90.3204,46.0474],[-90.3129,46.0451],[-90.2971,46.0467],[-90.2872,46.0523],[-90.2777,46.0513],[-90.2728,46.0546],[-90.2658,46.0563],[-90.2617,46.0608],[-90.2592,46.0613],[-90.2556,46.0592],[-90.2504,46.0604],[-90.2471,46.058],[-90.2392,46.0603],[-90.2287,46.0664],[-90.224,46.0668]]],[[[-90.7347,45.8907],[-90.7248,45.8972],[-90.7598,45.8976],[-90.7598,45.8906],[-90.7347,45.8907]]],[[[-90.9262,45.596],[-90.9287,45.5973],[-90.9289,45.5994],[-90.9366,45.5995],[-90.9366,45.5958],[-90.947,45.5959],[-90.947,45.5886],[-90.9434,45.5886],[-90.9405,45.5909],[-90.9267,45.587],[-90.9238,45.5918],[-90.9262,45.596]]],[[[-90.2255,46.0679],[-90.2311,46.068],[-90.2319,46.0664],[-90.2404,46.0638],[-90.2408,46.0621],[-90.2458,46.0609],[-90.2509,46.0629],[-90.2557,46.0616],[-90.2613,46.0631],[-90.265,46.0618],[-90.2696,46.0571],[-90.2791,46.0537],[-90.2885,46.0542],[-90.2983,46.0488],[-90.3129,46.0472],[-90.3207,46.0494],[-90.3266,46.0475],[-90.32,46.0486],[-90.3132,46.0464],[-90.2979,46.048],[-90.2881,46.0534],[-90.2794,46.0529],[-90.269,46.0563],[-90.2645,46.0591],[-90.264,46.0613],[-90.2608,46.0623],[-90.2554,46.0607],[-90.2512,46.0621],[-90.2461,46.0599],[-90.2401,46.0612],[-90.2396,46.0632],[-90.2311,46.0656],[-90.2298,46.0675],[-90.2255,46.0679]]],[[[-90.3339,46.0337],[-90.3318,46.0352],[-90.3323,46.0408],[-90.3299,46.0459],[-90.3312,46.0459],[-90.3335,46.0411],[-90.3332,46.0349],[-90.3402,46.0322],[-90.3507,46.0336],[-90.3556,46.0305],[-90.3565,46.0265],[-90.3606,46.0256],[-90.3616,46.0221],[-90.3553,46.0195],[-90.3554,46.0139],[-90.3684,46.0103],[-90.3543,46.0135],[-90.3542,46.0198],[-90.3606,46.023],[-90.3587,46.0257],[-90.3552,46.0258],[-90.3543,46.0303],[-90.3501,46.0328],[-90.3484,46.0319],[-90.3516,46.0312],[-90.34,46.0313],[-90.3339,46.0337]]],[[[-90.3689,46.0068],[-90.3686,46.0101],[-90.3738,46.0103],[-90.3738,46.0066],[-90.3701,46.0067],[-90.366,46.0017],[-90.3704,45.9956],[-90.3689,45.9933],[-90.3734,45.9903],[-90.3726,45.9879],[-90.378,45.9871],[-90.3822,45.9889],[-90.3792,45.9865],[-90.3717,45.9872],[-90.3724,45.9899],[-90.3675,45.9933],[-90.3693,45.9954],[-90.3646,46.0017],[-90.3689,46.0068]]],[[[-90.683,45.7108],[-90.6776,45.7108],[-90.6777,45.7145],[-90.683,45.7144],[-90.683,45.7108]]],[[[-90.6244,45.8398],[-90.6216,45.8398],[-90.6229,45.8427],[-90.629,45.8412],[-90.6291,45.8397],[-90.6244,45.8398]]],[[[-90.3888,45.9959],[-90.3936,45.9938],[-90.3933,45.9887],[-90.3921,45.9887],[-90.3925,45.9934],[-90.3873,45.9958],[-90.3888,45.9959]]],[[[-90.6433,45.8499],[-90.6431,45.8517],[-90.6461,45.8517],[-90.6497,45.849],[-90.6433,45.8499]]],[[[-90.3665,45.9945],[-90.3666,45.9978],[-90.3686,45.995],[-90.3665,45.9945]]],[[[-90.7211,45.7618],[-90.724,45.7615],[-90.7227,45.7597],[-90.7211,45.7618]]],[[[-90.7841,45.7478],[-90.7833,45.7489],[-90.7885,45.7471],[-90.7841,45.7478]]],[[[-90.5936,45.8541],[-90.5937,45.8569],[-90.5949,45.8544],[-90.5936,45.8541]]],[[[-90.7378,45.825],[-90.7405,45.8244],[-90.7386,45.8235],[-90.7378,45.825]]],[[[-90.6356,45.8401],[-90.6366,45.8398],[-90.6338,45.8406],[-90.6356,45.8401]]],[[[-90.781,45.7507],[-90.7792,45.7529],[-90.7806,45.7517],[-90.781,45.7507]]],[[[-90.6574,45.8413],[-90.6602,45.8408],[-90.6588,45.8405],[-90.6574,45.8413]]],[[[-90.7392,45.8262],[-90.7406,45.8261],[-90.7403,45.8252],[-90.7392,45.8262]]],[[[-90.3945,45.9942],[-90.3926,45.9957],[-90.3937,45.9957],[-90.3945,45.9942]]],[[[-90.7651,45.6185],[-90.765,45.6208],[-90.7654,45.6209],[-90.7651,45.6185]]],[[[-90.7416,45.8242],[-90.7418,45.8253],[-90.7426,45.8251],[-90.7416,45.8242]]],[[[-90.3534,46.0148],[-90.3531,46.0159],[-90.3534,46.0162],[-90.3534,46.0148]]],[[[-90.7092,45.8561],[-90.7101,45.8565],[-90.7084,45.8557],[-90.7092,45.8561]]],[[[-90.7402,45.7527],[-90.7394,45.7534],[-90.7403,45.7535],[-90.7402,45.7527]]],[[[-90.3533,46.0178],[-90.353,46.0169],[-90.3527,46.0176],[-90.3533,46.0178]]],[[[-90.369,45.995],[-90.3681,45.9966],[-90.3687,45.996],[-90.369,45.995]]],[[[-90.3601,46.0226],[-90.36,46.0234],[-90.3603,46.023],[-90.3601,46.0226]]],[[[-90.3592,46.0248],[-90.3589,46.0253],[-90.3595,46.025],[-90.3592,46.0248]]],[[[-90.3028,46.0475],[-90.3021,46.0477],[-90.3035,46.0475],[-90.3028,46.0475]]],[[[-90.3596,46.0239],[-90.3594,46.0245],[-90.3598,46.024],[-90.3596,46.0239]]],[[[-90.3784,45.9857],[-90.3789,45.9856],[-90.3779,45.9855],[-90.3784,45.9857]]],[[[-90.3586,46.0254],[-90.3583,46.0257],[-90.3588,46.0254],[-90.3586,46.0254]]],[[[-90.3945,45.9952],[-90.3941,45.9957],[-90.3945,45.9957],[-90.3945,45.9952]]],[[[-90.7398,45.8262],[-90.7398,45.8266],[-90.7401,45.8264],[-90.7398,45.8262]]],[[[-90.3537,46.0138],[-90.3534,46.0141],[-90.3535,46.0143],[-90.3537,46.0138]]],[[[-90.7386,45.8243],[-90.7386,45.8245],[-90.7389,45.8245],[-90.7386,45.8243]]],[[[-90.3653,45.9953],[-90.3651,45.9958],[-90.3654,45.9953],[-90.3653,45.9953]]],[[[-90.3705,45.9883],[-90.3706,45.9886],[-90.3707,45.9884],[-90.3705,45.9883]]],[[[-90.7392,45.8265],[-90.7392,45.8267],[-90.7395,45.8264],[-90.7392,45.8265]]],[[[-90.7052,45.862],[-90.7056,45.8618],[-90.7053,45.8618],[-90.7052,45.862]]],[[[-90.7395,45.8266],[-90.7395,45.8267],[-90.7398,45.8267],[-90.7395,45.8266]]],[[[-90.7391,45.8271],[-90.7392,45.8272],[-90.7394,45.8272],[-90.7391,45.8271]]],[[[-90.6598,45.8401],[-90.6601,45.84],[-90.6596,45.84],[-90.6598,45.8401]]],[[[-90.7386,45.8231],[-90.7386,45.8233],[-90.7388,45.8232],[-90.7386,45.8231]]],[[[-90.3653,46.0],[-90.3653,46.0001],[-90.3654,46.0],[-90.3653,46.0]]],[[[-90.3323,46.0372],[-90.3323,46.0373],[-90.3325,46.0372],[-90.3323,46.0372]]],[[[-90.7401,45.8264],[-90.7402,45.8265],[-90.7403,45.8265],[-90.7401,45.8264]]],[[[-90.7401,45.8266],[-90.7402,45.8266],[-90.74,45.8265],[-90.7401,45.8266]]],[[[-90.7394,45.8264],[-90.7395,45.8263],[-90.7393,45.8263],[-90.7394,45.8264]]],[[[-90.7399,45.8267],[-90.74,45.8268],[-90.74,45.8267],[-90.7399,45.8267]]],[[[-90.7395,45.8269],[-90.7394,45.8269],[-90.7393,45.8269],[-90.7395,45.8269]]]]},"properties":{"PROP_NAME":"FLAMBEAU RIVER STATE FOREST","ACRES":90808.81,"PUBLIC_ACCESS":"Open to Hiking, Fishing, Hunting and Trapping","TRANS_TYPE":1}},{"type":"Feature","geometry":{"type":"Polygon","coordinates":[[[-91.2329,44.1071],[-91.2349,44.1107],[-91.2374,44.1107],[-91.2373,44.1071],[-91.2348,44.1071],[-91.2322,44.1035],[-91.2297,44.1035],[-91.2297,44.1071],[-91.2329,44.1071]]]},"properties":{"PROP_NAME":"HARDIES CREEK TIMBER DEMO FOREST","ACRES":56.19,"PUBLIC_ACCESS":"Open to Hiking, Fishing, Hunting and Trapping","TRANS_TYPE":1}},{"type":"Feature","geometry":{"type":"MultiPolygon","coordinates":[[[[-91.4988,45.9959],[-91.4987,45.9977],[-91.4988,45.9959],[-91.4945,45.9972],[-91.4934,45.9997],[-91.4943,45.9993],[-91.4944,46.0014],[-91.5013,46.0014],[-91.5039,45.9997],[-91.5039,45.9977],[-91.5077,45.9971],[-91.5066,45.9941],[-91.504,45.9954],[-91.503,45.9937],[-91.4988,45.9959]]],[[[-91.5009,46.0014],[-91.4999,46.0014],[-91.4999,46.002],[-91.5009,46.0014]]]]},"properties":{"PROP_NAME":"HAYWARD NURSERY","ACRES":133.23,"PUBLIC_ACCESS":"Open to Hiking, Fishing, Hunting and Trapping","TRANS_TYPE":1}},{"type":"Feature","geometry":{"type":"Polygon","coordinates":[[[-90.2464,43.0048],[-90.2515,43.0039],[-90.2514,43.0002],[-90.2414,43.0007],[-90.2415,43.0037],[-90.2464,43.0048]]]},"properties":{"PROP_NAME":"JAMES J RULE TIMBER DEMO FOREST","ACRES":81.4,"PUBLIC_ACCESS":"Open to Hiking, Fishing, Hunting and Trapping","TRANS_TYPE":1}},{"type":"Feature","geometry":{"type":"Polygon","coordinates":[[[-91.3518,46.1223],[-91.3548,46.1242],[-91.3598,46.1216],[-91.3588,46.121],[-91.3605,46.1205],[-91.3599,46.1138],[-91.3546,46.1138],[-91.3545,46.1211],[-91.3518,46.121],[-91.3518,46.1223]]]},"properties":{"PROP_NAME":"UHRENHOLDT MEM TIMBER DEMO FOREST","ACRES":123.34,"PUBLIC_ACCESS":"Open to Hiking, Fishing, Hunting and Trapping","TRANS_TYPE":1}},{"type":"Feature","geometry":{"type":"Polygon","coordinates":[[[-87.8748,45.4024],[-87.8748,45.3988],[-87.8697,45.3988],[-87.8696,45.4024],[-87.8748,45.4024]]]},"properties":{"PROP_NAME":"WAUSAUKEE TIMBER DEMO FOREST","ACRES":39.53,"PUBLIC_ACCESS":"Open to Hiking, Fishing, Hunting and Trapping","TRANS_TYPE":1}},{"type":"Feature","geometry":{"type":"MultiPolygon","coordinates":[[[[-89.5541,45.5421],[-89.5544,45.5456],[-89.5639,45.5457],[-89.5639,45.5421],[-89.569,45.5421],[-89.569,45.5355],[-89.5643,45.539],[-89.5541,45.5421]]],[[[-89.6199,44.9018],[-89.6242,44.9053],[-89.6241,44.9017],[-89.6199,44.9018]]],[[[-89.6143,44.9165],[-89.6142,44.9179],[-89.6193,44.9179],[-89.6191,44.9107],[-89.6168,44.9099],[-89.6178,44.9089],[-89.6151,44.9107],[-89.6143,44.9165]]],[[[-89.6244,44.9213],[-89.6295,44.9234],[-89.6295,44.9209],[-89.6244,44.9198],[-89.6244,44.9213]]],[[[-89.6507,44.9396],[-89.6554,44.9414],[-89.6553,44.9378],[-89.6502,44.9378],[-89.6502,44.9412],[-89.6517,44.9407],[-89.6507,44.9396]]],[[[-89.6251,44.9433],[-89.624,44.9447],[-89.6267,44.9435],[-89.6251,44.9433]]],[[[-89.6433,45.1393],[-89.6442,45.14],[-89.6456,45.1394],[-89.6433,45.1393]]],[[[-89.6463,45.1398],[-89.6447,45.1404],[-89.6469,45.14],[-89.6463,45.1398]]],[[[-88.8931,45.3863],[-88.8924,45.3867],[-88.8937,45.3867],[-88.8931,45.3863]]],[[[-88.8942,45.3875],[-88.8934,45.3882],[-88.8943,45.3884],[-88.8942,45.3875]]],[[[-88.9288,45.3961],[-88.9289,45.3967],[-88.9298,45.3969],[-88.9288,45.3961]]],[[[-90.175,45.4084],[-90.175,45.4093],[-90.1754,45.4085],[-90.175,45.4084]]],[[[-88.897,45.4099],[-88.8969,45.4101],[-88.8973,45.4102],[-88.897,45.4099]]],[[[-89.0908,45.413],[-89.0908,45.4132],[-89.091,45.4131],[-89.0908,45.413]]],[[[-89.0912,45.413],[-89.0916,45.4133],[-89.0921,45.4131],[-89.0912,45.413]]],[[[-89.0902,45.4132],[-89.09,45.4132],[-89.0903,45.4132],[-89.0902,45.4132]]],[[[-89.4733,45.4227],[-89.4732,45.4232],[-89.4741,45.4231],[-89.4733,45.4227]]],[[[-89.4681,45.4238],[-89.4679,45.4244],[-89.4686,45.4238],[-89.4681,45.4238]]],[[[-89.4731,45.4241],[-89.475,45.4243],[-89.4735,45.4235],[-89.4731,45.4241]]],[[[-89.4664,45.4252],[-89.4666,45.4256],[-89.4668,45.4256],[-89.4664,45.4252]]],[[[-91.4915,45.4221],[-91.4916,45.4224],[-91.4919,45.4225],[-91.4915,45.4221]]],[[[-91.4923,45.4237],[-91.492,45.4242],[-91.4923,45.4244],[-91.4923,45.4237]]],[[[-91.4943,45.4265],[-91.4945,45.4266],[-91.4947,45.4264],[-91.4943,45.4265]]],[[[-91.4929,45.427],[-91.4924,45.4274],[-91.4937,45.427],[-91.4929,45.427]]],[[[-91.4943,45.4267],[-91.494,45.4273],[-91.4953,45.4278],[-91.4943,45.4267]]],[[[-89.188,45.4412],[-89.1882,45.4412],[-89.1882,45.4411],[-89.188,45.4412]]],[[[-92.4499,45.4234],[-92.4501,45.4235],[-92.4507,45.4233],[-92.4499,45.4234]]],[[[-89.2675,45.4482],[-89.2674,45.4484],[-89.2679,45.4485],[-89.2675,45.4482]]],[[[-89.2892,45.4513],[-89.2894,45.4514],[-89.2894,45.4512],[-89.2892,45.4513]]],[[[-92.1754,45.4344],[-92.1755,45.4345],[-92.1759,45.4344],[-92.1754,45.4344]]],[[[-92.4183,45.4313],[-92.4192,45.4325],[-92.4192,45.4318],[-92.4183,45.4313]]],[[[-89.2486,45.4558],[-89.2486,45.456],[-89.2492,45.4563],[-89.2486,45.4558]]],[[[-92.4152,45.4363],[-92.4159,45.4371],[-92.4176,45.4366],[-92.4152,45.4363]]],[[[-92.1502,45.4497],[-92.1504,45.4493],[-92.1498,45.4494],[-92.1502,45.4497]]],[[[-92.1447,45.4497],[-92.1454,45.4499],[-92.1465,45.4494],[-92.1447,45.4497]]],[[[-92.1575,45.4498],[-92.1576,45.4503],[-92.1584,45.4505],[-92.1575,45.4498]]],[[[-92.1498,45.4498],[-92.1498,45.4508],[-92.1505,45.4503],[-92.1498,45.4498]]],[[[-92.1434,45.4505],[-92.1453,45.4513],[-92.1451,45.45],[-92.1434,45.4505]]],[[[-92.1511,45.4525],[-92.1548,45.4512],[-92.1529,45.4499],[-92.156,45.4482],[-92.1494,45.4482],[-92.1525,45.4507],[-92.1497,45.4529],[-92.1511,45.4525]]],[[[-92.1537,45.4536],[-92.1551,45.4537],[-92.1544,45.4521],[-92.1537,45.4536]]],[[[-92.1585,45.4554],[-92.1581,45.4558],[-92.1588,45.4557],[-92.1585,45.4554]]],[[[-92.4997,45.4486],[-92.5,45.4494],[-92.5009,45.449],[-92.4997,45.4486]]],[[[-92.1568,45.4562],[-92.1564,45.4572],[-92.1572,45.4574],[-92.1568,45.4562]]],[[[-92.4527,45.4534],[-92.4527,45.4536],[-92.453,45.4534],[-92.4527,45.4534]],[[-92.162,45.461],[-92.1634,45.4612],[-92.1608,45.4614],[-92.162,45.461]]],[[[-92.1652,45.463],[-92.1657,45.4632],[-92.1656,45.4627],[-92.1652,45.463]]],[[[-92.1645,45.4635],[-92.1648,45.4634],[-92.1649,45.4633],[-92.1645,45.4635]]],[[[-92.4499,45.4571],[-92.4514,45.458],[-92.4513,45.4571],[-92.4499,45.4571]]],[[[-92.1657,45.4637],[-92.1657,45.4639],[-92.1659,45.4638],[-92.1657,45.4637]]],[[[-92.1659,45.4643],[-92.1659,45.4645],[-92.1662,45.4645],[-92.1659,45.4643]]],[[[-92.3965,45.459],[-92.3985,45.4602],[-92.3979,45.4594],[-92.3965,45.459]]],[[[-92.4065,45.46],[-92.407,45.4604],[-92.4069,45.4603],[-92.4065,45.46]]],[[[-92.4001,45.4609],[-92.4004,45.4612],[-92.4006,45.4612],[-92.4001,45.4609]]],[[[-92.4045,45.4621],[-92.4041,45.4629],[-92.4049,45.4628],[-92.4045,45.4621]]],[[[-91.7067,45.4771],[-91.7059,45.4779],[-91.707,45.4773],[-91.7067,45.4771]]],[[[-92.0999,45.4831],[-92.0994,45.4832],[-92.0993,45.4834],[-92.0999,45.4831]]],[[[-92.1054,45.4833],[-92.1055,45.4836],[-92.1056,45.4834],[-92.1054,45.4833]]],[[[-92.099,45.4838],[-92.0991,45.4841],[-92.0993,45.4839],[-92.099,45.4838]]],[[[-88.8436,45.5064],[-88.8437,45.5066],[-88.8442,45.5063],[-88.8436,45.5064]]],[[[-88.8469,45.5067],[-88.847,45.5068],[-88.847,45.5066],[-88.8469,45.5067]]],[[[-88.8422,45.5075],[-88.8439,45.5074],[-88.8426,45.5073],[-88.8422,45.5075]]],[[[-88.8449,45.5076],[-88.8475,45.5071],[-88.8465,45.5069],[-88.8449,45.5076]]],[[[-89.0865,45.5158],[-89.0866,45.517],[-89.0872,45.5163],[-89.0865,45.5158]]],[[[-92.2114,45.5057],[-92.2122,45.506],[-92.2127,45.5057],[-92.2114,45.5057]]],[[[-92.2075,45.5074],[-92.2071,45.5076],[-92.2077,45.5075],[-92.2075,45.5074]]],[[[-92.209,45.5073],[-92.2091,45.5081],[-92.2099,45.5084],[-92.209,45.5073]]],[[[-92.2072,45.5081],[-92.2072,45.5085],[-92.2077,45.5083],[-92.2072,45.5081]]],[[[-89.5668,45.535],[-89.5668,45.5348],[-89.5663,45.5348],[-89.5668,45.535]]],[[[-89.5683,45.5351],[-89.5684,45.5352],[-89.5686,45.5352],[-89.5683,45.5351]]],[[[-89.5649,45.5353],[-89.5654,45.535],[-89.5649,45.5351],[-89.5649,45.5353]]],[[[-89.5628,45.5362],[-89.5626,45.5364],[-89.563,45.5363],[-89.5628,45.5362]]],[[[-89.5628,45.5365],[-89.5626,45.5368],[-89.563,45.5366],[-89.5628,45.5365]]],[[[-89.5624,45.5368],[-89.5623,45.5369],[-89.5624,45.5369],[-89.5624,45.5368]]],[[[-89.5654,45.5371],[-89.5648,45.5375],[-89.5654,45.5373],[-89.5654,45.5371]]],[[[-89.5614,45.5373],[-89.5611,45.5377],[-89.5621,45.5366],[-89.5614,45.5373]]],[[[-89.5617,45.5378],[-89.5617,45.538],[-89.5619,45.5378],[-89.5617,45.5378]]],[[[-89.5647,45.5377],[-89.5646,45.538],[-89.5648,45.5378],[-89.5647,45.5377]]],[[[-89.5634,45.5384],[-89.5637,45.5388],[-89.5647,45.5384],[-89.5634,45.5384]]],[[[-89.5631,45.5385],[-89.5626,45.5392],[-89.5632,45.5389],[-89.5631,45.5385]]],[[[-89.5606,45.5396],[-89.5666,45.5352],[-89.5637,45.5361],[-89.5606,45.5396]]],[[[-89.5588,45.5391],[-89.5584,45.5396],[-89.5596,45.5392],[-89.5588,45.5391]]],[[[-89.5604,45.5396],[-89.5604,45.5398],[-89.5606,45.5398],[-89.5604,45.5396]]],[[[-89.5599,45.5392],[-89.5596,45.5396],[-89.5599,45.5398],[-89.5599,45.5392]]],[[[-89.5611,45.5398],[-89.5612,45.5399],[-89.5612,45.5398],[-89.5611,45.5398]]],[[[-89.5589,45.5397],[-89.5588,45.5398],[-89.559,45.5398],[-89.5589,45.5397]]],[[[-89.5537,45.5413],[-89.5647,45.5347],[-89.569,45.5348],[-89.569,45.5313],[-89.5588,45.5313],[-89.5588,45.5348],[-89.5536,45.5348],[-89.5537,45.5413]]],[[[-92.3861,45.533],[-92.3856,45.5341],[-92.3865,45.535],[-92.3861,45.533]]],[[[-89.6306,45.5592],[-89.631,45.5594],[-89.6309,45.5592],[-89.6306,45.5592]]],[[[-88.7725,45.554],[-88.775,45.5559],[-88.7766,45.5545],[-88.7725,45.554]]],[[[-89.6332,45.5637],[-89.6336,45.5637],[-89.6328,45.5636],[-89.6332,45.5637]]],[[[-91.574,45.5666],[-91.5742,45.5671],[-91.5753,45.567],[-91.574,45.5666]]],[[[-91.566,45.5688],[-91.5657,45.5685],[-91.5642,45.5685],[-91.566,45.5688]]],[[[-91.5483,45.5703],[-91.5478,45.5705],[-91.5485,45.5703],[-91.5483,45.5703]]],[[[-92.2841,45.5632],[-92.2848,45.5625],[-92.2839,45.5628],[-92.2841,45.5632]]],[[[-89.501,45.5854],[-89.5005,45.5858],[-89.5011,45.5857],[-89.501,45.5854]]],[[[-91.9855,45.5726],[-91.9847,45.5731],[-91.9854,45.5731],[-91.9855,45.5726]]],[[[-91.5888,45.58],[-91.5889,45.5801],[-91.589,45.58],[-91.5888,45.58]]],[[[-89.1689,45.5903],[-89.1692,45.5907],[-89.1692,45.5905],[-89.1689,45.5903]]],[[[-89.5593,45.5953],[-89.5596,45.5954],[-89.5596,45.5952],[-89.5593,45.5953]]],[[[-91.5898,45.5858],[-91.5902,45.586],[-91.5901,45.5858],[-91.5898,45.5858]]],[[[-91.5905,45.5863],[-91.5906,45.5864],[-91.5909,45.5864],[-91.5905,45.5863]]],[[[-92.0429,45.5848],[-92.0426,45.5851],[-92.0431,45.5851],[-92.0429,45.5848]]],[[[-90.5028,45.6018],[-90.5034,45.6024],[-90.5046,45.6015],[-90.5028,45.6018]]],[[[-89.5511,45.6015],[-89.5513,45.6026],[-89.5516,45.6024],[-89.5511,45.6015]]],[[[-90.5016,45.6034],[-90.5034,45.603],[-90.5021,45.6026],[-90.5016,45.6034]]],[[[-90.5013,45.6041],[-90.502,45.6038],[-90.5011,45.6034],[-90.5013,45.6041]]],[[[-89.3441,45.6031],[-89.3441,45.6033],[-89.3442,45.6033],[-89.3441,45.6031]]],[[[-89.3413,45.6051],[-89.3413,45.6057],[-89.3419,45.6045],[-89.3413,45.6051]]],[[[-89.4334,45.6154],[-89.4334,45.6156],[-89.4335,45.6154],[-89.4334,45.6154]]],[[[-91.584,45.6062],[-91.584,45.6063],[-91.5843,45.6064],[-91.584,45.6062]]],[[[-89.6679,45.6181],[-89.6686,45.6179],[-89.6683,45.6174],[-89.6679,45.6181]]],[[[-91.582,45.6085],[-91.5819,45.6086],[-91.5821,45.6086],[-91.582,45.6085]]],[[[-89.6702,45.6201],[-89.6704,45.6205],[-89.671,45.6207],[-89.6702,45.6201]]],[[[-89.4339,45.62],[-89.4337,45.6204],[-89.4341,45.6201],[-89.4339,45.62]]],[[[-90.4868,45.623],[-90.4879,45.6238],[-90.4876,45.6232],[-90.4868,45.623]]],[[[-92.3222,45.6021],[-92.3225,45.6033],[-92.3227,45.6028],[-92.3222,45.6021]]],[[[-89.6313,45.629],[-89.632,45.6288],[-89.6304,45.6284],[-89.6313,45.629]]],[[[-91.9295,45.6151],[-91.9291,45.6155],[-91.9298,45.6157],[-91.9295,45.6151]]],[[[-89.8571,45.6321],[-89.8576,45.6319],[-89.8567,45.6318],[-89.8571,45.6321]]],[[[-91.5907,45.6216],[-91.5911,45.6219],[-91.5909,45.6216],[-91.5907,45.6216]]],[[[-89.3413,45.6332],[-89.3416,45.633],[-89.3409,45.6331],[-89.3413,45.6332]]],[[[-89.3342,45.6332],[-89.3345,45.6336],[-89.3352,45.6335],[-89.3342,45.6332]]],[[[-89.3457,45.6349],[-89.3455,45.6353],[-89.346,45.6352],[-89.3457,45.6349]]],[[[-91.6011,45.6301],[-91.6015,45.6303],[-91.6014,45.63],[-91.6011,45.6301]]],[[[-91.7561,45.6288],[-91.7568,45.6285],[-91.7562,45.6284],[-91.7561,45.6288]]],[[[-91.7613,45.6282],[-91.7613,45.6292],[-91.7621,45.6285],[-91.7613,45.6282]]],[[[-91.7573,45.629],[-91.7573,45.6294],[-91.7576,45.6291],[-91.7573,45.629]]],[[[-91.9271,45.6268],[-91.9283,45.6265],[-91.9273,45.6263],[-91.9271,45.6268]]],[[[-91.7593,45.6296],[-91.76,45.6301],[-91.7611,45.6293],[-91.7593,45.6296]]],[[[-89.2571,45.6408],[-89.2549,45.6412],[-89.255,45.6425],[-89.2571,45.6408]]],[[[-91.7611,45.6336],[-91.7619,45.6335],[-91.7603,45.6327],[-91.7611,45.6336]]],[[[-89.4652,45.6457],[-89.465,45.646],[-89.4653,45.6458],[-89.4652,45.6457]]],[[[-91.7686,45.6348],[-91.7695,45.6353],[-91.7695,45.6339],[-91.7686,45.6348]]],[[[-91.7703,45.6374],[-91.7719,45.6367],[-91.7707,45.6355],[-91.7703,45.6374]]],[[[-91.7657,45.6368],[-91.7658,45.6378],[-91.7661,45.6373],[-91.7657,45.6368]]],[[[-91.7671,45.64],[-91.7663,45.639],[-91.7649,45.6396],[-91.7671,45.64]]],[[[-91.7613,45.6414],[-91.7615,45.6425],[-91.7626,45.6423],[-91.7613,45.6414]]],[[[-91.7602,45.643],[-91.7602,45.6424],[-91.7589,45.6431],[-91.7602,45.643]]],[[[-89.5209,45.6562],[-89.5208,45.6565],[-89.5212,45.6563],[-89.5209,45.6562]]],[[[-89.5198,45.6589],[-89.5201,45.6584],[-89.5196,45.6585],[-89.5198,45.6589]]],[[[-92.0289,45.6456],[-92.0287,45.6462],[-92.0293,45.6459],[-92.0289,45.6456]]],[[[-89.4984,45.6643],[-89.4985,45.6645],[-89.4988,45.6644],[-89.4984,45.6643]]],[[[-88.9857,45.6667],[-88.9857,45.6668],[-88.9859,45.6667],[-88.9857,45.6667]]],[[[-92.0256,45.6565],[-92.0252,45.6572],[-92.026,45.6568],[-92.0256,45.6565]]],[[[-89.1716,45.6722],[-89.1717,45.6724],[-89.1719,45.6723],[-89.1716,45.6722]]],[[[-89.5287,45.6737],[-89.5286,45.6743],[-89.5293,45.6744],[-89.5287,45.6737]]],[[[-89.5304,45.6734],[-89.5298,45.6741],[-89.531,45.6746],[-89.5304,45.6734]]],[[[-89.5333,45.6752],[-89.5334,45.6755],[-89.5336,45.6753],[-89.5333,45.6752]]],[[[-89.5293,45.6761],[-89.5292,45.6762],[-89.5298,45.6763],[-89.5293,45.6761]]],[[[-91.7409,45.6639],[-91.7411,45.6644],[-91.7412,45.6639],[-91.7409,45.6639]]],[[[-91.5377,45.6723],[-91.538,45.6725],[-91.5382,45.6724],[-91.5377,45.6723]]],[[[-89.5367,45.6868],[-89.5366,45.687],[-89.5369,45.6871],[-89.5367,45.6868]]],[[[-89.5661,45.6887],[-89.5667,45.6886],[-89.5661,45.6883],[-89.5661,45.6887]]],[[[-89.6965,45.6934],[-89.6964,45.6941],[-89.6968,45.6934],[-89.6965,45.6934]]],[[[-91.6157,45.6834],[-91.6156,45.6841],[-91.6161,45.6837],[-91.6157,45.6834]]],[[[-89.6937,45.6958],[-89.6937,45.696],[-89.6941,45.696],[-89.6937,45.6958]]],[[[-91.8743,45.6819],[-91.8748,45.6819],[-91.8733,45.6817],[-91.8743,45.6819]]],[[[-91.8708,45.6822],[-91.8716,45.683],[-91.8731,45.6824],[-91.8708,45.6822]]],[[[-91.8677,45.684],[-91.8677,45.6844],[-91.868,45.6845],[-91.8677,45.684]]],[[[-91.8741,45.683],[-91.8753,45.6844],[-91.8749,45.683],[-91.877,45.6823],[-91.8741,45.683]]],[[[-89.6024,45.7076],[-89.602,45.7077],[-89.6022,45.7079],[-89.6024,45.7076]]],[[[-89.6352,45.7082],[-89.6346,45.7087],[-89.6351,45.7094],[-89.6352,45.7082]]],[[[-89.696,45.7098],[-89.6971,45.7104],[-89.6968,45.7101],[-89.696,45.7098]]],[[[-89.7026,45.7102],[-89.703,45.7105],[-89.7037,45.7105],[-89.7026,45.7102]]],[[[-89.6938,45.7102],[-89.6946,45.7108],[-89.6955,45.7098],[-89.6938,45.7102]]],[[[-91.6503,45.7029],[-91.6508,45.7031],[-91.6505,45.7028],[-91.6503,45.7029]]],[[[-91.6513,45.7029],[-91.651,45.7031],[-91.6514,45.703],[-91.6513,45.7029]]],[[[-91.5956,45.7038],[-91.5958,45.7042],[-91.5962,45.7043],[-91.5956,45.7038]]],[[[-91.5926,45.7033],[-91.5932,45.7045],[-91.5932,45.7027],[-91.591,45.7038],[-91.5928,45.7045],[-91.5913,45.7037],[-91.5926,45.7033]]],[[[-91.5836,45.706],[-91.584,45.7059],[-91.5838,45.7054],[-91.5836,45.706]]],[[[-92.5097,45.6898],[-92.5099,45.6893],[-92.5094,45.689],[-92.5097,45.6898]]],[[[-91.5873,45.7064],[-91.5878,45.7062],[-91.587,45.7063],[-91.5873,45.7064]]],[[[-91.5898,45.7062],[-91.5915,45.7065],[-91.5915,45.7045],[-91.5878,45.704],[-91.5883,45.7066],[-91.5898,45.7062]]],[[[-91.5826,45.7065],[-91.5828,45.707],[-91.5838,45.7071],[-91.5826,45.7065]]],[[[-91.6514,45.7053],[-91.6511,45.7067],[-91.6516,45.7061],[-91.6514,45.7053]]],[[[-91.5894,45.7071],[-91.5895,45.7075],[-91.5901,45.7076],[-91.5894,45.7071]]],[[[-89.1893,45.7161],[-89.1895,45.7165],[-89.1896,45.7162],[-89.1893,45.7161]]],[[[-91.5841,45.7079],[-91.5846,45.7087],[-91.5859,45.7084],[-91.5841,45.7079]]],[[[-91.5859,45.7085],[-91.5862,45.7088],[-91.5866,45.7086],[-91.5859,45.7085]]],[[[-91.5883,45.7086],[-91.5884,45.7088],[-91.5888,45.7087],[-91.5883,45.7086]]],[[[-91.5926,45.7087],[-91.5935,45.7085],[-91.591,45.7075],[-91.5926,45.7087]]],[[[-91.6514,45.7071],[-91.6503,45.7082],[-91.6519,45.7072],[-91.6514,45.7071]]],[[[-89.1103,45.7163],[-89.1101,45.7168],[-89.1107,45.7168],[-89.1103,45.7163]]],[[[-91.5858,45.7098],[-91.5869,45.7098],[-91.5861,45.7089],[-91.5858,45.7098]]],[[[-91.5819,45.7118],[-91.5844,45.7108],[-91.582,45.7108],[-91.5819,45.7118]]],[[[-91.594,45.7117],[-91.5939,45.7124],[-91.5946,45.7121],[-91.594,45.7117]]],[[[-91.5889,45.7137],[-91.5886,45.7144],[-91.5893,45.7137],[-91.5889,45.7137]]],[[[-91.5876,45.7192],[-91.5884,45.7191],[-91.5876,45.7184],[-91.5876,45.7192]]],[[[-91.5869,45.7197],[-91.5866,45.7191],[-91.5864,45.7196],[-91.5869,45.7197]]],[[[-91.6058,45.7188],[-91.6052,45.7191],[-91.6056,45.7196],[-91.6058,45.7188]]],[[[-91.6047,45.7191],[-91.6048,45.72],[-91.6053,45.7192],[-91.6047,45.7191]]],[[[-91.6043,45.7201],[-91.6043,45.7203],[-91.6045,45.7202],[-91.6043,45.7201]]],[[[-91.5973,45.7205],[-91.5965,45.7214],[-91.598,45.7209],[-91.5973,45.7205]]],[[[-89.6504,45.7343],[-89.6504,45.7344],[-89.6507,45.7344],[-89.6504,45.7343]]],[[[-90.3306,45.7374],[-90.3297,45.7383],[-90.3304,45.738],[-90.3306,45.7374]]],[[[-89.6199,45.7394],[-89.6198,45.7396],[-89.62,45.7398],[-89.6199,45.7394]]],[[[-91.9074,45.7252],[-91.9108,45.7279],[-91.9136,45.7245],[-91.9074,45.7252]]],[[[-89.665,45.7446],[-89.665,45.7459],[-89.6658,45.7451],[-89.665,45.7446]]],[[[-92.4657,45.72],[-92.4654,45.7202],[-92.4658,45.7201],[-92.4657,45.72]]],[[[-92.4655,45.7205],[-92.4656,45.7207],[-92.4659,45.7206],[-92.4655,45.7205]]],[[[-92.4636,45.7213],[-92.4637,45.7215],[-92.4641,45.7214],[-92.4636,45.7213]]],[[[-89.0934,45.7441],[-89.0924,45.7446],[-89.0936,45.7442],[-89.0934,45.7441]]],[[[-92.4664,45.7221],[-92.4666,45.7227],[-92.467,45.7227],[-92.4664,45.7221]]],[[[-91.6051,45.7386],[-91.6058,45.7383],[-91.6044,45.7386],[-91.6051,45.7386]]],[[[-91.6062,45.7385],[-91.6056,45.7387],[-91.6057,45.7391],[-91.6062,45.7385]]],[[[-90.738,45.7471],[-90.7376,45.7476],[-90.7387,45.748],[-90.738,45.7471]]],[[[-92.485,45.7239],[-92.4849,45.7231],[-92.4832,45.7229],[-92.485,45.7239]]],[[[-91.604,45.739],[-91.6047,45.7398],[-91.6052,45.7398],[-91.604,45.739]]],[[[-91.6036,45.7392],[-91.6036,45.7395],[-91.6045,45.74],[-91.6036,45.7392]]],[[[-91.9446,45.7345],[-91.9434,45.735],[-91.945,45.7354],[-91.9446,45.7345]]],[[[-91.6053,45.7414],[-91.6056,45.7416],[-91.6055,45.7413],[-91.6053,45.7414]]],[[[-91.9517,45.7358],[-91.952,45.7364],[-91.9525,45.7359],[-91.9517,45.7358]]],[[[-91.954,45.7358],[-91.9539,45.7367],[-91.9545,45.7368],[-91.954,45.7358]]],[[[-91.6036,45.7421],[-91.6036,45.7424],[-91.6041,45.7425],[-91.6036,45.7421]]],[[[-91.6096,45.7442],[-91.6088,45.7435],[-91.6077,45.7438],[-91.6096,45.7442]]],[[[-91.608,45.7442],[-91.608,45.7447],[-91.6087,45.7445],[-91.608,45.7442]]],[[[-91.6079,45.7448],[-91.6082,45.7457],[-91.609,45.7456],[-91.6079,45.7448]]],[[[-91.6075,45.7458],[-91.6072,45.7462],[-91.6076,45.746],[-91.6075,45.7458]]],[[[-91.6068,45.7482],[-91.6069,45.7484],[-91.607,45.7483],[-91.6068,45.7482]]],[[[-91.6065,45.7493],[-91.6066,45.7496],[-91.6072,45.7497],[-91.6065,45.7493]]],[[[-91.6109,45.7498],[-91.6111,45.7501],[-91.6111,45.7498],[-91.6109,45.7498]]],[[[-91.6066,45.7509],[-91.6066,45.7512],[-91.6069,45.7511],[-91.6066,45.7509]]],[[[-89.6392,45.7627],[-89.6415,45.7624],[-89.6406,45.7616],[-89.6392,45.7627]]],[[[-89.4962,45.7631],[-89.4969,45.7624],[-89.4952,45.7628],[-89.4962,45.7631]]],[[[-91.5186,45.7558],[-91.5185,45.7567],[-91.5207,45.7584],[-91.5186,45.7558]]],[[[-91.5212,45.7588],[-91.5213,45.7585],[-91.521,45.7585],[-91.5212,45.7588]]],[[[-89.7998,45.7697],[-89.8001,45.7697],[-89.7995,45.7696],[-89.7998,45.7697]]],[[[-91.5172,45.7632],[-91.5173,45.7634],[-91.5177,45.7634],[-91.5172,45.7632]]],[[[-89.5376,45.7738],[-89.5387,45.772],[-89.5375,45.7724],[-89.5376,45.7738]]],[[[-89.2155,45.7732],[-89.2153,45.7735],[-89.2157,45.7734],[-89.2155,45.7732]]],[[[-89.2154,45.7745],[-89.2153,45.7746],[-89.2155,45.7746],[-89.2154,45.7745]]],[[[-89.6232,45.7771],[-89.623,45.7774],[-89.6235,45.7777],[-89.6232,45.7771]]],[[[-89.7695,45.7793],[-89.7696,45.7796],[-89.77,45.7795],[-89.7695,45.7793]]],[[[-89.7708,45.7804],[-89.7705,45.7806],[-89.7708,45.7806],[-89.7708,45.7804]]],[[[-89.4938,45.7797],[-89.4934,45.7802],[-89.4939,45.7802],[-89.4938,45.7797]]],[[[-89.4937,45.7804],[-89.494,45.7808],[-89.4941,45.7805],[-89.4937,45.7804]]],[[[-89.4928,45.7803],[-89.4925,45.7808],[-89.4932,45.7805],[-89.4928,45.7803]]],[[[-89.2297,45.7793],[-89.2295,45.7795],[-89.2297,45.7798],[-89.2297,45.7793]]],[[[-89.7652,45.7855],[-89.7652,45.7856],[-89.7653,45.7856],[-89.7652,45.7855]]],[[[-89.0896,45.7824],[-89.0907,45.7812],[-89.0895,45.781],[-89.0896,45.7824]]],[[[-89.9557,45.7856],[-89.9553,45.786],[-89.9558,45.7859],[-89.9557,45.7856]]],[[[-89.9563,45.7864],[-89.9561,45.7867],[-89.9568,45.7867],[-89.9563,45.7864]]],[[[-89.2245,45.7846],[-89.2259,45.7845],[-89.2246,45.784],[-89.2245,45.7846]]],[[[-89.4906,45.7868],[-89.4907,45.787],[-89.4913,45.7871],[-89.4906,45.7868]]],[[[-91.7335,45.7767],[-91.7347,45.7768],[-91.7329,45.7755],[-91.7335,45.7767]]],[[[-89.5823,45.7889],[-89.583,45.7901],[-89.583,45.7894],[-89.5823,45.7889]]],[[[-89.4889,45.7928],[-89.4888,45.7933],[-89.4891,45.7931],[-89.4889,45.7928]]],[[[-89.4965,45.7932],[-89.4963,45.7934],[-89.4968,45.7935],[-89.4965,45.7932]]],[[[-89.708,45.8038],[-89.708,45.804],[-89.7082,45.8038],[-89.708,45.8038]]],[[[-89.036,45.7996],[-89.0355,45.8009],[-89.0364,45.8],[-89.036,45.7996]]],[[[-91.7038,45.793],[-91.7047,45.7942],[-91.7044,45.7932],[-91.7038,45.793]]],[[[-91.7031,45.7946],[-91.7031,45.7948],[-91.7035,45.7948],[-91.7031,45.7946]]],[[[-91.704,45.7959],[-91.7049,45.7968],[-91.7086,45.7937],[-91.7047,45.7921],[-91.704,45.7959]]],[[[-90.6838,45.8115],[-90.6838,45.8117],[-90.6842,45.8117],[-90.6838,45.8115]]],[[[-89.6406,45.8138],[-89.6395,45.8147],[-89.6403,45.8144],[-89.6406,45.8138]]],[[[-89.6448,45.8142],[-89.6451,45.8151],[-89.6451,45.8143],[-89.6448,45.8142]]],[[[-89.3012,45.8131],[-89.3014,45.8139],[-89.3019,45.8134],[-89.3012,45.8131]]],[[[-89.3068,45.814],[-89.3063,45.8142],[-89.3067,45.8143],[-89.3068,45.814]]],[[[-90.6646,45.8147],[-90.6647,45.8149],[-90.6649,45.8149],[-90.6646,45.8147]]],[[[-89.6433,45.8157],[-89.6436,45.8164],[-89.6453,45.8157],[-89.6433,45.8157]]],[[[-89.3084,45.8136],[-89.308,45.815],[-89.3099,45.8142],[-89.3084,45.8136]]],[[[-89.9213,45.8225],[-89.921,45.8232],[-89.922,45.8231],[-89.9213,45.8225]]],[[[-89.5339,45.8274],[-89.5338,45.8275],[-89.5341,45.8275],[-89.5339,45.8274]]],[[[-89.1292,45.8308],[-89.1293,45.831],[-89.1296,45.831],[-89.1292,45.8308]]],[[[-89.5911,45.8354],[-89.5912,45.8357],[-89.5916,45.8357],[-89.5911,45.8354]]],[[[-90.2665,45.8384],[-90.2663,45.8386],[-90.2667,45.8385],[-90.2665,45.8384]]],[[[-89.0835,45.8482],[-89.0836,45.8487],[-89.0842,45.8488],[-89.0835,45.8482]]],[[[-89.5596,45.8562],[-89.56,45.8564],[-89.56,45.8562],[-89.5596,45.8562]]],[[[-89.5922,45.8632],[-89.5908,45.8636],[-89.592,45.864],[-89.5922,45.8632]]],[[[-89.7375,45.8649],[-89.7383,45.8652],[-89.7383,45.8649],[-89.7375,45.8649]]],[[[-89.8102,45.8685],[-89.8114,45.8681],[-89.8103,45.8676],[-89.8102,45.8685]]],[[[-89.8153,45.8693],[-89.8148,45.87],[-89.8157,45.8706],[-89.8153,45.8693]]],[[[-89.8647,45.8704],[-89.8643,45.8709],[-89.8658,45.8716],[-89.8647,45.8704]]],[[[-89.8642,45.8723],[-89.8641,45.8726],[-89.8644,45.8726],[-89.8642,45.8723]]],[[[-89.6812,45.872],[-89.682,45.8726],[-89.6819,45.8722],[-89.6812,45.872]]],[[[-89.6851,45.8721],[-89.6847,45.8727],[-89.688,45.8735],[-89.6851,45.8721]]],[[[-90.0017,45.8748],[-90.0018,45.8752],[-90.0022,45.8749],[-90.0017,45.8748]]],[[[-89.9998,45.8788],[-89.9994,45.8792],[-89.9998,45.8794],[-89.9998,45.8788]]],[[[-89.5735,45.8806],[-89.5739,45.8808],[-89.5738,45.8804],[-89.5735,45.8806]]],[[[-89.8911,45.8847],[-89.8913,45.885],[-89.8916,45.885],[-89.8911,45.8847]]],[[[-89.8559,45.8882],[-89.8558,45.8884],[-89.8562,45.8883],[-89.8559,45.8882]]],[[[-89.8571,45.888],[-89.857,45.8884],[-89.8576,45.8884],[-89.8571,45.888]]],[[[-88.3238,45.8775],[-88.3238,45.8776],[-88.324,45.8775],[-88.3238,45.8775]]],[[[-88.3243,45.8775],[-88.3242,45.8777],[-88.3247,45.8775],[-88.3243,45.8775]]],[[[-89.9365,45.8855],[-89.9335,45.89],[-89.9362,45.8889],[-89.9365,45.8855]]],[[[-88.3236,45.8778],[-88.3236,45.878],[-88.3237,45.8779],[-88.3236,45.8778]]],[[[-88.3242,45.8781],[-88.3241,45.8782],[-88.3244,45.8782],[-88.3242,45.8781]]],[[[-89.8578,45.8904],[-89.8577,45.8906],[-89.8581,45.8906],[-89.8578,45.8904]]],[[[-89.635,45.8896],[-89.6344,45.89],[-89.6347,45.8903],[-89.635,45.8896]]],[[[-88.3269,45.8782],[-88.3273,45.8786],[-88.3277,45.8786],[-88.3269,45.8782]]],[[[-89.6354,45.8907],[-89.6369,45.8905],[-89.6364,45.8902],[-89.6354,45.8907]]],[[[-89.8364,45.8901],[-89.8365,45.8919],[-89.8381,45.8909],[-89.8364,45.8901]]],[[[-89.9321,45.8925],[-89.9337,45.8932],[-89.9333,45.8927],[-89.9321,45.8925]]],[[[-89.6325,45.8924],[-89.6323,45.8931],[-89.6328,45.8926],[-89.6325,45.8924]]],[[[-89.8909,45.8946],[-89.8908,45.8949],[-89.8915,45.8949],[-89.8909,45.8946]]],[[[-89.9448,45.8952],[-89.9454,45.8948],[-89.9447,45.8948],[-89.9448,45.8952]]],[[[-89.942,45.8946],[-89.9424,45.8954],[-89.9431,45.8946],[-89.942,45.8946]]],[[[-89.9448,45.8955],[-89.945,45.8957],[-89.9453,45.8955],[-89.9448,45.8955]]],[[[-89.9332,45.8951],[-89.9326,45.8958],[-89.9332,45.896],[-89.9332,45.8951]]],[[[-89.6441,45.896],[-89.6453,45.8952],[-89.6439,45.8947],[-89.6441,45.896]]],[[[-89.621,45.8947],[-89.6207,45.8964],[-89.6214,45.8954],[-89.621,45.8947]]],[[[-89.2032,45.8944],[-89.2026,45.8956],[-89.2032,45.895],[-89.2032,45.8944]]],[[[-90.066,45.8994],[-90.066,45.8995],[-90.0665,45.8994],[-90.066,45.8994]]],[[[-90.9334,45.8962],[-90.9321,45.8968],[-90.9327,45.8968],[-90.9334,45.8962]]],[[[-90.9354,45.8969],[-90.9373,45.8965],[-90.9346,45.8969],[-90.9354,45.8969]]],[[[-90.9328,45.8972],[-90.933,45.8973],[-90.9329,45.8971],[-90.9328,45.8972]]],[[[-90.0644,45.9017],[-90.065,45.9016],[-90.0643,45.9015],[-90.0644,45.9017]]],[[[-89.6944,45.9055],[-89.6942,45.9059],[-89.6946,45.9056],[-89.6944,45.9055]]],[[[-88.9816,45.9078],[-88.982,45.9085],[-88.9821,45.9081],[-88.9816,45.9078]]],[[[-88.9962,45.9138],[-88.9965,45.9151],[-88.9966,45.9137],[-88.9962,45.9138]]],[[[-89.4315,45.9257],[-89.4315,45.9265],[-89.4321,45.9266],[-89.4315,45.9257]]],[[[-89.5279,45.9285],[-89.528,45.9306],[-89.5283,45.9295],[-89.5279,45.9285]]],[[[-89.0079,45.9271],[-89.0093,45.9277],[-89.0103,45.9276],[-89.0079,45.9271]]],[[[-91.4461,45.9271],[-91.4471,45.9266],[-91.4462,45.9263],[-91.4461,45.9271]]],[[[-91.4677,45.9272],[-91.4681,45.9277],[-91.4689,45.9271],[-91.4677,45.9272]]],[[[-91.4429,45.9286],[-91.445,45.9285],[-91.444,45.9274],[-91.4429,45.9286]]],[[[-91.4697,45.9295],[-91.4699,45.93],[-91.4708,45.9293],[-91.4697,45.9295]]],[[[-89.1902,45.9371],[-89.1881,45.938],[-89.189,45.9384],[-89.1902,45.9371]]],[[[-91.4635,45.9322],[-91.4648,45.9326],[-91.4644,45.9318],[-91.4635,45.9322]]],[[[-89.6325,45.9435],[-89.6325,45.9438],[-89.6325,45.9435],[-89.6325,45.9435]]],[[[-89.6378,45.9439],[-89.6382,45.943],[-89.6377,45.9432],[-89.6378,45.9439]]],[[[-91.4655,45.9343],[-91.4663,45.9356],[-91.4668,45.9344],[-91.4655,45.9343]]],[[[-89.6346,45.9445],[-89.6345,45.9448],[-89.6348,45.9447],[-89.6346,45.9445]]],[[[-89.453,45.9499],[-89.4521,45.9503],[-89.4532,45.9501],[-89.453,45.9499]]],[[[-89.1493,45.9483],[-89.1493,45.9485],[-89.1497,45.9485],[-89.1493,45.9483]]],[[[-89.5973,45.9538],[-89.5975,45.954],[-89.5979,45.9539],[-89.5973,45.9538]]],[[[-89.6903,45.9555],[-89.691,45.957],[-89.6917,45.956],[-89.6903,45.9555]]],[[[-89.5961,45.9589],[-89.5963,45.9593],[-89.5963,45.959],[-89.5961,45.9589]]],[[[-90.1064,45.9611],[-90.1063,45.9613],[-90.1068,45.9614],[-90.1064,45.9611]]],[[[-90.1066,45.9619],[-90.1063,45.9628],[-90.1067,45.9626],[-90.1066,45.9619]]],[[[-90.1071,45.9627],[-90.1075,45.9633],[-90.1079,45.9627],[-90.1071,45.9627]]],[[[-90.1098,45.964],[-90.1099,45.9646],[-90.1106,45.9638],[-90.1098,45.964]]],[[[-88.4171,45.9558],[-88.4177,45.9566],[-88.4174,45.9558],[-88.4171,45.9558]]],[[[-91.4228,45.9695],[-91.4227,45.9699],[-91.423,45.9696],[-91.4228,45.9695]]],[[[-89.371,45.9835],[-89.3717,45.9845],[-89.3726,45.9841],[-89.371,45.9835]],[[-91.297,45.9824],[-91.2976,45.9825],[-91.2963,45.9824],[-91.297,45.9824]]],[[[-89.6493,45.9924],[-89.6495,45.9926],[-89.6498,45.9926],[-89.6493,45.9924]]],[[[-90.3275,45.9986],[-90.3263,45.9989],[-90.3279,45.9986],[-90.3275,45.9986]]],[[[-90.1612,46.0046],[-90.1612,46.0048],[-90.1616,46.0048],[-90.1612,46.0046]]],[[[-90.0682,46.0053],[-90.0681,46.0056],[-90.0685,46.0055],[-90.0682,46.0053]]],[[[-89.6178,46.0091],[-89.6178,46.0093],[-89.6182,46.0092],[-89.6178,46.0091]]],[[[-89.6149,46.0087],[-89.6144,46.0092],[-89.6155,46.0094],[-89.6149,46.0087]]],[[[-89.6413,46.01],[-89.6408,46.0104],[-89.6421,46.0104],[-89.6413,46.01]]],[[[-89.6245,46.0102],[-89.6255,46.0097],[-89.6201,46.0098],[-89.6245,46.0102]]],[[[-89.5054,46.0111],[-89.5054,46.0112],[-89.5057,46.0114],[-89.5054,46.0111]]],[[[-89.6421,46.0112],[-89.6427,46.0119],[-89.6432,46.0114],[-89.6421,46.0112]]],[[[-89.5161,46.0129],[-89.5158,46.0135],[-89.5162,46.0133],[-89.5161,46.0129]]],[[[-89.3475,46.0147],[-89.3487,46.0152],[-89.349,46.0148],[-89.3475,46.0147]]],[[[-90.1508,46.0208],[-90.1509,46.0212],[-90.151,46.0209],[-90.1508,46.0208]]],[[[-89.5427,46.0193],[-89.5432,46.0204],[-89.5432,46.0187],[-89.5427,46.0193]]],[[[-89.5171,46.0221],[-89.517,46.0224],[-89.5197,46.0219],[-89.5171,46.0221]]],[[[-89.4728,46.0222],[-89.4728,46.0229],[-89.4731,46.0225],[-89.4728,46.0222]]],[[[-89.472,46.0234],[-89.4721,46.0237],[-89.4726,46.0235],[-89.472,46.0234]]],[[[-89.3228,46.0237],[-89.3215,46.0252],[-89.3227,46.0247],[-89.3228,46.0237]]],[[[-89.5529,46.0313],[-89.5528,46.0314],[-89.553,46.0314],[-89.5529,46.0313]]],[[[-89.5519,46.0328],[-89.552,46.033],[-89.5521,46.0329],[-89.5519,46.0328]],[[-89.6749,46.0412],[-89.676,46.0413],[-89.6743,46.0413],[-89.6749,46.0412]]],[[[-89.6722,46.042],[-89.6717,46.0436],[-89.6727,46.0422],[-89.6722,46.042]]],[[[-91.3304,46.0373],[-91.3316,46.0371],[-91.3307,46.0368],[-91.3304,46.0373]]],[[[-89.6743,46.053],[-89.6743,46.0533],[-89.6746,46.0532],[-89.6743,46.053]]],[[[-89.7443,46.0556],[-89.7458,46.056],[-89.744,46.0553],[-89.7443,46.0556]]],[[[-89.4713,46.058],[-89.4716,46.0578],[-89.4695,46.0579],[-89.4713,46.058]]],[[[-89.469,46.058],[-89.4674,46.059],[-89.4684,46.0591],[-89.469,46.058]]],[[[-89.4891,46.0613],[-89.4893,46.0624],[-89.49,46.0617],[-89.4891,46.0613]]],[[[-89.581,46.0622],[-89.5823,46.0632],[-89.5825,46.0621],[-89.581,46.0622]]],[[[-89.5255,46.0628],[-89.5249,46.0638],[-89.5258,46.0629],[-89.5255,46.0628]]],[[[-89.579,46.0657],[-89.5789,46.0658],[-89.5792,46.0659],[-89.579,46.0657]]],[[[-89.5803,46.0663],[-89.5827,46.0658],[-89.5807,46.0646],[-89.5803,46.0663]]],[[[-89.5225,46.0666],[-89.5224,46.0667],[-89.5229,46.0668],[-89.5225,46.0666]]],[[[-89.5789,46.0685],[-89.5788,46.0686],[-89.5793,46.0689],[-89.5789,46.0685]]],[[[-89.6014,46.076],[-89.6014,46.0762],[-89.6016,46.0762],[-89.6014,46.076]]],[[[-89.603,46.0759],[-89.6027,46.0761],[-89.603,46.0765],[-89.603,46.0759]]],[[[-89.5021,46.0814],[-89.5023,46.082],[-89.5032,46.0821],[-89.5021,46.0814]]],[[[-91.1165,46.0775],[-91.1164,46.078],[-91.1168,46.0778],[-91.1165,46.0775]]],[[[-91.1068,46.0781],[-91.1069,46.0791],[-91.1073,46.0783],[-91.1068,46.0781]]],[[[-91.1195,46.0787],[-91.1198,46.0803],[-91.1208,46.0794],[-91.1195,46.0787]]],[[[-91.1061,46.0804],[-91.1067,46.082],[-91.1098,46.0829],[-91.1082,46.0819],[-91.1093,46.08],[-91.1061,46.0804]]],[[[-91.237,46.0854],[-91.237,46.0855],[-91.2373,46.0854],[-91.237,46.0854]]],[[[-91.1096,46.0868],[-91.1149,46.0861],[-91.1105,46.0841],[-91.1096,46.0868]]],[[[-89.7046,46.0939],[-89.7048,46.0945],[-89.7052,46.0945],[-89.7046,46.0939]]],[[[-91.0946,46.09],[-91.0978,46.0887],[-91.092,46.0887],[-91.0923,46.0903],[-91.0946,46.09]]],[[[-91.2218,46.0906],[-91.2217,46.0908],[-91.222,46.0908],[-91.2218,46.0906]]],[[[-91.2386,46.0909],[-91.2389,46.0911],[-91.2394,46.091],[-91.2386,46.0909]]],[[[-91.236,46.0949],[-91.2386,46.0937],[-91.2343,46.0935],[-91.236,46.0949]]],[[[-91.2189,46.0968],[-91.2194,46.0976],[-91.2198,46.0977],[-91.2189,46.0968]]],[[[-90.174,46.1071],[-90.1744,46.1069],[-90.1738,46.1066],[-90.174,46.1071]]],[[[-89.8296,46.1082],[-89.8299,46.1072],[-89.8281,46.1067],[-89.8296,46.1082]]],[[[-91.2047,46.1034],[-91.2047,46.1036],[-91.2049,46.1035],[-91.2047,46.1034]]],[[[-91.2191,46.1049],[-91.2193,46.1052],[-91.2194,46.1049],[-91.2191,46.1049]]],[[[-89.792,46.1115],[-89.7918,46.1118],[-89.7924,46.1118],[-89.792,46.1115]]],[[[-91.2191,46.1063],[-91.2191,46.1066],[-91.2193,46.1063],[-91.2191,46.1063]]],[[[-90.1156,46.1132],[-90.1157,46.1134],[-90.116,46.1134],[-90.1156,46.1132]]],[[[-91.2094,46.1082],[-91.2102,46.1087],[-91.21,46.1083],[-91.2094,46.1082]]],[[[-91.2265,46.1091],[-91.226,46.1094],[-91.2259,46.1099],[-91.2265,46.1091]]],[[[-91.212,46.1126],[-91.2119,46.1128],[-91.2122,46.1128],[-91.212,46.1126]]],[[[-89.7939,46.1191],[-89.7944,46.1191],[-89.7941,46.119],[-89.7939,46.1191]]],[[[-89.7912,46.1205],[-89.7919,46.1208],[-89.7918,46.1206],[-89.7912,46.1205]]],[[[-90.1157,46.1212],[-90.1156,46.1214],[-90.1158,46.1214],[-90.1157,46.1212]]],[[[-89.6555,46.121],[-89.6553,46.1214],[-89.6558,46.1214],[-89.6555,46.121]]],[[[-89.7932,46.1224],[-89.7937,46.1226],[-89.7937,46.1224],[-89.7932,46.1224]]],[[[-89.6482,46.1228],[-89.6479,46.1236],[-89.6485,46.1238],[-89.6482,46.1228]]],[[[-89.3833,46.1228],[-89.3829,46.1231],[-89.3836,46.1227],[-89.3833,46.1228]]],[[[-89.382,46.1229],[-89.3822,46.1234],[-89.3827,46.1232],[-89.382,46.1229]]],[[[-89.3811,46.1232],[-89.3808,46.1239],[-89.3813,46.1237],[-89.3811,46.1232]]],[[[-89.382,46.1243],[-89.381,46.1248],[-89.3824,46.1244],[-89.382,46.1243]]],[[[-89.3828,46.1273],[-89.3817,46.1281],[-89.3824,46.128],[-89.3828,46.1273]]],[[[-89.5793,46.142],[-89.5824,46.1418],[-89.5795,46.1414],[-89.5793,46.142]]],[[[-90.9001,46.1421],[-90.8999,46.1423],[-90.9002,46.1427],[-90.9001,46.1421]]],[[[-89.5481,46.1525],[-89.5483,46.1532],[-89.5484,46.1529],[-89.5481,46.1525]]],[[[-90.086,46.1558],[-90.0863,46.1558],[-90.0858,46.1557],[-90.086,46.1558]]],[[[-90.0918,46.1561],[-90.0918,46.1563],[-90.0921,46.1562],[-90.0918,46.1561]]],[[[-89.5465,46.1587],[-89.5465,46.1595],[-89.5468,46.1588],[-89.5465,46.1587]]],[[[-91.115,46.1548],[-91.1141,46.1553],[-91.1155,46.1547],[-91.115,46.1548]]],[[[-89.5409,46.1612],[-89.5424,46.1591],[-89.5393,46.157],[-89.5409,46.1598],[-89.5395,46.1611],[-89.5409,46.1612]]],[[[-89.2651,46.1594],[-89.2649,46.1612],[-89.2654,46.1615],[-89.2651,46.1594]]],[[[-90.9539,46.1623],[-90.9535,46.1624],[-90.9541,46.1624],[-90.9539,46.1623]]],[[[-89.2644,46.1643],[-89.2642,46.1646],[-89.2646,46.1644],[-89.2644,46.1643]]],[[[-90.9521,46.1634],[-90.9513,46.1641],[-90.9524,46.1635],[-90.9521,46.1634]]],[[[-90.1079,46.1682],[-90.1082,46.1684],[-90.1082,46.1683],[-90.1079,46.1682]]],[[[-89.2652,46.1671],[-89.2641,46.1683],[-89.2652,46.1683],[-89.2652,46.1671]]],[[[-89.6181,46.1707],[-89.6181,46.1711],[-89.6185,46.1712],[-89.6181,46.1707]]],[[[-89.6192,46.1724],[-89.6189,46.1728],[-89.6196,46.1725],[-89.6192,46.1724]]],[[[-90.0339,46.1729],[-90.0332,46.1734],[-90.0338,46.1736],[-90.0339,46.1729]]],[[[-89.6221,46.1725],[-89.6219,46.1736],[-89.6228,46.1735],[-89.6221,46.1725]]],[[[-89.6146,46.1733],[-89.6142,46.1743],[-89.6152,46.1745],[-89.6146,46.1733]]],[[[-90.0307,46.1755],[-90.0302,46.1759],[-90.0309,46.1757],[-90.0307,46.1755]]],[[[-89.8019,46.1775],[-89.8027,46.1775],[-89.8021,46.1773],[-89.8019,46.1775]]],[[[-90.0625,46.1779],[-90.0623,46.1781],[-90.0625,46.178],[-90.0625,46.1779]]],[[[-91.4073,46.1686],[-91.4075,46.1697],[-91.4085,46.1693],[-91.4073,46.1686]]],[[[-90.9838,46.1766],[-90.9833,46.1768],[-90.9846,46.1774],[-90.9838,46.1766]]],[[[-89.8079,46.181],[-89.8075,46.1834],[-89.8089,46.1814],[-89.8079,46.181]]],[[[-90.063,46.1849],[-90.063,46.1853],[-90.0632,46.1854],[-90.063,46.1849]]],[[[-89.8026,46.1862],[-89.8024,46.1852],[-89.8004,46.1859],[-89.8026,46.1862]]],[[[-89.7245,46.1878],[-89.7243,46.188],[-89.7246,46.188],[-89.7245,46.1878]]],[[[-89.5175,46.1866],[-89.5197,46.1868],[-89.5181,46.1856],[-89.5175,46.1866]]],[[[-91.0202,46.1834],[-91.0201,46.184],[-91.0206,46.184],[-91.0202,46.1834]]],[[[-89.3879,46.1902],[-89.3885,46.1897],[-89.3873,46.1898],[-89.3879,46.1902]]],[[[-89.7232,46.1919],[-89.7239,46.1921],[-89.7238,46.1919],[-89.7232,46.1919]]],[[[-89.5758,46.1955],[-89.5754,46.1959],[-89.5759,46.1964],[-89.5758,46.1955]]],[[[-89.7049,46.197],[-89.7047,46.1974],[-89.7051,46.1971],[-89.7049,46.197]]],[[[-89.6757,46.1963],[-89.6753,46.1969],[-89.6765,46.1978],[-89.6757,46.1963]]],[[[-89.9628,46.1983],[-89.9628,46.1984],[-89.9632,46.1984],[-89.9628,46.1983]]],[[[-89.4463,46.1993],[-89.4471,46.1992],[-89.4459,46.1992],[-89.4463,46.1993]]],[[[-89.5699,46.2011],[-89.5696,46.2017],[-89.5702,46.2014],[-89.5699,46.2011]]],[[[-89.7066,46.2032],[-89.7064,46.2035],[-89.7067,46.2033],[-89.7066,46.2032]]],[[[-90.9841,46.2018],[-90.984,46.202],[-90.9845,46.2021],[-90.9841,46.2018]]],[[[-90.0289,46.2063],[-90.0288,46.2065],[-90.0291,46.2064],[-90.0289,46.2063]]],[[[-89.8919,46.2065],[-89.8919,46.2068],[-89.8922,46.2069],[-89.8919,46.2065]]],[[[-90.9895,46.2028],[-90.9892,46.2032],[-90.9899,46.2028],[-90.9895,46.2028]]],[[[-89.8921,46.2081],[-89.8918,46.209],[-89.8922,46.2095],[-89.8921,46.2081]]],[[[-89.6628,46.209],[-89.6625,46.2094],[-89.6629,46.2094],[-89.6628,46.209]]],[[[-89.9517,46.2089],[-89.9525,46.2101],[-89.9527,46.209],[-89.9517,46.2089]]],[[[-89.9515,46.2103],[-89.9516,46.2105],[-89.9518,46.2104],[-89.9515,46.2103]]],[[[-89.6608,46.2098],[-89.6609,46.2105],[-89.6615,46.2105],[-89.6608,46.2098]]],[[[-89.8429,46.2114],[-89.8438,46.2109],[-89.8427,46.211],[-89.8429,46.2114]]],[[[-89.4716,46.21],[-89.4715,46.2103],[-89.4718,46.2102],[-89.4716,46.21]]],[[[-91.0511,46.2112],[-91.0523,46.2115],[-91.052,46.2111],[-91.0511,46.2112]]],[[[-89.5484,46.2172],[-89.5486,46.2171],[-89.548,46.2171],[-89.5484,46.2172]]],[[[-89.7173,46.2173],[-89.7206,46.2171],[-89.716,46.2162],[-89.7173,46.2173]]],[[[-90.0277,46.2181],[-90.0275,46.2183],[-90.0279,46.2182],[-90.0277,46.2181]]],[[[-89.6827,46.2176],[-89.6823,46.2182],[-89.6829,46.2188],[-89.6827,46.2176]]],[[[-89.5937,46.2216],[-89.5935,46.2219],[-89.594,46.2219],[-89.5937,46.2216]]],[[[-89.5952,46.2224],[-89.5954,46.223],[-89.5955,46.2225],[-89.5952,46.2224]]],[[[-91.3065,46.2171],[-91.3066,46.2174],[-91.3068,46.2173],[-91.3065,46.2171]]],[[[-89.8954,46.2251],[-89.8954,46.2255],[-89.8956,46.2251],[-89.8954,46.2251]]],[[[-91.3021,46.2207],[-91.3023,46.2209],[-91.3025,46.2207],[-91.3021,46.2207]]],[[[-90.2183,46.2302],[-90.2184,46.2299],[-90.2179,46.2299],[-90.2183,46.2302]]],[[[-91.2699,46.2231],[-91.2696,46.2239],[-91.2708,46.2235],[-91.2699,46.2231]]],[[[-89.7219,46.232],[-89.7215,46.2322],[-89.7221,46.2321],[-89.7219,46.232]]],[[[-89.7214,46.2367],[-89.7214,46.2369],[-89.7218,46.2367],[-89.7214,46.2367]]],[[[-91.313,46.2307],[-91.3129,46.2314],[-91.3135,46.2316],[-91.313,46.2307]]],[[[-89.8853,46.2392],[-89.8835,46.2402],[-89.8856,46.2392],[-89.8853,46.2392]]],[[[-91.107,46.2376],[-91.108,46.238],[-91.1082,46.2371],[-91.107,46.2376]]],[[[-89.6759,46.2454],[-89.6758,46.2469],[-89.6772,46.2456],[-89.6759,46.2454]]],[[[-89.6875,46.2497],[-89.6875,46.2498],[-89.6878,46.2497],[-89.6875,46.2497]]],[[[-90.0198,46.2512],[-90.0207,46.2515],[-90.0212,46.2509],[-90.0198,46.2512]]],[[[-91.1487,46.247],[-91.1487,46.2472],[-91.1488,46.2472],[-91.1487,46.247]]],[[[-89.7072,46.2564],[-89.7078,46.2573],[-89.7079,46.2568],[-89.7072,46.2564]]],[[[-90.3519,46.2569],[-90.3527,46.2577],[-90.3527,46.257],[-90.3519,46.2569]]],[[[-90.1403,46.2591],[-90.1413,46.2591],[-90.1399,46.259],[-90.1403,46.2591]]],[[[-89.8701,46.2598],[-89.8702,46.26],[-89.8702,46.2599],[-89.8701,46.2598]]],[[[-89.8702,46.2602],[-89.8702,46.2605],[-89.8703,46.2603],[-89.8702,46.2602]]],[[[-90.3105,46.2602],[-90.3103,46.2604],[-90.3105,46.2606],[-90.3105,46.2602]]],[[[-89.8718,46.2636],[-89.872,46.2644],[-89.8721,46.2638],[-89.8718,46.2636]]],[[[-90.1418,46.2639],[-90.1419,46.2644],[-90.1425,46.264],[-90.1418,46.2639]]],[[[-90.0302,46.2664],[-90.0308,46.2667],[-90.0306,46.2664],[-90.0302,46.2664]]],[[[-89.8328,46.2666],[-89.8331,46.2671],[-89.8337,46.2669],[-89.8328,46.2666]]],[[[-90.0297,46.2675],[-90.0295,46.2678],[-90.0304,46.2689],[-90.0297,46.2675]]],[[[-90.2994,46.2685],[-90.299,46.2692],[-90.2993,46.2689],[-90.2994,46.2685]]],[[[-90.2955,46.2761],[-90.2953,46.2764],[-90.2958,46.2763],[-90.2955,46.2761]]],[[[-89.8997,46.2779],[-89.9002,46.2782],[-89.9,46.2779],[-89.8997,46.2779]]],[[[-90.5701,46.2809],[-90.57,46.2811],[-90.5703,46.2809],[-90.5701,46.2809]]],[[[-91.2364,46.2756],[-91.2355,46.2762],[-91.2343,46.2784],[-91.2364,46.2756]]],[[[-89.9738,46.2857],[-89.9742,46.2868],[-89.9746,46.2862],[-89.9738,46.2857]]],[[[-91.2253,46.2854],[-91.226,46.2848],[-91.2249,46.2853],[-91.2253,46.2854]]],[[[-90.395,46.2992],[-90.3948,46.2997],[-90.3952,46.2994],[-90.395,46.2992]]],[[[-91.4592,46.3159],[-91.4619,46.3141],[-91.4634,46.3155],[-91.4625,46.3132],[-91.4645,46.3116],[-91.4592,46.3159]]],[[[-91.4898,46.319],[-91.4881,46.3197],[-91.4907,46.3194],[-91.4898,46.319]]],[[[-91.4892,46.3213],[-91.4881,46.3219],[-91.4898,46.3216],[-91.4892,46.3213]]],[[[-91.2354,46.3878],[-91.2347,46.3881],[-91.2355,46.3881],[-91.2354,46.3878]]],[[[-91.2322,46.389],[-91.2343,46.3889],[-91.2327,46.3878],[-91.2322,46.389]]],[[[-91.2192,46.3894],[-91.2191,46.3897],[-91.2194,46.3897],[-91.2192,46.3894]]],[[[-91.2363,46.3888],[-91.2361,46.3894],[-91.2377,46.3895],[-91.2363,46.3888]]],[[[-91.2159,46.3907],[-91.2178,46.3907],[-91.2187,46.3884],[-91.2159,46.3907]]]]},"properties":{"PROP_NAME":"STATE OWNED ISLANDS - NW","ACRES":1215.23,"PUBLIC_ACCESS":"Open to Hiking, Fishing, Hunting and Trapping","TRANS_TYPE":1}},{"type":"Feature","geometry":{"type":"Polygon","coordinates":[[[-91.1413,46.7969],[-91.1412,46.7967],[-91.141,46.7968],[-91.1413,46.7969]]]},"properties":{"PROP_NAME":"STATE OWNED ISLANDS - BAYFIELD COUNTY - SISKIWIT LAKE - SISKIWIT ISLAND","ACRES":0.1,"PUBLIC_ACCESS":"Open to Hiking, Fishing, Hunting and Trapping","TRANS_TYPE":1}},{"type":"Feature","geometry":{"type":"Polygon","coordinates":[[[-91.139,46.7964],[-91.1393,46.7958],[-91.1377,46.7957],[-91.139,46.7964]]]},"properties":{"PROP_NAME":"STATE OWNED ISLANDS - BAYFIELD COUNTY - SISKIWIT LAKE - ROUND ISLAND","ACRES":1.94,"PUBLIC_ACCESS":"Open to Hiking, Fishing, Hunting and Trapping","TRANS_TYPE":1}},{"type":"Feature","geometry":{"type":"Polygon","coordinates":[[[-91.1336,46.7961],[-91.136,46.796],[-91.1333,46.796],[-91.1336,46.7961]]]},"properties":{"PROP_NAME":"STATE OWNED ISLANDS - BAYFIELD COUNTY - SISKIWIT LAKE - LONG ISLAND","ACRES":1.44,"PUBLIC_ACCESS":"Open to Hiking, Fishing, Hunting and Trapping","TRANS_TYPE":1}},{"type":"Feature","geometry":{"type":"Polygon","coordinates":[[[-91.4015,46.5587],[-91.402,46.5585],[-91.4015,46.5585],[-91.4015,46.5587]]]},"properties":{"PROP_NAME":"STATE OWNED ISLANDS - BAYFIELD COUNTY - HALF MOON LAKE - STAR ISLAND","ACRES":0.28,"PUBLIC_ACCESS":"Open to Hiking, Fishing, Hunting and Trapping","TRANS_TYPE":1}},{"type":"Feature","geometry":{"type":"Polygon","coordinates":[[[-92.1398,45.767],[-92.1403,45.7677],[-92.1407,45.7668],[-92.1398,45.767]]]},"properties":{"PROP_NAME":"STATE OWNED ISLANDS - BURNETT COUNTY - BASHAW LAKE - ISLAND NO 1","ACRES":0.96,"PUBLIC_ACCESS":"Open to Hiking, Fishing, Hunting and Trapping","TRANS_TYPE":1}},{"type":"Feature","geometry":{"type":"Polygon","coordinates":[[[-92.3883,45.7295],[-92.3884,45.7291],[-92.3877,45.7295],[-92.3883,45.7295]]]},"properties":{"PROP_NAME":"STATE OWNED ISLANDS - BURNETT COUNTY - ELBOW LAKE - ISLAND NO 1","ACRES":0.51,"PUBLIC_ACCESS":"Open to Hiking, Fishing, Hunting and Trapping","TRANS_TYPE":1}},{"type":"Feature","geometry":{"type":"Polygon","coordinates":[[[-92.3624,45.7639],[-92.3624,45.763],[-92.362,45.7636],[-92.3624,45.7639]]]},"properties":{"PROP_NAME":"STATE OWNED ISLANDS - BURNETT COUNTY - LONG LAKE - ISLAND NO 1","ACRES":0.9500000000000001,"PUBLIC_ACCESS":"Open to Hiking, Fishing, Hunting and Trapping","TRANS_TYPE":1}},{"type":"Feature","geometry":{"type":"Polygon","coordinates":[[[-92.3625,45.762],[-92.3625,45.7613],[-92.3622,45.7618],[-92.3625,45.762]]]},"properties":{"PROP_NAME":"STATE OWNED ISLANDS - BURNETT COUNTY - LONG LAKE - ISLAND NO 2","ACRES":0.42,"PUBLIC_ACCESS":"Open to Hiking, Fishing, Hunting and Trapping","TRANS_TYPE":1}},{"type":"Feature","geometry":{"type":"Polygon","coordinates":[[[-92.1347,46.0307],[-92.1342,46.0312],[-92.1342,46.0319],[-92.1347,46.0307]]]},"properties":{"PROP_NAME":"STATE OWNED ISLANDS - BURNETT COUNTY - WEBB LAKE - ISLAND NO 1","ACRES":0.7000000000000001,"PUBLIC_ACCESS":"Open to Hiking, Fishing, Hunting and Trapping","TRANS_TYPE":1}},{"type":"Feature","geometry":{"type":"Polygon","coordinates":[[[-92.1812,46.1169],[-92.1813,46.1166],[-92.181,46.1167],[-92.1812,46.1169]]]},"properties":{"PROP_NAME":"STATE OWNED ISLANDS - BURNETT COUNTY - LITTLE MCGRAW LAKE - ISLAND NO 1","ACRES":0.21,"PUBLIC_ACCESS":"Open to Hiking, Fishing, Hunting and Trapping","TRANS_TYPE":1}},{"type":"Feature","geometry":{"type":"Polygon","coordinates":[[[-88.1441,45.8621],[-88.1438,45.8612],[-88.1436,45.8619],[-88.1441,45.8621]]]},"properties":{"PROP_NAME":"STATE OWNED ISLANDS  -  FLORENCE COUNTY  -ELLWOOD LAKE - ISLAND NO 2","ACRES":0.87,"PUBLIC_ACCESS":"Open to Hiking, Fishing, Hunting and Trapping","TRANS_TYPE":1}},{"type":"Feature","geometry":{"type":"Polygon","coordinates":[[[-88.1435,45.8636],[-88.1438,45.863],[-88.1433,45.8633],[-88.1435,45.8636]]]},"properties":{"PROP_NAME":"STATE OWNED ISLANDS  -  FLORENCE COUNTY  -ELLWOOD LAKE - NORWAY ISLAND","ACRES":0.62,"PUBLIC_ACCESS":"Open to Hiking, Fishing, Hunting and Trapping","TRANS_TYPE":1}},{"type":"Feature","geometry":{"type":"MultiPolygon","coordinates":[[[[-88.336,43.4131],[-88.3401,43.4122],[-88.3386,43.4096],[-88.336,43.4096],[-88.336,43.4078],[-88.341,43.4078],[-88.336,43.4078],[-88.336,43.406],[-88.3312,43.4049],[-88.336,43.4049],[-88.3359,43.4024],[-88.3383,43.4024],[-88.3382,43.3997],[-88.3408,43.3988],[-88.3508,43.3989],[-88.3507,43.3917],[-88.3409,43.3916],[-88.3408,43.3952],[-88.3407,43.3898],[-88.3385,43.3898],[-88.3384,43.388],[-88.3307,43.3879],[-88.3307,43.3904],[-88.3286,43.3904],[-88.3278,43.3843],[-88.3256,43.3843],[-88.3257,43.377],[-88.3207,43.3769],[-88.3206,43.3842],[-88.3157,43.3842],[-88.3157,43.3878],[-88.3207,43.3878],[-88.3207,43.3915],[-88.3186,43.3914],[-88.336,43.4131]],[[-88.3243,43.3846],[-88.3232,43.3851],[-88.3232,43.3842],[-88.3243,43.3846]]],[[[-88.3108,43.3841],[-88.3086,43.3841],[-88.3109,43.3877],[-88.3152,43.3878],[-88.3108,43.3841]]],[[[-88.3297,43.4087],[-88.3313,43.4077],[-88.3181,43.3914],[-88.3139,43.3914],[-88.3297,43.4087]]]]},"properties":{"PROP_NAME":"ALLENTON WILDLIFE AREA","ACRES":1159.46,"PUBLIC_ACCESS":"Open to Hiking, Fishing, Hunting and Trapping","TRANS_TYPE":1}},{"type":"Feature","geometry":{"type":"Polygon","coordinates":[[[-88.0372,45.4723],[-88.0322,45.4722],[-88.0323,45.4829],[-88.0476,45.4832],[-88.0476,45.4796],[-88.0561,45.4797],[-88.0564,45.4583],[-88.0614,45.4585],[-88.0615,45.4549],[-88.0666,45.455],[-88.0668,45.4481],[-88.0643,45.448],[-88.0642,45.4516],[-88.0565,45.4516],[-88.0565,45.4547],[-88.0499,45.4546],[-88.0499,45.4582],[-88.0474,45.4581],[-88.0474,45.4617],[-88.0372,45.4615],[-88.0372,45.4651],[-88.0321,45.465],[-88.0322,45.4686],[-88.0372,45.4687],[-88.0372,45.4723]],[[-88.0475,45.4653],[-88.0475,45.4689],[-88.0424,45.4688],[-88.0423,45.4652],[-88.0475,45.4653]]]},"properties":{"PROP_NAME":"AMBERG WILDLIFE AREA","ACRES":1169.18,"PUBLIC_ACCESS":"Open to Hiking, Fishing, Hunting and Trapping","TRANS_TYPE":1}},{"type":"Feature","geometry":{"type":"Polygon","coordinates":[[[-92.4589,45.3641],[-92.464,45.364],[-92.4638,45.3676],[-92.4739,45.3675],[-92.4741,45.3639],[-92.4716,45.3639],[-92.4691,45.3621],[-92.4692,45.3604],[-92.4591,45.3593],[-92.4589,45.3641]]]},"properties":{"PROP_NAME":"BALSAM BRANCH WILDLIFE AREA","ACRES":173.68,"PUBLIC_ACCESS":"Open to Hiking, Fishing, Hunting and Trapping","TRANS_TYPE":1}},{"type":"Feature","geometry":{"type":"MultiPolygon","coordinates":[[[[-91.8776,45.7963],[-91.8702,45.7907],[-91.8614,45.7798],[-91.8494,45.7779],[-91.8416,45.7745],[-91.843,45.7736],[-91.8398,45.77],[-91.838,45.7703],[-91.8385,45.7688],[-91.836,45.7654],[-91.8363,45.7569],[-91.8319,45.7532],[-91.8275,45.753],[-91.8241,45.7496],[-91.8279,45.7552],[-91.828,45.7566],[-91.8261,45.7566],[-91.828,45.7593],[-91.8261,45.7594],[-91.8261,45.7641],[-91.8308,45.7658],[-91.8261,45.7688],[-91.8261,45.7747],[-91.8363,45.7748],[-91.8363,45.7766],[-91.8261,45.7765],[-91.8261,45.7783],[-91.8312,45.7783],[-91.8301,45.7801],[-91.8364,45.7802],[-91.8364,45.782],[-91.8467,45.7821],[-91.8467,45.7892],[-91.8569,45.7893],[-91.857,45.7964],[-91.8518,45.7964],[-91.8518,45.7996],[-91.8648,45.8002],[-91.8648,45.8074],[-91.8829,45.8076],[-91.8828,45.8001],[-91.8763,45.7967],[-91.8776,45.7963]],[[-91.8414,45.7738],[-91.8365,45.7744],[-91.839,45.7719],[-91.8414,45.7738]]],[[[-91.8191,45.7515],[-91.8181,45.7532],[-91.8217,45.7532],[-91.8225,45.7514],[-91.8244,45.7524],[-91.8211,45.7476],[-91.816,45.7482],[-91.8159,45.751],[-91.8191,45.7515]]]]},"properties":{"PROP_NAME":"BEAVER BROOK WILDLIFE AREA","ACRES":1913.75,"PUBLIC_ACCESS":"Open to Hiking, Fishing, Hunting and Trapping","TRANS_TYPE":1}},{"type":"Feature","geometry":{"type":"MultiPolygon","coordinates":[[[[-89.7941,45.2883],[-89.7932,45.2943],[-89.8019,45.2943],[-89.802,45.2685],[-89.8071,45.2685],[-89.8071,45.2649],[-89.8123,45.2649],[-89.8123,45.2504],[-89.8018,45.2504],[-89.8012,45.2542],[-89.7954,45.2599],[-89.7965,45.271],[-89.7912,45.2771],[-89.7947,45.2858],[-89.7941,45.2883]]],[[[-89.7968,45.2572],[-89.7968,45.2541],[-89.7902,45.254],[-89.79,45.2721],[-89.7848,45.272],[-89.7847,45.2756],[-89.7904,45.2757],[-89.7949,45.2723],[-89.7938,45.2607],[-89.7968,45.2572]]],[[[-89.8012,45.2468],[-89.8038,45.2448],[-89.8044,45.2396],[-89.7969,45.2396],[-89.7969,45.2468],[-89.8012,45.2468]]],[[[-89.7915,45.2866],[-89.7898,45.2793],[-89.7847,45.2793],[-89.7849,45.2865],[-89.7915,45.2866]]],[[[-89.7968,45.2572],[-89.7995,45.254],[-89.8012,45.2468],[-89.7969,45.2468],[-89.7968,45.2572]]],[[[-89.7914,45.2902],[-89.7889,45.2902],[-89.7891,45.2943],[-89.7914,45.2943],[-89.7914,45.2902]]]]},"properties":{"PROP_NAME":"BILL CROSS WILDLIFE AREA","ACRES":1519.6000000000001,"PUBLIC_ACCESS":"Open to Hiking, Fishing, Hunting and Trapping","TRANS_TYPE":1}},{"type":"Feature","geometry":{"type":"Polygon","coordinates":[[[-90.2907,43.044],[-90.2956,43.0439],[-90.2956,43.0403],[-90.3006,43.0403],[-90.3007,43.0367],[-90.2956,43.0367],[-90.2956,43.0294],[-90.3006,43.0294],[-90.3006,43.0258],[-90.3054,43.0258],[-90.3054,43.0221],[-90.2955,43.0221],[-90.2955,43.0041],[-90.2906,43.0044],[-90.2907,42.9966],[-90.2858,42.9966],[-90.2857,43.0002],[-90.2708,43.0002],[-90.2708,43.0039],[-90.2659,43.0039],[-90.2659,43.0111],[-90.2708,43.0111],[-90.2709,43.0184],[-90.2773,43.0288],[-90.2767,43.0317],[-90.2829,43.0307],[-90.2858,43.0315],[-90.2858,43.0332],[-90.2908,43.0331],[-90.2858,43.0332],[-90.2858,43.0368],[-90.2908,43.0367],[-90.2907,43.044]]]},"properties":{"PROP_NAME":"BLACKHAWK LAKE WILDLIFE AREA","ACRES":2041.19,"PUBLIC_ACCESS":"Open to Hiking, Fishing, Hunting and Trapping","TRANS_TYPE":1}},{"type":"Feature","geometry":{"type":"MultiPolygon","coordinates":[[[[-88.8127,45.3929],[-88.8026,45.3926],[-88.8023,45.4001],[-88.8073,45.4002],[-88.8075,45.3965],[-88.8126,45.3966],[-88.8127,45.3929]]],[[[-88.8178,45.393],[-88.8215,45.3931],[-88.8209,45.3857],[-88.8179,45.3856],[-88.8178,45.3893],[-88.8127,45.3892],[-88.8127,45.3929],[-88.8178,45.393]]],[[[-88.8205,45.379],[-88.8179,45.3789],[-88.8179,45.3819],[-88.821,45.382],[-88.8227,45.3782],[-88.8205,45.379]],[[-88.8196,45.3811],[-88.8191,45.3811],[-88.8191,45.3807],[-88.8196,45.3811]]],[[[-88.822,45.3931],[-88.823,45.3857],[-88.8215,45.3857],[-88.822,45.3931]]],[[[-88.8231,45.3782],[-88.8214,45.382],[-88.8231,45.382],[-88.8231,45.3782]]],[[[-88.8205,45.3782],[-88.8205,45.3782],[-88.8204,45.3782],[-88.8205,45.3782]]]]},"properties":{"PROP_NAME":"BOG BROOK WILDLIFE AREA","ACRES":267.09000000000003,"PUBLIC_ACCESS":"Open to Hiking, Fishing, Hunting and Trapping","TRANS_TYPE":1}},{"type":"Feature","geometry":{"type":"Polygon","coordinates":[[[-91.4936,44.469],[-91.4972,44.469],[-91.4962,44.4654],[-91.5135,44.4654],[-91.5135,44.4618],[-91.5186,44.4619],[-91.5186,44.4583],[-91.5035,44.4582],[-91.5036,44.451],[-91.4885,44.451],[-91.4885,44.4438],[-91.4786,44.4438],[-91.4787,44.4582],[-91.4737,44.4582],[-91.4738,44.4654],[-91.4837,44.4654],[-91.4838,44.469],[-91.4936,44.469]],[[-91.4993,44.4582],[-91.5004,44.4592],[-91.5016,44.4618],[-91.4993,44.4582]],[[-91.491,44.4573],[-91.4904,44.4581],[-91.4897,44.4579],[-91.491,44.4573]],[[-91.4837,44.4575],[-91.4836,44.4566],[-91.4844,44.4566],[-91.4837,44.4575]],[[-91.4942,44.4546],[-91.4936,44.4527],[-91.4939,44.4527],[-91.4942,44.4546]]]},"properties":{"PROP_NAME":"BORST VALLEY WILDLIFE AREA","ACRES":1303.08,"PUBLIC_ACCESS":"Open to Hiking, Fishing, Hunting and Trapping","TRANS_TYPE":1}},{"type":"Feature","geometry":{"type":"MultiPolygon","coordinates":[[[[-89.4565,42.8834],[-89.4565,42.8854],[-89.4654,42.8856],[-89.4654,42.8819],[-89.47,42.8819],[-89.4693,42.8782],[-89.4678,42.8783],[-89.4678,42.8709],[-89.4777,42.8709],[-89.4777,42.8781],[-89.4795,42.8768],[-89.4795,42.8781],[-89.4858,42.8789],[-89.4936,42.8749],[-89.4937,42.871],[-89.4904,42.8709],[-89.4984,42.871],[-89.4999,42.8694],[-89.4964,42.8693],[-89.4971,42.8637],[-89.4948,42.8637],[-89.4948,42.86],[-89.5029,42.8601],[-89.5038,42.8565],[-89.5006,42.8565],[-89.5009,42.8425],[-89.4766,42.8424],[-89.4767,42.846],[-89.486,42.8461],[-89.4858,42.8563],[-89.4671,42.8563],[-89.4677,42.8691],[-89.465,42.8691],[-89.458,42.8781],[-89.4481,42.878],[-89.4481,42.8794],[-89.4501,42.8794],[-89.45,42.8818],[-89.4481,42.8818],[-89.4481,42.8851],[-89.4554,42.8852],[-89.4565,42.8834]],[[-89.4906,42.8745],[-89.4904,42.8745],[-89.4908,42.8745],[-89.4906,42.8745]],[[-89.4904,42.8673],[-89.4858,42.8672],[-89.4858,42.8672],[-89.4904,42.8673]]],[[[-89.4864,42.8207],[-89.4964,42.8208],[-89.4899,42.8207],[-89.4915,42.8162],[-89.4964,42.8136],[-89.4905,42.8137],[-89.4865,42.8164],[-89.4864,42.8207]]],[[[-89.4815,42.8406],[-89.4911,42.8403],[-89.4912,42.834],[-89.4862,42.834],[-89.4862,42.8328],[-89.4883,42.8329],[-89.4877,42.8278],[-89.4863,42.8277],[-89.4863,42.83],[-89.4818,42.83],[-89.4818,42.828],[-89.4766,42.828],[-89.4767,42.8352],[-89.4814,42.8352],[-89.4815,42.8406]]],[[[-89.4936,42.8758],[-89.4935,42.8786],[-89.4984,42.8786],[-89.4983,42.8818],[-89.5033,42.8819],[-89.5033,42.8782],[-89.4984,42.8782],[-89.4985,42.8759],[-89.4936,42.8758]]]]},"properties":{"PROP_NAME":"BROOKLYN WILDLIFE AREA","ACRES":2618.9700000000003,"PUBLIC_ACCESS":"Open to Hiking, Fishing, Hunting and Trapping","TRANS_TYPE":1}},{"type":"Feature","geometry":{"type":"MultiPolygon","coordinates":[[[[-89.6254,44.3592],[-89.6253,44.3578],[-89.6273,44.3578],[-89.6273,44.3592],[-89.6425,44.3592],[-89.6424,44.352],[-89.645,44.352],[-89.6449,44.3484],[-89.6474,44.3484],[-89.6474,44.3466],[-89.6526,44.352],[-89.6576,44.3519],[-89.6576,44.3483],[-89.6525,44.3483],[-89.6524,44.3411],[-89.6473,44.3411],[-89.6474,44.3447],[-89.6424,44.3447],[-89.6423,44.3374],[-89.6473,44.3374],[-89.6474,44.319],[-89.6424,44.3189],[-89.6424,44.3153],[-89.6474,44.3154],[-89.6473,44.3118],[-89.6423,44.3117],[-89.6423,44.3081],[-89.6473,44.3082],[-89.6473,44.3046],[-89.617,44.3041],[-89.6171,44.3112],[-89.6221,44.3113],[-89.6222,44.3184],[-89.6071,44.3182],[-89.6071,44.3248],[-89.6223,44.3288],[-89.6223,44.3329],[-89.6248,44.333],[-89.6248,44.3374],[-89.6373,44.3374],[-89.6373,44.3447],[-89.6223,44.3446],[-89.6223,44.341],[-89.6173,44.3409],[-89.6173,44.3446],[-89.6148,44.3446],[-89.6148,44.3519],[-89.6198,44.3519],[-89.6198,44.3592],[-89.6254,44.3592]]],[[[-89.589,44.3521],[-89.5675,44.352],[-89.5676,44.3557],[-89.5638,44.3557],[-89.5639,44.3666],[-89.5638,44.3594],[-89.5587,44.3594],[-89.5589,44.374],[-89.5742,44.374],[-89.574,44.3666],[-89.5892,44.3666],[-89.5894,44.374],[-89.5943,44.3739],[-89.5943,44.3702],[-89.5993,44.3702],[-89.5993,44.3738],[-89.607,44.3737],[-89.6072,44.3665],[-89.6043,44.3665],[-89.6071,44.3665],[-89.6072,44.3592],[-89.5891,44.3593],[-89.589,44.3521]],[[-89.6017,44.3665],[-89.5993,44.3666],[-89.5993,44.3648],[-89.6017,44.3647],[-89.6017,44.3665]]],[[[-89.657,44.2792],[-89.6569,44.2756],[-89.6722,44.2758],[-89.6721,44.2722],[-89.6772,44.2722],[-89.6771,44.2686],[-89.6316,44.2679],[-89.6317,44.2751],[-89.6481,44.2745],[-89.6468,44.2791],[-89.657,44.2792]]],[[[-89.5941,44.352],[-89.6073,44.3519],[-89.6073,44.3446],[-89.6042,44.3446],[-89.6041,44.341],[-89.5838,44.3411],[-89.5838,44.3447],[-89.5889,44.3447],[-89.589,44.3521],[-89.5941,44.352]]],[[[-89.559,44.3205],[-89.5589,44.3241],[-89.5639,44.3242],[-89.5641,44.317],[-89.5691,44.3171],[-89.5691,44.3147],[-89.5741,44.3158],[-89.5691,44.3144],[-89.5692,44.3099],[-89.5642,44.3098],[-89.5643,44.3063],[-89.5568,44.3061],[-89.5568,44.3097],[-89.5492,44.3093],[-89.5491,44.3167],[-89.5591,44.3169],[-89.559,44.3205]]],[[[-89.5792,44.2885],[-89.5893,44.2887],[-89.5892,44.2816],[-89.5791,44.2813],[-89.5791,44.2778],[-89.5641,44.2775],[-89.5641,44.2846],[-89.5742,44.2848],[-89.5742,44.2884],[-89.5792,44.2885]]],[[[-89.5897,44.3923],[-89.5898,44.3959],[-89.5949,44.3958],[-89.5948,44.3921],[-89.6069,44.3918],[-89.6069,44.3846],[-89.5995,44.3848],[-89.5994,44.3812],[-89.5895,44.3814],[-89.5897,44.3923]]],[[[-89.5287,44.3272],[-89.5296,44.3366],[-89.5384,44.3374],[-89.5386,44.3311],[-89.5336,44.331],[-89.5338,44.3238],[-89.5289,44.3238],[-89.5287,44.3272]]],[[[-89.5383,44.3237],[-89.5389,44.3202],[-89.544,44.3203],[-89.544,44.3166],[-89.529,44.3165],[-89.5289,44.3236],[-89.5383,44.3237]]],[[[-89.6726,44.2905],[-89.6777,44.2905],[-89.6776,44.2869],[-89.6675,44.2867],[-89.6676,44.2904],[-89.6726,44.2905]]],[[[-89.5435,44.3667],[-89.5435,44.3631],[-89.5383,44.363],[-89.5384,44.3595],[-89.5332,44.3595],[-89.5332,44.3632],[-89.5383,44.3631],[-89.5383,44.3667],[-89.5435,44.3667]]],[[[-89.5587,44.3594],[-89.5587,44.3557],[-89.5486,44.3558],[-89.5486,44.3594],[-89.5587,44.3594]]],[[[-89.6123,44.3446],[-89.6123,44.3372],[-89.6073,44.3372],[-89.6079,44.3446],[-89.6123,44.3446]]],[[[-89.5842,44.3139],[-89.5841,44.3175],[-89.5892,44.3177],[-89.5893,44.3105],[-89.5842,44.3104],[-89.5842,44.3139]]],[[[-89.6071,44.3146],[-89.607,44.311],[-89.5993,44.3108],[-89.5993,44.3144],[-89.6071,44.3146]]],[[[-89.6678,44.3013],[-89.6677,44.2977],[-89.6626,44.2976],[-89.6627,44.3012],[-89.6678,44.3013]]],[[[-89.5384,44.3378],[-89.5318,44.3376],[-89.5284,44.3353],[-89.5283,44.338],[-89.5384,44.3378]]]]},"properties":{"PROP_NAME":"BUENA VISTA WILDLIFE AREA","ACRES":8211.41,"PUBLIC_ACCESS":"Open to Hiking, Fishing, Hunting and Trapping","TRANS_TYPE":1}},{"type":"Feature","geometry":{"type":"MultiPolygon","coordinates":[[[[-89.5689,44.3273],[-89.569,44.3207],[-89.564,44.3206],[-89.5639,44.3242],[-89.5489,44.3239],[-89.5486,44.3376],[-89.5662,44.3374],[-89.5663,44.3315],[-89.5688,44.3316],[-89.5689,44.328],[-89.5639,44.3279],[-89.5689,44.3273]]],[[[-89.6043,44.352],[-89.589,44.3521],[-89.5891,44.3593],[-89.6072,44.3592],[-89.6073,44.3519],[-89.6043,44.352]]],[[[-89.5693,44.3063],[-89.5692,44.3099],[-89.5792,44.3102],[-89.5793,44.3031],[-89.5693,44.3028],[-89.5693,44.3063]]],[[[-89.5893,44.2924],[-89.5893,44.2887],[-89.5842,44.2886],[-89.5843,44.2923],[-89.5893,44.2924]]],[[[-89.5993,44.3738],[-89.5993,44.3702],[-89.5943,44.3702],[-89.5943,44.3739],[-89.5993,44.3738]]]]},"properties":{"PROP_NAME":"BUENA VISTA WILDLIFE AREA","ACRES":1119.22,"PUBLIC_ACCESS":"Open to Hiking, Fishing, Hunting and Trapping","TRANS_TYPE":1}},{"type":"Feature","geometry":{"type":"Polygon","coordinates":[[[-89.6835,44.1885],[-89.6784,44.1885],[-89.6783,44.1922],[-89.6885,44.1921],[-89.6886,44.1885],[-89.6835,44.1885]]]},"properties":{"PROP_NAME":"CENTRAL WISCONSIN GRASSLAND CONSERVATION AREA","ACRES":80.61,"PUBLIC_ACCESS":"Open to Hiking, Fishing, Hunting and Trapping","TRANS_TYPE":1}},{"type":"Feature","geometry":{"type":"MultiPolygon","coordinates":[[[[-89.658,44.1993],[-89.6731,44.1994],[-89.6732,44.1958],[-89.6782,44.1958],[-89.6784,44.1885],[-89.6582,44.1885],[-89.658,44.1993]]],[[[-89.673,44.2282],[-89.668,44.2283],[-89.6681,44.2355],[-89.6782,44.2354],[-89.6781,44.2282],[-89.673,44.2282]]]]},"properties":{"PROP_NAME":"LEOLA MARSH WILDLIFE AREA","ACRES":600.98,"PUBLIC_ACCESS":"Open to Hiking, Fishing, Hunting and Trapping","TRANS_TYPE":1}},{"type":"Feature","geometry":{"type":"Polygon","coordinates":[[[-89.6988,44.0866],[-89.6938,44.0866],[-89.6938,44.083],[-89.6988,44.083],[-89.6988,44.0794],[-89.7038,44.0794],[-89.7039,44.0685],[-89.6887,44.0684],[-89.6887,44.0757],[-89.6686,44.0757],[-89.6686,44.0794],[-89.6636,44.0794],[-89.6636,44.083],[-89.6536,44.0831],[-89.6535,44.0794],[-89.6586,44.0794],[-89.6585,44.0721],[-89.6535,44.0721],[-89.6535,44.0758],[-89.6434,44.0757],[-89.6434,44.0794],[-89.6283,44.0794],[-89.6283,44.083],[-89.6233,44.083],[-89.6232,44.1011],[-89.6334,44.1011],[-89.6334,44.1047],[-89.6435,44.1048],[-89.6435,44.1084],[-89.6535,44.1085],[-89.6535,44.1049],[-89.6685,44.1049],[-89.6685,44.1085],[-89.6735,44.1085],[-89.6735,44.1121],[-89.6887,44.1121],[-89.6887,44.1012],[-89.6988,44.1011],[-89.6988,44.0903],[-89.7038,44.0903],[-89.7038,44.0866],[-89.7088,44.0867],[-89.7089,44.083],[-89.6988,44.083],[-89.6988,44.0866]]]},"properties":{"PROP_NAME":"COLBURN WILDLIFE AREA","ACRES":5067.76,"PUBLIC_ACCESS":"Open to Hiking, Fishing, Hunting and Trapping","TRANS_TYPE":1}},{"type":"Feature","geometry":{"type":"MultiPolygon","coordinates":[[[[-92.3436,45.1616],[-92.3385,45.1616],[-92.3384,45.158],[-92.3231,45.1581],[-92.3232,45.1617],[-92.3181,45.1617],[-92.3182,45.1653],[-92.303,45.1653],[-92.3032,45.1725],[-92.3083,45.1725],[-92.3085,45.1797],[-92.3136,45.1798],[-92.3139,45.1869],[-92.319,45.1869],[-92.3188,45.1833],[-92.329,45.1833],[-92.3288,45.1797],[-92.334,45.1796],[-92.3341,45.1833],[-92.3647,45.1834],[-92.3642,45.1729],[-92.3627,45.1736],[-92.3641,45.169],[-92.359,45.1689],[-92.3589,45.1653],[-92.3488,45.1652],[-92.3489,45.1675],[-92.3453,45.1675],[-92.3452,45.1652],[-92.3437,45.1652],[-92.3438,45.1688],[-92.3336,45.1689],[-92.3335,45.1653],[-92.3437,45.1652],[-92.3436,45.1616]],[[-92.3441,45.1761],[-92.344,45.1761],[-92.344,45.1761],[-92.3441,45.1761]],[[-92.3238,45.1824],[-92.3237,45.1802],[-92.3263,45.1801],[-92.3264,45.1824],[-92.3238,45.1824]]],[[[-92.3092,45.205],[-92.3193,45.205],[-92.3193,45.1978],[-92.304,45.1978],[-92.3065,45.2065],[-92.3092,45.2064],[-92.3092,45.205]]]]},"properties":{"PROP_NAME":"CYLON WILDLIFE AREA","ACRES":2610.42,"PUBLIC_ACCESS":"Open to Hiking, Fishing, Hunting and Trapping","TRANS_TYPE":1}},{"type":"Feature","geometry":{"type":"MultiPolygon","coordinates":[[[[-89.9079,43.6274],[-89.9078,43.631],[-89.9128,43.6311],[-89.9128,43.6238],[-89.9178,43.6239],[-89.9179,43.6275],[-89.9329,43.6277],[-89.9325,43.6179],[-89.9277,43.6151],[-89.9276,43.6113],[-89.9226,43.6113],[-89.9226,43.6094],[-89.9151,43.6081],[-89.915,43.6057],[-89.9125,43.6057],[-89.9124,43.602],[-89.9074,43.602],[-89.9073,43.5983],[-89.9003,43.5983],[-89.8996,43.5913],[-89.9021,43.591],[-89.9007,43.5909],[-89.9022,43.5874],[-89.8971,43.5874],[-89.8976,43.6056],[-89.9001,43.6056],[-89.903,43.6022],[-89.9008,43.6056],[-89.9075,43.6056],[-89.9079,43.6274]],[[-89.9018,43.5883],[-89.9021,43.5892],[-89.9011,43.5892],[-89.9018,43.5883]]],[[[-89.8743,43.5487],[-89.8737,43.551],[-89.8673,43.551],[-89.8672,43.5545],[-89.8773,43.5546],[-89.8773,43.5489],[-89.8743,43.5487]]],[[[-89.8412,43.5616],[-89.8521,43.5617],[-89.8522,43.5581],[-89.8571,43.5581],[-89.8622,43.5545],[-89.8623,43.5476],[-89.8573,43.5476],[-89.8572,43.5563],[-89.8522,43.5563],[-89.8522,43.5545],[-89.8494,43.5544],[-89.8494,43.5565],[-89.8439,43.558],[-89.8412,43.5616]]],[[[-89.8772,43.5836],[-89.8898,43.5837],[-89.8898,43.5823],[-89.8926,43.5822],[-89.8912,43.5805],[-89.8936,43.58],[-89.8931,43.5787],[-89.8904,43.578],[-89.8923,43.5769],[-89.8871,43.5764],[-89.887,43.5728],[-89.8845,43.5728],[-89.8845,43.5692],[-89.8787,43.5672],[-89.8787,43.5656],[-89.887,43.5655],[-89.877,43.5655],[-89.8772,43.5836]],[[-89.8908,43.5803],[-89.8908,43.5802],[-89.8909,43.5802],[-89.8908,43.5803]],[[-89.8911,43.5802],[-89.8911,43.5802],[-89.891,43.5802],[-89.8911,43.5802]],[[-89.8898,43.5801],[-89.8899,43.5801],[-89.8899,43.5801],[-89.8898,43.5801]]],[[[-89.9529,43.6464],[-89.9547,43.6468],[-89.9547,43.6448],[-89.956,43.6448],[-89.956,43.6412],[-89.9623,43.6381],[-89.9661,43.6381],[-89.965,43.6308],[-89.9599,43.6308],[-89.9598,43.6344],[-89.9548,43.6344],[-89.9548,43.6272],[-89.9527,43.6272],[-89.9526,43.6309],[-89.9427,43.6311],[-89.9394,43.6276],[-89.9375,43.6276],[-89.9419,43.6312],[-89.9401,43.6348],[-89.9376,43.6349],[-89.9375,43.6448],[-89.9529,43.6464]]]]},"properties":{"PROP_NAME":"DELL CREEK WILDLIFE AREA","ACRES":2683.66,"PUBLIC_ACCESS":"Open to Hiking, Fishing, Hunting and Trapping","TRANS_TYPE":1}},{"type":"Feature","geometry":{"type":"MultiPolygon","coordinates":[[[[-89.2817,42.7712],[-89.2866,42.7726],[-89.2866,42.7694],[-89.2891,42.7713],[-89.2891,42.7694],[-89.2952,42.7657],[-89.2952,42.7639],[-89.2989,42.7639],[-89.299,42.7469],[-89.2891,42.7487],[-89.2892,42.7524],[-89.2793,42.7523],[-89.2784,42.7547],[-89.2871,42.756],[-89.2871,42.7583],[-89.2794,42.7583],[-89.2849,42.7657],[-89.2793,42.7657],[-89.2793,42.7706],[-89.2817,42.7712]]],[[[-89.2842,42.7738],[-89.2842,42.7752],[-89.2867,42.7752],[-89.2866,42.7729],[-89.2817,42.7715],[-89.2817,42.773],[-89.2842,42.7738]]]]},"properties":{"PROP_NAME":"EVANSVILLE WILDLIFE AREA","ACRES":740.71,"PUBLIC_ACCESS":"Open to Hiking, Fishing, Hunting and Trapping","TRANS_TYPE":1}},{"type":"Feature","geometry":{"type":"Polygon","coordinates":[[[-91.5469,45.9532],[-91.5468,45.9568],[-91.557,45.9568],[-91.5571,45.9532],[-91.552,45.9532],[-91.5521,45.9496],[-91.5359,45.9496],[-91.5359,45.946],[-91.5308,45.9461],[-91.5305,45.957],[-91.5417,45.9569],[-91.5419,45.9532],[-91.5469,45.9532]]]},"properties":{"PROP_NAME":"FLAT CREEK WILDLIFE AREA","ACRES":370.47,"PUBLIC_ACCESS":"Open to Hiking, Fishing, Hunting and Trapping","TRANS_TYPE":1}},{"type":"Feature","geometry":{"type":"Polygon","coordinates":[[[-87.5798,44.8059],[-87.6051,44.8062],[-87.6051,44.8026],[-87.6001,44.8005],[-87.6051,44.8025],[-87.6053,44.792],[-87.6002,44.7919],[-87.6002,44.7909],[-87.6053,44.7909],[-87.6053,44.7889],[-87.6002,44.7888],[-87.6003,44.7846],[-87.5901,44.7845],[-87.5902,44.7809],[-87.5851,44.7809],[-87.585,44.7845],[-87.5799,44.7844],[-87.5798,44.8059]]]},"properties":{"PROP_NAME":"GARDNER SWAMP WILDLIFE AREA","ACRES":1162.65,"PUBLIC_ACCESS":"Open to Hiking, Fishing, Hunting and Trapping","TRANS_TYPE":1}},{"type":"Feature","geometry":{"type":"MultiPolygon","coordinates":[[[[-89.3022,43.9088],[-89.3012,43.9036],[-89.3033,43.9036],[-89.3033,43.9021],[-89.3021,43.8979],[-89.292,43.8979],[-89.2919,43.8943],[-89.2869,43.8943],[-89.287,43.8904],[-89.2834,43.8893],[-89.2724,43.8904],[-89.2724,43.892],[-89.2612,43.8916],[-89.2611,43.8929],[-89.2569,43.8904],[-89.2585,43.8932],[-89.2569,43.8944],[-89.2569,43.8981],[-89.2517,43.8981],[-89.2503,43.9035],[-89.2519,43.9057],[-89.2519,43.9162],[-89.2569,43.9162],[-89.2569,43.9198],[-89.2707,43.9198],[-89.2707,43.9161],[-89.277,43.9161],[-89.277,43.9052],[-89.2771,43.9125],[-89.2871,43.9124],[-89.2871,43.9091],[-89.2972,43.9106],[-89.2972,43.9088],[-89.3022,43.9088]],[[-89.2631,43.9089],[-89.2619,43.9089],[-89.2631,43.9089],[-89.2631,43.9089]],[[-89.2669,43.9052],[-89.2669,43.9016],[-89.2669,43.9034],[-89.2669,43.9052]],[[-89.277,43.9016],[-89.277,43.9008],[-89.277,43.9007],[-89.277,43.9016]],[[-89.277,43.905],[-89.277,43.9036],[-89.277,43.9043],[-89.277,43.905]],[[-89.282,43.9043],[-89.282,43.9034],[-89.282,43.9016],[-89.282,43.9043]],[[-89.277,43.898],[-89.2769,43.8943],[-89.2769,43.8963],[-89.277,43.898]],[[-89.272,43.9052],[-89.2719,43.9034],[-89.2719,43.9016],[-89.272,43.9052]]],[[[-89.3055,43.9088],[-89.3056,43.9074],[-89.3071,43.9083],[-89.3064,43.9062],[-89.3022,43.9055],[-89.3022,43.9088],[-89.3055,43.9088]]],[[[-89.3022,43.9051],[-89.3033,43.9045],[-89.3022,43.9044],[-89.3022,43.9051]]]]},"properties":{"PROP_NAME":"GERMANIA WILDLIFE AREA","ACRES":2357.64,"PUBLIC_ACCESS":"Open to Hiking, Fishing, Hunting and Trapping","TRANS_TYPE":1}},{"type":"Feature","geometry":{"type":"Polygon","coordinates":[[[-89.2061,43.4797],[-89.2062,43.4784],[-89.2112,43.4784],[-89.2112,43.4774],[-89.2061,43.4771],[-89.2061,43.4748],[-89.1761,43.4738],[-89.1761,43.4711],[-89.1711,43.4711],[-89.171,43.4639],[-89.1611,43.4639],[-89.1613,43.4767],[-89.1662,43.4767],[-89.1662,43.4747],[-89.1761,43.4747],[-89.1762,43.4784],[-89.1862,43.4784],[-89.1909,43.4769],[-89.2012,43.4784],[-89.2011,43.4766],[-89.2039,43.4766],[-89.2039,43.4784],[-89.206,43.4784],[-89.2061,43.4797]]]},"properties":{"PROP_NAME":"JENNINGS CREEK WILDLIFE AREA","ACRES":531.11,"PUBLIC_ACCESS":"Open to Hiking, Fishing, Hunting and Trapping","TRANS_TYPE":1}},{"type":"Feature","geometry":{"type":"MultiPolygon","coordinates":[[[[-87.6181,44.4726],[-87.6182,44.4763],[-87.6131,44.4763],[-87.6131,44.4799],[-87.608,44.4799],[-87.608,44.4835],[-87.6233,44.4836],[-87.6234,44.4872],[-87.6131,44.4872],[-87.6132,44.4944],[-87.6234,44.4945],[-87.6234,44.4908],[-87.6335,44.4908],[-87.6335,44.4872],[-87.6284,44.4872],[-87.6284,44.4836],[-87.6385,44.4836],[-87.6384,44.4727],[-87.6283,44.4726],[-87.6283,44.4763],[-87.6233,44.4763],[-87.6232,44.469],[-87.6283,44.469],[-87.6282,44.4653],[-87.6258,44.4653],[-87.6258,44.469],[-87.6181,44.469],[-87.6181,44.4726]],[[-87.6334,44.4799],[-87.6284,44.4799],[-87.6283,44.4781],[-87.6334,44.4781],[-87.6334,44.4799]]],[[[-87.6281,44.5164],[-87.6382,44.5142],[-87.6382,44.5124],[-87.6332,44.5124],[-87.6331,44.5087],[-87.6382,44.5087],[-87.6387,44.4981],[-87.6436,44.4981],[-87.6437,44.4909],[-87.6488,44.4908],[-87.6488,44.4854],[-87.6386,44.4873],[-87.6386,44.4945],[-87.6285,44.4944],[-87.6285,44.498],[-87.6361,44.4981],[-87.6362,44.5015],[-87.6333,44.5015],[-87.6332,44.5051],[-87.623,44.5051],[-87.623,44.5124],[-87.618,44.5124],[-87.6179,44.5153],[-87.6281,44.5164]],[[-87.6272,44.516],[-87.6272,44.5161],[-87.6272,44.5156],[-87.6272,44.516]]],[[[-87.5639,44.4762],[-87.5622,44.4764],[-87.5652,44.4798],[-87.5649,44.4726],[-87.5663,44.4726],[-87.5648,44.469],[-87.5673,44.469],[-87.5672,44.4635],[-87.5608,44.4639],[-87.5584,44.461],[-87.5569,44.4618],[-87.5581,44.4631],[-87.5556,44.464],[-87.5639,44.4762]]],[[[-87.5443,44.4611],[-87.547,44.461],[-87.5462,44.4591],[-87.5532,44.4558],[-87.5557,44.4581],[-87.5603,44.4563],[-87.5621,44.4576],[-87.5622,44.4545],[-87.5417,44.4545],[-87.5416,44.4613],[-87.5443,44.4611]]],[[[-87.511,44.478],[-87.5114,44.4822],[-87.5178,44.4849],[-87.5189,44.4824],[-87.5174,44.4809],[-87.5194,44.4777],[-87.5134,44.4738],[-87.511,44.478]]],[[[-87.5235,44.4793],[-87.5215,44.4837],[-87.5316,44.4836],[-87.5316,44.4784],[-87.5235,44.4793]]],[[[-87.6078,44.5161],[-87.6055,44.5161],[-87.6011,44.5233],[-87.5927,44.5233],[-87.5927,44.5257],[-87.5968,44.5266],[-87.6007,44.5255],[-87.6081,44.5173],[-87.6078,44.5141],[-87.6078,44.5161]]],[[[-87.575,44.498],[-87.5769,44.5019],[-87.5759,44.5053],[-87.5775,44.5053],[-87.5775,44.4971],[-87.5748,44.4957],[-87.5746,44.491],[-87.5724,44.4907],[-87.5724,44.4871],[-87.5687,44.4871],[-87.5648,44.4835],[-87.5725,44.4924],[-87.575,44.498]]],[[[-87.5316,44.4655],[-87.5266,44.4656],[-87.5266,44.4728],[-87.5336,44.4645],[-87.5379,44.462],[-87.5316,44.4619],[-87.5316,44.4655]]],[[[-87.6277,44.5205],[-87.6281,44.5169],[-87.619,44.5156],[-87.6213,44.5161],[-87.6193,44.5161],[-87.6222,44.5172],[-87.623,44.5197],[-87.6277,44.5205]]],[[[-87.5165,44.4703],[-87.5142,44.4692],[-87.5142,44.465],[-87.5117,44.4631],[-87.5117,44.4656],[-87.5087,44.4664],[-87.513,44.4702],[-87.5165,44.4703]]],[[[-87.588,44.5161],[-87.5855,44.5163],[-87.5878,44.5197],[-87.5927,44.5197],[-87.5927,44.5161],[-87.588,44.5161]]],[[[-87.5335,44.4651],[-87.5418,44.4645],[-87.5443,44.4618],[-87.5388,44.462],[-87.5335,44.4651]]],[[[-87.528,44.4728],[-87.5305,44.4725],[-87.5364,44.4666],[-87.5328,44.4676],[-87.5326,44.4661],[-87.528,44.4728]]],[[[-87.6181,44.469],[-87.6181,44.4653],[-87.613,44.4653],[-87.613,44.469],[-87.6181,44.469]]],[[[-87.6081,44.5161],[-87.6082,44.5173],[-87.6105,44.5168],[-87.6107,44.5133],[-87.608,44.5134],[-87.6081,44.5161]]],[[[-87.5165,44.4703],[-87.5135,44.4703],[-87.5154,44.4711],[-87.5139,44.4737],[-87.517,44.4735],[-87.5165,44.4703]]],[[[-87.5334,44.4658],[-87.5329,44.4673],[-87.5366,44.4661],[-87.5334,44.4658]]],[[[-87.5635,44.4798],[-87.5622,44.4772],[-87.5623,44.4798],[-87.5635,44.4798]]],[[[-87.5467,44.4613],[-87.5416,44.4617],[-87.5469,44.4616],[-87.5467,44.4613]]],[[[-87.5169,44.4738],[-87.5157,44.4744],[-87.5173,44.4752],[-87.5169,44.4738]]],[[[-87.5778,44.5074],[-87.5795,44.5087],[-87.5775,44.5066],[-87.5778,44.5074]]],[[[-87.5579,44.469],[-87.557,44.4674],[-87.5571,44.469],[-87.5579,44.469]]],[[[-87.5607,44.4726],[-87.5613,44.4726],[-87.561,44.4723],[-87.5607,44.4726]],[[-87.5825,44.5112],[-87.5827,44.5115],[-87.5818,44.5105],[-87.5825,44.5112]]],[[[-87.5848,44.5163],[-87.5851,44.5164],[-87.585,44.5163],[-87.5848,44.5163]]]]},"properties":{"PROP_NAME":"C.D. (BUZZ) BESADNY FISH AND WILDLIFE AREA","ACRES":2751.9900000000002,"PUBLIC_ACCESS":"Open to Hiking, Fishing, Hunting and Trapping","TRANS_TYPE":1}},{"type":"Feature","geometry":{"type":"MultiPolygon","coordinates":[[[[-90.8213,43.2963],[-90.8175,43.2995],[-90.8182,43.3068],[-90.8232,43.3068],[-90.8231,43.3032],[-90.8331,43.303],[-90.8331,43.2994],[-90.8445,43.2983],[-90.844,43.2968],[-90.8354,43.2943],[-90.835,43.2928],[-90.8387,43.2881],[-90.8366,43.2849],[-90.8284,43.2849],[-90.8285,43.2812],[-90.8186,43.2812],[-90.8186,43.2849],[-90.8278,43.2849],[-90.8316,43.2922],[-90.8247,43.2929],[-90.8213,43.2963]],[[-90.8316,43.2931],[-90.8303,43.2928],[-90.8313,43.2923],[-90.8316,43.2931]]],[[[-90.8382,43.28],[-90.8427,43.2735],[-90.8407,43.2732],[-90.841,43.2719],[-90.8437,43.2712],[-90.8406,43.269],[-90.8407,43.2655],[-90.8358,43.2684],[-90.8372,43.274],[-90.834,43.2795],[-90.8382,43.28]]],[[[-90.8559,43.2832],[-90.8548,43.285],[-90.8681,43.285],[-90.8684,43.2741],[-90.8635,43.2741],[-90.8634,43.2759],[-90.8535,43.2759],[-90.8536,43.2741],[-90.8485,43.2741],[-90.8484,43.2772],[-90.8412,43.2745],[-90.8406,43.2778],[-90.8484,43.2777],[-90.8484,43.2813],[-90.8611,43.2824],[-90.8559,43.2832]]],[[[-90.8233,43.29],[-90.8274,43.2899],[-90.8274,43.2885],[-90.8234,43.2885],[-90.8233,43.29]],[[-90.8273,43.2898],[-90.8263,43.2893],[-90.8272,43.2893],[-90.8273,43.2898]]]]},"properties":{"PROP_NAME":"KICKAPOO WILDLIFE AREA-BELL CENTER UNIT","ACRES":1226.14,"PUBLIC_ACCESS":"Open to Hiking, Fishing, Hunting and Trapping","TRANS_TYPE":1}},{"type":"Feature","geometry":{"type":"Polygon","coordinates":[[[-91.5301,46.0374],[-91.5353,46.0375],[-91.5353,46.0411],[-91.5405,46.0411],[-91.5406,46.0338],[-91.5514,46.0338],[-91.5517,46.0194],[-91.5404,46.0194],[-91.5403,46.0122],[-91.5301,46.0122],[-91.5301,46.0374]]]},"properties":{"PROP_NAME":"KISSICK SWAMP WILDLIFE AREA","ACRES":932.48,"PUBLIC_ACCESS":"Open to Hiking, Fishing, Hunting and Trapping","TRANS_TYPE":1}},{"type":"Feature","geometry":{"type":"MultiPolygon","coordinates":[[[[-91.2841,44.2867],[-91.2803,44.2904],[-91.2901,44.2861],[-91.2945,44.2795],[-91.2868,44.2795],[-91.287,44.2831],[-91.2815,44.2831],[-91.2815,44.2687],[-91.2866,44.2687],[-91.2866,44.2652],[-91.2715,44.2651],[-91.2714,44.2687],[-91.2765,44.2687],[-91.2764,44.2759],[-91.2663,44.2777],[-91.2664,44.2831],[-91.2715,44.2831],[-91.2715,44.2868],[-91.2841,44.2867]]],[[[-91.2781,44.2965],[-91.2791,44.2976],[-91.2873,44.2976],[-91.2872,44.288],[-91.2779,44.2926],[-91.2767,44.297],[-91.2781,44.2965]]]]},"properties":{"PROP_NAME":"LAKES COULEE WILDLIFE AREA","ACRES":812.91,"PUBLIC_ACCESS":"Open to Hiking, Fishing, Hunting and Trapping","TRANS_TYPE":1}},{"type":"Feature","geometry":{"type":"MultiPolygon","coordinates":[[[[-89.5713,43.8972],[-89.5672,43.8979],[-89.5672,43.8997],[-89.5722,43.8997],[-89.5723,43.9052],[-89.5822,43.9052],[-89.5821,43.8979],[-89.6075,43.8989],[-89.6075,43.9016],[-89.6175,43.9015],[-89.6175,43.8906],[-89.5973,43.8906],[-89.5974,43.8943],[-89.582,43.8942],[-89.582,43.8904],[-89.5673,43.8903],[-89.5684,43.8942],[-89.5721,43.8942],[-89.5701,43.8952],[-89.5713,43.8972]]],[[[-89.5713,43.8958],[-89.5708,43.8958],[-89.5708,43.8958],[-89.5713,43.8958]]]]},"properties":{"PROP_NAME":"LAWRENCE CREEK WILDLIFE AREA","ACRES":948.88,"PUBLIC_ACCESS":"Open to Hiking, Fishing, Hunting and Trapping","TRANS_TYPE":1}},{"type":"Feature","geometry":{"type":"Polygon","coordinates":[[[-88.9663,44.1016],[-88.9662,44.1045],[-88.9737,44.1088],[-88.9738,44.1016],[-88.985,44.1016],[-88.9863,44.0999],[-88.9763,44.0999],[-88.9765,44.0896],[-88.9703,44.0895],[-88.9714,44.0916],[-88.9663,44.0943],[-88.9663,44.098],[-88.9637,44.098],[-88.9663,44.1016]],[[-88.9713,44.098],[-88.9713,44.098],[-88.9742,44.098],[-88.9713,44.098]]]},"properties":{"PROP_NAME":"LEACH NATURAL RESOURCE CENTER - CLOSED TO PUBLIC","ACRES":354.87,"PUBLIC_ACCESS":"Open to Hiking, Fishing, Hunting and Trapping","TRANS_TYPE":1}},{"type":"Feature","geometry":{"type":"MultiPolygon","coordinates":[[[[-89.6579,44.2029],[-89.6577,44.2138],[-89.6729,44.2139],[-89.6729,44.2175],[-89.678,44.2175],[-89.6779,44.2139],[-89.6882,44.2137],[-89.6884,44.1993],[-89.658,44.1993],[-89.6579,44.2029]]],[[[-89.6785,44.1813],[-89.6582,44.1812],[-89.6582,44.1885],[-89.6784,44.1885],[-89.6785,44.1813]]],[[[-89.6328,44.1957],[-89.6327,44.1993],[-89.6479,44.1993],[-89.648,44.1884],[-89.6404,44.1884],[-89.6404,44.1848],[-89.6379,44.1848],[-89.6379,44.1812],[-89.6328,44.1812],[-89.6328,44.1848],[-89.6227,44.1849],[-89.6226,44.1885],[-89.6277,44.1884],[-89.6277,44.1921],[-89.6328,44.192],[-89.6328,44.1957]]]]},"properties":{"PROP_NAME":"LEOLA MARSH WILDLIFE AREA","ACRES":1913.9,"PUBLIC_ACCESS":"Open to Hiking, Fishing, Hunting and Trapping","TRANS_TYPE":1}},{"type":"Feature","geometry":{"type":"Polygon","coordinates":[[[-89.5462,43.2827],[-89.5462,43.2791],[-89.5388,43.2792],[-89.5388,43.2828],[-89.5363,43.2829],[-89.5364,43.2881],[-89.5264,43.2903],[-89.5265,43.2937],[-89.5315,43.2937],[-89.5315,43.3006],[-89.5389,43.3035],[-89.5315,43.307],[-89.5363,43.3069],[-89.5403,43.3049],[-89.541,43.3022],[-89.5428,43.3022],[-89.5437,43.3008],[-89.5415,43.3008],[-89.5414,43.2935],[-89.5464,43.2935],[-89.5463,43.29],[-89.5525,43.2873],[-89.5809,43.2825],[-89.5793,43.2802],[-89.5814,43.2802],[-89.582,43.277],[-89.5759,43.277],[-89.5757,43.2815],[-89.5756,43.2788],[-89.5709,43.2789],[-89.5709,43.2735],[-89.5666,43.2733],[-89.566,43.2789],[-89.561,43.2789],[-89.561,43.2753],[-89.5495,43.2755],[-89.5477,43.2791],[-89.5462,43.2791],[-89.5462,43.2827]],[[-89.5417,43.29],[-89.5403,43.2935],[-89.5364,43.2936],[-89.5364,43.2901],[-89.5417,43.29]]]},"properties":{"PROP_NAME":"LODI MARSH WILDLIFE AREA","ACRES":1278.88,"PUBLIC_ACCESS":"Open to Hiking, Fishing, Hunting and Trapping","TRANS_TYPE":1}},{"type":"Feature","geometry":{"type":"MultiPolygon","coordinates":[[[[-88.8824,45.4868],[-88.872,45.4867],[-88.872,45.4916],[-88.8747,45.4938],[-88.8823,45.4938],[-88.8824,45.4868]]],[[[-88.8721,45.4938],[-88.8742,45.4938],[-88.8721,45.4919],[-88.8721,45.4938]]],[[[-89.96,45.7745],[-89.9622,45.7745],[-89.9624,45.7714],[-89.96,45.7714],[-89.959,45.7744],[-89.96,45.7745]]]]},"properties":{"PROP_NAME":"LUP GRANTS","ACRES":171.99,"PUBLIC_ACCESS":"Open to Hiking, Fishing, Hunting and Trapping","TRANS_TYPE":1}},{"type":"Feature","geometry":{"type":"Polygon","coordinates":[[[-92.2632,45.6579],[-92.2632,45.6615],[-92.2736,45.6634],[-92.2734,45.6759],[-92.2785,45.6759],[-92.2784,45.6794],[-92.2839,45.6794],[-92.2838,45.6829],[-92.3043,45.6828],[-92.3042,45.6652],[-92.2991,45.6652],[-92.299,45.6543],[-92.3041,45.6543],[-92.3041,45.6471],[-92.3144,45.6471],[-92.3144,45.64],[-92.3247,45.6401],[-92.3247,45.6328],[-92.3298,45.6328],[-92.3298,45.622],[-92.3246,45.622],[-92.3246,45.6184],[-92.3144,45.6184],[-92.3145,45.6113],[-92.3094,45.6113],[-92.3094,45.604],[-92.3043,45.604],[-92.3043,45.5986],[-92.294,45.5967],[-92.2939,45.6399],[-92.2585,45.6394],[-92.2579,45.6507],[-92.263,45.6507],[-92.2631,45.6543],[-92.258,45.6543],[-92.258,45.6579],[-92.2632,45.6579]],[[-92.3067,45.6333],[-92.3021,45.6341],[-92.2998,45.6326],[-92.3026,45.6302],[-92.3059,45.6308],[-92.3067,45.6333]],[[-92.3033,45.6123],[-92.2992,45.6104],[-92.3038,45.6073],[-92.3064,45.6093],[-92.3059,45.6113],[-92.3033,45.6123]]]},"properties":{"PROP_NAME":"MCKENZIE CREEK WILDLIFE AREA","ACRES":5544.59,"PUBLIC_ACCESS":"Open to Hiking, Fishing, Hunting and Trapping","TRANS_TYPE":1}},{"type":"Feature","geometry":{"type":"MultiPolygon","coordinates":[[[[-87.9617,45.59],[-87.9619,45.5864],[-87.9668,45.5853],[-87.9668,45.5791],[-87.9565,45.5793],[-87.9566,45.5757],[-87.936,45.5755],[-87.9362,45.5827],[-87.9431,45.5863],[-87.9617,45.5864],[-87.9617,45.59]]],[[[-87.9362,45.5862],[-87.9426,45.5863],[-87.9362,45.5829],[-87.9362,45.5862]]]]},"properties":{"PROP_NAME":"MISCAUNO WILDLIFE AREA","ACRES":621.51,"PUBLIC_ACCESS":"Open to Hiking, Fishing, Hunting and Trapping","TRANS_TYPE":1}},{"type":"Feature","geometry":{"type":"MultiPolygon","coordinates":[[[[-91.7832,44.8946],[-91.7832,44.8969],[-91.7832,44.8932],[-91.773,44.8931],[-91.7718,44.8823],[-91.7729,44.8823],[-91.7728,44.8787],[-91.7631,44.8786],[-91.763,44.875],[-91.7655,44.8742],[-91.7604,44.8742],[-91.7603,44.8713],[-91.7527,44.8712],[-91.7526,44.8678],[-91.7501,44.8677],[-91.7499,44.8604],[-91.7422,44.8603],[-91.7473,44.8604],[-91.7472,44.8567],[-91.7523,44.8568],[-91.7525,44.8642],[-91.7678,44.8642],[-91.7678,44.8606],[-91.7627,44.8605],[-91.7626,44.8569],[-91.7677,44.857],[-91.7678,44.8505],[-91.7614,44.8506],[-91.7578,44.8487],[-91.7578,44.8463],[-91.7616,44.8462],[-91.7577,44.8462],[-91.7576,44.8486],[-91.7526,44.846],[-91.7526,44.8433],[-91.7474,44.8434],[-91.7474,44.847],[-91.7473,44.8434],[-91.7409,44.8434],[-91.7393,44.8476],[-91.7319,44.8504],[-91.7319,44.8542],[-91.7371,44.8542],[-91.7319,44.8542],[-91.732,44.8566],[-91.7294,44.8565],[-91.7294,44.8583],[-91.732,44.8584],[-91.7319,44.8601],[-91.7269,44.8601],[-91.7269,44.8637],[-91.7319,44.8637],[-91.732,44.8655],[-91.7371,44.8656],[-91.7372,44.8675],[-91.7423,44.8676],[-91.7427,44.8785],[-91.7324,44.8786],[-91.7376,44.8786],[-91.7376,44.8803],[-91.7428,44.8803],[-91.7428,44.8821],[-91.7479,44.8822],[-91.7464,44.8822],[-91.7465,44.8841],[-91.748,44.8834],[-91.7481,44.8857],[-91.7531,44.8857],[-91.7531,44.8834],[-91.7532,44.8859],[-91.7506,44.8859],[-91.7508,44.8894],[-91.7483,44.8894],[-91.7485,44.8943],[-91.7628,44.9004],[-91.7931,44.9033],[-91.7934,44.8947],[-91.7832,44.8946]],[[-91.7611,44.8569],[-91.7574,44.8569],[-91.7611,44.8569],[-91.7611,44.8569]],[[-91.7422,44.8559],[-91.7422,44.8561],[-91.7422,44.8556],[-91.7422,44.8559]],[[-91.7603,44.8553],[-91.7602,44.8554],[-91.7603,44.8553],[-91.7603,44.8553]],[[-91.7554,44.8749],[-91.7529,44.8749],[-91.7579,44.8749],[-91.7554,44.8749]],[[-91.7371,44.8548],[-91.7371,44.8556],[-91.7371,44.8556],[-91.7371,44.8548]],[[-91.7553,44.8731],[-91.7528,44.8731],[-91.7553,44.8731],[-91.7553,44.8731]]],[[[-91.7542,44.8785],[-91.7555,44.8786],[-91.753,44.8785],[-91.753,44.8803],[-91.7555,44.8804],[-91.753,44.8803],[-91.753,44.8822],[-91.753,44.8785],[-91.7478,44.8785],[-91.7542,44.8785]],[[-91.7477,44.8767],[-91.7477,44.8758],[-91.7477,44.8749],[-91.7477,44.8767]],[[-91.7684,44.886],[-91.7727,44.8859],[-91.7727,44.886],[-91.7684,44.886]]],[[[-91.7266,44.8369],[-91.7267,44.8433],[-91.7319,44.8433],[-91.7272,44.837],[-91.7263,44.8321],[-91.7291,44.8321],[-91.7328,44.8288],[-91.725,44.8317],[-91.7243,44.8334],[-91.7266,44.8369]]],[[[-91.7315,44.8248],[-91.7318,44.8275],[-91.7346,44.8268],[-91.7337,44.8244],[-91.7293,44.823],[-91.7284,44.8249],[-91.7315,44.8248]]],[[[-91.7426,44.8749],[-91.7425,44.8712],[-91.7399,44.8712],[-91.74,44.8748],[-91.7426,44.8749]]],[[[-91.741,44.8424],[-91.7416,44.8407],[-91.7387,44.8407],[-91.7389,44.8433],[-91.741,44.8424]]],[[[-91.7387,44.8748],[-91.7386,44.8711],[-91.7373,44.8711],[-91.7375,44.8748],[-91.7387,44.8748]]],[[[-91.7426,44.8767],[-91.7426,44.8749],[-91.7426,44.8767],[-91.7426,44.8767]]]]},"properties":{"PROP_NAME":"MUDDY CREEK WILDLIFE AREA","ACRES":3429.54,"PUBLIC_ACCESS":"Open to Hiking, Fishing, Hunting and Trapping","TRANS_TYPE":1}},{"type":"Feature","geometry":{"type":"MultiPolygon","coordinates":[[[[-87.1274,45.0984],[-87.1223,45.0983],[-87.1222,45.1019],[-87.1119,45.1017],[-87.112,45.0981],[-87.0839,45.0983],[-87.0839,45.0955],[-87.0813,45.0949],[-87.0813,45.1055],[-87.0864,45.1055],[-87.087,45.1128],[-87.0863,45.1236],[-87.0811,45.1237],[-87.0863,45.1237],[-87.0862,45.1273],[-87.0913,45.1273],[-87.0914,45.1346],[-87.1017,45.1346],[-87.1017,45.1382],[-87.112,45.1382],[-87.112,45.1309],[-87.1069,45.1309],[-87.1069,45.1237],[-87.112,45.1237],[-87.1119,45.1129],[-87.1324,45.113],[-87.1325,45.1035],[-87.1274,45.1031],[-87.1274,45.0984]],[[-87.0887,45.106],[-87.0984,45.1181],[-87.0939,45.1233],[-87.091,45.123],[-87.0898,45.1209],[-87.0906,45.1117],[-87.0878,45.1055],[-87.0887,45.106]]],[[[-87.1325,45.0985],[-87.1325,45.0915],[-87.1303,45.0914],[-87.1304,45.0948],[-87.1274,45.0948],[-87.1274,45.0984],[-87.1325,45.0985]]]]},"properties":{"PROP_NAME":"MUD LAKE WILDLIFE AREA-DOOR","ACRES":2433.43,"PUBLIC_ACCESS":"Open to Hiking, Fishing, Hunting and Trapping","TRANS_TYPE":1}},{"type":"Feature","geometry":{"type":"MultiPolygon","coordinates":[[[[-92.0815,46.1575],[-92.1122,46.157],[-92.1125,46.1353],[-92.0917,46.1356],[-92.092,46.1066],[-92.0714,46.1067],[-92.0712,46.1121],[-92.0686,46.1122],[-92.0711,46.1139],[-92.0607,46.114],[-92.0605,46.125],[-92.0502,46.1251],[-92.0499,46.136],[-92.0386,46.136],[-92.0386,46.1433],[-92.0282,46.1439],[-92.0279,46.1577],[-92.0815,46.1575]]],[[[-92.1222,46.0818],[-92.1255,46.0848],[-92.1387,46.0847],[-92.1387,46.0812],[-92.1439,46.0812],[-92.1439,46.0705],[-92.1187,46.0706],[-92.1198,46.0751],[-92.1151,46.0799],[-92.1222,46.0818]]]]},"properties":{"PROP_NAME":"NAMEKAGON BARRENS WILDLIFE AREA","ACRES":6431.17,"PUBLIC_ACCESS":"Open to Hiking, Fishing, Hunting and Trapping","TRANS_TYPE":1}},{"type":"Feature","geometry":{"type":"MultiPolygon","coordinates":[[[[-88.2223,42.5693],[-88.2223,42.5711],[-88.2174,42.5712],[-88.2174,42.5786],[-88.2264,42.5781],[-88.2272,42.5694],[-88.2321,42.5693],[-88.2321,42.5675],[-88.2296,42.5675],[-88.2296,42.5638],[-88.2272,42.5638],[-88.2272,42.5602],[-88.2321,42.5602],[-88.2321,42.5565],[-88.2369,42.5565],[-88.2369,42.5493],[-88.232,42.5493],[-88.2329,42.543],[-88.2309,42.5416],[-88.2237,42.5424],[-88.2212,42.5458],[-88.2123,42.5459],[-88.2123,42.5495],[-88.2074,42.5496],[-88.2074,42.5568],[-88.2173,42.5567],[-88.2173,42.5603],[-88.2195,42.5603],[-88.219,42.5694],[-88.2223,42.5693]]],[[[-88.1978,42.575],[-88.1985,42.575],[-88.1978,42.5748],[-88.1978,42.575]]],[[[-88.197,42.5685],[-88.2009,42.57],[-88.2048,42.5752],[-88.1989,42.5678],[-88.2016,42.567],[-88.1966,42.566],[-88.1915,42.5676],[-88.1926,42.5691],[-88.197,42.5685]]],[[[-88.2013,42.5742],[-88.2023,42.5752],[-88.1995,42.5696],[-88.1936,42.5693],[-88.1982,42.5713],[-88.1982,42.5743],[-88.2013,42.5742]]],[[[-88.2063,42.5823],[-88.2073,42.5838],[-88.2118,42.584],[-88.2135,42.5896],[-88.2174,42.5896],[-88.2177,42.5823],[-88.2041,42.5764],[-88.2063,42.5823]]]]},"properties":{"PROP_NAME":"NEW MUNSTER WILDLIFE AREA","ACRES":1501.27,"PUBLIC_ACCESS":"Open to Hiking, Fishing, Hunting and Trapping","TRANS_TYPE":1}},{"type":"Feature","geometry":{"type":"MultiPolygon","coordinates":[[[[-89.9578,45.3188],[-89.9523,45.3191],[-89.9521,45.3155],[-89.9576,45.3153],[-89.9578,45.3188],[-89.9633,45.3185],[-89.9614,45.2944],[-89.9196,45.2944],[-89.9196,45.3088],[-89.9355,45.3087],[-89.9357,45.3165],[-89.9197,45.316],[-89.9196,45.3269],[-89.9251,45.327],[-89.9251,45.3233],[-89.936,45.3234],[-89.936,45.3271],[-89.9415,45.3272],[-89.9414,45.3235],[-89.9469,45.3231],[-89.947,45.3268],[-89.9415,45.3272],[-89.9416,45.3309],[-89.9578,45.3296],[-89.9578,45.3188]]],[[[-89.9785,45.3303],[-89.9786,45.3267],[-89.9685,45.3259],[-89.9683,45.3296],[-89.9785,45.3303]]]]},"properties":{"PROP_NAME":"NEW WOOD WILDLIFE AREA","ACRES":2699.93,"PUBLIC_ACCESS":"Open to Hiking, Fishing, Hunting and Trapping","TRANS_TYPE":1}},{"type":"Feature","geometry":{"type":"Polygon","coordinates":[[[-88.0303,43.6925],[-88.0304,43.6961],[-88.0402,43.6959],[-88.0402,43.6923],[-88.0452,43.6923],[-88.0453,43.696],[-88.0474,43.696],[-88.047,43.6928],[-88.0528,43.6921],[-88.0529,43.6887],[-88.0452,43.6887],[-88.0452,43.691],[-88.0401,43.691],[-88.04,43.6778],[-88.0351,43.6778],[-88.0352,43.6815],[-88.0302,43.6816],[-88.0302,43.6779],[-88.0202,43.6781],[-88.0202,43.687],[-88.0231,43.6869],[-88.0231,43.689],[-88.0336,43.6888],[-88.0303,43.6925]]]},"properties":{"PROP_NAME":"NICHOLS CREEK WILDLIFE AREA","ACRES":658.8000000000001,"PUBLIC_ACCESS":"Open to Hiking, Fishing, Hunting and Trapping","TRANS_TYPE":1}},{"type":"Feature","geometry":{"type":"Polygon","coordinates":[[[-89.0346,45.3059],[-89.0524,45.3061],[-89.0601,45.2993],[-89.0561,45.2991],[-89.0564,45.2881],[-89.0665,45.2885],[-89.0674,45.285],[-89.073,45.2852],[-89.0722,45.2816],[-89.0668,45.2814],[-89.0661,45.2778],[-89.0608,45.2775],[-89.0608,45.2739],[-89.0503,45.2734],[-89.0502,45.277],[-89.0286,45.2768],[-89.0291,45.2877],[-89.0505,45.2879],[-89.0506,45.2915],[-89.0293,45.2919],[-89.0293,45.2953],[-89.0345,45.2953],[-89.0346,45.3059]]]},"properties":{"PROP_NAME":"PETERS MARSH WILDLIFE AREA","ACRES":1770.21,"PUBLIC_ACCESS":"Open to Hiking, Fishing, Hunting and Trapping","TRANS_TYPE":1}},{"type":"Feature","geometry":{"type":"Polygon","coordinates":[[[-88.9424,44.1197],[-88.9485,44.1197],[-88.9485,44.1179],[-88.951,44.1179],[-88.9511,44.116],[-88.9461,44.116],[-88.9461,44.1138],[-88.9411,44.1138],[-88.9411,44.1124],[-88.9361,44.1124],[-88.9361,44.1088],[-88.9386,44.1088],[-88.9386,44.1052],[-88.9311,44.1052],[-88.9311,44.1016],[-88.9261,44.1016],[-88.9261,44.1052],[-88.9211,44.1052],[-88.9211,44.098],[-88.9208,44.1016],[-88.911,44.1017],[-88.911,44.0981],[-88.901,44.0981],[-88.901,44.0945],[-88.8859,44.0945],[-88.8858,44.109],[-88.8905,44.1078],[-88.8909,44.1054],[-88.8925,44.1054],[-88.8906,44.1109],[-88.8956,44.1132],[-88.9041,44.1242],[-88.9057,44.1315],[-88.9081,44.1321],[-88.9116,44.1365],[-88.9133,44.1452],[-88.9159,44.1452],[-88.9159,44.1414],[-88.9309,44.1414],[-88.9309,44.1378],[-88.9408,44.1378],[-88.9408,44.1342],[-88.9377,44.1342],[-88.9377,44.1306],[-88.9358,44.1305],[-88.9359,44.1269],[-88.9433,44.1269],[-88.9434,44.1233],[-88.9409,44.1233],[-88.941,44.1197],[-88.9385,44.1197],[-88.9385,44.116],[-88.941,44.116],[-88.941,44.1197],[-88.9424,44.1197]],[[-88.936,44.1225],[-88.9359,44.1196],[-88.936,44.1224],[-88.936,44.1225]],[[-88.9258,44.1342],[-88.9258,44.1305],[-88.9258,44.1305],[-88.9258,44.1342]],[[-88.9259,44.1196],[-88.9258,44.1233],[-88.9259,44.1196],[-88.9259,44.1196]],[[-88.9343,44.1233],[-88.9334,44.1233],[-88.9334,44.1223],[-88.9343,44.1233]],[[-88.9209,44.116],[-88.9209,44.1197],[-88.9158,44.1197],[-88.916,44.1125],[-88.921,44.1124],[-88.9209,44.116]]]},"properties":{"PROP_NAME":"POYGAN MARSH WILDLIFE AREA","ACRES":3570.19,"PUBLIC_ACCESS":"Open to Hiking, Fishing, Hunting and Trapping","TRANS_TYPE":1}},{"type":"Feature","geometry":{"type":"Polygon","coordinates":[[[-89.3561,43.4012],[-89.3562,43.4048],[-89.3733,43.4048],[-89.379,43.4027],[-89.3861,43.3956],[-89.3731,43.3957],[-89.373,43.3921],[-89.3629,43.3922],[-89.3629,43.3904],[-89.3584,43.3904],[-89.3585,43.3976],[-89.356,43.3976],[-89.3561,43.4012]]]},"properties":{"PROP_NAME":"POYNETTE GAME FARM","ACRES":624.29,"PUBLIC_ACCESS":"Open to Hiking, Fishing, Hunting and Trapping","TRANS_TYPE":1}},{"type":"Feature","geometry":{"type":"MultiPolygon","coordinates":[[[[-92.2287,45.486],[-92.2287,45.4967],[-92.2747,45.4971],[-92.2748,45.4899],[-92.2697,45.4898],[-92.2698,45.4754],[-92.2749,45.4755],[-92.2751,45.4608],[-92.2845,45.4609],[-92.2845,45.4591],[-92.2801,45.459],[-92.2845,45.4582],[-92.2844,45.4511],[-92.2813,45.451],[-92.2782,45.4536],[-92.2802,45.4536],[-92.27,45.4535],[-92.2699,45.4607],[-92.2592,45.4606],[-92.2593,45.4642],[-92.2543,45.4642],[-92.2544,45.468],[-92.2389,45.4679],[-92.2391,45.4824],[-92.2287,45.4824],[-92.2287,45.486]]],[[[-92.244,45.5074],[-92.2438,45.511],[-92.2595,45.5111],[-92.2594,45.5038],[-92.2441,45.5038],[-92.244,45.5074]]]]},"properties":{"PROP_NAME":"RICE BEDS CREEK WILDLIFE AREA","ACRES":3136.08,"PUBLIC_ACCESS":"Open to Hiking, Fishing, Hunting and Trapping","TRANS_TYPE":1}},{"type":"Feature","geometry":{"type":"MultiPolygon","coordinates":[[[[-89.2113,46.1124],[-89.1957,46.1124],[-89.1957,46.1161],[-89.1905,46.1161],[-89.1905,46.1197],[-89.2061,46.1197],[-89.2061,46.116],[-89.2218,46.116],[-89.2218,46.1124],[-89.227,46.1124],[-89.227,46.1089],[-89.2218,46.1087],[-89.2218,46.1051],[-89.2064,46.1052],[-89.2063,46.1088],[-89.2114,46.1088],[-89.2113,46.1124]]],[[[-89.9904,45.4529],[-89.9904,45.4492],[-89.9956,45.4492],[-89.9956,45.4528],[-90.0007,45.4528],[-90.0009,45.4456],[-90.0116,45.4461],[-90.0115,45.439],[-89.9958,45.4384],[-89.9957,45.442],[-89.9904,45.442],[-89.9904,45.4456],[-89.9851,45.4456],[-89.9852,45.4529],[-89.9904,45.4529]]],[[[-88.8769,45.6083],[-88.8666,45.6083],[-88.8662,45.6226],[-88.8811,45.6225],[-88.882,45.6082],[-88.8769,45.6083]]],[[[-90.1938,46.1851],[-90.1886,46.1854],[-90.1886,46.1892],[-90.1835,46.1895],[-90.1835,46.1932],[-90.1989,46.1927],[-90.199,46.1848],[-90.1938,46.1851]]],[[[-89.6897,45.849],[-89.6891,45.8539],[-89.6997,45.8537],[-89.6997,45.8502],[-89.703,45.8502],[-89.7046,45.8466],[-89.6901,45.8469],[-89.6897,45.849]]],[[[-89.5548,46.1886],[-89.5601,46.1886],[-89.5601,46.1813],[-89.5496,46.1812],[-89.5494,46.1886],[-89.5548,46.1886]]],[[[-89.1322,45.9711],[-89.1389,45.9722],[-89.1412,45.9658],[-89.139,45.9641],[-89.1315,45.965],[-89.1322,45.9711]]],[[[-89.5654,46.2139],[-89.5684,46.2132],[-89.5642,46.2113],[-89.5655,46.2065],[-89.5547,46.2066],[-89.5547,46.2102],[-89.5601,46.2102],[-89.56,46.2138],[-89.5654,46.2139]]],[[[-89.3565,46.1739],[-89.3512,46.1739],[-89.3517,46.1811],[-89.3569,46.1811],[-89.3567,46.1775],[-89.362,46.1775],[-89.3618,46.1739],[-89.3565,46.1739]]],[[[-89.6058,45.7249],[-89.6059,45.7285],[-89.6111,45.7286],[-89.611,45.7177],[-89.6057,45.7177],[-89.6058,45.7249]]],[[[-90.1459,45.9892],[-90.1459,45.9856],[-90.1357,45.9855],[-90.1356,45.9928],[-90.1408,45.9928],[-90.1408,45.9892],[-90.1459,45.9892]]],[[[-89.2318,46.0972],[-89.2403,46.0906],[-89.2272,46.0906],[-89.2271,46.0943],[-89.2297,46.0943],[-89.2297,46.0973],[-89.2318,46.0972]]],[[[-89.7164,45.8463],[-89.7214,45.8464],[-89.721,45.8439],[-89.7185,45.8441],[-89.7128,45.8393],[-89.7107,45.8393],[-89.7108,45.8444],[-89.7125,45.8464],[-89.7164,45.8463]]],[[[-89.4753,45.9089],[-89.4729,45.9099],[-89.4721,45.9162],[-89.4773,45.9162],[-89.4772,45.9087],[-89.4753,45.9089]]],[[[-89.5762,46.214],[-89.5763,46.2103],[-89.5709,46.2102],[-89.5738,46.215],[-89.5724,46.2159],[-89.5708,46.2147],[-89.5707,46.2175],[-89.576,46.2176],[-89.5762,46.214]]],[[[-89.3231,45.9029],[-89.3297,45.9017],[-89.3326,45.9029],[-89.3326,45.9],[-89.3213,45.9006],[-89.3213,45.9023],[-89.3231,45.9029]]],[[[-89.3893,45.9018],[-89.3974,45.9007],[-89.3979,45.8988],[-89.3891,45.8988],[-89.3893,45.9018]]],[[[-89.7542,45.8092],[-89.7567,45.8079],[-89.7568,45.804],[-89.7553,45.8055],[-89.7518,45.8041],[-89.7522,45.8088],[-89.7542,45.8092]]],[[[-91.2073,46.1159],[-91.2021,46.1158],[-91.2018,46.1196],[-91.207,46.1197],[-91.2073,46.1159]]],[[[-89.4057,45.8289],[-89.4054,45.8253],[-89.4,45.8253],[-89.4002,45.8289],[-89.4057,45.8289]]],[[[-89.9865,45.5803],[-89.9864,45.584],[-89.9916,45.584],[-89.9917,45.5803],[-89.9865,45.5803]]],[[[-89.8494,45.6344],[-89.8533,45.6346],[-89.8535,45.631],[-89.8482,45.6311],[-89.8481,45.6348],[-89.8494,45.6344]]],[[[-89.3514,46.0691],[-89.3515,46.0654],[-89.3463,46.0654],[-89.3463,46.0691],[-89.3514,46.0691]]],[[[-92.2999,45.4464],[-92.2947,45.4464],[-92.2948,45.45],[-92.2999,45.45],[-92.2999,45.4464]]],[[[-92.2802,45.4355],[-92.2751,45.4355],[-92.275,45.4391],[-92.2801,45.4392],[-92.2802,45.4355]]],[[[-89.2375,46.1123],[-89.2375,46.1087],[-89.2322,46.1087],[-89.2323,46.1123],[-89.2375,46.1123]]],[[[-89.3259,46.0329],[-89.3208,46.0329],[-89.3207,46.0365],[-89.3259,46.0365],[-89.3259,46.0329]]],[[[-89.6173,46.1238],[-89.6172,46.1202],[-89.612,46.1201],[-89.6121,46.1238],[-89.6173,46.1238]]],[[[-89.3744,45.8587],[-89.3743,45.855],[-89.3692,45.8552],[-89.3692,45.8587],[-89.3744,45.8587]]],[[[-89.4091,46.004],[-89.4091,46.0004],[-89.4039,46.0004],[-89.4039,46.004],[-89.4091,46.004]]],[[[-89.6174,46.1274],[-89.6225,46.1273],[-89.6224,46.1237],[-89.6173,46.1238],[-89.6174,46.1274]]],[[[-90.0264,46.0287],[-90.0264,46.0251],[-90.0213,46.0251],[-90.0213,46.0287],[-90.0264,46.0287]]],[[[-89.2215,46.0943],[-89.2169,46.0943],[-89.2168,46.0979],[-89.2219,46.0979],[-89.2215,46.0943]]],[[[-90.0471,46.0466],[-90.0471,46.043],[-90.0419,46.043],[-90.0419,46.0465],[-90.0471,46.0466]]],[[[-90.0623,46.0069],[-90.0628,46.0034],[-90.0578,46.0034],[-90.0578,46.007],[-90.0623,46.0069]]],[[[-89.4417,45.9484],[-89.4416,45.9449],[-89.4365,45.9449],[-89.4366,45.9484],[-89.4417,45.9484]]],[[[-89.7547,45.7585],[-89.7557,45.7587],[-89.7555,45.754],[-89.7504,45.7539],[-89.7504,45.7565],[-89.7547,45.7585]]],[[[-89.3221,45.9953],[-89.3216,45.9968],[-89.3263,45.9968],[-89.3264,45.9932],[-89.3213,45.9932],[-89.3221,45.9953]]],[[[-88.9279,45.6157],[-88.9277,45.6121],[-88.9232,45.612],[-88.9232,45.6156],[-88.9279,45.6157]]],[[[-89.4063,45.8385],[-89.4062,45.8355],[-89.4006,45.8354],[-89.4008,45.8384],[-89.4063,45.8385]]],[[[-89.3914,45.9796],[-89.39,45.9824],[-89.395,45.9824],[-89.3974,45.9795],[-89.3914,45.9796]]],[[[-89.9389,45.8838],[-89.9429,45.8854],[-89.9429,45.8822],[-89.9374,45.8824],[-89.9389,45.8838]]],[[[-89.4518,46.2009],[-89.4534,46.2016],[-89.453,46.2005],[-89.4565,46.2],[-89.4565,46.1988],[-89.4513,46.1988],[-89.4518,46.2009]]],[[[-89.5656,46.1945],[-89.5708,46.1934],[-89.5708,46.192],[-89.5654,46.1921],[-89.5656,46.1945]]],[[[-89.9946,45.8949],[-89.9973,45.8962],[-89.9974,45.8928],[-89.9948,45.8928],[-89.996,45.8939],[-89.9946,45.8949]]],[[[-89.4209,45.9553],[-89.4167,45.9534],[-89.4168,45.9553],[-89.4209,45.9553]]],[[[-89.5396,45.9039],[-89.5417,45.9039],[-89.5414,45.9026],[-89.5392,45.9023],[-89.5396,45.9039]]],[[[-89.4362,45.854],[-89.4363,45.8558],[-89.4379,45.8559],[-89.4362,45.854]]],[[[-89.6043,46.1204],[-89.6068,46.1216],[-89.6068,46.1201],[-89.6043,46.1204]]],[[[-89.242,46.0905],[-89.239,46.0942],[-89.2395,46.0942],[-89.242,46.0905]]],[[[-89.5442,45.9038],[-89.5438,45.9048],[-89.5445,45.9056],[-89.5442,45.9038]]],[[[-89.2371,46.0966],[-89.2362,46.0978],[-89.2372,46.097],[-89.2371,46.0966]]],[[[-89.4219,45.9553],[-89.422,45.9554],[-89.422,45.9552],[-89.4219,45.9553]]],[[[-89.4364,45.8537],[-89.4363,45.8539],[-89.4362,45.854],[-89.4364,45.8537]]]]},"properties":{"PROP_NAME":"SCATTERED FOREST LAND - NW","ACRES":4179.17,"PUBLIC_ACCESS":"Open to Hiking, Fishing, Hunting and Trapping","TRANS_TYPE":1}},{"type":"Feature","geometry":{"type":"MultiPolygon","coordinates":[[[[-88.4983,42.9262],[-88.4934,42.9262],[-88.4934,42.93],[-88.4981,42.9294],[-88.5013,42.9262],[-88.4983,42.9262]]],[[[-88.3667,43.4604],[-88.3721,43.4604],[-88.3719,43.4587],[-88.3686,43.4597],[-88.3697,43.4582],[-88.3665,43.4567],[-88.3672,43.4543],[-88.3633,43.4554],[-88.3667,43.4604]]],[[[-88.0305,43.5165],[-88.0305,43.5129],[-88.0256,43.5128],[-88.0256,43.5165],[-88.0305,43.5165]]],[[[-88.0256,43.5165],[-88.0206,43.5165],[-88.0206,43.5201],[-88.0256,43.5201],[-88.0256,43.5165]]],[[[-88.2434,43.4014],[-88.2427,43.4046],[-88.2457,43.4057],[-88.2463,43.402],[-88.2434,43.4014]]]]},"properties":{"PROP_NAME":"SCATTERED WILDLIFE - SE","ACRES":204.44,"PUBLIC_ACCESS":"Open to Hiking, Fishing, Hunting and Trapping","TRANS_TYPE":1}},{"type":"Feature","geometry":{"type":"Polygon","coordinates":[[[-89.7061,42.8997],[-89.7117,42.9002],[-89.7117,42.9015],[-89.7253,42.9011],[-89.7252,42.894],[-89.7015,42.8941],[-89.7016,42.9015],[-89.7049,42.9015],[-89.7061,42.8997]],[[-89.724,42.8976],[-89.7204,42.8986],[-89.7203,42.8966],[-89.724,42.8976]]]},"properties":{"PROP_NAME":"PERRY-PRIMROSE GRASSLANDS STATE HABITAT AREA - SWGSCA","ACRES":351.45,"PUBLIC_ACCESS":"Open to Hiking, Fishing, Hunting and Trapping","TRANS_TYPE":1}},{"type":"Feature","geometry":{"type":"MultiPolygon","coordinates":[[[[-90.5166,46.5657],[-90.5063,46.5676],[-90.5062,46.5731],[-90.5114,46.573],[-90.5114,46.5694],[-90.5217,46.5693],[-90.5217,46.5657],[-90.5166,46.5657]]],[[[-90.5325,46.5621],[-90.5439,46.5621],[-90.5438,46.5585],[-90.5324,46.5584],[-90.5325,46.5621]]],[[[-90.5115,46.5622],[-90.5115,46.564],[-90.5166,46.5639],[-90.5168,46.5549],[-90.5066,46.555],[-90.5065,46.5586],[-90.5116,46.5586],[-90.5115,46.5622]]]]},"properties":{"PROP_NAME":"TOWN OF SAXON STATE HABITAT AREA","ACRES":359.3,"PUBLIC_ACCESS":"Open to Hiking, Fishing, Hunting and Trapping","TRANS_TYPE":1}},{"type":"Feature","geometry":{"type":"MultiPolygon","coordinates":[[[[-90.6273,46.4032],[-90.6272,46.3996],[-90.6328,46.3998],[-90.6322,46.3859],[-90.6113,46.385],[-90.6112,46.392],[-90.6218,46.3924],[-90.6218,46.403],[-90.6273,46.4032]]],[[[-90.6218,46.403],[-90.6163,46.4028],[-90.6161,46.3992],[-90.6111,46.3989],[-90.6115,46.4103],[-90.6221,46.4104],[-90.6218,46.403]]]]},"properties":{"PROP_NAME":"TOWN OF MORSE STATE HABITAT AREA","ACRES":722.21,"PUBLIC_ACCESS":"Open to Hiking, Fishing, Hunting and Trapping","TRANS_TYPE":1}},{"type":"Feature","geometry":{"type":"Polygon","coordinates":[[[-91.9643,46.2624],[-91.9643,46.2588],[-91.9617,46.2588],[-91.9617,46.2624],[-91.9643,46.2624]]]},"properties":{"PROP_NAME":"TOWN OF GORDON STATE HABITAT AREA","ACRES":19.81,"PUBLIC_ACCESS":"Open to Hiking, Fishing, Hunting and Trapping","TRANS_TYPE":1}},{"type":"Feature","geometry":{"type":"Polygon","coordinates":[[[-87.9835,45.4085],[-87.9817,45.4077],[-87.9817,45.4089],[-87.9835,45.4085]]]},"properties":{"PROP_NAME":"LONG LAKE ROAD STATE HABITAT AREA","ACRES":4.69,"PUBLIC_ACCESS":"Open to Hiking, Fishing, Hunting and Trapping","TRANS_TYPE":1}},{"type":"Feature","geometry":{"type":"Polygon","coordinates":[[[-88.0846,45.7359],[-88.0846,45.7323],[-88.0796,45.7321],[-88.0799,45.7356],[-88.0846,45.7359]]]},"properties":{"PROP_NAME":"NO BOTTOM LAKESTATE HABITAT AREA","ACRES":36.64,"PUBLIC_ACCESS":"Open to Hiking, Fishing, Hunting and Trapping","TRANS_TYPE":1}},{"type":"Feature","geometry":{"type":"Polygon","coordinates":[[[-92.6905,44.8186],[-92.6956,44.8193],[-92.6956,44.8252],[-92.7006,44.8246],[-92.6992,44.8161],[-92.6854,44.8156],[-92.6855,44.8193],[-92.6905,44.8186]]]},"properties":{"PROP_NAME":"MANION STATE HABITAT AREA","ACRES":158.16,"PUBLIC_ACCESS":"Open to Hiking, Fishing, Hunting and Trapping","TRANS_TYPE":1}},{"type":"Feature","geometry":{"type":"Polygon","coordinates":[[[-92.5173,44.8119],[-92.5173,44.819],[-92.5224,44.8192],[-92.5204,44.8119],[-92.5173,44.8119]]]},"properties":{"PROP_NAME":"RAY MORRISON MEMORIAL STATE HABITAT AREA","ACRES":64.61,"PUBLIC_ACCESS":"Open to Hiking, Fishing, Hunting and Trapping","TRANS_TYPE":1}},{"type":"Feature","geometry":{"type":"Polygon","coordinates":[[[-89.6934,44.013],[-89.6984,44.013],[-89.6984,44.0112],[-89.6934,44.0112],[-89.6934,44.013]]]},"properties":{"PROP_NAME":"TOWN OF RICHFIELD STATE HABITAT AREA","ACRES":20.12,"PUBLIC_ACCESS":"Open to Hiking, Fishing, Hunting and Trapping","TRANS_TYPE":1}},{"type":"Feature","geometry":{"type":"MultiPolygon","coordinates":[[[[-89.6156,45.5674],[-89.6155,45.5712],[-89.6206,45.5712],[-89.6208,45.5597],[-89.6259,45.5597],[-89.6259,45.5558],[-89.6002,45.5557],[-89.6002,45.5596],[-89.6053,45.5596],[-89.6053,45.5634],[-89.6001,45.5633],[-89.6001,45.567],[-89.6156,45.5674],[-89.6154,45.5652],[-89.6156,45.5674]]],[[[-92.2502,45.3603],[-92.2451,45.3603],[-92.2452,45.3639],[-92.2502,45.3638],[-92.2502,45.3603]]]]},"properties":{"PROP_NAME":"STATEWIDE WILDLIFE HABITAT - NW","ACRES":586.01,"PUBLIC_ACCESS":"Open to Hiking, Fishing, Hunting and Trapping","TRANS_TYPE":1}},{"type":"Feature","geometry":{"type":"MultiPolygon","coordinates":[[[[-89.1382,44.8517],[-89.1383,44.8559],[-89.1484,44.8558],[-89.1483,44.8482],[-89.1382,44.848],[-89.1382,44.8517]]],[[[-88.0589,44.5949],[-88.05,44.5949],[-88.0506,44.6],[-88.06,44.6001],[-88.0614,44.5948],[-88.0589,44.5949]]],[[[-89.1382,44.848],[-89.1381,44.8444],[-89.1337,44.8444],[-89.1331,44.8408],[-89.123,44.8407],[-89.1231,44.8443],[-89.1331,44.8444],[-89.1339,44.848],[-89.1382,44.848]]],[[[-88.6506,44.0799],[-88.6481,44.0799],[-88.6481,44.0834],[-88.6581,44.0835],[-88.6581,44.08],[-88.6556,44.0799],[-88.6557,44.0764],[-88.6506,44.0764],[-88.6506,44.0799]]],[[[-87.7868,43.9372],[-87.7888,43.937],[-87.7886,43.9346],[-87.7918,43.9346],[-87.7918,43.9311],[-87.7817,43.931],[-87.7818,43.9324],[-87.7839,43.9324],[-87.7833,43.9344],[-87.7871,43.9328],[-87.7872,43.9346],[-87.7841,43.9355],[-87.7868,43.9372]]],[[[-87.8258,44.276],[-87.827,44.2761],[-87.8269,44.2694],[-87.822,44.2694],[-87.822,44.2766],[-87.8258,44.276]]],[[[-87.5625,44.4145],[-87.5624,44.4086],[-87.5573,44.4072],[-87.5574,44.4145],[-87.5625,44.4145]]]]},"properties":{"PROP_NAME":"STATEWIDE WILDLIFE HABITAT - LM","ACRES":756.22,"PUBLIC_ACCESS":"Open to Hiking, Fishing, Hunting and Trapping","TRANS_TYPE":1}},{"type":"Feature","geometry":{"type":"MultiPolygon","coordinates":[[[[-91.1508,44.2982],[-91.1457,44.2983],[-91.1458,44.3019],[-91.1559,44.3018],[-91.1558,44.2982],[-91.1508,44.2982]]],[[[-89.4745,42.7897],[-89.472,42.7918],[-89.472,42.7953],[-89.4769,42.7954],[-89.477,42.7893],[-89.4794,42.7881],[-89.4747,42.7881],[-89.4762,42.7887],[-89.4745,42.7897]]],[[[-88.5392,43.2111],[-88.5442,43.2182],[-88.5407,43.2113],[-88.546,43.2103],[-88.5431,43.2096],[-88.5392,43.2111]]],[[[-89.0105,43.3615],[-89.009,43.3621],[-89.009,43.3646],[-89.0118,43.3645],[-89.014,43.3614],[-89.0155,43.3621],[-89.0133,43.3564],[-89.009,43.3573],[-89.009,43.3605],[-89.0105,43.3615]]]]},"properties":{"PROP_NAME":"STATEWIDE WILDLIFE HABITAT - SD","ACRES":239.01,"PUBLIC_ACCESS":"Open to Hiking, Fishing, Hunting and Trapping","TRANS_TYPE":1}},{"type":"Feature","geometry":{"type":"Polygon","coordinates":[[[-91.1433,44.1583],[-91.1484,44.1584],[-91.1483,44.1504],[-91.1371,44.1505],[-91.135,44.1469],[-91.133,44.147],[-91.1351,44.1469],[-91.133,44.1433],[-91.1479,44.143],[-91.1479,44.1394],[-91.152,44.1393],[-91.152,44.1319],[-91.1334,44.1397],[-91.1329,44.1343],[-91.128,44.1344],[-91.1281,44.1436],[-91.123,44.1435],[-91.123,44.145],[-91.1206,44.1458],[-91.113,44.1455],[-91.1131,44.1507],[-91.1168,44.1507],[-91.1169,44.153],[-91.1131,44.1531],[-91.1131,44.1585],[-91.1214,44.1584],[-91.1214,44.1507],[-91.1245,44.1507],[-91.1228,44.1584],[-91.1252,44.1585],[-91.1264,44.1506],[-91.1282,44.1506],[-91.1282,44.1542],[-91.1383,44.1541],[-91.1383,44.1584],[-91.1433,44.1583]]]},"properties":{"PROP_NAME":"SOUTH BEAVER CREEK WILDLIFE AREA","ACRES":1107.23,"PUBLIC_ACCESS":"Open to Hiking, Fishing, Hunting and Trapping","TRANS_TYPE":1}},{"type":"Feature","geometry":{"type":"MultiPolygon","coordinates":[[[[-91.4525,44.1613],[-91.4475,44.1622],[-91.4475,44.1712],[-91.4501,44.1722],[-91.4525,44.1686],[-91.4525,44.1722],[-91.4575,44.1723],[-91.4575,44.1686],[-91.4626,44.1687],[-91.4626,44.165],[-91.4575,44.165],[-91.4575,44.1614],[-91.4525,44.1613]]],[[[-91.4462,44.149],[-91.4462,44.1527],[-91.4424,44.1527],[-91.4414,44.1545],[-91.4425,44.1577],[-91.4525,44.1577],[-91.4525,44.1526],[-91.45,44.1526],[-91.45,44.149],[-91.4462,44.149]]],[[[-91.4461,44.1454],[-91.4492,44.1454],[-91.4482,44.1366],[-91.4449,44.1418],[-91.4423,44.1418],[-91.4436,44.149],[-91.4462,44.149],[-91.4461,44.1454]]],[[[-91.4395,44.131],[-91.4398,44.1346],[-91.4448,44.1346],[-91.4422,44.1274],[-91.4367,44.1274],[-91.4391,44.1275],[-91.4395,44.131]]],[[[-91.4525,44.1612],[-91.4525,44.1581],[-91.4475,44.1582],[-91.4501,44.1593],[-91.4475,44.1595],[-91.4525,44.1598],[-91.4475,44.1597],[-91.4475,44.1613],[-91.4525,44.1612]]]]},"properties":{"PROP_NAME":"TAMARACK CREEK WILDLIFE AREA","ACRES":588.26,"PUBLIC_ACCESS":"Open to Hiking, Fishing, Hunting and Trapping","TRANS_TYPE":1}},{"type":"Feature","geometry":{"type":"MultiPolygon","coordinates":[[[[-88.2129,42.8233],[-88.2129,42.8288],[-88.2131,42.8242],[-88.2178,42.8233],[-88.2215,42.8232],[-88.2215,42.8259],[-88.2227,42.8259],[-88.2227,42.8232],[-88.2276,42.8232],[-88.2276,42.825],[-88.2348,42.8235],[-88.236,42.8249],[-88.2348,42.8219],[-88.2375,42.8209],[-88.2376,42.8176],[-88.2474,42.8175],[-88.2475,42.8103],[-88.2576,42.8085],[-88.2575,42.8103],[-88.2625,42.8103],[-88.2627,42.7994],[-88.2577,42.7994],[-88.2578,42.7929],[-88.2614,42.7903],[-88.2579,42.7885],[-88.2578,42.7921],[-88.2478,42.7922],[-88.2478,42.7937],[-88.2428,42.7969],[-88.2428,42.7995],[-88.2379,42.7995],[-88.2377,42.8104],[-88.2254,42.8105],[-88.2253,42.8141],[-88.2179,42.8142],[-88.2179,42.8176],[-88.2101,42.8179],[-88.2129,42.8233]],[[-88.2167,42.8188],[-88.2167,42.8188],[-88.2167,42.8187],[-88.2167,42.8188]]],[[[-88.2526,42.8063],[-88.2534,42.8067],[-88.2518,42.8059],[-88.2526,42.8063]],[[-88.2554,42.8051],[-88.2476,42.8051],[-88.2476,42.803],[-88.2554,42.803],[-88.2554,42.8051]],[[-88.2455,42.803],[-88.2439,42.803],[-88.244,42.8013],[-88.2455,42.803]]],[[[-88.2211,42.8121],[-88.2214,42.8125],[-88.2219,42.8121],[-88.2211,42.8121]]],[[[-88.2204,42.8126],[-88.2207,42.813],[-88.2212,42.8124],[-88.2204,42.8126]]],[[[-88.2193,42.8133],[-88.2207,42.8133],[-88.2184,42.812],[-88.2193,42.8133]]],[[[-88.2159,42.8143],[-88.2174,42.8139],[-88.2172,42.8137],[-88.2159,42.8143]]]]},"properties":{"PROP_NAME":"TICHIGAN WILDLIFE AREA","ACRES":1561.8600000000001,"PUBLIC_ACCESS":"Open to Hiking, Fishing, Hunting and Trapping","TRANS_TYPE":1}},{"type":"Feature","geometry":{"type":"Polygon","coordinates":[[[-88.0662,45.5399],[-88.0684,45.5412],[-88.0888,45.5421],[-88.0878,45.5275],[-88.0827,45.5274],[-88.0825,45.5201],[-88.0773,45.52],[-88.0776,45.5272],[-88.0622,45.5266],[-88.0627,45.5339],[-88.0575,45.5337],[-88.0578,45.5373],[-88.0629,45.5375],[-88.063,45.5402],[-88.0662,45.5399]]]},"properties":{"PROP_NAME":"TOWN CORNER WILDLIFE AREA","ACRES":899.38,"PUBLIC_ACCESS":"Open to Hiking, Fishing, Hunting and Trapping","TRANS_TYPE":1}},{"type":"Feature","geometry":{"type":"MultiPolygon","coordinates":[[[[-88.3211,42.9041],[-88.3162,42.904],[-88.3211,42.9041],[-88.3209,42.8968],[-88.3288,42.8981],[-88.3305,42.8966],[-88.3308,42.9006],[-88.3307,42.8934],[-88.3356,42.8934],[-88.3355,42.8838],[-88.3427,42.8827],[-88.3355,42.8825],[-88.3356,42.8753],[-88.3277,42.8752],[-88.3274,42.8738],[-88.3258,42.8781],[-88.3159,42.8851],[-88.3105,42.8912],[-88.304,42.8948],[-88.3022,42.8994],[-88.3064,42.9],[-88.2972,42.9001],[-88.2972,42.8989],[-88.3016,42.899],[-88.3063,42.8927],[-88.2937,42.8995],[-88.2948,42.9038],[-88.2924,42.9038],[-88.2923,42.901],[-88.263,42.9301],[-88.2729,42.9301],[-88.2728,42.9337],[-88.2679,42.9338],[-88.2679,42.9386],[-88.258,42.9386],[-88.2601,42.9423],[-88.2579,42.9423],[-88.2579,42.9447],[-88.2728,42.9446],[-88.2727,42.9464],[-88.2814,42.9446],[-88.284,42.9429],[-88.2787,42.943],[-88.2778,42.9337],[-88.2787,42.943],[-88.2858,42.9416],[-88.279,42.9428],[-88.2781,42.94],[-88.2821,42.9379],[-88.2792,42.94],[-88.2802,42.9423],[-88.2879,42.9413],[-88.2856,42.9401],[-88.2885,42.9401],[-88.2898,42.9382],[-88.2875,42.9373],[-88.2906,42.9373],[-88.2925,42.9346],[-88.2925,42.93],[-88.2876,42.93],[-88.2876,42.9257],[-88.2976,42.9255],[-88.2975,42.9219],[-88.3024,42.9218],[-88.3032,42.9146],[-88.3064,42.9145],[-88.3065,42.9182],[-88.3114,42.9183],[-88.3115,42.9219],[-88.3138,42.922],[-88.3138,42.9183],[-88.3163,42.9184],[-88.3164,42.922],[-88.3262,42.9223],[-88.3272,42.9182],[-88.336,42.9177],[-88.3359,42.9151],[-88.3261,42.915],[-88.326,42.9078],[-88.3211,42.9076],[-88.3211,42.9041]],[[-88.297,42.9141],[-88.297,42.9141],[-88.2971,42.9147],[-88.297,42.9141]],[[-88.2727,42.9412],[-88.2727,42.941],[-88.2727,42.9427],[-88.2727,42.9412]],[[-88.2901,42.915],[-88.2876,42.9148],[-88.29,42.9148],[-88.2901,42.915]],[[-88.3029,42.909],[-88.3039,42.9073],[-88.3035,42.9109],[-88.3029,42.909]],[[-88.3113,42.902],[-88.3088,42.9019],[-88.3088,42.9001],[-88.3113,42.9001],[-88.3113,42.902]]],[[[-88.3087,42.8911],[-88.3062,42.8927],[-88.3103,42.891],[-88.3149,42.8861],[-88.3087,42.8911]]]]},"properties":{"PROP_NAME":"VERNON WILDLIFE AREA","ACRES":4342.04,"PUBLIC_ACCESS":"Open to Hiking, Fishing, Hunting and Trapping","TRANS_TYPE":1}},{"type":"Feature","geometry":{"type":"MultiPolygon","coordinates":[[[[-91.2665,45.704],[-91.2564,45.7041],[-91.2563,45.6969],[-91.2457,45.697],[-91.2458,45.6898],[-91.2406,45.6898],[-91.2405,45.6971],[-91.2352,45.6972],[-91.2352,45.7007],[-91.2458,45.7006],[-91.2458,45.7042],[-91.2511,45.7041],[-91.2511,45.7077],[-91.2564,45.7077],[-91.2564,45.7113],[-91.2614,45.7112],[-91.2615,45.7149],[-91.2665,45.7148],[-91.2665,45.7256],[-91.2818,45.7256],[-91.2818,45.7293],[-91.2921,45.7294],[-91.2922,45.733],[-91.287,45.7329],[-91.2871,45.7402],[-91.2959,45.7402],[-91.2964,45.7173],[-91.292,45.7148],[-91.2901,45.7112],[-91.292,45.7126],[-91.292,45.7076],[-91.2817,45.7076],[-91.2817,45.704],[-91.2765,45.704],[-91.2765,45.7076],[-91.2664,45.7076],[-91.2664,45.7091],[-91.2639,45.7091],[-91.2639,45.7076],[-91.2664,45.7076],[-91.2665,45.704]]],[[[-91.2964,45.7169],[-91.2964,45.7149],[-91.2943,45.7148],[-91.2964,45.7169]]]]},"properties":{"PROP_NAME":"WEIRGOR SPRINGS WILDLIFE AREA","ACRES":1954.8700000000001,"PUBLIC_ACCESS":"Open to Hiking, Fishing, Hunting and Trapping","TRANS_TYPE":1}},{"type":"Feature","geometry":{"type":"Polygon","coordinates":[[[-92.5346,44.9277],[-92.5329,44.9278],[-92.5329,44.9284],[-92.5346,44.9277]]]},"properties":{"PROP_NAME":"WESTERN PRAIRIE HABITAT RESTORATION AREA","ACRES":1.3800000000000001,"PUBLIC_ACCESS":"Open to Hiking, Fishing, Hunting and Trapping","TRANS_TYPE":1}},{"type":"Feature","geometry":{"type":"Polygon","coordinates":[[[-92.3246,45.0954],[-92.3247,45.099],[-92.3349,45.0993],[-92.3349,45.0921],[-92.3338,45.0931],[-92.3245,45.0918],[-92.3246,45.0954]]]},"properties":{"PROP_NAME":"EMERALD VALLEY STATE HABITAT AREA-WESTERN PRAIRIE HABITAT RESTORATION AREA","ACRES":154.8,"PUBLIC_ACCESS":"Open to Hiking, Fishing, Hunting and Trapping","TRANS_TYPE":1}},{"type":"Feature","geometry":{"type":"MultiPolygon","coordinates":[[[[-92.4473,45.105],[-92.4576,45.105],[-92.4566,45.1033],[-92.4576,45.1013],[-92.4473,45.1014],[-92.4473,45.105]]],[[[-92.4619,45.1149],[-92.4633,45.1138],[-92.4598,45.1125],[-92.4598,45.1109],[-92.4575,45.1117],[-92.4574,45.1134],[-92.4619,45.1149]]],[[[-92.4725,45.1184],[-92.4762,45.1183],[-92.4775,45.1164],[-92.4726,45.1165],[-92.4725,45.1184]]],[[[-92.4672,45.1225],[-92.4683,45.1232],[-92.4665,45.1267],[-92.4714,45.1225],[-92.4673,45.12],[-92.4672,45.1225]]]]},"properties":{"PROP_NAME":"ERIN PRAIRIE STATE HABITAT AREA-WESTERN PRAIRIE HABITAT RESTORATION AREA","ACRES":148.35,"PUBLIC_ACCESS":"Open to Hiking, Fishing, Hunting and Trapping","TRANS_TYPE":1}},{"type":"Feature","geometry":{"type":"Polygon","coordinates":[[[-92.5477,45.0737],[-92.5547,45.0736],[-92.5547,45.07],[-92.5528,45.07],[-92.5528,45.0718],[-92.5477,45.0718],[-92.5477,45.0737]]]},"properties":{"PROP_NAME":"LUNDY POND STATE HABITAT AREA-WESTERN PRAIRIE HABITAT RESTORATION AREA","ACRES":35.39,"PUBLIC_ACCESS":"Open to Hiking, Fishing, Hunting and Trapping","TRANS_TYPE":1}},{"type":"Feature","geometry":{"type":"Polygon","coordinates":[[[-92.3996,45.162],[-92.4058,45.1614],[-92.4057,45.1548],[-92.3995,45.1548],[-92.3995,45.1507],[-92.3943,45.1507],[-92.3945,45.1584],[-92.3893,45.1584],[-92.3894,45.162],[-92.3983,45.1608],[-92.3996,45.162]]]},"properties":{"PROP_NAME":"ODEN STATE HABITAT AREA-WESTERN PRAIRIE HABITAT RESTORATION AREA","ACRES":248.56,"PUBLIC_ACCESS":"Open to Hiking, Fishing, Hunting and Trapping","TRANS_TYPE":1}},{"type":"Feature","geometry":{"type":"Polygon","coordinates":[[[-92.4172,45.2451],[-92.4174,45.2487],[-92.4124,45.2487],[-92.4122,45.2452],[-92.4088,45.2452],[-92.409,45.2501],[-92.4124,45.2501],[-92.4126,45.2559],[-92.4104,45.2559],[-92.4073,45.2488],[-92.4031,45.2488],[-92.4036,45.256],[-92.4056,45.256],[-92.4058,45.2595],[-92.4077,45.2595],[-92.4079,45.2643],[-92.4142,45.2684],[-92.4129,45.2631],[-92.4179,45.2631],[-92.4177,45.2559],[-92.4228,45.2559],[-92.4219,45.238],[-92.4193,45.238],[-92.4195,45.2398],[-92.4169,45.2399],[-92.417,45.2416],[-92.412,45.2416],[-92.4122,45.2452],[-92.4172,45.2451]],[[-92.416,45.2588],[-92.4164,45.2605],[-92.414,45.2605],[-92.416,45.2588]],[[-92.4162,45.2523],[-92.416,45.2503],[-92.4195,45.2503],[-92.4198,45.2537],[-92.4164,45.2543],[-92.4162,45.2523]]]},"properties":{"PROP_NAME":"PARKER CREEK STATE HABITAT AREA-WESTERN PRAIRIE HABITAT RESTORATION AREA","ACRES":587.4300000000001,"PUBLIC_ACCESS":"Open to Hiking, Fishing, Hunting and Trapping","TRANS_TYPE":1}},{"type":"Feature","geometry":{"type":"Polygon","coordinates":[[[-92.4052,44.8947],[-92.4052,44.8983],[-92.4129,44.8983],[-92.4134,44.8911],[-92.4052,44.8911],[-92.4052,44.8947]]]},"properties":{"PROP_NAME":"RUSH RIVER STATE HABITAT AREA-WESTERN PRAIRIE HABITAT RESTORATION AREA","ACRES":124.13000000000001,"PUBLIC_ACCESS":"Open to Hiking, Fishing, Hunting and Trapping","TRANS_TYPE":1}},{"type":"Feature","geometry":{"type":"Polygon","coordinates":[[[-92.6417,45.0631],[-92.6421,45.0642],[-92.6463,45.0633],[-92.6417,45.0631]]]},"properties":{"PROP_NAME":"SIMON PRAIRIE STATE HABITAT AREA-WESTERN PRAIRIE HABITAT RESTORATION AREA","ACRES":7.38,"PUBLIC_ACCESS":"Open to Hiking, Fishing, Hunting and Trapping","TRANS_TYPE":1}},{"type":"Feature","geometry":{"type":"Polygon","coordinates":[[[-92.5476,45.0645],[-92.5527,45.0645],[-92.5527,45.0629],[-92.5591,45.062],[-92.568,45.0622],[-92.568,45.0609],[-92.5629,45.0609],[-92.5629,45.0573],[-92.5495,45.0573],[-92.5494,45.0531],[-92.5475,45.0531],[-92.5476,45.0645]],[[-92.5578,45.0609],[-92.5549,45.0599],[-92.5578,45.0598],[-92.5578,45.0609]]]},"properties":{"PROP_NAME":"TEN MILE CREEK STATE HABITAT AREA-WESTERN PRAIRIE HABITAT RESTORATION AREA","ACRES":215.68,"PUBLIC_ACCESS":"Open to Hiking, Fishing, Hunting and Trapping","TRANS_TYPE":1}},{"type":"Feature","geometry":{"type":"Polygon","coordinates":[[[-90.8227,46.5269],[-90.8227,46.5233],[-90.8332,46.5233],[-90.8333,46.5269],[-90.8385,46.5269],[-90.8385,46.5196],[-90.8437,46.5196],[-90.8434,46.5158],[-90.8331,46.5161],[-90.8333,46.5053],[-90.8176,46.5053],[-90.8175,46.5089],[-90.807,46.5088],[-90.807,46.5124],[-90.8122,46.5124],[-90.8122,46.516],[-90.807,46.516],[-90.8071,46.5195],[-90.8019,46.5195],[-90.8019,46.5305],[-90.8071,46.5305],[-90.8071,46.5269],[-90.8175,46.5269],[-90.8175,46.5233],[-90.8175,46.5269],[-90.8227,46.5269]]]},"properties":{"PROP_NAME":"WHITE RIVER WILDLIFE AREA-ASHLAND","ACRES":1271.77,"PUBLIC_ACCESS":"Open to Hiking, Fishing, Hunting and Trapping","TRANS_TYPE":1}},{"type":"Feature","geometry":{"type":"MultiPolygon","coordinates":[[[[-89.9861,42.7705],[-89.9861,42.77],[-89.9854,42.77],[-89.9861,42.7705]]],[[[-89.9662,42.7881],[-89.9759,42.7874],[-89.976,42.7773],[-89.9663,42.7772],[-89.9662,42.7881]]],[[[-89.9861,42.7705],[-89.9929,42.7776],[-89.9847,42.781],[-89.9983,42.781],[-89.9983,42.7868],[-89.996,42.7894],[-89.9963,42.792],[-90.0155,42.7919],[-90.0155,42.7884],[-90.0106,42.7883],[-90.0155,42.7884],[-90.0155,42.7848],[-90.0327,42.7847],[-90.0328,42.7883],[-90.0415,42.7884],[-90.04,42.7811],[-90.0351,42.7811],[-90.0351,42.7792],[-90.0317,42.7789],[-90.0352,42.7761],[-90.0352,42.7738],[-90.0353,42.776],[-90.0388,42.7743],[-90.0402,42.7702],[-90.035,42.7701],[-90.0353,42.7611],[-90.0158,42.7623],[-90.0158,42.7578],[-90.0132,42.7578],[-90.0132,42.7551],[-90.0112,42.7551],[-90.0088,42.7631],[-90.0062,42.7655],[-90.0061,42.7623],[-90.0012,42.7623],[-90.0009,42.7508],[-89.9965,42.7508],[-89.9961,42.7562],[-89.9913,42.7608],[-89.9911,42.755],[-89.996,42.755],[-89.996,42.7514],[-89.9812,42.7514],[-89.9811,42.7477],[-89.9763,42.7477],[-89.9763,42.7513],[-89.9616,42.7515],[-89.9616,42.7533],[-89.9565,42.7533],[-89.9565,42.7553],[-89.952,42.7553],[-89.952,42.7623],[-89.9564,42.7617],[-89.9565,42.757],[-89.9591,42.757],[-89.9579,42.7573],[-89.9588,42.7606],[-89.9658,42.7613],[-89.9692,42.767],[-89.9767,42.7715],[-89.9861,42.7705]],[[-90.0013,42.7737],[-90.0023,42.7728],[-90.0019,42.7737],[-90.0013,42.7737]],[[-89.9986,42.777],[-89.9986,42.777],[-89.9986,42.7771],[-89.9986,42.777]],[[-89.9986,42.7774],[-89.9986,42.7773],[-89.9986,42.7782],[-89.9986,42.7774]],[[-90.0106,42.7774],[-90.0155,42.7774],[-90.0155,42.7774],[-90.0106,42.7774]],[[-90.0106,42.7811],[-90.0106,42.7811],[-90.0155,42.7811],[-90.0106,42.7811]],[[-90.0255,42.7701],[-90.0209,42.7701],[-90.0205,42.7701],[-90.0255,42.7701]]]]},"properties":{"PROP_NAME":"YELLOWSTONE WILDLIFE AREA","ACRES":4444.03,"PUBLIC_ACCESS":"Open to Hiking, Fishing, Hunting and Trapping","TRANS_TYPE":1}},{"type":"Feature","geometry":{"type":"MultiPolygon","coordinates":[[[[-91.9993,44.6147],[-91.9981,44.6119],[-91.9897,44.6156],[-91.9864,44.6185],[-91.9866,44.6255],[-91.9991,44.6244],[-91.9991,44.6219],[-92.0041,44.6219],[-92.004,44.619],[-92.0019,44.6162],[-91.9991,44.617],[-91.9993,44.6147]]],[[[-92.0415,44.7599],[-92.045,44.7603],[-92.0451,44.7567],[-92.0399,44.7567],[-92.0399,44.7547],[-92.039,44.7567],[-92.0398,44.7494],[-92.0424,44.7494],[-92.0378,44.7421],[-92.0364,44.7421],[-92.0346,44.7434],[-92.0347,44.7603],[-92.0415,44.7599]]],[[[-91.6991,44.7119],[-91.7009,44.7054],[-91.6907,44.7063],[-91.6906,44.712],[-91.6991,44.7119]]],[[[-91.8748,45.0343],[-91.8753,45.0309],[-91.855,45.0308],[-91.8585,45.0345],[-91.8652,45.0345],[-91.8652,45.0314],[-91.8671,45.0329],[-91.8705,45.0314],[-91.8715,45.0346],[-91.8748,45.0343]]],[[[-91.8287,44.8682],[-91.8288,44.8751],[-91.834,44.8754],[-91.8338,44.8673],[-91.8287,44.8682]]],[[[-91.7928,44.8589],[-91.7928,44.8607],[-91.7979,44.8608],[-91.7979,44.8639],[-91.8031,44.8656],[-91.803,44.859],[-91.7928,44.8589]]],[[[-91.8082,44.8646],[-91.8083,44.8717],[-91.8134,44.8718],[-91.8133,44.8646],[-91.8082,44.8646]]],[[[-92.0952,44.8864],[-92.0953,44.8822],[-92.0909,44.8833],[-92.0909,44.887],[-92.0952,44.8864]]],[[[-91.7111,44.7089],[-91.711,44.7071],[-91.7059,44.7072],[-91.7059,44.709],[-91.7111,44.7089]]],[[[-91.943,44.9932],[-91.9429,44.9914],[-91.9404,44.9914],[-91.9405,44.995],[-91.943,44.995],[-91.943,44.9932]]],[[[-91.6792,45.0118],[-91.6767,45.0117],[-91.6767,45.0154],[-91.6792,45.0154],[-91.6792,45.0118]]],[[[-91.8005,44.868],[-91.798,44.8644],[-91.798,44.868],[-91.8005,44.868]]]]},"properties":{"PROP_NAME":"EXTENSIVE WL HABITAT - WD","ACRES":1191.21,"PUBLIC_ACCESS":"Open to Hiking, Fishing, Hunting and Trapping","TRANS_TYPE":1}},{"type":"Feature","geometry":{"type":"Polygon","coordinates":[[[-91.6991,44.711],[-91.7111,44.7126],[-91.7111,44.7089],[-91.7059,44.709],[-91.7059,44.7053],[-91.7009,44.7054],[-91.7008,44.709],[-91.6991,44.709],[-91.6991,44.711]]]},"properties":{"PROP_NAME":"ROCK FALLS WILDLIFE AREA","ACRES":116.23,"PUBLIC_ACCESS":"Open to Hiking, Fishing, Hunting and Trapping","TRANS_TYPE":1}},{"type":"Feature","geometry":{"type":"MultiPolygon","coordinates":[[[[-87.5116,44.4628],[-87.5117,44.4627],[-87.5116,44.4626],[-87.5116,44.4628]]],[[[-87.5081,44.4619],[-87.5113,44.4629],[-87.5031,44.4598],[-87.5081,44.4619]]],[[[-87.5165,44.4692],[-87.5169,44.4729],[-87.5173,44.4729],[-87.5165,44.4692]]],[[[-87.5016,44.4695],[-87.5117,44.4729],[-87.5013,44.4688],[-87.5016,44.4695]]],[[[-87.4406,44.6117],[-87.441,44.6114],[-87.4397,44.6112],[-87.4406,44.6117]]],[[[-87.4547,44.6177],[-87.4537,44.6165],[-87.4645,44.6178],[-87.4778,44.616],[-87.569,44.5807],[-87.5869,44.5686],[-87.606,44.566],[-87.61,44.5595],[-87.6244,44.5547],[-87.6329,44.5488],[-87.6428,44.5333],[-87.6466,44.5305],[-87.6505,44.5309],[-87.6727,44.5532],[-87.6782,44.5554],[-87.6854,44.5539],[-87.6994,44.5401],[-87.705,44.5381],[-87.6991,44.5399],[-87.6851,44.5537],[-87.6782,44.5551],[-87.6723,44.5524],[-87.6497,44.5296],[-87.6448,44.5226],[-87.6393,44.5193],[-87.6183,44.5152],[-87.6068,44.5179],[-87.5999,44.5259],[-87.593,44.5259],[-87.582,44.5114],[-87.5755,44.506],[-87.5763,44.5011],[-87.573,44.4933],[-87.5652,44.4841],[-87.5554,44.4637],[-87.5501,44.461],[-87.5386,44.4617],[-87.5336,44.4645],[-87.5237,44.477],[-87.5178,44.4766],[-87.5208,44.478],[-87.5239,44.4771],[-87.5371,44.4626],[-87.5487,44.4612],[-87.5535,44.4624],[-87.5649,44.4843],[-87.5726,44.4933],[-87.5759,44.5012],[-87.5752,44.5061],[-87.5817,44.5116],[-87.5924,44.5258],[-87.5995,44.5264],[-87.6076,44.5178],[-87.6225,44.5153],[-87.6413,44.5204],[-87.65,44.5304],[-87.643,44.5324],[-87.6329,44.5484],[-87.6243,44.5546],[-87.6099,44.5594],[-87.6064,44.5656],[-87.5868,44.5685],[-87.5688,44.5805],[-87.5078,44.6046],[-87.4776,44.6158],[-87.4644,44.6176],[-87.4523,44.6159],[-87.4411,44.6115],[-87.4547,44.6177]]],[[[-87.4546,44.6177],[-87.4558,44.6201],[-87.4548,44.6213],[-87.4566,44.6213],[-87.46,44.6257],[-87.457,44.6213],[-87.4594,44.6213],[-87.4594,44.6193],[-87.4559,44.6193],[-87.457,44.6177],[-87.4555,44.6189],[-87.4546,44.6177]]],[[[-87.4735,44.6496],[-87.4597,44.6259],[-87.4768,44.6557],[-87.4767,44.6646],[-87.4822,44.6838],[-87.4944,44.7013],[-87.4984,44.7151],[-87.4948,44.7012],[-87.4826,44.6838],[-87.4771,44.6646],[-87.4774,44.6566],[-87.4735,44.6496]]],[[[-87.4331,44.7675],[-87.4526,44.7577],[-87.4738,44.7517],[-87.4864,44.7442],[-87.5003,44.7275],[-87.4984,44.7151],[-87.5,44.7274],[-87.4862,44.7441],[-87.4681,44.7535],[-87.4516,44.7578],[-87.4331,44.7675]]],[[[-87.4331,44.7675],[-87.428,44.7704],[-87.4079,44.7844],[-87.4331,44.7675]]],[[[-87.3758,44.8062],[-87.3794,44.8025],[-87.3822,44.8025],[-87.3822,44.8011],[-87.3897,44.7975],[-87.4078,44.7845],[-87.3893,44.7975],[-87.3792,44.8023],[-87.3758,44.8062]],[[-87.3796,44.8024],[-87.3796,44.8024],[-87.3796,44.8024],[-87.3796,44.8024]]],[[[-87.3754,44.8062],[-87.3754,44.8063],[-87.3758,44.8062],[-87.3754,44.8062]]],[[[-87.3745,44.8098],[-87.372,44.8101],[-87.3749,44.8101],[-87.3745,44.8098]]],[[[-87.3643,44.8133],[-87.3669,44.8126],[-87.3658,44.812],[-87.3643,44.8133]]],[[[-87.3618,44.8133],[-87.3624,44.8169],[-87.3624,44.8135],[-87.3643,44.8133],[-87.3618,44.8133]]],[[[-87.3473,44.8301],[-87.3465,44.8301],[-87.3465,44.8313],[-87.3473,44.8301]]]]},"properties":{"PROP_NAME":"AHNAPEE STATE TRAIL","ACRES":566.25,"PUBLIC_ACCESS":"Open to Hiking, Fishing, Hunting and Trapping","TRANS_TYPE":1}},{"type":"Feature","geometry":{"type":"MultiPolygon","coordinates":[[[[-91.888,46.6149],[-91.8882,46.6258],[-91.9092,46.6258],[-91.9093,46.6113],[-91.902,46.6113],[-91.9021,46.6065],[-91.8882,46.6055],[-91.8881,46.6074],[-91.8857,46.6074],[-91.8855,46.6113],[-91.8879,46.6113],[-91.888,46.6149]]],[[[-91.8932,46.6056],[-91.8936,46.6041],[-91.8883,46.6041],[-91.8882,46.6052],[-91.8932,46.6056]]]]},"properties":{"PROP_NAME":"AMNICON FALLS STATE PARK","ACRES":833.39,"PUBLIC_ACCESS":"Open to Hiking, Fishing, Hunting and Trapping","TRANS_TYPE":1}},{"type":"Feature","geometry":{"type":"MultiPolygon","coordinates":[[[[-89.6408,43.4671],[-89.6556,43.4671],[-89.6555,43.4599],[-89.6383,43.4599],[-89.6382,43.4563],[-89.6307,43.4564],[-89.6308,43.4635],[-89.6408,43.4653],[-89.6408,43.4671]]],[[[-89.923,43.3367],[-89.9317,43.3367],[-89.9318,43.3332],[-89.9232,43.3332],[-89.923,43.3367]]],[[[-89.9603,43.3378],[-89.9607,43.3425],[-89.9643,43.3467],[-89.9645,43.3401],[-89.9603,43.3378]]],[[[-89.9004,43.3913],[-89.8962,43.3913],[-89.8962,43.3949],[-89.9012,43.3949],[-89.9004,43.3913]]],[[[-89.7635,43.4128],[-89.7635,43.4165],[-89.7726,43.4165],[-89.7722,43.4142],[-89.7684,43.4129],[-89.7684,43.4093],[-89.7635,43.4092],[-89.7635,43.4128]]],[[[-89.7636,43.4273],[-89.7586,43.4273],[-89.7586,43.431],[-89.7686,43.431],[-89.7703,43.4275],[-89.7722,43.4275],[-89.7686,43.4273],[-89.7686,43.4246],[-89.7661,43.4237],[-89.7636,43.4237],[-89.7636,43.4273]]],[[[-89.6486,43.4311],[-89.6527,43.431],[-89.6534,43.4298],[-89.6554,43.431],[-89.6555,43.4237],[-89.6505,43.4238],[-89.6486,43.4311]],[[-89.6505,43.4303],[-89.6509,43.4309],[-89.6502,43.4309],[-89.6505,43.4303]],[[-89.6534,43.4291],[-89.6532,43.4297],[-89.6524,43.4287],[-89.6534,43.4291]],[[-89.6553,43.4274],[-89.6553,43.4286],[-89.6531,43.4286],[-89.653,43.427],[-89.6553,43.4274]]],[[[-89.6256,43.4348],[-89.6255,43.4384],[-89.628,43.4384],[-89.6281,43.4348],[-89.6256,43.4348]]],[[[-89.6058,43.4348],[-89.6058,43.4384],[-89.6108,43.4384],[-89.6108,43.4348],[-89.6058,43.4348]]],[[[-89.5968,43.4349],[-89.5969,43.4385],[-89.6008,43.4384],[-89.6008,43.4348],[-89.5968,43.4349]]],[[[-89.6455,43.44],[-89.6455,43.4418],[-89.6504,43.4418],[-89.6504,43.4387],[-89.6479,43.4397],[-89.6472,43.4375],[-89.6455,43.4372],[-89.6455,43.44]]],[[[-89.6703,43.4382],[-89.6667,43.4382],[-89.663,43.4416],[-89.6624,43.4443],[-89.6703,43.4443],[-89.6703,43.4418],[-89.6716,43.4418],[-89.6715,43.4382],[-89.6703,43.4382]]],[[[-89.6921,43.4562],[-89.6952,43.4562],[-89.6952,43.4526],[-89.6902,43.4527],[-89.6903,43.4562],[-89.6921,43.4562]]]]},"properties":{"PROP_NAME":"BARABOO HILLS STATE RECREATION AREA","ACRES":1136.9,"PUBLIC_ACCESS":"Open to Hiking, Fishing, Hunting and Trapping","TRANS_TYPE":1}},{"type":"Feature","geometry":{"type":"MultiPolygon","coordinates":[[[[-89.7118,45.7832],[-89.7205,45.794],[-89.7121,45.7831],[-89.7131,45.7758],[-89.7094,45.772],[-89.7096,45.7649],[-89.6998,45.765],[-89.6991,45.7635],[-89.6986,45.7579],[-89.7026,45.744],[-89.7,45.7377],[-89.6941,45.73],[-89.6943,45.724],[-89.6899,45.7134],[-89.6798,45.7085],[-89.677,45.7031],[-89.678,45.6995],[-89.668,45.6955],[-89.6599,45.6836],[-89.6551,45.6792],[-89.6541,45.6748],[-89.6548,45.6673],[-89.6583,45.659],[-89.6882,45.6485],[-89.6881,45.6467],[-89.691,45.6449],[-89.6881,45.6463],[-89.6869,45.645],[-89.6851,45.6475],[-89.683,45.6471],[-89.683,45.6486],[-89.6844,45.6486],[-89.6588,45.6579],[-89.6544,45.6673],[-89.6537,45.6748],[-89.6548,45.6793],[-89.6597,45.6843],[-89.6631,45.6905],[-89.6677,45.6957],[-89.6743,45.6982],[-89.6742,45.703],[-89.6766,45.7031],[-89.6806,45.7095],[-89.6896,45.7135],[-89.6939,45.7241],[-89.6938,45.7324],[-89.6953,45.7324],[-89.699,45.7374],[-89.7018,45.7443],[-89.6994,45.7542],[-89.6966,45.7542],[-89.6992,45.7686],[-89.7019,45.7686],[-89.7117,45.774],[-89.7128,45.7766],[-89.7118,45.7832]],[[-89.7043,45.7701],[-89.7023,45.7686],[-89.7043,45.7686],[-89.7043,45.7701]]],[[[-89.7153,45.6],[-89.7166,45.5926],[-89.7092,45.5926],[-89.7106,45.5927],[-89.7107,45.5962],[-89.7092,45.5962],[-89.7145,45.5963],[-89.7153,45.6]]],[[[-89.7315,45.8476],[-89.7316,45.8488],[-89.732,45.8466],[-89.7271,45.8395],[-89.7309,45.8275],[-89.7292,45.8199],[-89.7309,45.8086],[-89.7291,45.8052],[-89.7305,45.8085],[-89.7289,45.8199],[-89.7302,45.829],[-89.7268,45.8395],[-89.7315,45.8476]]],[[[-89.7282,45.8574],[-89.7302,45.8538],[-89.7335,45.853],[-89.7324,45.8502],[-89.7263,45.8574],[-89.7263,45.8588],[-89.7314,45.8589],[-89.7314,45.8575],[-89.7282,45.8574]]],[[[-89.7113,45.5707],[-89.7113,45.5727],[-89.7117,45.5706],[-89.7133,45.5721],[-89.7118,45.5696],[-89.7124,45.5682],[-89.714,45.5688],[-89.7139,45.567],[-89.7127,45.5673],[-89.7138,45.5643],[-89.7124,45.5644],[-89.7113,45.5707]]],[[[-89.7147,45.5822],[-89.7174,45.589],[-89.7171,45.5854],[-89.7118,45.5775],[-89.7112,45.5729],[-89.7114,45.5773],[-89.7147,45.5822]]],[[[-89.6913,45.6446],[-89.7022,45.6392],[-89.7004,45.6382],[-89.6957,45.643],[-89.6897,45.6447],[-89.6913,45.6446]]],[[[-89.7136,45.5599],[-89.7124,45.5644],[-89.7138,45.5642],[-89.7136,45.5599]]],[[[-89.7256,45.8611],[-89.721,45.867],[-89.7274,45.8592],[-89.7256,45.8611]]],[[[-89.7049,45.6285],[-89.704,45.6314],[-89.7066,45.6251],[-89.7049,45.6285]]],[[[-89.7144,45.6036],[-89.7123,45.6072],[-89.7131,45.6072],[-89.7144,45.6036]]],[[[-89.7255,45.8003],[-89.7291,45.8052],[-89.7296,45.8052],[-89.7255,45.8003]]],[[[-89.7034,45.6323],[-89.701,45.6372],[-89.7013,45.6374],[-89.7034,45.6323]]],[[[-89.7201,45.7941],[-89.7218,45.7968],[-89.7233,45.7978],[-89.7201,45.7941]]],[[[-89.7195,45.8688],[-89.7162,45.8712],[-89.7192,45.8702],[-89.7195,45.8688]],[[-89.7232,45.7982],[-89.7255,45.8006],[-89.7228,45.7978],[-89.7232,45.7982]]],[[[-89.7144,45.6036],[-89.7154,45.6029],[-89.7136,45.6036],[-89.7144,45.6036]]],[[[-89.7131,45.8712],[-89.7123,45.8714],[-89.7133,45.8716],[-89.7131,45.8712]]],[[[-89.713,45.5596],[-89.7133,45.5597],[-89.7133,45.5593],[-89.713,45.5596]]]]},"properties":{"PROP_NAME":"BEARSKIN STATE TRAIL","ACRES":590.39,"PUBLIC_ACCESS":"Open to Hiking, Fishing, Hunting and Trapping","TRANS_TYPE":1}},{"type":"Feature","geometry":{"type":"Polygon","coordinates":[[[-90.3434,42.7772],[-90.3582,42.7771],[-90.3581,42.7734],[-90.3532,42.7735],[-90.3531,42.7672],[-90.3433,42.7668],[-90.3434,42.7772]]]},"properties":{"PROP_NAME":"BELMONT MOUND STATE PARK","ACRES":276.09000000000003,"PUBLIC_ACCESS":"Open to Hiking, Fishing, Hunting and Trapping","TRANS_TYPE":1}},{"type":"Feature","geometry":{"type":"MultiPolygon","coordinates":[[[[-89.8604,43.0353],[-89.863,43.0353],[-89.863,43.0318],[-89.8655,43.0318],[-89.8655,43.0278],[-89.863,43.0278],[-89.863,43.0224],[-89.8532,43.0207],[-89.8532,43.0171],[-89.8388,43.0219],[-89.8342,43.0216],[-89.8342,43.0231],[-89.8301,43.0199],[-89.8291,43.0319],[-89.8407,43.0318],[-89.8398,43.0355],[-89.8456,43.0354],[-89.8456,43.039],[-89.8578,43.0389],[-89.8579,43.0354],[-89.853,43.0354],[-89.8604,43.0353]],[[-89.8384,43.0232],[-89.8384,43.0237],[-89.8384,43.022],[-89.8384,43.0232]]],[[[-89.852,43.0171],[-89.8493,43.0172],[-89.8493,43.0178],[-89.852,43.0171]]]]},"properties":{"PROP_NAME":"BLUE MOUND STATE PARK","ACRES":1142.06,"PUBLIC_ACCESS":"Open to Hiking, Fishing, Hunting and Trapping","TRANS_TYPE":1}},{"type":"Feature","geometry":{"type":"MultiPolygon","coordinates":[[[[-91.3823,44.5528],[-91.3468,44.5591],[-91.3093,44.5609],[-91.28,44.57],[-91.2522,44.5763],[-91.2802,44.5703],[-91.3093,44.5612],[-91.3477,44.5593],[-91.3823,44.5528]]],[[[-91.5392,44.58],[-91.6257,44.569],[-91.6505,44.569],[-91.6553,44.5673],[-91.6555,44.5683],[-91.6598,44.5652],[-91.6505,44.5686],[-91.6253,44.5688],[-91.5392,44.58]]],[[[-91.0493,44.5823],[-91.0341,44.5856],[-91.0282,44.5918],[-91.0233,44.5945],[-90.9845,44.5958],[-90.9709,44.603],[-90.9846,44.5961],[-91.0234,44.5947],[-91.0285,44.592],[-91.0344,44.5858],[-91.0493,44.5823]]],[[[-91.2114,44.5893],[-91.2033,44.5918],[-91.1826,44.5917],[-91.1446,44.5867],[-91.1249,44.5863],[-91.1446,44.587],[-91.1826,44.592],[-91.2033,44.592],[-91.2114,44.5893]]],[[[-91.4934,44.5768],[-91.4883,44.5759],[-91.4883,44.5742],[-91.4718,44.5728],[-91.4479,44.565],[-91.4717,44.5731],[-91.4934,44.5768]]],[[[-91.4479,44.565],[-91.4032,44.5505],[-91.3927,44.5511],[-91.4031,44.5507],[-91.4479,44.565]]],[[[-91.1249,44.5866],[-91.0749,44.5816],[-91.0849,44.5837],[-91.1249,44.5866]]],[[[-91.5391,44.58],[-91.5038,44.5787],[-91.5086,44.5799],[-91.5391,44.58]],[[-91.5087,44.5797],[-91.5087,44.5797],[-91.5088,44.5797],[-91.5087,44.5797]],[[-91.508,44.5797],[-91.508,44.5797],[-91.5084,44.5797],[-91.508,44.5797]],[[-91.5067,44.5796],[-91.5046,44.5792],[-91.5068,44.5796],[-91.5067,44.5796]]],[[[-91.2522,44.576],[-91.2345,44.5769],[-91.2286,44.5793],[-91.2347,44.5772],[-91.2522,44.576]]],[[[-91.0699,44.581],[-91.0526,44.5818],[-91.0493,44.5826],[-91.0699,44.581]]],[[[-91.2216,44.5844],[-91.2125,44.5886],[-91.2191,44.5864],[-91.2216,44.5844]]],[[[-91.383,44.5528],[-91.3887,44.5516],[-91.3823,44.5526],[-91.383,44.5528]]],[[[-91.2217,44.5847],[-91.2287,44.5795],[-91.2216,44.5844],[-91.2217,44.5847]]],[[[-91.4986,44.5778],[-91.4934,44.5768],[-91.4963,44.5776],[-91.4986,44.5778]]],[[[-91.5038,44.5787],[-91.4986,44.5778],[-91.5038,44.579],[-91.5038,44.5787]]],[[[-91.0749,44.5819],[-91.0724,44.5812],[-91.0699,44.581],[-91.0749,44.5819]]],[[[-91.3924,44.5512],[-91.3924,44.5511],[-91.3901,44.5516],[-91.3924,44.5512]]],[[[-91.3889,44.5517],[-91.3889,44.5517],[-91.39,44.5515],[-91.3889,44.5517]]],[[[-91.2117,44.5892],[-91.2114,44.589],[-91.2114,44.5893],[-91.2117,44.5892]]]]},"properties":{"PROP_NAME":"BUFFALO RIVER STATE TRAIL","ACRES":450.21000000000004,"PUBLIC_ACCESS":"Open to Hiking, Fishing, Hunting and Trapping","TRANS_TYPE":1}},{"type":"Feature","geometry":{"type":"MultiPolygon","coordinates":[[[[-88.2042,45.3368],[-88.2044,45.3297],[-88.2131,45.3299],[-88.2122,45.326],[-88.2157,45.3252],[-88.2183,45.3274],[-88.218,45.329],[-88.2146,45.3305],[-88.2144,45.337],[-88.2248,45.3372],[-88.2247,45.3408],[-88.2197,45.3407],[-88.2247,45.3444],[-88.2445,45.3446],[-88.2459,45.3465],[-88.2448,45.3471],[-88.2499,45.3484],[-88.2517,45.3471],[-88.2462,45.3464],[-88.2502,45.3445],[-88.2522,45.346],[-88.2536,45.3448],[-88.2521,45.3474],[-88.2553,45.3457],[-88.2561,45.3469],[-88.2567,45.3455],[-88.255,45.3447],[-88.2562,45.3438],[-88.2588,45.3433],[-88.2591,45.3451],[-88.2616,45.3445],[-88.2617,45.343],[-88.2648,45.343],[-88.265,45.3446],[-88.2592,45.3462],[-88.2618,45.3464],[-88.2551,45.3474],[-88.2549,45.3505],[-88.2532,45.3513],[-88.2583,45.3493],[-88.2704,45.3526],[-88.2708,45.3382],[-88.2759,45.3383],[-88.2762,45.3275],[-88.2711,45.3274],[-88.271,45.331],[-88.2557,45.3306],[-88.2558,45.327],[-88.2507,45.3269],[-88.2507,45.3233],[-88.2558,45.3234],[-88.2559,45.3201],[-88.252,45.3212],[-88.2508,45.3198],[-88.2559,45.3199],[-88.2456,45.3197],[-88.2455,45.3303],[-88.2403,45.3303],[-88.2405,45.3232],[-88.2353,45.3231],[-88.2354,45.3201],[-88.2302,45.3203],[-88.2354,45.3195],[-88.2099,45.3192],[-88.2096,45.3264],[-88.1995,45.326],[-88.1974,45.3294],[-88.1994,45.3292],[-88.1992,45.3324],[-88.198,45.3326],[-88.2005,45.3347],[-88.2005,45.3367],[-88.2042,45.3368]],[[-88.2486,45.3431],[-88.2486,45.3433],[-88.2486,45.3432],[-88.2486,45.3431]],[[-88.2607,45.3481],[-88.2608,45.3485],[-88.2602,45.3487],[-88.2607,45.3481]],[[-88.2653,45.3459],[-88.2654,45.3462],[-88.2643,45.3463],[-88.2653,45.3459]]],[[[-88.2093,45.3369],[-88.2094,45.3334],[-88.2043,45.3333],[-88.2042,45.3368],[-88.2093,45.3369]]],[[[-88.2004,45.3217],[-88.2022,45.3226],[-88.2022,45.3217],[-88.2004,45.3217]]],[[[-88.2543,45.3472],[-88.2541,45.3475],[-88.2545,45.3475],[-88.2543,45.3472]]],[[[-88.25,45.3465],[-88.2497,45.3466],[-88.2503,45.3465],[-88.25,45.3465]]],[[[-88.1836,45.3399],[-88.1836,45.3401],[-88.1837,45.34],[-88.1836,45.3399]]]]},"properties":{"PROP_NAME":"GOVERNOR THOMPSON STATE PARK","ACRES":2905.35,"PUBLIC_ACCESS":"Open to Hiking, Fishing, Hunting and Trapping","TRANS_TYPE":1}},{"type":"Feature","geometry":{"type":"Polygon","coordinates":[[[-92.5737,45.3117],[-92.578,45.3132],[-92.6022,45.3332],[-92.6064,45.3394],[-92.6025,45.333],[-92.5774,45.3125],[-92.5726,45.3114],[-92.5625,45.3125],[-92.55,45.3106],[-92.5391,45.3066],[-92.522,45.3078],[-92.5132,45.3059],[-92.5002,45.3078],[-92.4883,45.3032],[-92.4098,45.3019],[-92.3886,45.3083],[-92.3596,45.3109],[-92.3715,45.3111],[-92.3883,45.3086],[-92.4123,45.3022],[-92.4883,45.3035],[-92.5001,45.308],[-92.5132,45.3061],[-92.5219,45.3081],[-92.539,45.3069],[-92.5486,45.3105],[-92.5624,45.3127],[-92.5737,45.3117]]]},"properties":{"PROP_NAME":"STOWER SEVEN LAKES STATE TRAIL","ACRES":157.6,"PUBLIC_ACCESS":"Open to Hiking, Fishing, Hunting and Trapping","TRANS_TYPE":1}},{"type":"Feature","geometry":{"type":"MultiPolygon","coordinates":[[[[-91.1527,45.1702],[-91.1513,45.1625],[-91.1523,45.1587],[-91.1604,45.1517],[-91.1779,45.1462],[-91.1973,45.1252],[-91.2065,45.1042],[-91.2109,45.0978],[-91.2479,45.0766],[-91.2561,45.0629],[-91.2852,45.0311],[-91.2922,45.0084],[-91.3378,44.9899],[-91.3409,44.9866],[-91.3462,44.9736],[-91.3609,44.9633],[-91.3459,44.9735],[-91.3405,44.9865],[-91.3376,44.9897],[-91.2919,45.0082],[-91.2848,45.0311],[-91.2548,45.0638],[-91.2475,45.0765],[-91.2106,45.0976],[-91.2062,45.1041],[-91.1969,45.1251],[-91.1776,45.1461],[-91.1602,45.1514],[-91.1518,45.1585],[-91.1507,45.1625],[-91.1527,45.1702]]],[[[-91.152,45.1706],[-91.1513,45.1719],[-91.1526,45.1703],[-91.152,45.1706]]]]},"properties":{"PROP_NAME":"OLD ABE STATE TRAIL","ACRES":237.86,"PUBLIC_ACCESS":"Open to Hiking, Fishing, Hunting and Trapping","TRANS_TYPE":1}},{"type":"Feature","geometry":{"type":"MultiPolygon","coordinates":[[[[-92.0702,46.6379],[-92.0712,46.6394],[-92.0484,46.583],[-92.0453,46.5798],[-92.0396,46.5782],[-92.0126,46.5781],[-91.9806,46.5843],[-91.9626,46.5808],[-91.9599,46.5789],[-91.9223,46.5256],[-91.8714,46.4765],[-91.8456,46.4267],[-91.8198,46.3959],[-91.8218,46.4007],[-91.845,46.4268],[-91.8717,46.4777],[-91.9211,46.5253],[-91.9586,46.5796],[-91.9783,46.5846],[-92.0098,46.5788],[-92.0396,46.5784],[-92.045,46.58],[-92.0478,46.5831],[-92.0702,46.6379]]],[[[-91.7486,45.5378],[-91.7361,45.4943],[-91.7361,45.4844],[-91.7357,45.4944],[-91.7526,45.5526],[-91.7703,45.5948],[-91.7778,45.6152],[-91.7795,45.6292],[-91.7962,45.6699],[-91.8074,45.7096],[-91.8111,45.7299],[-91.8237,45.7489],[-91.8363,45.7569],[-91.836,45.7654],[-91.8447,45.7755],[-91.8494,45.7779],[-91.8614,45.7798],[-91.8702,45.7908],[-91.8904,45.806],[-91.8925,45.8094],[-91.8927,45.8154],[-91.8889,45.8221],[-91.8931,45.8154],[-91.8929,45.8094],[-91.8907,45.8059],[-91.8714,45.7913],[-91.8621,45.7799],[-91.8453,45.7756],[-91.8364,45.7654],[-91.8376,45.7597],[-91.8366,45.7567],[-91.824,45.7488],[-91.8115,45.7298],[-91.8078,45.7095],[-91.7966,45.6698],[-91.7799,45.6291],[-91.7782,45.6151],[-91.7533,45.5535],[-91.7486,45.5378]]],[[[-91.799,46.1831],[-91.8004,46.1723],[-91.8036,46.1723],[-91.8002,46.1721],[-91.8021,46.1472],[-91.8283,46.0918],[-91.8205,46.0823],[-91.8225,46.07],[-91.8201,46.0631],[-91.8226,46.0378],[-91.8229,46.006],[-91.8169,45.9957],[-91.8196,45.9777],[-91.8072,45.9672],[-91.8025,45.9601],[-91.8171,45.9421],[-91.813,45.9315],[-91.8197,45.9033],[-91.8175,45.9033],[-91.817,45.9048],[-91.8127,45.9315],[-91.8167,45.942],[-91.802,45.9601],[-91.8068,45.9672],[-91.8192,45.9778],[-91.8165,45.9957],[-91.8225,46.006],[-91.8222,46.0378],[-91.8197,46.0631],[-91.8221,46.07],[-91.8201,46.0823],[-91.8279,46.0918],[-91.8017,46.1471],[-91.7998,46.1695],[-91.7984,46.1722],[-91.799,46.1831]]],[[[-91.8303,46.3347],[-91.8229,46.3142],[-91.8119,46.2881],[-91.8303,46.3347]]],[[[-91.8002,46.2553],[-91.7982,46.2432],[-91.7995,46.2384],[-91.7978,46.2446],[-91.8002,46.2553]]],[[[-91.7985,46.1886],[-91.7968,46.2081],[-91.7972,46.2081],[-91.7985,46.1886]]],[[[-91.7997,46.256],[-91.7997,46.2564],[-91.7998,46.2554],[-91.7997,46.256]]]]},"properties":{"PROP_NAME":"WILD RIVERS STATE TRAIL","ACRES":1134.39,"PUBLIC_ACCESS":"Open to Hiking, Fishing, Hunting and Trapping","TRANS_TYPE":1}},{"type":"Feature","geometry":{"type":"MultiPolygon","coordinates":[[[[-87.896,44.8858],[-87.8957,44.89],[-87.9037,44.8879],[-87.9038,44.8858],[-87.9015,44.8851],[-87.896,44.8858]]],[[[-87.9026,44.8848],[-87.9023,44.8849],[-87.9032,44.8849],[-87.9026,44.8848]]],[[[-87.902,44.8851],[-87.9038,44.8856],[-87.9038,44.8847],[-87.902,44.8851]]]]},"properties":{"PROP_NAME":"COPPER CULTURE MOUNDS STATE PARK","ACRES":66.09,"PUBLIC_ACCESS":"Open to Hiking, Fishing, Hunting and Trapping","TRANS_TYPE":1}},{"type":"Feature","geometry":{"type":"MultiPolygon","coordinates":[[[[-90.6639,46.3531],[-90.6539,46.3532],[-90.6535,46.3493],[-90.6582,46.3493],[-90.6582,46.3532],[-90.6639,46.3531],[-90.6633,46.3422],[-90.658,46.3422],[-90.6582,46.3458],[-90.658,46.3422],[-90.6528,46.3422],[-90.6531,46.3457],[-90.6405,46.3458],[-90.6412,46.353],[-90.6337,46.3528],[-90.6336,46.3565],[-90.6433,46.3565],[-90.639,46.3564],[-90.6388,46.3601],[-90.6334,46.3601],[-90.6328,46.3998],[-90.6378,46.4],[-90.6272,46.3996],[-90.6273,46.4032],[-90.6218,46.403],[-90.6221,46.4104],[-90.6168,46.4103],[-90.6169,46.414],[-90.6481,46.4144],[-90.6481,46.4109],[-90.6585,46.4113],[-90.6585,46.4041],[-90.6533,46.4042],[-90.6533,46.4075],[-90.6481,46.4074],[-90.6482,46.4039],[-90.643,46.4037],[-90.643,46.4002],[-90.6379,46.4],[-90.6378,46.3965],[-90.6429,46.3966],[-90.6429,46.3929],[-90.6481,46.3929],[-90.648,46.3855],[-90.6533,46.3854],[-90.6534,46.3707],[-90.6533,46.3748],[-90.6585,46.3748],[-90.6585,46.3708],[-90.6637,46.3709],[-90.6638,46.3676],[-90.6689,46.3676],[-90.6689,46.364],[-90.6639,46.3638],[-90.6689,46.364],[-90.6687,46.3566],[-90.6642,46.3566],[-90.6639,46.3531]],[[-90.6451,46.3491],[-90.6451,46.3491],[-90.6452,46.3491],[-90.6451,46.3491]],[[-90.6468,46.3531],[-90.646,46.353],[-90.646,46.353],[-90.6468,46.3531]],[[-90.6436,46.3516],[-90.6435,46.3515],[-90.6434,46.3514],[-90.6436,46.3516]],[[-90.6432,46.3513],[-90.6432,46.3512],[-90.6431,46.3511],[-90.6432,46.3513]],[[-90.6482,46.3524],[-90.648,46.3528],[-90.648,46.3528],[-90.6482,46.3524]],[[-90.6458,46.353],[-90.6458,46.353],[-90.6457,46.353],[-90.6458,46.353]],[[-90.649,46.3493],[-90.6476,46.3524],[-90.6439,46.353],[-90.643,46.349],[-90.649,46.3493]]],[[[-90.6218,46.403],[-90.6217,46.3994],[-90.6161,46.3992],[-90.6163,46.4028],[-90.6218,46.403]]]]},"properties":{"PROP_NAME":"COPPER FALLS STATE PARK","ACRES":3531.73,"PUBLIC_ACCESS":"Open to Hiking, Fishing, Hunting and Trapping","TRANS_TYPE":1}},{"type":"Feature","geometry":{"type":"MultiPolygon","coordinates":[[[[-88.8531,45.3044],[-88.8447,45.3104],[-88.8266,45.335],[-88.827,45.3435],[-88.8324,45.3584],[-88.821,45.3822],[-88.8231,45.4161],[-88.8209,45.4226],[-88.821,45.4385],[-88.8192,45.4467],[-88.8226,45.4562],[-88.8364,45.476],[-88.8715,45.4916],[-88.8807,45.5011],[-88.8867,45.5248],[-88.8863,45.5323],[-88.8941,45.5585],[-88.8929,45.5643],[-88.8945,45.5584],[-88.8867,45.5323],[-88.887,45.5243],[-88.8811,45.501],[-88.8717,45.4914],[-88.8367,45.4759],[-88.823,45.4561],[-88.8196,45.4467],[-88.8213,45.4385],[-88.8213,45.4226],[-88.8235,45.4161],[-88.8214,45.3822],[-88.8327,45.3585],[-88.8271,45.3424],[-88.8273,45.334],[-88.8451,45.3106],[-88.8584,45.3007],[-88.8596,45.2946],[-88.8546,45.291],[-88.8405,45.2908],[-88.8385,45.288],[-88.8398,45.2845],[-88.8387,45.2821],[-88.815,45.2725],[-88.7992,45.2576],[-88.7959,45.2495],[-88.7979,45.2314],[-88.7994,45.2269],[-88.8051,45.2226],[-88.805,45.22],[-88.7908,45.2087],[-88.7674,45.1969],[-88.7615,45.1855],[-88.7495,45.173],[-88.7532,45.1643],[-88.7635,45.1598],[-88.783,45.1416],[-88.797,45.1325],[-88.8205,45.1238],[-88.8229,45.1207],[-88.8219,45.1175],[-88.8225,45.1206],[-88.8203,45.1236],[-88.7967,45.1323],[-88.7827,45.1414],[-88.7632,45.1596],[-88.7529,45.1641],[-88.7491,45.1731],[-88.7611,45.1857],[-88.7672,45.1971],[-88.7906,45.2089],[-88.8044,45.2199],[-88.8046,45.2227],[-88.7977,45.2296],[-88.7955,45.2495],[-88.7974,45.2558],[-88.814,45.2722],[-88.8384,45.2823],[-88.8394,45.2845],[-88.8382,45.2881],[-88.8402,45.291],[-88.8536,45.2911],[-88.8579,45.2928],[-88.8595,45.2957],[-88.859,45.2987],[-88.8531,45.3044]]],[[[-88.9041,45.5819],[-88.9083,45.5873],[-88.9093,45.6517],[-88.9087,45.5873],[-88.9017,45.5789],[-88.8925,45.5745],[-88.8924,45.5644],[-88.8922,45.5746],[-88.9007,45.5786],[-88.9041,45.5819]]]]},"properties":{"PROP_NAME":"WOLF RIVER STATE TRAIL","ACRES":519.15,"PUBLIC_ACCESS":"Open to Hiking, Fishing, Hunting and Trapping","TRANS_TYPE":1}},{"type":"Feature","geometry":{"type":"MultiPolygon","coordinates":[[[[-89.6357,43.0826],[-89.6356,43.0792],[-89.6306,43.0787],[-89.6306,43.0733],[-89.6274,43.0732],[-89.6277,43.0716],[-89.624,43.0717],[-89.6218,43.0684],[-89.6206,43.0787],[-89.6306,43.0789],[-89.6307,43.0826],[-89.6357,43.0826]]],[[[-89.6206,43.0859],[-89.6206,43.0834],[-89.6107,43.0822],[-89.6107,43.0858],[-89.6206,43.0859]]],[[[-89.6108,43.0884],[-89.6107,43.0822],[-89.6059,43.0822],[-89.6059,43.0858],[-89.6108,43.0884]]],[[[-89.615,43.0859],[-89.6107,43.0858],[-89.6108,43.089],[-89.6151,43.0878],[-89.615,43.0859]]],[[[-89.6224,43.086],[-89.6206,43.0856],[-89.6206,43.0859],[-89.6224,43.086]]]]},"properties":{"PROP_NAME":"CROSS PLAINS STATE PARK-IANSR","ACRES":349.89,"PUBLIC_ACCESS":"Open to Hiking, Fishing, Hunting and Trapping","TRANS_TYPE":1}},{"type":"Feature","geometry":{"type":"MultiPolygon","coordinates":[[[[-89.6554,43.4201],[-89.6505,43.4201],[-89.6505,43.4238],[-89.6603,43.4237],[-89.6602,43.4201],[-89.6554,43.4201]]],[[[-89.7412,43.4316],[-89.7436,43.4322],[-89.7436,43.4316],[-89.7412,43.4316]]],[[[-89.7426,43.4323],[-89.7412,43.4327],[-89.7436,43.4327],[-89.7426,43.4323]]],[[[-89.7408,43.4323],[-89.7401,43.4327],[-89.741,43.4327],[-89.7408,43.4323]]],[[[-89.7398,43.4323],[-89.7396,43.4327],[-89.74,43.4327],[-89.7398,43.4323]]],[[[-89.7391,43.4324],[-89.7393,43.4327],[-89.7393,43.4324],[-89.7391,43.4324]]],[[[-89.7412,43.4328],[-89.7412,43.4331],[-89.7436,43.4331],[-89.7412,43.4328]]],[[[-89.7403,43.4328],[-89.7401,43.4331],[-89.7403,43.4331],[-89.7403,43.4328]]],[[[-89.74,43.4328],[-89.7396,43.4331],[-89.74,43.4331],[-89.74,43.4328]]],[[[-89.7391,43.4328],[-89.7393,43.4331],[-89.7393,43.4328],[-89.7391,43.4328]]],[[[-89.7426,43.4334],[-89.7436,43.4334],[-89.7436,43.4332],[-89.7426,43.4334]]],[[[-89.7421,43.4332],[-89.7391,43.4334],[-89.7421,43.4334],[-89.7421,43.4332]]],[[[-89.7435,43.4335],[-89.743,43.4337],[-89.7436,43.4337],[-89.7435,43.4335]]],[[[-89.7424,43.4335],[-89.7422,43.4337],[-89.7426,43.4337],[-89.7424,43.4335]]],[[[-89.742,43.4335],[-89.7416,43.4337],[-89.7421,43.4337],[-89.742,43.4335]]],[[[-89.7422,43.4339],[-89.7422,43.4342],[-89.7427,43.4342],[-89.7422,43.4339]]],[[[-89.7419,43.4344],[-89.7421,43.4346],[-89.7421,43.4344],[-89.7419,43.4344]]],[[[-89.7051,43.4053],[-89.7191,43.4079],[-89.7265,43.414],[-89.7275,43.4183],[-89.7255,43.4124],[-89.7271,43.4091],[-89.7311,43.4083],[-89.7353,43.4102],[-89.7386,43.4138],[-89.7355,43.4201],[-89.7348,43.4269],[-89.7296,43.4272],[-89.7273,43.4254],[-89.7329,43.4346],[-89.7411,43.4346],[-89.7388,43.4337],[-89.7412,43.4337],[-89.7388,43.4335],[-89.7388,43.4322],[-89.741,43.4316],[-89.7388,43.4315],[-89.7442,43.431],[-89.7438,43.4332],[-89.7487,43.4334],[-89.7487,43.4383],[-89.7506,43.4382],[-89.7536,43.4375],[-89.7549,43.431],[-89.7586,43.431],[-89.7586,43.4165],[-89.7536,43.4165],[-89.7536,43.4128],[-89.7586,43.4128],[-89.7586,43.4092],[-89.7718,43.4093],[-89.7718,43.402],[-89.7684,43.4019],[-89.7722,43.4019],[-89.7726,43.3975],[-89.7712,43.3934],[-89.7675,43.3896],[-89.7675,43.3858],[-89.7534,43.3851],[-89.7503,43.3877],[-89.7502,43.385],[-89.7462,43.385],[-89.7457,43.3878],[-89.7414,43.3862],[-89.7374,43.3874],[-89.7359,43.3848],[-89.7208,43.3845],[-89.719,43.3824],[-89.719,43.385],[-89.7098,43.386],[-89.7098,43.3947],[-89.7073,43.3947],[-89.7074,43.3911],[-89.7049,43.3911],[-89.6999,43.3911],[-89.6999,43.3947],[-89.6825,43.3948],[-89.6832,43.3977],[-89.6894,43.4033],[-89.7051,43.4053],[-89.705,43.4019],[-89.7051,43.4053]],[[-89.745,43.4063],[-89.7467,43.4063],[-89.7467,43.4077],[-89.7449,43.4077],[-89.745,43.4063]],[[-89.7536,43.4201],[-89.7554,43.4208],[-89.7536,43.4209],[-89.7536,43.4201]],[[-89.7481,43.4206],[-89.7482,43.4205],[-89.7483,43.4204],[-89.7481,43.4206]],[[-89.7448,43.4271],[-89.746,43.4238],[-89.7487,43.4237],[-89.7487,43.426],[-89.7454,43.4258],[-89.7448,43.4271]],[[-89.7149,43.4055],[-89.7148,43.4019],[-89.7148,43.4038],[-89.7149,43.4055]],[[-89.7386,43.402],[-89.7386,43.402],[-89.7386,43.4038],[-89.7386,43.402]],[[-89.7436,43.402],[-89.7436,43.4037],[-89.7436,43.4056],[-89.7436,43.402]],[[-89.747,43.402],[-89.7485,43.402],[-89.7486,43.4056],[-89.7469,43.4056],[-89.747,43.402]]],[[[-89.683,43.3984],[-89.6815,43.3958],[-89.6821,43.3878],[-89.6802,43.3947],[-89.6815,43.3971],[-89.6783,43.3971],[-89.6783,43.3948],[-89.6752,43.3948],[-89.6752,43.412],[-89.6802,43.4165],[-89.6802,43.4201],[-89.6604,43.4201],[-89.6604,43.4309],[-89.6554,43.4317],[-89.6703,43.4329],[-89.6716,43.4418],[-89.6803,43.4417],[-89.6803,43.4445],[-89.6853,43.4444],[-89.6853,43.4455],[-89.6902,43.4453],[-89.6902,43.4417],[-89.6952,43.4417],[-89.6952,43.4381],[-89.7001,43.4381],[-89.7001,43.437],[-89.7012,43.4382],[-89.7289,43.4382],[-89.7266,43.438],[-89.7267,43.4334],[-89.7325,43.4346],[-89.7265,43.4246],[-89.7265,43.4147],[-89.7198,43.4087],[-89.7139,43.4068],[-89.688,43.404],[-89.6889,43.4034],[-89.683,43.3984]],[[-89.71,43.4093],[-89.71,43.4093],[-89.7099,43.4093],[-89.71,43.4093]],[[-89.6802,43.4226],[-89.6819,43.4219],[-89.6852,43.4245],[-89.6805,43.4246],[-89.6802,43.4226]],[[-89.688,43.4281],[-89.6881,43.4268],[-89.6888,43.4273],[-89.688,43.4281]],[[-89.7179,43.4273],[-89.7179,43.4274],[-89.7179,43.4281],[-89.7179,43.4273]],[[-89.7178,43.4288],[-89.7178,43.4293],[-89.7178,43.4281],[-89.7178,43.4288]],[[-89.7014,43.4309],[-89.7014,43.4309],[-89.7014,43.4317],[-89.7014,43.4309]],[[-89.7002,43.4328],[-89.7002,43.4326],[-89.7001,43.4309],[-89.7002,43.4328]],[[-89.6924,43.4328],[-89.6924,43.434],[-89.6902,43.434],[-89.6924,43.4328]],[[-89.6877,43.4345],[-89.6877,43.4381],[-89.6852,43.4381],[-89.6852,43.4309],[-89.6877,43.4309],[-89.6877,43.4345]],[[-89.6802,43.4345],[-89.6802,43.4328],[-89.6802,43.4328],[-89.6802,43.4345]],[[-89.6804,43.4327],[-89.6803,43.4328],[-89.6804,43.4327],[-89.6804,43.4327]],[[-89.6805,43.4327],[-89.6804,43.4327],[-89.6805,43.4327],[-89.6805,43.4327]],[[-89.6809,43.4325],[-89.6807,43.4326],[-89.681,43.4324],[-89.6809,43.4325]],[[-89.6812,43.4322],[-89.6813,43.4322],[-89.6813,43.4322],[-89.6812,43.4322]],[[-89.6849,43.4322],[-89.6849,43.4322],[-89.6849,43.4322],[-89.6849,43.4322]],[[-89.6814,43.4321],[-89.6814,43.4321],[-89.6815,43.432],[-89.6814,43.4321]],[[-89.6816,43.4319],[-89.6817,43.4318],[-89.6818,43.4318],[-89.6816,43.4319]],[[-89.6818,43.4318],[-89.6818,43.4318],[-89.6819,43.4318],[-89.6818,43.4318]],[[-89.682,43.4317],[-89.682,43.4317],[-89.682,43.4317],[-89.682,43.4317]],[[-89.6832,43.4316],[-89.6837,43.4317],[-89.6832,43.4316],[-89.6832,43.4316]]],[[[-89.6753,43.4454],[-89.6728,43.4454],[-89.6729,43.4483],[-89.6781,43.4461],[-89.6753,43.4454]]]]},"properties":{"PROP_NAME":"DEVILS LAKE STATE PARK-IANSR","ACRES":9668.17,"PUBLIC_ACCESS":"Open to Hiking, Fishing, Hunting and Trapping","TRANS_TYPE":1}},{"type":"Feature","geometry":{"type":"MultiPolygon","coordinates":[[[[-90.7912,43.9279],[-90.7954,43.9263],[-90.7953,43.923],[-90.7853,43.9244],[-90.7572,43.9046],[-90.745,43.8932],[-90.7403,43.8833],[-90.7323,43.8783],[-90.74,43.8835],[-90.7444,43.893],[-90.7556,43.9038],[-90.7847,43.9244],[-90.7825,43.9244],[-90.7877,43.928],[-90.7912,43.9279]]],[[[-90.6281,43.8453],[-90.628,43.8407],[-90.6219,43.8334],[-90.6107,43.8253],[-90.599,43.8243],[-90.5888,43.8306],[-90.5723,43.8325],[-90.5575,43.831],[-90.5586,43.831],[-90.5475,43.8278],[-90.5381,43.8159],[-90.535,43.8143],[-90.5296,43.8153],[-90.5258,43.8202],[-90.531,43.8149],[-90.5357,43.8148],[-90.5471,43.828],[-90.5573,43.8316],[-90.5673,43.8329],[-90.5883,43.831],[-90.5991,43.8248],[-90.6106,43.8256],[-90.6226,43.8349],[-90.6276,43.8409],[-90.6281,43.8453]]],[[[-90.2786,43.7454],[-90.2864,43.7462],[-90.2864,43.7425],[-90.2804,43.7425],[-90.2786,43.7454]]],[[[-90.7228,43.8716],[-90.7183,43.87],[-90.7123,43.8711],[-90.7006,43.8702],[-90.6945,43.8665],[-90.6852,43.8653],[-90.6808,43.8629],[-90.6823,43.8648],[-90.6938,43.8667],[-90.7005,43.8705],[-90.7184,43.871],[-90.7265,43.873],[-90.7326,43.8782],[-90.7283,43.8735],[-90.7228,43.8716]]],[[[-90.4149,43.8099],[-90.4087,43.806],[-90.3979,43.8056],[-90.3862,43.8028],[-90.3724,43.795],[-90.3861,43.8031],[-90.3978,43.8058],[-90.4072,43.8059],[-90.4149,43.8099]]],[[[-90.6567,43.8618],[-90.6567,43.8629],[-90.6576,43.8618],[-90.6808,43.8647],[-90.6795,43.8635],[-90.6567,43.8618]]],[[[-90.3176,43.7711],[-90.3212,43.771],[-90.3008,43.7606],[-90.3176,43.7711]]],[[[-90.6567,43.8618],[-90.6524,43.8597],[-90.6399,43.8593],[-90.6316,43.8561],[-90.6398,43.8596],[-90.6567,43.8618]]],[[[-90.495,43.8273],[-90.4766,43.8315],[-90.4624,43.8276],[-90.4766,43.8317],[-90.495,43.8273]]],[[[-90.4335,43.8137],[-90.4191,43.8122],[-90.4143,43.8099],[-90.419,43.8125],[-90.4335,43.8137]]],[[[-90.3014,43.7605],[-90.2787,43.7463],[-90.2778,43.7463],[-90.3014,43.7605]]],[[[-90.4376,43.8167],[-90.4451,43.8235],[-90.4633,43.8276],[-90.4453,43.8233],[-90.4376,43.8167]]],[[[-90.3526,43.7868],[-90.3373,43.7848],[-90.3276,43.7782],[-90.3371,43.7851],[-90.3526,43.7868]]],[[[-90.5263,43.8202],[-90.5087,43.8245],[-90.5236,43.8214],[-90.5263,43.8202]]],[[[-90.3526,43.7868],[-90.3677,43.7932],[-90.368,43.7928],[-90.3526,43.7868]]],[[[-90.6316,43.856],[-90.6277,43.8453],[-90.6293,43.8525],[-90.6316,43.856]]],[[[-90.5087,43.8245],[-90.5087,43.8242],[-90.4938,43.8273],[-90.5087,43.8245]]],[[[-90.3276,43.7782],[-90.323,43.7742],[-90.3176,43.7711],[-90.3276,43.7782]]],[[[-90.4376,43.8167],[-90.4364,43.8148],[-90.4335,43.8137],[-90.4376,43.8167]]],[[[-90.7938,43.9307],[-90.7955,43.9315],[-90.7911,43.9289],[-90.7938,43.9307]]],[[[-90.7954,43.9269],[-90.7928,43.9279],[-90.7954,43.928],[-90.7954,43.9269]]],[[[-90.369,43.7938],[-90.3705,43.794],[-90.368,43.7933],[-90.369,43.7938]]],[[[-90.3724,43.7949],[-90.371,43.7939],[-90.3704,43.7943],[-90.3724,43.7949]]],[[[-90.6316,43.8561],[-90.6321,43.8561],[-90.6316,43.8555],[-90.6316,43.8561]]]]},"properties":{"PROP_NAME":"ELROY-SPARTA STATE TRAIL","ACRES":630.39,"PUBLIC_ACCESS":"Open to Hiking, Fishing, Hunting and Trapping","TRANS_TYPE":1}},{"type":"Feature","geometry":{"type":"MultiPolygon","coordinates":[[[[-88.4526,43.0149],[-88.4138,43.0174],[-88.3941,43.0106],[-88.3852,43.0092],[-88.3743,43.0028],[-88.3663,43.0026],[-88.3596,42.9992],[-88.3264,42.9988],[-88.3203,42.9918],[-88.3154,42.9902],[-88.2758,42.9944],[-88.2518,43.0021],[-88.2759,42.9947],[-88.3015,42.9931],[-88.3015,42.992],[-88.3154,42.9906],[-88.3198,42.9921],[-88.3203,42.9953],[-88.327,42.9994],[-88.3592,42.9995],[-88.3651,43.0029],[-88.3743,43.0034],[-88.3851,43.0095],[-88.3939,43.0109],[-88.4137,43.0177],[-88.4526,43.0149]]],[[[-88.7773,43.0427],[-88.7823,43.0428],[-88.7733,43.0429],[-88.7823,43.0439],[-88.7821,43.0573],[-88.7874,43.0374],[-88.7774,43.0391],[-88.7773,43.0427]]],[[[-88.455,43.015],[-88.5467,43.0109],[-88.6324,43.0127],[-88.6423,43.0114],[-88.6324,43.0124],[-88.5467,43.0106],[-88.4526,43.0152],[-88.455,43.015]]],[[[-89.0274,43.0435],[-89.042,43.0423],[-89.0482,43.0433],[-89.0713,43.0547],[-89.0824,43.0569],[-89.0997,43.0649],[-89.1228,43.0631],[-89.1708,43.0745],[-89.1952,43.0773],[-89.1709,43.0743],[-89.1229,43.0629],[-89.0998,43.0647],[-89.0826,43.0567],[-89.0715,43.0544],[-89.0484,43.043],[-89.0409,43.042],[-89.0274,43.0435]]],[[[-88.9139,43.0504],[-88.9141,43.0516],[-88.9141,43.048],[-88.9188,43.048],[-88.9189,43.0443],[-88.9094,43.0442],[-88.9099,43.0503],[-88.9139,43.0504]]],[[[-88.766,43.0372],[-88.7733,43.0371],[-88.758,43.0352],[-88.7265,43.0233],[-88.7022,43.0214],[-88.6609,43.011],[-88.6423,43.0116],[-88.6608,43.0112],[-88.7021,43.0216],[-88.7264,43.0235],[-88.7568,43.0351],[-88.766,43.0372]]],[[[-88.9139,43.0644],[-88.8824,43.0614],[-88.8777,43.0591],[-88.866,43.0478],[-88.8269,43.0369],[-88.8073,43.0365],[-88.8268,43.0371],[-88.8659,43.0481],[-88.8809,43.0612],[-88.9033,43.0638],[-88.8992,43.0658],[-88.8988,43.0733],[-88.8999,43.0653],[-88.904,43.0639],[-88.9139,43.0644]]],[[[-89.0167,43.0459],[-88.954,43.066],[-88.9659,43.0626],[-89.0167,43.0459]]],[[[-89.2679,43.0678],[-89.2691,43.0676],[-89.2691,43.063],[-89.2638,43.0631],[-89.2638,43.0647],[-89.2666,43.0647],[-89.2666,43.068],[-89.2679,43.0678]]],[[[-88.9166,43.0644],[-88.9233,43.0644],[-88.93,43.067],[-88.9425,43.0684],[-88.9428,43.0702],[-88.9453,43.0703],[-88.9431,43.0701],[-88.9431,43.0683],[-88.9538,43.0661],[-88.9394,43.0684],[-88.9232,43.0641],[-88.9139,43.0642],[-88.9166,43.0644]]],[[[-89.2642,43.0733],[-89.2666,43.0739],[-89.2666,43.0682],[-89.2642,43.0687],[-89.2642,43.0733]]],[[[-89.0267,43.0436],[-89.0193,43.0446],[-89.0167,43.0462],[-89.0267,43.0436]]],[[[-89.2196,43.0763],[-89.2196,43.0735],[-89.2195,43.0762],[-89.2151,43.0761],[-89.2196,43.0763]]],[[[-89.0136,43.0465],[-89.0139,43.0462],[-89.0129,43.0466],[-89.0136,43.0465]]],[[[-89.0199,43.0444],[-89.0198,43.0443],[-89.0194,43.0444],[-89.0199,43.0444]]]]},"properties":{"PROP_NAME":"GLACIAL DRUMLIN STATE TRAIL","ACRES":996.75,"PUBLIC_ACCESS":"Open to Hiking, Fishing, Hunting and Trapping","TRANS_TYPE":1}},{"type":"Feature","geometry":{"type":"MultiPolygon","coordinates":[[[[-89.1935,44.3307],[-89.2056,44.3311],[-89.2062,44.3297],[-89.2112,44.3324],[-89.2139,44.3308],[-89.2115,44.3326],[-89.2152,44.3347],[-89.2181,44.3321],[-89.221,44.3344],[-89.2292,44.3344],[-89.2292,44.3308],[-89.2342,44.3308],[-89.2342,44.3231],[-89.2292,44.3232],[-89.2293,44.3122],[-89.2343,44.3122],[-89.2343,44.3086],[-89.2271,44.3086],[-89.2266,44.3122],[-89.2243,44.3122],[-89.2243,44.3158],[-89.2037,44.3161],[-89.2037,44.3198],[-89.1954,44.3196],[-89.1962,44.3208],[-89.1935,44.3212],[-89.1935,44.3223],[-89.1913,44.3212],[-89.1935,44.3282],[-89.1923,44.3268],[-89.1904,44.3275],[-89.1935,44.329],[-89.1935,44.3307]]],[[[-89.1869,44.3266],[-89.1931,44.3253],[-89.1879,44.3242],[-89.1869,44.3266]]],[[[-89.1935,44.3307],[-89.1928,44.3288],[-89.1903,44.3293],[-89.1935,44.3307]]],[[[-89.209,44.334],[-89.211,44.3325],[-89.2087,44.3312],[-89.209,44.334]]],[[[-89.1909,44.3254],[-89.1896,44.3241],[-89.189,44.3247],[-89.1909,44.3254]]],[[[-89.1918,44.3252],[-89.1923,44.3244],[-89.1912,44.3248],[-89.1918,44.3252]]]]},"properties":{"PROP_NAME":"HARTMAN CREEK STATE PARK","ACRES":1428.07,"PUBLIC_ACCESS":"Open to Hiking, Fishing, Hunting and Trapping","TRANS_TYPE":1}},{"type":"Feature","geometry":{"type":"MultiPolygon","coordinates":[[[[-88.0325,44.4752],[-88.0358,44.4764],[-88.0369,44.4752],[-88.0328,44.4722],[-88.0293,44.4739],[-88.0325,44.4752]]],[[[-88.0415,44.4732],[-88.041,44.4735],[-88.043,44.4723],[-88.0415,44.4732]]],[[[-88.0408,44.4719],[-88.0387,44.4739],[-88.0443,44.4715],[-88.0408,44.4719]]],[[[-88.0406,44.4738],[-88.0399,44.4743],[-88.0409,44.4736],[-88.0406,44.4738]]],[[[-88.0362,44.4766],[-88.039,44.4748],[-88.0381,44.4745],[-88.0362,44.4766]]],[[[-88.0391,44.475],[-88.037,44.4768],[-88.0384,44.4773],[-88.0391,44.475]]]]},"properties":{"PROP_NAME":"HERITAGE HILL STATE PARK","ACRES":55.13,"PUBLIC_ACCESS":"Open to Hiking, Fishing, Hunting and Trapping","TRANS_TYPE":1}},{"type":"Feature","geometry":{"type":"Polygon","coordinates":[[[-91.7882,44.9438],[-91.7831,44.9439],[-91.783,44.9422],[-91.7855,44.9422],[-91.7854,44.9405],[-91.7728,44.9404],[-91.7728,44.9439],[-91.7767,44.9439],[-91.7767,44.9511],[-91.7729,44.9511],[-91.7729,44.9547],[-91.7831,44.9548],[-91.7831,44.9512],[-91.7934,44.9512],[-91.7933,44.9439],[-91.7882,44.9439],[-91.7882,44.9476],[-91.7882,44.9438]]]},"properties":{"PROP_NAME":"HOFFMAN HILLS RECREATION AREA","ACRES":426.73,"PUBLIC_ACCESS":"Open to Hiking, Fishing, Hunting and Trapping","TRANS_TYPE":1}},{"type":"Feature","geometry":{"type":"MultiPolygon","coordinates":[[[[-89.9683,45.3296],[-89.9685,45.3259],[-89.9736,45.3263],[-89.9737,45.3227],[-89.9788,45.3231],[-89.9786,45.3267],[-89.9837,45.3271],[-89.9833,45.3088],[-89.9886,45.3089],[-89.9885,45.3054],[-90.0045,45.3055],[-90.0039,45.295],[-89.9614,45.2944],[-89.9632,45.3292],[-89.9683,45.3296]]],[[[-89.686,45.3084],[-89.6856,45.3121],[-89.6875,45.3121],[-89.6873,45.3012],[-89.6841,45.3012],[-89.686,45.3084]]],[[[-89.6825,45.3155],[-89.6839,45.3155],[-89.6841,45.312],[-89.6824,45.312],[-89.6825,45.3155]]],[[[-90.038,45.3386],[-90.036,45.3387],[-90.0357,45.3423],[-90.0405,45.3421],[-90.0408,45.3385],[-90.038,45.3386]]],[[[-89.5582,45.3518],[-89.5591,45.3482],[-89.5564,45.3482],[-89.5565,45.3509],[-89.5582,45.3518]]],[[[-92.6209,45.4192],[-92.6261,45.4186],[-92.6236,45.4186],[-92.621,45.4158],[-92.6209,45.4192]]],[[[-92.6261,45.4203],[-92.6261,45.4265],[-92.6313,45.4265],[-92.6313,45.4238],[-92.6265,45.4239],[-92.6271,45.4194],[-92.6261,45.4203]]],[[[-92.3113,45.5825],[-92.3129,45.5824],[-92.3127,45.579],[-92.3101,45.5789],[-92.3102,45.5824],[-92.3113,45.5825]]],[[[-92.308,45.5831],[-92.3045,45.5839],[-92.3045,45.5923],[-92.3094,45.5932],[-92.3094,45.5829],[-92.308,45.5831]]],[[[-92.4274,45.6159],[-92.4274,45.6195],[-92.4325,45.6196],[-92.4325,45.6231],[-92.4429,45.6232],[-92.4429,45.6197],[-92.4377,45.6196],[-92.4378,45.6125],[-92.4274,45.6123],[-92.4274,45.6159]]],[[[-92.4478,45.6404],[-92.4529,45.6404],[-92.4531,45.6377],[-92.4581,45.6378],[-92.4581,45.6342],[-92.453,45.6341],[-92.453,45.6377],[-92.4478,45.6376],[-92.4478,45.6404]]],[[[-92.2475,45.6795],[-92.2474,45.6831],[-92.2526,45.683],[-92.2525,45.6866],[-92.2577,45.6866],[-92.2579,45.6759],[-92.2476,45.6759],[-92.2475,45.6795]]]]},"properties":{"PROP_NAME":"STATE ICE AGE TRAIL AREA","ACRES":2722.52,"PUBLIC_ACCESS":"Open to Hiking, Fishing, Hunting and Trapping","TRANS_TYPE":1}},{"type":"Feature","geometry":{"type":"MultiPolygon","coordinates":[[[[-89.3655,44.9232],[-89.367,44.9232],[-89.3654,44.9215],[-89.3671,44.9174],[-89.3772,44.9176],[-89.3772,44.911],[-89.3873,44.9113],[-89.3876,44.9041],[-89.3927,44.9043],[-89.3928,44.9007],[-89.3774,44.9003],[-89.3773,44.9074],[-89.362,44.9071],[-89.362,44.9142],[-89.3568,44.9142],[-89.3569,44.9215],[-89.3639,44.9215],[-89.3655,44.9232]]],[[[-91.2036,45.1917],[-91.2036,45.2057],[-91.2241,45.2055],[-91.224,45.1918],[-91.2189,45.1918],[-91.2189,45.1883],[-91.2036,45.1882],[-91.2036,45.1917]]],[[[-91.4186,45.2344],[-91.4207,45.2326],[-91.4207,45.2307],[-91.4257,45.2294],[-91.4297,45.2302],[-91.4346,45.2339],[-91.4441,45.2333],[-91.4442,45.2314],[-91.439,45.2314],[-91.4381,45.2278],[-91.4294,45.2276],[-91.4308,45.229],[-91.4294,45.2295],[-91.4286,45.2276],[-91.4235,45.2275],[-91.4211,45.2288],[-91.424,45.2298],[-91.421,45.2299],[-91.4196,45.229],[-91.4209,45.2274],[-91.4188,45.2274],[-91.4188,45.2309],[-91.4163,45.2308],[-91.4164,45.2343],[-91.4186,45.2344]]],[[[-89.3571,44.943],[-89.357,44.9396],[-89.3673,44.9396],[-89.3672,44.936],[-89.3519,44.9359],[-89.3519,44.943],[-89.3571,44.943]]],[[[-89.2946,45.0046],[-89.2997,45.0046],[-89.2997,45.0082],[-89.3048,45.0082],[-89.3048,45.0011],[-89.2946,45.001],[-89.2946,45.0046]]],[[[-89.2947,44.9974],[-89.2948,44.9938],[-89.2845,44.9937],[-89.2854,44.9958],[-89.2896,44.9958],[-89.2894,45.0009],[-89.2946,45.001],[-89.2947,44.9974]]],[[[-89.2499,44.2725],[-89.2498,44.2689],[-89.2448,44.2688],[-89.2448,44.2759],[-89.2498,44.276],[-89.2499,44.2725]]],[[[-89.2392,45.0494],[-89.2417,45.0494],[-89.2417,45.044],[-89.2366,45.044],[-89.2366,45.0494],[-89.2392,45.0494]]],[[[-89.2498,44.276],[-89.25,44.2799],[-89.2548,44.281],[-89.2549,44.2761],[-89.2498,44.276]]],[[[-89.2337,44.6424],[-89.2337,44.6387],[-89.2286,44.6387],[-89.2286,44.6424],[-89.2337,44.6424]]],[[[-89.2638,44.6816],[-89.2629,44.6791],[-89.2594,44.679],[-89.2594,44.6813],[-89.2543,44.6795],[-89.2543,44.6814],[-89.2638,44.6816]]],[[[-91.4164,45.2343],[-91.414,45.2353],[-91.4185,45.2371],[-91.4186,45.2344],[-91.4164,45.2343]]],[[[-89.6357,43.1036],[-89.638,43.107],[-89.6388,43.1067],[-89.6357,43.1036]]],[[[-91.4389,45.2283],[-91.4391,45.2291],[-91.4391,45.2278],[-91.4389,45.2283]]]]},"properties":{"PROP_NAME":"STATE ICE AGE TRAIL AREA","ACRES":2328.4900000000002,"PUBLIC_ACCESS":"Open to Hiking, Fishing, Hunting and Trapping","TRANS_TYPE":1}},{"type":"Feature","geometry":{"type":"MultiPolygon","coordinates":[[[[-92.6488,45.4016],[-92.6499,45.4018],[-92.6495,45.3978],[-92.6555,45.3968],[-92.6625,45.3931],[-92.6693,45.3875],[-92.6701,45.386],[-92.6689,45.3851],[-92.6705,45.3858],[-92.6751,45.3809],[-92.6779,45.3755],[-92.6775,45.3659],[-92.6675,45.3714],[-92.6644,45.3758],[-92.6568,45.3757],[-92.6569,45.383],[-92.6414,45.384],[-92.6406,45.3939],[-92.6368,45.3939],[-92.6368,45.3968],[-92.6459,45.3975],[-92.6449,45.4014],[-92.6488,45.4016]],[[-92.6425,45.3941],[-92.6424,45.3939],[-92.6424,45.3939],[-92.6425,45.3941]],[[-92.6413,45.3937],[-92.6413,45.3939],[-92.6409,45.3939],[-92.6413,45.3937]]],[[[-92.6486,45.4029],[-92.6475,45.4044],[-92.6468,45.4031],[-92.6468,45.4046],[-92.6462,45.4031],[-92.6462,45.4061],[-92.6499,45.402],[-92.6486,45.4029]]],[[[-92.6391,45.3842],[-92.6433,45.3831],[-92.6368,45.3838],[-92.6391,45.3842]]],[[[-92.6449,45.405],[-92.646,45.4065],[-92.646,45.4049],[-92.6449,45.405]]],[[[-92.6449,45.4032],[-92.646,45.4047],[-92.646,45.4031],[-92.6449,45.4032]]],[[[-92.6449,45.4068],[-92.646,45.4078],[-92.646,45.4067],[-92.6449,45.4068]]],[[[-92.6449,45.4016],[-92.646,45.4022],[-92.646,45.4015],[-92.6449,45.4016]]],[[[-92.6442,45.4037],[-92.6442,45.4047],[-92.6447,45.4047],[-92.6442,45.4037]]],[[[-92.6458,45.4024],[-92.6449,45.403],[-92.646,45.403],[-92.6458,45.4024]]],[[[-92.6486,45.4028],[-92.6481,45.4022],[-92.6481,45.4029],[-92.6486,45.4028]]],[[[-92.6475,45.4022],[-92.6481,45.4029],[-92.6481,45.4022],[-92.6475,45.4022]]],[[[-92.6462,45.4015],[-92.6462,45.4022],[-92.6467,45.4021],[-92.6462,45.4015]]],[[[-92.6472,45.4023],[-92.6468,45.403],[-92.6473,45.403],[-92.6472,45.4023]]],[[[-92.6468,45.4016],[-92.6473,45.4021],[-92.6473,45.4015],[-92.6468,45.4016]]],[[[-92.6465,45.4023],[-92.6462,45.403],[-92.6467,45.403],[-92.6465,45.4023]]],[[[-92.6475,45.4015],[-92.6475,45.4021],[-92.6481,45.402],[-92.6475,45.4015]]],[[[-92.6481,45.4016],[-92.6486,45.4019],[-92.6486,45.4015],[-92.6481,45.4016]]],[[[-92.6415,45.4007],[-92.642,45.4008],[-92.642,45.4007],[-92.6415,45.4007]]],[[[-92.6428,45.4007],[-92.6422,45.4007],[-92.6422,45.4008],[-92.6428,45.4007]]],[[[-92.6441,45.4006],[-92.6436,45.4007],[-92.6436,45.4008],[-92.6441,45.4006]]]]},"properties":{"PROP_NAME":"INTERSTATE PARK-IANSR","ACRES":1318.1200000000001,"PUBLIC_ACCESS":"Open to Hiking, Fishing, Hunting and Trapping","TRANS_TYPE":1}},{"type":"Feature","geometry":{"type":"MultiPolygon","coordinates":[[[[-87.7144,43.6838],[-87.714,43.6871],[-87.7208,43.6873],[-87.7206,43.6727],[-87.7256,43.6728],[-87.7254,43.6692],[-87.7278,43.6699],[-87.7275,43.6656],[-87.7401,43.6649],[-87.7394,43.6585],[-87.7329,43.6583],[-87.7328,43.6548],[-87.7309,43.6547],[-87.7311,43.6583],[-87.7214,43.6582],[-87.7106,43.6739],[-87.7144,43.6744],[-87.7102,43.6743],[-87.7087,43.6762],[-87.7174,43.6763],[-87.7156,43.6785],[-87.7161,43.6804],[-87.7139,43.6819],[-87.7144,43.6838]],[[-87.7155,43.669],[-87.7156,43.6725],[-87.7155,43.6689],[-87.7155,43.669]],[[-87.7202,43.6679],[-87.7201,43.6679],[-87.7202,43.6678],[-87.7202,43.6679]],[[-87.7203,43.6654],[-87.7203,43.6659],[-87.7201,43.6618],[-87.7203,43.6654]],[[-87.7287,43.662],[-87.7293,43.6583],[-87.7334,43.6584],[-87.7287,43.662]],[[-87.7242,43.6619],[-87.724,43.6619],[-87.7215,43.6618],[-87.7242,43.6619]]],[[[-87.7353,43.6693],[-87.7303,43.6693],[-87.7304,43.6711],[-87.7403,43.6712],[-87.7403,43.6694],[-87.7353,43.6693]]]]},"properties":{"PROP_NAME":"JOHN MICHAEL KOHLER STATE PARK","ACRES":771.08,"PUBLIC_ACCESS":"Open to Hiking, Fishing, Hunting and Trapping","TRANS_TYPE":1}},{"type":"Feature","geometry":{"type":"Polygon","coordinates":[[[-88.0307,43.0528],[-88.0362,43.0572],[-88.0398,43.0557],[-88.0397,43.0508],[-88.0307,43.0528]]]},"properties":{"PROP_NAME":"FOREST EXPLORATION CENTER","ACRES":66.89,"PUBLIC_ACCESS":"Open to Hiking, Fishing, Hunting and Trapping","TRANS_TYPE":1}},{"type":"Feature","geometry":{"type":"MultiPolygon","coordinates":[[[[-88.4147,42.8499],[-88.4159,42.8511],[-88.4148,42.8575],[-88.4197,42.8567],[-88.4196,42.8498],[-88.4241,42.8498],[-88.4241,42.8426],[-88.4259,42.8426],[-88.424,42.841],[-88.4241,42.8284],[-88.4103,42.8312],[-88.4097,42.8427],[-88.4048,42.8427],[-88.4048,42.8463],[-88.4,42.8463],[-88.4013,42.8545],[-88.4049,42.8571],[-88.4098,42.8571],[-88.4098,42.8505],[-88.4147,42.8499]]],[[[-88.4326,42.8535],[-88.4339,42.8522],[-88.4326,42.8521],[-88.4326,42.8535]]],[[[-88.4314,42.8498],[-88.429,42.8498],[-88.429,42.8534],[-88.4314,42.8535],[-88.4325,42.8501],[-88.4314,42.8498]]],[[[-88.4339,42.8535],[-88.4327,42.8539],[-88.4332,42.8547],[-88.4339,42.8535]]]]},"properties":{"PROP_NAME":"KETTLE MORAINE STATE FOREST-MUKWONAGO RIVER UNIT","ACRES":985.26,"PUBLIC_ACCESS":"Open to Hiking, Fishing, Hunting and Trapping","TRANS_TYPE":1}},{"type":"Feature","geometry":{"type":"MultiPolygon","coordinates":[[[[-92.753,44.8359],[-92.7529,44.8396],[-92.7623,44.8395],[-92.7632,44.833],[-92.769,44.8317],[-92.7719,44.8258],[-92.7706,44.8242],[-92.7682,44.8276],[-92.7661,44.827],[-92.7675,44.8246],[-92.7612,44.8242],[-92.7678,44.8241],[-92.7712,44.8192],[-92.7541,44.8193],[-92.7542,44.8221],[-92.7562,44.8221],[-92.7542,44.8241],[-92.7539,44.8193],[-92.7484,44.8205],[-92.7484,44.8193],[-92.7431,44.8193],[-92.7431,44.8216],[-92.7411,44.8193],[-92.7411,44.8229],[-92.734,44.8241],[-92.7344,44.8302],[-92.726,44.8302],[-92.726,44.8338],[-92.7292,44.8327],[-92.7309,44.8374],[-92.753,44.8359]]],[[[-92.7698,44.8229],[-92.7697,44.8232],[-92.7703,44.8231],[-92.7698,44.8229]]]]},"properties":{"PROP_NAME":"KINNICKINNIC STATE PARK","ACRES":1349.1200000000001,"PUBLIC_ACCESS":"Open to Hiking, Fishing, Hunting and Trapping","TRANS_TYPE":1}},{"type":"Feature","geometry":{"type":"MultiPolygon","coordinates":[[[[-91.1359,43.8697],[-91.1327,43.8738],[-91.1397,43.8672],[-91.1481,43.8639],[-91.1832,43.8656],[-91.2022,43.8591],[-91.183,43.8653],[-91.1488,43.8635],[-91.1412,43.866],[-91.1359,43.8697]]],[[[-91.0204,43.8931],[-90.9855,43.8893],[-90.9503,43.8959],[-90.9863,43.8896],[-91.0204,43.8931]]],[[[-90.889,43.9103],[-90.8671,43.9151],[-90.8309,43.9239],[-90.889,43.9103]]],[[[-91.0209,43.8931],[-91.0796,43.8948],[-91.0204,43.8928],[-91.0209,43.8931]]],[[[-90.7791,43.9427],[-90.7507,43.9637],[-90.7508,43.9645],[-90.7791,43.9427]]],[[[-90.7955,43.9322],[-90.7905,43.9316],[-90.7905,43.9337],[-90.7786,43.9427],[-90.7905,43.9339],[-90.7955,43.9322]]],[[[-90.9362,43.8992],[-90.92,43.9027],[-90.9052,43.9065],[-90.9362,43.8992]]],[[[-90.8302,43.9238],[-90.8199,43.9265],[-90.8105,43.932],[-90.8197,43.9269],[-90.8302,43.9238]]],[[[-91.1112,43.8864],[-91.1112,43.8868],[-91.1261,43.8789],[-91.1112,43.8864]]],[[[-91.1112,43.8864],[-91.1033,43.8903],[-91.0962,43.8914],[-91.1029,43.8908],[-91.1112,43.8864]]],[[[-90.8902,43.91],[-90.9052,43.9062],[-90.8902,43.9097],[-90.8902,43.91]]],[[[-90.9503,43.8956],[-90.935,43.8992],[-90.9489,43.8963],[-90.9503,43.8956]]],[[[-90.8055,43.9322],[-90.7955,43.9312],[-90.7955,43.9322],[-90.8055,43.9322]]],[[[-91.1331,43.8738],[-91.1261,43.8793],[-91.13,43.8769],[-91.1331,43.8738]]],[[[-90.8055,43.9322],[-90.8103,43.9321],[-90.8103,43.9315],[-90.8055,43.9322]],[[-90.8089,43.9319],[-90.8089,43.9319],[-90.8089,43.9319],[-90.8089,43.9319]]],[[[-91.0962,43.8914],[-91.095,43.8915],[-91.0912,43.8937],[-91.0962,43.8914]]],[[[-91.1999,43.8605],[-91.2024,43.8605],[-91.2048,43.8596],[-91.1999,43.8605]]],[[[-91.0912,43.8937],[-91.0912,43.8934],[-91.0862,43.8948],[-91.0912,43.8937]]],[[[-90.8902,43.91],[-90.8902,43.9097],[-90.8878,43.9103],[-90.8902,43.91]]],[[[-91.0799,43.8948],[-91.081,43.8948],[-91.081,43.8946],[-91.0799,43.8948]]],[[[-91.0845,43.8949],[-91.0862,43.8947],[-91.084,43.8948],[-91.0845,43.8949]]],[[[-91.0815,43.8948],[-91.0824,43.8948],[-91.0812,43.8946],[-91.0815,43.8948]]],[[[-91.0831,43.8949],[-91.0838,43.8948],[-91.0826,43.8948],[-91.0831,43.8949]]]]},"properties":{"PROP_NAME":"LA CROSSE RIVER STATE TRAIL","ACRES":325.51,"PUBLIC_ACCESS":"Open to Hiking, Fishing, Hunting and Trapping","TRANS_TYPE":1}},{"type":"Feature","geometry":{"type":"MultiPolygon","coordinates":[[[[-92.2167,44.46],[-92.2167,44.4613],[-92.2217,44.4629],[-92.2186,44.4616],[-92.2176,44.4564],[-92.2167,44.46]]],[[[-92.2168,44.4616],[-92.2217,44.4639],[-92.2217,44.4632],[-92.2168,44.4616]]],[[[-92.2167,44.4636],[-92.2166,44.4672],[-92.2267,44.4673],[-92.2167,44.4618],[-92.2167,44.4636]]],[[[-92.2266,44.4709],[-92.2304,44.4709],[-92.2304,44.4693],[-92.2267,44.4691],[-92.2266,44.4709]]],[[[-92.2467,44.476],[-92.2487,44.4771],[-92.2488,44.4749],[-92.2467,44.4748],[-92.2467,44.476]]],[[[-92.2366,44.4782],[-92.2401,44.4783],[-92.2433,44.4758],[-92.2417,44.4751],[-92.2487,44.4774],[-92.2387,44.4718],[-92.2367,44.4732],[-92.2406,44.4747],[-92.2367,44.4733],[-92.2366,44.4782]],[[-92.2401,44.4767],[-92.2401,44.4767],[-92.2402,44.4767],[-92.2401,44.4767]]],[[[-92.2435,44.4759],[-92.2404,44.4783],[-92.2467,44.4784],[-92.2467,44.4771],[-92.2435,44.4759]]],[[[-92.2492,44.4773],[-92.2571,44.4802],[-92.2572,44.4764],[-92.253,44.4768],[-92.2492,44.4748],[-92.2492,44.4773]]],[[[-92.2543,44.4796],[-92.2571,44.4808],[-92.2492,44.4776],[-92.2543,44.4796]]]]},"properties":{"PROP_NAME":"LAKE PEPIN WILDLIFE AREA","ACRES":249.70000000000002,"PUBLIC_ACCESS":"Open to Hiking, Fishing, Hunting and Trapping","TRANS_TYPE":1}},{"type":"Feature","geometry":{"type":"Polygon","coordinates":[[[-87.8966,43.035],[-87.897,43.0366],[-87.8981,43.0299],[-87.8947,43.0292],[-87.8935,43.0313],[-87.8945,43.0356],[-87.8966,43.035]]]},"properties":{"PROP_NAME":"LAKESHORE STATE PARK","ACRES":51.86,"PUBLIC_ACCESS":"Open to Hiking, Fishing, Hunting and Trapping","TRANS_TYPE":1}},{"type":"Feature","geometry":{"type":"MultiPolygon","coordinates":[[[[-90.099,42.9963],[-90.1031,42.9963],[-90.0994,42.9962],[-90.1027,42.9947],[-90.1089,42.9854],[-90.1299,42.978],[-90.1328,42.9756],[-90.1087,42.9852],[-90.1024,42.9945],[-90.099,42.996],[-90.0952,42.9954],[-90.09,42.9918],[-90.0773,42.9899],[-90.0691,42.9804],[-90.0596,42.9801],[-90.0504,42.976],[-90.0465,42.9719],[-90.0235,42.9769],[-90.0202,42.9789],[-90.0202,42.9807],[-90.0251,42.9807],[-90.0252,42.9766],[-90.0464,42.9722],[-90.0502,42.9762],[-90.0594,42.9803],[-90.0689,42.9806],[-90.0772,42.9901],[-90.0898,42.9921],[-90.0949,42.9956],[-90.099,42.9963]]],[[[-89.7485,43.0065],[-89.7601,43.0031],[-89.7471,43.0065],[-89.7485,43.0065]]],[[[-89.7841,43.0072],[-89.7728,43.0068],[-89.7611,43.003],[-89.7728,43.0069],[-89.7841,43.0072]]],[[[-89.9631,43.0056],[-89.9585,43.0067],[-89.9564,43.009],[-89.9586,43.0067],[-89.9655,43.0054],[-89.976,43.0066],[-89.9868,43.0058],[-89.9994,42.9969],[-90.0015,42.9934],[-90.0101,42.9892],[-90.0012,42.9934],[-89.9991,42.9967],[-89.9861,43.0059],[-89.9631,43.0056]]],[[[-89.5531,42.9812],[-89.5388,42.9839],[-89.5279,42.9905],[-89.5066,42.9931],[-89.4768,43.0085],[-89.4732,43.0119],[-89.4768,43.0087],[-89.5067,42.9933],[-89.528,42.9907],[-89.539,42.9841],[-89.5531,42.9812]]],[[[-89.4736,43.0119],[-89.4728,43.0124],[-89.4731,43.0125],[-89.4736,43.0119]]],[[[-89.9471,43.0131],[-89.9422,43.0119],[-89.9518,43.0138],[-89.9548,43.0122],[-89.9561,43.0091],[-89.9528,43.0132],[-89.9471,43.0131]]],[[[-89.8967,43.015],[-89.9051,43.0102],[-89.9133,43.0102],[-89.9221,43.0127],[-89.9279,43.0107],[-89.9422,43.0119],[-89.928,43.0106],[-89.9223,43.0125],[-89.9133,43.0101],[-89.9051,43.0099],[-89.8967,43.015]]],[[[-89.8951,43.016],[-89.8942,43.0165],[-89.8959,43.0155],[-89.8951,43.016]]],[[[-89.6674,43.0246],[-89.6867,43.0168],[-89.7001,43.0149],[-89.7122,43.016],[-89.7238,43.0127],[-89.7298,43.0077],[-89.7485,43.0065],[-89.7297,43.0075],[-89.7236,43.0125],[-89.7101,43.0159],[-89.7001,43.0147],[-89.6866,43.0166],[-89.6674,43.0246]]],[[[-89.8777,43.0266],[-89.8868,43.0254],[-89.8903,43.0191],[-89.894,43.0166],[-89.8899,43.019],[-89.8866,43.0252],[-89.879,43.0265],[-89.8732,43.0245],[-89.8702,43.0214],[-89.8603,43.0165],[-89.8349,43.0214],[-89.8248,43.0144],[-89.8002,43.0142],[-89.7854,43.0074],[-89.8002,43.0144],[-89.8185,43.0137],[-89.8253,43.0149],[-89.8348,43.0217],[-89.8603,43.0167],[-89.8777,43.0266]],[[-89.8194,43.0137],[-89.8195,43.0137],[-89.8195,43.0137],[-89.8194,43.0137]]],[[[-89.659,43.0282],[-89.669,43.0246],[-89.6674,43.0246],[-89.659,43.0282]]],[[[-89.5978,43.0096],[-89.6102,43.0189],[-89.6214,43.024],[-89.6361,43.0273],[-89.6483,43.0273],[-89.6549,43.0293],[-89.6597,43.0282],[-89.655,43.0291],[-89.6484,43.027],[-89.6366,43.027],[-89.6202,43.0232],[-89.6095,43.0181],[-89.5978,43.0092],[-89.5978,43.006],[-89.5943,43.0065],[-89.5605,42.9811],[-89.5531,42.9812],[-89.5603,42.9813],[-89.5978,43.0096]],[[-89.6216,43.0238],[-89.6211,43.0237],[-89.6216,43.0238],[-89.6216,43.0238]],[[-89.6364,43.027],[-89.6362,43.027],[-89.6364,43.027],[-89.6364,43.027]]]]},"properties":{"PROP_NAME":"MILITARY RIDGE STATE TRAIL","ACRES":517.8100000000001,"PUBLIC_ACCESS":"Open to Hiking, Fishing, Hunting and Trapping","TRANS_TYPE":1}},{"type":"Feature","geometry":{"type":"Polygon","coordinates":[[[-89.6276,42.7887],[-89.6313,42.7929],[-89.633,42.7994],[-89.6347,42.7996],[-89.6339,42.7969],[-89.6374,42.7951],[-89.6375,42.7888],[-89.6359,42.7888],[-89.6359,42.7851],[-89.6376,42.7851],[-89.6375,42.774],[-89.628,42.774],[-89.628,42.785],[-89.6302,42.7851],[-89.6276,42.785],[-89.6276,42.7887]]]},"properties":{"PROP_NAME":"NEW GLARUS WOODS STATE PARK","ACRES":425.91,"PUBLIC_ACCESS":"Open to Hiking, Fishing, Hunting and Trapping","TRANS_TYPE":1}},{"type":"Feature","geometry":{"type":"MultiPolygon","coordinates":[[[[-88.6158,45.3653],[-88.6258,45.3708],[-88.6279,45.3742],[-88.6275,45.3772],[-88.624,45.3817],[-88.6251,45.3947],[-88.6196,45.4015],[-88.6189,45.4049],[-88.6328,45.4193],[-88.6344,45.4327],[-88.6381,45.4378],[-88.6421,45.44],[-88.6675,45.4409],[-88.6684,45.4438],[-88.6632,45.4465],[-88.663,45.4495],[-88.6664,45.4509],[-88.6727,45.4497],[-88.6753,45.4517],[-88.6731,45.4796],[-88.6608,45.497],[-88.664,45.5116],[-88.6543,45.5265],[-88.6538,45.5302],[-88.6605,45.5446],[-88.6717,45.5536],[-88.6731,45.5573],[-88.6736,45.5712],[-88.6849,45.5939],[-88.6807,45.6509],[-88.677,45.6696],[-88.6854,45.7038],[-88.6944,45.7199],[-88.7055,45.7325],[-88.7059,45.7378],[-88.7032,45.7549],[-88.6934,45.7735],[-88.6851,45.7854],[-88.6855,45.8062],[-88.6796,45.8191],[-88.6704,45.8304],[-88.6723,45.8386],[-88.6715,45.8419],[-88.666,45.8485],[-88.6642,45.8563],[-88.6521,45.863],[-88.6513,45.8661],[-88.6548,45.871],[-88.6545,45.8741],[-88.6441,45.8811],[-88.6357,45.8944],[-88.6327,45.917],[-88.6376,45.9399],[-88.6319,45.9583],[-88.6199,45.9705],[-88.6047,45.9761],[-88.5895,45.9849],[-88.5776,46.0098],[-88.5898,45.9851],[-88.6049,45.9763],[-88.6201,45.9707],[-88.6323,45.9584],[-88.638,45.9399],[-88.6331,45.917],[-88.6361,45.8945],[-88.6444,45.8812],[-88.6549,45.8742],[-88.6551,45.8709],[-88.6517,45.8661],[-88.6524,45.8632],[-88.6646,45.8564],[-88.6664,45.8486],[-88.6716,45.8424],[-88.6726,45.8377],[-88.6708,45.8305],[-88.68,45.8193],[-88.6859,45.8062],[-88.6854,45.7855],[-88.6938,45.7735],[-88.7036,45.755],[-88.7063,45.7411],[-88.7059,45.7324],[-88.6948,45.7198],[-88.6857,45.7038],[-88.6774,45.6696],[-88.6814,45.6509],[-88.6853,45.5939],[-88.674,45.5712],[-88.6738,45.5597],[-88.6716,45.5525],[-88.6608,45.5445],[-88.6541,45.5296],[-88.6644,45.5116],[-88.6612,45.4971],[-88.6735,45.4797],[-88.6762,45.4498],[-88.6636,45.4497],[-88.6636,45.4467],[-88.669,45.4434],[-88.6672,45.4404],[-88.6432,45.44],[-88.6378,45.4368],[-88.6343,45.4314],[-88.6332,45.4192],[-88.6193,45.4048],[-88.62,45.4016],[-88.6255,45.3948],[-88.6243,45.3817],[-88.6278,45.3773],[-88.6283,45.3741],[-88.6244,45.3691],[-88.6158,45.3643],[-88.6158,45.3653]]],[[[-88.5103,45.2217],[-88.5115,45.2341],[-88.5053,45.2445],[-88.5107,45.2508],[-88.5057,45.2445],[-88.5119,45.2341],[-88.5104,45.2166],[-88.4963,45.2107],[-88.4912,45.2012],[-88.4759,45.1873],[-88.4714,45.1772],[-88.468,45.1738],[-88.4669,45.1654],[-88.4723,45.1521],[-88.4724,45.1469],[-88.4589,45.1246],[-88.4598,45.1182],[-88.4571,45.1094],[-88.4588,45.1095],[-88.459,45.1058],[-88.4559,45.1058],[-88.4512,45.0929],[-88.4079,45.0369],[-88.3814,45.0163],[-88.3271,44.9127],[-88.3251,44.8951],[-88.3156,44.891],[-88.3247,44.8952],[-88.3267,44.9128],[-88.381,45.0164],[-88.4076,45.0371],[-88.4516,45.0942],[-88.4555,45.1058],[-88.4539,45.1058],[-88.4538,45.1094],[-88.4567,45.1094],[-88.4594,45.1182],[-88.4585,45.1247],[-88.472,45.147],[-88.4719,45.1521],[-88.4665,45.1654],[-88.4666,45.1738],[-88.4708,45.1776],[-88.4753,45.1877],[-88.4917,45.2035],[-88.4952,45.2106],[-88.5089,45.2156],[-88.5103,45.2217]]],[[[-88.5924,45.3343],[-88.5845,45.3198],[-88.5699,45.3112],[-88.5609,45.3119],[-88.5427,45.3026],[-88.5243,45.3013],[-88.5152,45.2969],[-88.5108,45.2913],[-88.5098,45.2792],[-88.5034,45.2724],[-88.5037,45.2664],[-88.5017,45.2625],[-88.5095,45.2534],[-88.5011,45.2615],[-88.5033,45.2664],[-88.5027,45.2724],[-88.5093,45.2789],[-88.51,45.2903],[-88.5149,45.2971],[-88.5242,45.3016],[-88.5425,45.3029],[-88.5602,45.3121],[-88.5694,45.3115],[-88.5842,45.32],[-88.5942,45.338],[-88.5924,45.3343]]],[[[-88.6158,45.3651],[-88.6041,45.3578],[-88.5939,45.338],[-88.6038,45.3579],[-88.6158,45.3651]]],[[[-88.2686,44.8062],[-88.2696,44.8098],[-88.2678,44.7977],[-88.2666,44.7978],[-88.2686,44.8062]]],[[[-88.2725,44.8276],[-88.2722,44.824],[-88.2711,44.8204],[-88.2725,44.8276]]],[[[-88.2583,44.7449],[-88.2593,44.7521],[-88.2597,44.7521],[-88.2583,44.7449]]],[[[-88.6057,45.3588],[-88.5982,45.3454],[-88.604,45.357],[-88.6057,45.3588]]],[[[-88.2462,44.6905],[-88.2488,44.6942],[-88.2492,44.6942],[-88.2462,44.6905]]],[[[-88.2504,44.6978],[-88.2508,44.7015],[-88.2512,44.7015],[-88.2504,44.6978]]],[[[-88.2725,44.8312],[-88.2726,44.8348],[-88.273,44.8348],[-88.2725,44.8312]]],[[[-88.6059,45.359],[-88.613,45.3629],[-88.6149,45.3634],[-88.6059,45.359]]]]},"properties":{"PROP_NAME":"NICOLET STATE TRAIL","ACRES":1332,"PUBLIC_ACCESS":"Open to Hiking, Fishing, Hunting and Trapping","TRANS_TYPE":1}},{"type":"Feature","geometry":{"type":"Polygon","coordinates":[[[-92.1976,46.5587],[-92.2026,46.561],[-92.2013,46.5592],[-92.2027,46.5577],[-92.1976,46.5587]]]},"properties":{"PROP_NAME":"NORTH COUNTRY NATIONAL SCENIC TRAIL","ACRES":21.830000000000002,"PUBLIC_ACCESS":"Open to Hiking, Fishing, Hunting and Trapping","TRANS_TYPE":1}},{"type":"Feature","geometry":{"type":"MultiPolygon","coordinates":[[[[-92.1457,46.5582],[-92.1505,46.5582],[-92.1505,46.5618],[-92.157,46.5618],[-92.1571,46.5582],[-92.1518,46.5582],[-92.1519,46.5546],[-92.1487,46.5546],[-92.1457,46.5582]]],[[[-92.1352,46.5473],[-92.1353,46.551],[-92.1403,46.551],[-92.1405,46.5437],[-92.1352,46.5437],[-92.1352,46.5473]]],[[[-92.1453,46.5582],[-92.1483,46.5546],[-92.1454,46.5546],[-92.1453,46.5582]]]]},"properties":{"PROP_NAME":"BLACK RIVER STATE NORTH COUNTRY TRAIL AREA","ACRES":176.9,"PUBLIC_ACCESS":"Open to Hiking, Fishing, Hunting and Trapping","TRANS_TYPE":1}},{"type":"Feature","geometry":{"type":"MultiPolygon","coordinates":[[[[-90.6502,46.3377],[-90.6498,46.3411],[-90.6482,46.3423],[-90.6528,46.3422],[-90.6528,46.3363],[-90.6502,46.3377]]],[[[-90.6083,46.4071],[-90.6114,46.4065],[-90.5902,46.4067],[-90.6083,46.4071]]]]},"properties":{"PROP_NAME":"COPPER FALLS STATE NORTH COUNTRY TRAIL AREA","ACRES":43.84,"PUBLIC_ACCESS":"Open to Hiking, Fishing, Hunting and Trapping","TRANS_TYPE":1}},{"type":"Feature","geometry":{"type":"MultiPolygon","coordinates":[[[[-92.2185,46.5541],[-92.2185,46.5578],[-92.2213,46.5578],[-92.2192,46.5538],[-92.2238,46.5558],[-92.2237,46.5505],[-92.2185,46.5505],[-92.2185,46.5541]]],[[[-92.1924,46.562],[-92.1976,46.5615],[-92.1976,46.5579],[-92.1925,46.558],[-92.1924,46.562]]]]},"properties":{"PROP_NAME":"NEMADJI RIVER STATE NORTH COUNTRY TRAIL AREA","ACRES":98.98,"PUBLIC_ACCESS":"Open to Hiking, Fishing, Hunting and Trapping","TRANS_TYPE":1}},{"type":"Feature","geometry":{"type":"Polygon","coordinates":[[[-92.1089,46.5182],[-92.1142,46.5183],[-92.1142,46.5146],[-92.109,46.5146],[-92.1089,46.5182]]]},"properties":{"PROP_NAME":"PATTISON STATE PARK NORTH COUNTRY TRAIL AREA","ACRES":40.4,"PUBLIC_ACCESS":"Open to Hiking, Fishing, Hunting and Trapping","TRANS_TYPE":1}},{"type":"Feature","geometry":{"type":"Polygon","coordinates":[[[-91.8144,46.3689],[-91.8135,46.3706],[-91.8156,46.3706],[-91.8168,46.3634],[-91.8119,46.3634],[-91.8117,46.367],[-91.8143,46.367],[-91.8144,46.3689]]]},"properties":{"PROP_NAME":"SOLON SPRINGS STATE NORTH COUNTRY TRAIL AREA","ACRES":48.43,"PUBLIC_ACCESS":"Open to Hiking, Fishing, Hunting and Trapping","TRANS_TYPE":1}},{"type":"Feature","geometry":{"type":"MultiPolygon","coordinates":[[[[-92.1337,46.5892],[-92.1329,46.5902],[-92.1532,46.5729],[-92.1722,46.5626],[-92.1785,46.5525],[-92.2013,46.5418],[-92.2031,46.5392],[-92.178,46.5522],[-92.1733,46.5609],[-92.1662,46.5655],[-92.161,46.5684],[-92.161,46.5654],[-92.1557,46.5654],[-92.1558,46.569],[-92.1598,46.569],[-92.1521,46.5729],[-92.1337,46.5892]]],[[[-92.2661,46.4719],[-92.2583,46.4768],[-92.2239,46.4887],[-92.2012,46.5018],[-92.1858,46.5148],[-92.1824,46.5148],[-92.1825,46.5177],[-92.1661,46.5328],[-92.1825,46.5182],[-92.1877,46.5184],[-92.1877,46.5148],[-92.1863,46.5148],[-92.2015,46.502],[-92.2245,46.4894],[-92.2602,46.4764],[-92.2661,46.4719]]],[[[-92.3669,46.0086],[-92.3647,46.0128],[-92.3671,46.009],[-92.3694,45.997],[-92.3683,45.9859],[-92.3718,45.9536],[-92.3683,45.939],[-92.3721,45.9232],[-92.3663,45.8957],[-92.3711,45.9229],[-92.3678,45.939],[-92.3714,45.9536],[-92.3679,45.9859],[-92.3687,45.9988],[-92.3669,46.0086]]],[[[-92.3699,45.871],[-92.3698,45.8727],[-92.3776,45.8312],[-92.3807,45.831],[-92.3768,45.8312],[-92.3722,45.8564],[-92.37,45.8553],[-92.3699,45.8566],[-92.3722,45.8565],[-92.3699,45.871]]],[[[-92.5519,45.4574],[-92.5449,45.4651],[-92.5675,45.4393],[-92.596,45.4225],[-92.6059,45.4206],[-92.6174,45.4136],[-92.6214,45.4088],[-92.6217,45.4003],[-92.6211,45.4088],[-92.6171,45.4134],[-92.6057,45.4204],[-92.5958,45.4223],[-92.5672,45.4391],[-92.5519,45.4574]]],[[[-92.3835,45.8173],[-92.3808,45.8209],[-92.3848,45.8167],[-92.38,45.8167],[-92.3838,45.7964],[-92.3853,45.7742],[-92.3898,45.7627],[-92.3866,45.767],[-92.3851,45.7742],[-92.3836,45.7954],[-92.3794,45.8167],[-92.3835,45.8173]]],[[[-92.5271,45.4838],[-92.5184,45.497],[-92.5061,45.5231],[-92.4909,45.5337],[-92.5065,45.5232],[-92.5188,45.4971],[-92.5271,45.4838]]],[[[-92.4522,45.6883],[-92.4618,45.6848],[-92.4644,45.6822],[-92.4663,45.6703],[-92.4695,45.6633],[-92.4678,45.6561],[-92.4698,45.6449],[-92.4676,45.6561],[-92.4692,45.6633],[-92.4659,45.6702],[-92.4637,45.6826],[-92.4536,45.6877],[-92.4375,45.6885],[-92.4522,45.6883]]],[[[-92.4879,45.5626],[-92.483,45.5706],[-92.487,45.5844],[-92.484,45.5966],[-92.4845,45.6051],[-92.4884,45.6129],[-92.4848,45.6042],[-92.4843,45.5966],[-92.4874,45.5844],[-92.4834,45.5706],[-92.4879,45.5626]]],[[[-92.2686,46.4683],[-92.274,46.4583],[-92.2925,46.4411],[-92.2743,46.4573],[-92.2686,46.4683]]],[[[-92.3867,45.749],[-92.3891,45.7553],[-92.3832,45.736],[-92.3836,45.7263],[-92.3829,45.7372],[-92.3867,45.749]]],[[[-92.4836,45.5519],[-92.4884,45.5591],[-92.4839,45.5502],[-92.4888,45.5355],[-92.4836,45.5519]]],[[[-92.2686,46.4683],[-92.2657,46.4719],[-92.2664,46.4716],[-92.2686,46.4683]]],[[[-92.3791,45.8245],[-92.3808,45.8239],[-92.3784,45.8239],[-92.3791,45.8245]]]]},"properties":{"PROP_NAME":"GANDY DANCER STATE TRAIL","ACRES":849.74,"PUBLIC_ACCESS":"Open to Hiking, Fishing, Hunting and Trapping","TRANS_TYPE":1}},{"type":"Feature","geometry":{"type":"Polygon","coordinates":[[[-92.0928,46.5472],[-92.0928,46.5544],[-92.1087,46.5545],[-92.1088,46.5437],[-92.1141,46.5437],[-92.1141,46.54],[-92.122,46.54],[-92.122,46.5426],[-92.1247,46.5426],[-92.1247,46.54],[-92.1299,46.54],[-92.13,46.5334],[-92.1332,46.5341],[-92.1331,46.5328],[-92.1247,46.5328],[-92.1247,46.5309],[-92.1264,46.5304],[-92.1247,46.5304],[-92.1247,46.5255],[-92.1379,46.5255],[-92.1379,46.5219],[-92.1405,46.5219],[-92.1404,46.5183],[-92.1194,46.5183],[-92.1195,46.5146],[-92.1142,46.5146],[-92.1142,46.5183],[-92.1089,46.5182],[-92.1089,46.5255],[-92.1142,46.5255],[-92.1142,46.5328],[-92.1063,46.5328],[-92.1062,46.54],[-92.0982,46.54],[-92.0981,46.5437],[-92.0929,46.5436],[-92.0928,46.5472]],[[-92.13,46.5224],[-92.1304,46.5219],[-92.1307,46.5219],[-92.13,46.5224]]]},"properties":{"PROP_NAME":"PATTISON STATE PARK","ACRES":1530.73,"PUBLIC_ACCESS":"Open to Hiking, Fishing, Hunting and Trapping","TRANS_TYPE":1}},{"type":"Feature","geometry":{"type":"MultiPolygon","coordinates":[[[[-89.2541,44.468],[-89.2848,44.4637],[-89.2982,44.4668],[-89.2848,44.4635],[-89.2676,44.4653],[-89.2584,44.468],[-89.2326,44.4633],[-89.219,44.4651],[-89.1536,44.4545],[-89.1483,44.4549],[-89.1369,44.4591],[-89.0892,44.458],[-89.0772,44.4558],[-89.0264,44.4535],[-88.9847,44.4605],[-88.9477,44.4592],[-88.9277,44.4552],[-88.9476,44.4595],[-88.9847,44.4608],[-89.0325,44.4536],[-89.0772,44.456],[-89.0892,44.4583],[-89.1369,44.4594],[-89.1522,44.4548],[-89.2175,44.4652],[-89.2325,44.4636],[-89.2541,44.468]]],[[[-89.3602,44.4627],[-89.3128,44.4689],[-89.3624,44.4627],[-89.3869,44.4645],[-89.4238,44.459],[-89.4325,44.4597],[-89.4326,44.4585],[-89.4505,44.4571],[-89.5236,44.4571],[-89.4516,44.4568],[-89.4237,44.4587],[-89.3868,44.4642],[-89.3602,44.4627]]],[[[-89.3125,44.4699],[-89.319,44.4712],[-89.3126,44.4695],[-89.3125,44.4699]]]]},"properties":{"PROP_NAME":"TOMORROW RIVER STATE TRAIL","ACRES":373.67,"PUBLIC_ACCESS":"Open to Hiking, Fishing, Hunting and Trapping","TRANS_TYPE":1}},{"type":"Feature","geometry":{"type":"MultiPolygon","coordinates":[[[[-91.8928,44.7158],[-91.8729,44.7101],[-91.8696,44.7053],[-91.8727,44.7104],[-91.8928,44.7158]]],[[[-91.9468,44.8004],[-91.9468,44.8066],[-91.9502,44.8122],[-91.9478,44.816],[-91.9484,44.8199],[-91.9452,44.8308],[-91.9466,44.8326],[-91.9527,44.8347],[-91.9543,44.8378],[-91.9472,44.8486],[-91.9492,44.8602],[-91.9437,44.8638],[-91.942,44.8718],[-91.9383,44.8757],[-91.9364,44.8824],[-91.9291,44.8864],[-91.9367,44.8825],[-91.9423,44.8719],[-91.944,44.8639],[-91.9495,44.8603],[-91.9476,44.8487],[-91.9548,44.8373],[-91.9539,44.8353],[-91.9456,44.8307],[-91.9487,44.8199],[-91.9481,44.8161],[-91.9506,44.812],[-91.9473,44.8057],[-91.9468,44.7909],[-91.94,44.7751],[-91.9338,44.7739],[-91.9361,44.7673],[-91.9337,44.7671],[-91.9337,44.7685],[-91.9308,44.7697],[-91.9165,44.7492],[-91.9219,44.749],[-91.9166,44.7465],[-91.918,44.7429],[-91.9181,44.7448],[-91.9238,44.745],[-91.9189,44.7416],[-91.9219,44.7392],[-91.9207,44.7354],[-91.9176,44.7335],[-91.9108,44.7329],[-91.9093,44.7261],[-91.9035,44.7199],[-91.8928,44.7158],[-91.9032,44.72],[-91.909,44.7262],[-91.9088,44.7309],[-91.9105,44.7331],[-91.9204,44.7355],[-91.9214,44.7394],[-91.918,44.7423],[-91.9155,44.7416],[-91.9147,44.7445],[-91.9131,44.7445],[-91.9131,44.749],[-91.9161,44.749],[-91.9312,44.7726],[-91.9398,44.7762],[-91.9412,44.7806],[-91.9401,44.7825],[-91.9462,44.7905],[-91.9468,44.8004]],[[-91.9161,44.7452],[-91.916,44.7453],[-91.9161,44.7452],[-91.9161,44.7452]]]]},"properties":{"PROP_NAME":"RED CEDAR STATE TRAIL","ACRES":359.31,"PUBLIC_ACCESS":"Open to Hiking, Fishing, Hunting and Trapping","TRANS_TYPE":1}},{"type":"Feature","geometry":{"type":"MultiPolygon","coordinates":[[[[-89.6805,44.9306],[-89.6806,44.9336],[-89.6791,44.9342],[-89.6814,44.9342],[-89.6813,44.9304],[-89.6857,44.9304],[-89.6856,44.927],[-89.6907,44.927],[-89.6908,44.9305],[-89.6933,44.9305],[-89.6933,44.927],[-89.6969,44.9269],[-89.6959,44.9305],[-89.7062,44.9304],[-89.7062,44.9269],[-89.7114,44.9268],[-89.7114,44.9197],[-89.7062,44.9198],[-89.7062,44.9162],[-89.6956,44.9162],[-89.6955,44.909],[-89.6903,44.909],[-89.6903,44.9126],[-89.6698,44.9126],[-89.6697,44.909],[-89.6647,44.909],[-89.6647,44.9113],[-89.6597,44.9086],[-89.6648,44.9126],[-89.6597,44.9108],[-89.6597,44.9145],[-89.6668,44.9198],[-89.67,44.9198],[-89.6702,44.927],[-89.6753,44.927],[-89.6754,44.9305],[-89.6805,44.9306]],[[-89.6798,44.9197],[-89.6802,44.9204],[-89.679,44.9192],[-89.6798,44.9197]],[[-89.6698,44.9162],[-89.6699,44.9162],[-89.6696,44.9162],[-89.6698,44.9162]],[[-89.6647,44.9117],[-89.6647,44.9117],[-89.6647,44.9114],[-89.6647,44.9117]],[[-89.6604,44.909],[-89.6604,44.909],[-89.6604,44.909],[-89.6604,44.909]]],[[[-89.656,44.9054],[-89.6597,44.9054],[-89.6596,44.9019],[-89.6556,44.9029],[-89.656,44.9054]]],[[[-89.6523,44.9092],[-89.6525,44.9087],[-89.6495,44.9087],[-89.6523,44.9092]]]]},"properties":{"PROP_NAME":"RIB MOUNTAIN STATE PARK","ACRES":1543.25,"PUBLIC_ACCESS":"Open to Hiking, Fishing, Hunting and Trapping","TRANS_TYPE":1}},{"type":"Feature","geometry":{"type":"MultiPolygon","coordinates":[[[[-89.8126,44.0042],[-89.8128,44.0105],[-89.8279,44.0104],[-89.8275,43.9996],[-89.8225,43.9996],[-89.8224,43.996],[-89.8126,43.996],[-89.8126,44.0042]]],[[[-89.8112,43.9997],[-89.8121,44.0033],[-89.8122,43.996],[-89.8111,43.996],[-89.8112,43.9997]]]]},"properties":{"PROP_NAME":"ROCHE A CRI STATE PARK","ACRES":452.66,"PUBLIC_ACCESS":"Open to Hiking, Fishing, Hunting and Trapping","TRANS_TYPE":1}},{"type":"Feature","geometry":{"type":"Polygon","coordinates":[[[-87.8285,44.3476],[-87.8294,44.3493],[-87.8252,44.3253],[-87.8169,44.3007],[-87.8171,44.2933],[-87.8099,44.2807],[-87.7556,44.2409],[-87.7055,44.1892],[-87.6991,44.1716],[-87.7052,44.1894],[-87.7553,44.241],[-87.8095,44.2808],[-87.8168,44.2933],[-87.8165,44.3007],[-87.8249,44.3253],[-87.8285,44.3476]]]},"properties":{"PROP_NAME":"DEVILS RIVER STATE TRAIL","ACRES":170.57,"PUBLIC_ACCESS":"Open to Hiking, Fishing, Hunting and Trapping","TRANS_TYPE":1}},{"type":"Feature","geometry":{"type":"Polygon","coordinates":[[[-89.8056,43.6501],[-89.8084,43.652],[-89.8085,43.6485],[-89.8112,43.649],[-89.8129,43.6465],[-89.8073,43.6339],[-89.8062,43.635],[-89.8074,43.6374],[-89.8051,43.6388],[-89.7984,43.639],[-89.802,43.6418],[-89.8036,43.6483],[-89.8056,43.6501]]]},"properties":{"PROP_NAME":"ROCKY ARBOR STATE PARK","ACRES":263.55,"PUBLIC_ACCESS":"Open to Hiking, Fishing, Hunting and Trapping","TRANS_TYPE":1}},{"type":"Feature","geometry":{"type":"MultiPolygon","coordinates":[[[[-92.417,45.6122],[-92.417,45.6139],[-92.4222,45.614],[-92.4222,45.6158],[-92.4274,45.6159],[-92.4274,45.6123],[-92.417,45.6122]]],[[[-92.3766,45.6051],[-92.3818,45.6052],[-92.3817,45.6043],[-92.3766,45.6051]]]]},"properties":{"PROP_NAME":"STRAIGHT RIVER WILDLIFE AREA","ACRES":69.66,"PUBLIC_ACCESS":"Open to Hiking, Fishing, Hunting and Trapping","TRANS_TYPE":1}},{"type":"Feature","geometry":{"type":"MultiPolygon","coordinates":[[[[-89.4321,42.7148],[-89.4359,42.724],[-89.443,42.7291],[-89.4471,42.7303],[-89.4839,42.7304],[-89.5321,42.7227],[-89.5497,42.7243],[-89.5784,42.7403],[-89.5793,42.7559],[-89.5849,42.7649],[-89.593,42.7966],[-89.6252,42.8042],[-89.6317,42.8117],[-89.6329,42.8167],[-89.6321,42.8116],[-89.6254,42.8039],[-89.5933,42.7965],[-89.5853,42.7649],[-89.5796,42.7556],[-89.5787,42.7401],[-89.5499,42.7241],[-89.532,42.7224],[-89.4838,42.7301],[-89.4471,42.73],[-89.4362,42.7238],[-89.4321,42.7138],[-89.4321,42.7148]]],[[[-89.4321,42.7148],[-89.4147,42.6742],[-89.4043,42.6605],[-89.3971,42.6607],[-89.3972,42.6516],[-89.3868,42.644],[-89.3805,42.6358],[-89.3792,42.6318],[-89.3803,42.6359],[-89.3855,42.6428],[-89.3968,42.6514],[-89.3968,42.6608],[-89.4041,42.6607],[-89.4144,42.6743],[-89.4321,42.7148]]],[[[-89.6333,42.8181],[-89.6341,42.819],[-89.6348,42.819],[-89.6333,42.8181]]],[[[-89.3791,42.62],[-89.3786,42.6199],[-89.3786,42.62],[-89.3791,42.62]]]]},"properties":{"PROP_NAME":"SUGAR RIVER STATE TRAIL","ACRES":247.44,"PUBLIC_ACCESS":"Open to Hiking, Fishing, Hunting and Trapping","TRANS_TYPE":1}},{"type":"Feature","geometry":{"type":"Polygon","coordinates":[[[-87.7269,43.6583],[-87.7311,43.6583],[-87.7309,43.6547],[-87.7328,43.6548],[-87.7329,43.6583],[-87.7347,43.6583],[-87.7357,43.6498],[-87.7272,43.6492],[-87.7214,43.6582],[-87.7269,43.6583]]]},"properties":{"PROP_NAME":"TERRY ANDRAE STATE PARK","ACRES":200.54,"PUBLIC_ACCESS":"Open to Hiking, Fishing, Hunting and Trapping","TRANS_TYPE":1}},{"type":"Feature","geometry":{"type":"MultiPolygon","coordinates":[[[[-89.569,45.5313],[-89.5692,45.5348],[-89.5747,45.5305],[-89.602,45.5255],[-89.6063,45.5212],[-89.6049,45.5213],[-89.6048,45.514],[-89.5997,45.514],[-89.5996,45.5104],[-89.5945,45.5104],[-89.5944,45.5176],[-89.5892,45.5176],[-89.5893,45.5212],[-89.5791,45.5211],[-89.5792,45.5283],[-89.574,45.528],[-89.574,45.5246],[-89.5689,45.5241],[-89.5689,45.5277],[-89.5588,45.5276],[-89.5588,45.5313],[-89.569,45.5313]]],[[[-89.564,45.563],[-89.564,45.5557],[-89.5692,45.5557],[-89.569,45.5421],[-89.5639,45.5421],[-89.5639,45.5457],[-89.5544,45.5456],[-89.5533,45.5481],[-89.5499,45.5492],[-89.5537,45.5493],[-89.5537,45.5557],[-89.5511,45.5557],[-89.5511,45.5594],[-89.5588,45.5594],[-89.5588,45.5629],[-89.564,45.563]]],[[[-89.5895,45.5317],[-89.6101,45.5321],[-89.61,45.5213],[-89.6073,45.5213],[-89.6035,45.5261],[-89.6007,45.5273],[-89.5843,45.5294],[-89.5844,45.5316],[-89.5895,45.5317]]],[[[-89.5792,45.5312],[-89.5746,45.5311],[-89.569,45.5355],[-89.569,45.5385],[-89.5742,45.5385],[-89.5741,45.535],[-89.5793,45.535],[-89.5792,45.5312]]],[[[-89.5844,45.5316],[-89.5843,45.5294],[-89.5825,45.5297],[-89.5839,45.5291],[-89.5792,45.5312],[-89.5844,45.5316]]]]},"properties":{"PROP_NAME":"MENARD ISLAND RESOURCE AREA","ACRES":1666.66,"PUBLIC_ACCESS":"Open to Hiking, Fishing, Hunting and Trapping","TRANS_TYPE":1}},{"type":"Feature","geometry":{"type":"MultiPolygon","coordinates":[[[[-87.8224,45.6705],[-87.8276,45.6685],[-87.8335,45.6634],[-87.8277,45.6685],[-87.8226,45.6705],[-87.8292,45.6706],[-87.8305,45.6666],[-87.8337,45.6634],[-87.8336,45.6599],[-87.8296,45.6633],[-87.8312,45.6619],[-87.8291,45.6587],[-87.8336,45.6598],[-87.8307,45.6578],[-87.8295,45.6523],[-87.8296,45.6487],[-87.8335,45.6488],[-87.8337,45.6381],[-87.8237,45.6379],[-87.8239,45.6344],[-87.8139,45.6342],[-87.8143,45.6237],[-87.8041,45.6236],[-87.8045,45.6165],[-87.7993,45.6165],[-87.7996,45.6093],[-87.7945,45.6092],[-87.7945,45.5952],[-87.789,45.5952],[-87.7889,45.5916],[-87.7945,45.5916],[-87.7944,45.5809],[-87.7881,45.5808],[-87.7867,45.5836],[-87.7787,45.589],[-87.7791,45.5923],[-87.7763,45.5995],[-87.7783,45.6021],[-87.7791,45.6103],[-87.7814,45.6143],[-87.7958,45.6182],[-87.797,45.623],[-87.8056,45.629],[-87.8104,45.6381],[-87.825,45.6473],[-87.8245,45.6494],[-87.8276,45.654],[-87.8226,45.6579],[-87.8289,45.6608],[-87.8263,45.663],[-87.8156,45.665],[-87.8178,45.6705],[-87.8224,45.6705]]],[[[-87.8142,45.6957],[-87.8133,45.6813],[-87.7927,45.6811],[-87.7927,45.6775],[-87.8031,45.6776],[-87.8032,45.6756],[-87.7868,45.6759],[-87.7862,45.6775],[-87.7867,45.6759],[-87.7813,45.6767],[-87.7815,45.6809],[-87.7902,45.6881],[-87.8054,45.6957],[-87.8142,45.6957]],[[-87.7929,45.6819],[-87.7913,45.681],[-87.7979,45.6829],[-87.7929,45.6819]],[[-87.8019,45.6919],[-87.7929,45.6882],[-87.7961,45.6885],[-87.8019,45.6919]],[[-87.7991,45.6883],[-87.7916,45.6835],[-87.7841,45.681],[-87.7916,45.6834],[-87.7991,45.6883]],[[-87.8084,45.6885],[-87.8084,45.6921],[-87.8033,45.6921],[-87.8031,45.6848],[-87.8083,45.6849],[-87.8084,45.6885]]],[[[-87.8143,45.7066],[-87.8059,45.7066],[-87.8133,45.7112],[-87.8242,45.7123],[-87.8399,45.718],[-87.84,45.7141],[-87.8349,45.714],[-87.835,45.7105],[-87.8317,45.7105],[-87.8287,45.7075],[-87.8246,45.7068],[-87.8288,45.7075],[-87.8317,45.7105],[-87.835,45.7105],[-87.8347,45.703],[-87.8241,45.703],[-87.8241,45.7066],[-87.8241,45.703],[-87.8143,45.703],[-87.8142,45.6957],[-87.8054,45.6957],[-87.81,45.6998],[-87.806,45.7029],[-87.8059,45.7066],[-87.8143,45.7066]],[[-87.8246,45.7104],[-87.8143,45.7102],[-87.8195,45.7103],[-87.8246,45.7104]]],[[[-87.8135,45.6715],[-87.8174,45.6701],[-87.8161,45.6661],[-87.8083,45.6657],[-87.803,45.6669],[-87.795,45.6728],[-87.8027,45.6743],[-87.8134,45.6715],[-87.8136,45.6669],[-87.8135,45.6715]]],[[[-87.85,45.7248],[-87.8547,45.7261],[-87.8547,45.7249],[-87.859,45.7249],[-87.8548,45.7209],[-87.855,45.7177],[-87.8449,45.7176],[-87.8448,45.7209],[-87.8497,45.7246],[-87.8498,45.7215],[-87.85,45.7248]]],[[[-87.9414,45.7572],[-87.9622,45.7578],[-87.9621,45.7543],[-87.9413,45.7544],[-87.9414,45.7572]]],[[[-87.8601,45.718],[-87.855,45.718],[-87.8549,45.7209],[-87.8591,45.7249],[-87.8649,45.725],[-87.8647,45.718],[-87.8601,45.718]]],[[[-87.7812,45.6756],[-87.8031,45.6745],[-87.7902,45.6724],[-87.783,45.6733],[-87.7812,45.6756]]],[[[-87.8076,45.6741],[-87.8032,45.6756],[-87.8032,45.6776],[-87.8133,45.6777],[-87.8134,45.6741],[-87.8076,45.6741]]],[[[-87.8646,45.7322],[-87.8608,45.7322],[-87.8644,45.7359],[-87.8695,45.7359],[-87.8697,45.7323],[-87.8646,45.7322]]],[[[-87.8327,45.6643],[-87.8293,45.6706],[-87.8337,45.6706],[-87.8337,45.6634],[-87.8327,45.6643]]],[[[-87.804,45.6753],[-87.8089,45.6738],[-87.8185,45.674],[-87.8185,45.6718],[-87.8007,45.6754],[-87.804,45.6753]]],[[[-87.9646,45.7601],[-87.9658,45.7618],[-87.9706,45.7619],[-87.9685,45.7582],[-87.9633,45.7581],[-87.9658,45.759],[-87.9646,45.7601]]],[[[-87.8251,45.6621],[-87.827,45.6609],[-87.8241,45.6595],[-87.8229,45.6613],[-87.8251,45.6621]]],[[[-87.8304,45.6608],[-87.8334,45.6599],[-87.8298,45.6583],[-87.8304,45.6608]]],[[[-87.8178,45.6705],[-87.8072,45.6737],[-87.8185,45.6717],[-87.8178,45.6705]]],[[[-87.9413,45.7544],[-87.9408,45.7573],[-87.9414,45.7572],[-87.9413,45.7544]]],[[[-87.7927,45.6755],[-87.7911,45.6756],[-87.7951,45.6755],[-87.7927,45.6755]]],[[[-87.7894,45.6757],[-87.7909,45.6756],[-87.7876,45.6757],[-87.7894,45.6757]]],[[[-87.7975,45.6756],[-87.7984,45.6755],[-87.7966,45.6755],[-87.7975,45.6756]]],[[[-87.7995,45.6755],[-87.7991,45.6755],[-87.7997,45.6755],[-87.7995,45.6755]]]]},"properties":{"PROP_NAME":"MENOMINEE RIVER STATE RECREATION AREA","ACRES":4782.4800000000005,"PUBLIC_ACCESS":"Open to Hiking, Fishing, Hunting and Trapping","TRANS_TYPE":1}},{"type":"Feature","geometry":{"type":"MultiPolygon","coordinates":[[[[-89.7351,45.6105],[-89.7352,45.6141],[-89.7351,45.6105],[-89.73,45.6106],[-89.73,45.6142],[-89.716,45.6145],[-89.7146,45.6159],[-89.7143,45.6218],[-89.7248,45.6209],[-89.7267,45.6239],[-89.7289,45.6244],[-89.7308,45.6226],[-89.7301,45.6202],[-89.7325,45.6192],[-89.7372,45.6234],[-89.7377,45.6203],[-89.7485,45.614],[-89.7486,45.6049],[-89.7536,45.6037],[-89.7485,45.5984],[-89.7497,45.5978],[-89.749,45.5959],[-89.7464,45.5958],[-89.7464,45.5978],[-89.7437,45.5989],[-89.7415,45.5963],[-89.7439,45.5956],[-89.7446,45.593],[-89.7485,45.5919],[-89.7454,45.5914],[-89.7455,45.5878],[-89.7476,45.5849],[-89.7401,45.585],[-89.7401,45.5924],[-89.735,45.5924],[-89.735,45.5961],[-89.7299,45.5961],[-89.7299,45.6034],[-89.735,45.6033],[-89.7351,45.6105]],[[-89.7378,45.6176],[-89.7367,45.6159],[-89.7374,45.614],[-89.7378,45.6176]],[[-89.7457,45.6067],[-89.7404,45.6068],[-89.7403,45.6032],[-89.7455,45.6031],[-89.7457,45.6067]]],[[[-89.708,45.6355],[-89.7086,45.6369],[-89.7125,45.635],[-89.7194,45.6359],[-89.7143,45.6356],[-89.7147,45.6286],[-89.7199,45.6287],[-89.7197,45.6214],[-89.7092,45.6287],[-89.708,45.6355]]],[[[-89.7303,45.6287],[-89.7361,45.6287],[-89.7407,45.625],[-89.7355,45.6251],[-89.7328,45.6195],[-89.7306,45.6201],[-89.7312,45.6229],[-89.729,45.6246],[-89.7262,45.6241],[-89.725,45.6215],[-89.7251,45.6287],[-89.7303,45.6287]]],[[[-89.7526,45.6102],[-89.7498,45.6103],[-89.7485,45.6146],[-89.7408,45.6192],[-89.7437,45.6213],[-89.7507,45.6212],[-89.7509,45.6111],[-89.7566,45.6102],[-89.7526,45.6102]]],[[[-89.7498,45.5985],[-89.7507,45.5853],[-89.7476,45.5852],[-89.7457,45.5912],[-89.7478,45.5906],[-89.7488,45.5922],[-89.7449,45.5932],[-89.7442,45.5957],[-89.7421,45.5964],[-89.7436,45.5986],[-89.746,45.5977],[-89.7461,45.5957],[-89.7488,45.5956],[-89.7504,45.5972],[-89.7487,45.5984],[-89.7498,45.5985]]],[[[-89.7144,45.6454],[-89.7188,45.6451],[-89.7194,45.636],[-89.7125,45.6351],[-89.7076,45.6369],[-89.709,45.638],[-89.7126,45.6359],[-89.7155,45.6386],[-89.7142,45.6399],[-89.7148,45.6418],[-89.7124,45.6425],[-89.7144,45.6454]]],[[[-89.7239,45.6486],[-89.7232,45.6469],[-89.7211,45.6479],[-89.7187,45.6453],[-89.7154,45.6462],[-89.7137,45.6449],[-89.7137,45.6487],[-89.7239,45.6486]]],[[[-89.7406,45.626],[-89.7363,45.6287],[-89.7407,45.6286],[-89.7406,45.626]]],[[[-89.7048,45.6287],[-89.7062,45.6251],[-89.7041,45.6251],[-89.7048,45.6287]]],[[[-89.7052,45.6288],[-89.704,45.6323],[-89.7057,45.6323],[-89.7062,45.6288],[-89.7052,45.6288]]],[[[-89.7432,45.6213],[-89.7407,45.6193],[-89.7407,45.6214],[-89.7432,45.6213]]],[[[-89.7145,45.6385],[-89.7144,45.6394],[-89.7153,45.6389],[-89.7145,45.6385]]],[[[-89.7042,45.6303],[-89.7048,45.6288],[-89.7041,45.6288],[-89.7042,45.6303]]],[[[-89.7143,45.6417],[-89.7147,45.6412],[-89.7142,45.6406],[-89.7143,45.6417]]]]},"properties":{"PROP_NAME":"WILLOW FLOWAGE SCENIC WATERS AREA - DICK STEFFES UNIT","ACRES":2031.03,"PUBLIC_ACCESS":"Open to Hiking, Fishing, Hunting and Trapping","TRANS_TYPE":1}},{"type":"Feature","geometry":{"type":"MultiPolygon","coordinates":[[[[-91.2935,45.7968],[-91.3115,45.7944],[-91.3368,45.7885],[-91.3408,45.7796],[-91.35,45.7679],[-91.3496,45.7582],[-91.3543,45.7546],[-91.3589,45.7539],[-91.379,45.7574],[-91.4042,45.7508],[-91.4088,45.7386],[-91.4246,45.7248],[-91.4355,45.7189],[-91.4396,45.7029],[-91.4583,45.6853],[-91.4817,45.6783],[-91.5185,45.6703],[-91.5356,45.663],[-91.5584,45.658],[-91.5711,45.6432],[-91.5901,45.6414],[-91.6017,45.635],[-91.59,45.6411],[-91.5709,45.643],[-91.5609,45.6557],[-91.5578,45.6574],[-91.5355,45.6627],[-91.5184,45.67],[-91.4816,45.6781],[-91.4581,45.6851],[-91.4393,45.7027],[-91.4352,45.7187],[-91.4219,45.7256],[-91.4085,45.7385],[-91.4039,45.7506],[-91.3801,45.757],[-91.3593,45.7534],[-91.3498,45.7568],[-91.3496,45.7678],[-91.3405,45.7795],[-91.3375,45.7873],[-91.3345,45.7894],[-91.294,45.7966],[-91.2894,45.7943],[-91.2752,45.7768],[-91.2532,45.7702],[-91.2228,45.7695],[-91.2531,45.7705],[-91.2751,45.777],[-91.289,45.7944],[-91.2935,45.7968]]],[[[-91.6019,45.6345],[-91.6282,45.6226],[-91.6516,45.6232],[-91.6828,45.5936],[-91.76,45.5724],[-91.7592,45.5703],[-91.7572,45.5721],[-91.6826,45.5933],[-91.6514,45.623],[-91.628,45.6223],[-91.6019,45.6345]]],[[[-91.2169,45.7694],[-91.2187,45.7696],[-91.2187,45.7691],[-91.2169,45.7694]]],[[[-91.2191,45.7696],[-91.2197,45.7695],[-91.2191,45.769],[-91.2191,45.7696]]],[[[-91.2213,45.7696],[-91.2225,45.7696],[-91.2225,45.7695],[-91.2213,45.7696]]],[[[-91.22,45.7697],[-91.2211,45.7695],[-91.22,45.7695],[-91.22,45.7697]]],[[[-91.1943,45.7753],[-91.2055,45.7697],[-91.2167,45.7691],[-91.2046,45.769],[-91.1994,45.7723],[-91.1954,45.7725],[-91.196,45.7738],[-91.1943,45.7753]]],[[[-91.186,45.779],[-91.1892,45.779],[-91.19,45.7772],[-91.186,45.779]]],[[[-91.1777,45.7834],[-91.1738,45.7855],[-91.1785,45.7833],[-91.1841,45.7833],[-91.1841,45.7803],[-91.1777,45.7834]]],[[[-91.1691,45.7866],[-91.1433,45.794],[-91.1239,45.7957],[-91.1062,45.8008],[-91.124,45.796],[-91.1434,45.7942],[-91.1711,45.7863],[-91.1691,45.7866]]],[[[-91.0142,45.8213],[-91.0117,45.8231],[-91.0402,45.816],[-91.0755,45.804],[-91.1009,45.8012],[-91.0753,45.8038],[-91.0401,45.8158],[-91.0142,45.8213]]],[[[-90.6494,45.9087],[-90.6424,45.9101],[-90.6672,45.9061],[-90.6901,45.9089],[-90.7212,45.8993],[-90.736,45.8905],[-90.7699,45.8906],[-90.7791,45.8889],[-90.8649,45.885],[-90.8922,45.8807],[-90.9117,45.8737],[-90.9289,45.8651],[-90.9332,45.8593],[-90.9403,45.8546],[-90.9474,45.8471],[-90.9636,45.8387],[-91.0114,45.8229],[-90.9634,45.8385],[-90.9471,45.8469],[-90.94,45.8544],[-90.9328,45.8591],[-90.9287,45.8649],[-90.9115,45.8735],[-90.8921,45.8804],[-90.8649,45.8847],[-90.779,45.8887],[-90.7698,45.8903],[-90.7359,45.8903],[-90.721,45.8991],[-90.69,45.9087],[-90.6672,45.9058],[-90.6494,45.9087]]],[[[-90.4954,45.9208],[-90.5298,45.9099],[-90.5704,45.9099],[-90.6111,45.9139],[-90.6221,45.9126],[-90.6111,45.9137],[-90.5705,45.9096],[-90.5298,45.9097],[-90.5034,45.9171],[-90.4954,45.9208]]],[[[-90.4685,45.9254],[-90.4696,45.9254],[-90.4696,45.9247],[-90.4685,45.9254]]],[[[-90.4644,45.9335],[-90.4726,45.9325],[-90.4899,45.9237],[-90.4696,45.9254],[-90.4685,45.9275],[-90.4822,45.9276],[-90.4714,45.9326],[-90.4644,45.9335]]],[[[-90.458,45.9338],[-90.4633,45.9338],[-90.4642,45.9329],[-90.458,45.9338]]]]},"properties":{"PROP_NAME":"TUSCOBIA STATE TRAIL","ACRES":1083.46,"PUBLIC_ACCESS":"Open to Hiking, Fishing, Hunting and Trapping","TRANS_TYPE":1}},{"type":"Feature","geometry":{"type":"MultiPolygon","coordinates":[[[[-87.1731,44.9365],[-87.1863,44.937],[-87.184,44.9366],[-87.1833,44.9345],[-87.1925,44.9317],[-87.1997,44.9275],[-87.2056,44.9264],[-87.2082,44.925],[-87.2082,44.9226],[-87.2133,44.9226],[-87.2135,44.9154],[-87.2286,44.9153],[-87.2286,44.9117],[-87.2147,44.9118],[-87.2148,44.9135],[-87.2115,44.9135],[-87.2107,44.9154],[-87.2086,44.9152],[-87.2094,44.9163],[-87.2026,44.9196],[-87.2027,44.9177],[-87.1838,44.9267],[-87.1753,44.9273],[-87.1733,44.9291],[-87.1765,44.9304],[-87.1748,44.9325],[-87.1717,44.9314],[-87.1731,44.9365]],[[-87.197,44.9259],[-87.197,44.9259],[-87.1979,44.9255],[-87.197,44.9259]],[[-87.1984,44.9253],[-87.1987,44.9252],[-87.1987,44.9251],[-87.1984,44.9253]],[[-87.2022,44.924],[-87.2022,44.924],[-87.2025,44.9239],[-87.2022,44.924]],[[-87.2082,44.9208],[-87.2082,44.9226],[-87.2082,44.919],[-87.2082,44.9208]],[[-87.1981,44.9209],[-87.2004,44.9194],[-87.2005,44.9194],[-87.1981,44.9209]]],[[[-87.214,44.9361],[-87.2148,44.9365],[-87.2147,44.9361],[-87.214,44.9361]]]]},"properties":{"PROP_NAME":"WHITEFISH DUNES STATE PARK","ACRES":867.71,"PUBLIC_ACCESS":"Open to Hiking, Fishing, Hunting and Trapping","TRANS_TYPE":1}},{"type":"Feature","geometry":{"type":"Polygon","coordinates":[[[-90.5593,43.7184],[-90.5624,43.7202],[-90.5623,43.7184],[-90.5723,43.7184],[-90.5723,43.7148],[-90.5673,43.7148],[-90.5673,43.7109],[-90.5723,43.7111],[-90.5723,43.713],[-90.5822,43.713],[-90.5822,43.7094],[-90.5831,43.7102],[-90.584,43.7075],[-90.5872,43.7075],[-90.5872,43.7098],[-90.5971,43.7086],[-90.5971,43.7074],[-90.5922,43.7075],[-90.5921,43.7038],[-90.597,43.7037],[-90.597,43.7001],[-90.5921,43.7001],[-90.592,43.6964],[-90.592,43.6929],[-90.5969,43.6929],[-90.5934,43.6894],[-90.5969,43.6893],[-90.5969,43.6858],[-90.592,43.6859],[-90.592,43.6824],[-90.582,43.6824],[-90.5819,43.6751],[-90.577,43.675],[-90.5771,43.6822],[-90.5721,43.6821],[-90.5721,43.6857],[-90.5621,43.6858],[-90.5597,43.6838],[-90.557,43.6838],[-90.5571,43.6874],[-90.5621,43.6874],[-90.5623,43.6954],[-90.5672,43.6954],[-90.5716,43.7002],[-90.5672,43.7002],[-90.5622,43.6966],[-90.5522,43.6967],[-90.5521,43.6931],[-90.542,43.6932],[-90.5419,43.6895],[-90.522,43.6896],[-90.5222,43.697],[-90.5272,43.697],[-90.5272,43.7005],[-90.5322,43.7005],[-90.5325,43.7084],[-90.5399,43.7084],[-90.5399,43.7111],[-90.5424,43.7111],[-90.5424,43.7147],[-90.5524,43.7148],[-90.5524,43.7184],[-90.5593,43.7184]],[[-90.5473,43.7075],[-90.5423,43.7055],[-90.5422,43.704],[-90.5472,43.7039],[-90.5473,43.7075]],[[-90.5364,43.7058],[-90.5376,43.7066],[-90.5359,43.7066],[-90.5364,43.7058]],[[-90.5743,43.692],[-90.5757,43.6965],[-90.5737,43.693],[-90.5672,43.693],[-90.5672,43.6912],[-90.5743,43.692]],[[-90.5672,43.6894],[-90.5675,43.6894],[-90.5721,43.6894],[-90.5672,43.6894]]]},"properties":{"PROP_NAME":"WILDCAT MOUNTAIN STATE PARK","ACRES":3655.57,"PUBLIC_ACCESS":"Open to Hiking, Fishing, Hunting and Trapping","TRANS_TYPE":1}},{"type":"Feature","geometry":{"type":"MultiPolygon","coordinates":[[[[-92.665,45.034],[-92.6703,45.0336],[-92.6703,45.0286],[-92.6755,45.0285],[-92.6755,45.0249],[-92.6806,45.0249],[-92.6805,45.0285],[-92.7053,45.0284],[-92.7039,45.0255],[-92.7059,45.0255],[-92.7078,45.0284],[-92.7213,45.0282],[-92.7214,45.0192],[-92.7162,45.0194],[-92.7162,45.0175],[-92.7188,45.0175],[-92.7188,45.0139],[-92.7213,45.0139],[-92.7214,45.0067],[-92.7264,45.0066],[-92.7264,45.003],[-92.7315,45.003],[-92.7315,44.9994],[-92.7233,44.9994],[-92.7242,45.0014],[-92.7226,45.0013],[-92.7224,44.9995],[-92.7201,44.9995],[-92.7213,45.002],[-92.718,45.003],[-92.7151,45.0068],[-92.6755,45.0069],[-92.6754,45.0144],[-92.6677,45.0214],[-92.6703,45.0227],[-92.67,45.0239],[-92.6601,45.0251],[-92.6601,45.023],[-92.6558,45.0251],[-92.6652,45.0286],[-92.6601,45.0291],[-92.66,45.0345],[-92.665,45.034]],[[-92.7209,45.004],[-92.7204,45.0032],[-92.7208,45.0036],[-92.7209,45.004]],[[-92.7213,45.004],[-92.7232,45.0031],[-92.7244,45.0045],[-92.7228,45.0038],[-92.7213,45.0055],[-92.7213,45.004]],[[-92.711,45.0213],[-92.6971,45.0213],[-92.697,45.0186],[-92.711,45.0176],[-92.711,45.0213]]],[[[-92.6399,45.0355],[-92.6439,45.0355],[-92.6449,45.0323],[-92.6499,45.0323],[-92.6499,45.0281],[-92.655,45.0251],[-92.6493,45.0251],[-92.654,45.0214],[-92.6488,45.0251],[-92.6448,45.0251],[-92.6444,45.0287],[-92.6347,45.0287],[-92.6347,45.0316],[-92.6271,45.0356],[-92.6328,45.0326],[-92.6329,45.0355],[-92.6348,45.0355],[-92.6348,45.0391],[-92.6399,45.0391],[-92.6399,45.0355]],[[-92.6347,45.0323],[-92.6336,45.0323],[-92.6347,45.0319],[-92.6347,45.0323]]],[[[-92.6703,45.0141],[-92.6703,45.0185],[-92.6751,45.0144],[-92.6752,45.0105],[-92.6703,45.0105],[-92.6703,45.0141]]],[[[-92.662,45.0345],[-92.66,45.035],[-92.6682,45.035],[-92.662,45.0345]]],[[[-92.6588,45.0263],[-92.6575,45.0259],[-92.6576,45.0278],[-92.6588,45.0263]]],[[[-92.67,45.0341],[-92.669,45.0348],[-92.6703,45.035],[-92.67,45.0341]]],[[[-92.6684,45.0351],[-92.6682,45.0352],[-92.6694,45.0352],[-92.6684,45.0351]]]]},"properties":{"PROP_NAME":"WILLOW RIVER STATE PARK","ACRES":2857.06,"PUBLIC_ACCESS":"Open to Hiking, Fishing, Hunting and Trapping","TRANS_TYPE":1}},{"type":"Feature","geometry":{"type":"MultiPolygon","coordinates":[[[[-89.0034,44.6895],[-89.0112,44.6922],[-89.0268,44.7053],[-89.028,44.7076],[-89.0273,44.7148],[-89.038,44.727],[-89.0488,44.7345],[-89.0383,44.7269],[-89.0277,44.7147],[-89.0284,44.7076],[-89.0271,44.7051],[-89.0114,44.692],[-89.0021,44.689],[-89.0034,44.6895]]],[[[-89.163,44.8195],[-89.1568,44.8139],[-89.1463,44.7899],[-89.1284,44.783],[-89.1459,44.7901],[-89.1564,44.814],[-89.1649,44.821],[-89.163,44.8195]],[[-89.1528,44.8049],[-89.1528,44.8049],[-89.1528,44.8049],[-89.1528,44.8049]],[[-89.1635,44.8201],[-89.1635,44.8201],[-89.1635,44.8201],[-89.1635,44.8201]]],[[[-89.2092,44.9254],[-89.2076,44.9285],[-89.2128,44.9175],[-89.2109,44.902],[-89.2158,44.895],[-89.2129,44.8851],[-89.2154,44.8949],[-89.2105,44.902],[-89.2126,44.9159],[-89.2092,44.9254]],[[-88.7327,44.5563],[-88.7368,44.5715],[-88.727,44.535],[-88.7327,44.5563]]],[[[-89.1284,44.783],[-89.1179,44.7804],[-89.1024,44.7711],[-89.0936,44.7682],[-89.1022,44.7713],[-89.1177,44.7806],[-89.1284,44.783]]],[[[-89.2086,44.8597],[-89.2052,44.8529],[-89.1993,44.8468],[-89.188,44.8414],[-89.199,44.847],[-89.2086,44.8597]]],[[[-89.2208,44.9682],[-89.2135,44.9862],[-89.2139,44.9862],[-89.2208,44.9682]]],[[[-89.2182,44.9512],[-89.2206,44.9537],[-89.2118,44.9429],[-89.2182,44.9512]]],[[[-89.1736,44.8285],[-89.1838,44.8364],[-89.1713,44.8268],[-89.1736,44.8285]]],[[[-88.8325,44.6526],[-88.8329,44.6539],[-88.8354,44.6524],[-88.8334,44.6512],[-88.8313,44.6524],[-88.8325,44.6526]]],[[[-88.8603,44.6694],[-88.8612,44.6695],[-88.854,44.6665],[-88.8603,44.6694]]],[[[-89.2103,44.9988],[-89.2122,45.0008],[-89.2091,44.9971],[-89.2103,44.9988]]],[[[-88.7342,44.4928],[-88.7332,44.4964],[-88.7336,44.4964],[-88.7342,44.4928]]],[[[-89.0736,44.744],[-89.0764,44.7456],[-89.073,44.7436],[-89.0736,44.744]]],[[[-88.8635,44.6701],[-88.8637,44.6698],[-88.8612,44.6693],[-88.8635,44.6701]]],[[[-89.0506,44.7361],[-89.0514,44.7363],[-89.0491,44.735],[-89.0506,44.7361]]],[[[-89.2078,44.9286],[-89.2073,44.9298],[-89.2077,44.9298],[-89.2078,44.9286]]],[[[-89.2147,45.0044],[-89.2145,45.0045],[-89.2145,45.0057],[-89.2147,45.0044]]],[[[-89.1671,44.8231],[-89.1673,44.8231],[-89.1668,44.8231],[-89.1671,44.8231]]],[[[-88.8639,44.6698],[-88.8637,44.6702],[-88.8639,44.6702],[-88.8639,44.6698]]]]},"properties":{"PROP_NAME":"WIOUWASH STATE TRAIL","ACRES":272.14,"PUBLIC_ACCESS":"Open to Hiking, Fishing, Hunting and Trapping","TRANS_TYPE":1}},{"type":"Feature","geometry":{"type":"MultiPolygon","coordinates":[[[[-89.7822,45.8008],[-89.7926,45.801],[-89.7925,45.7974],[-89.7962,45.7974],[-89.7962,45.7938],[-89.7925,45.7938],[-89.7924,45.7901],[-89.782,45.7901],[-89.7822,45.8008]]],[[[-90.2089,46.2134],[-90.2077,46.2174],[-90.2133,46.2174],[-90.2134,46.2132],[-90.2089,46.2134]]]]},"properties":{"PROP_NAME":"STATE NATURAL AREA - NW","ACRES":313.71,"PUBLIC_ACCESS":"Open to Hiking, Fishing, Hunting and Trapping","TRANS_TYPE":1}},{"type":"Feature","geometry":{"type":"Polygon","coordinates":[[[-91.8642,45.9709],[-91.8644,45.9745],[-91.8749,45.9747],[-91.8747,45.9711],[-91.8695,45.971],[-91.8689,45.9674],[-91.864,45.9673],[-91.8642,45.9709]]]},"properties":{"PROP_NAME":"LAMPSON MORAINE PINES STATE NATURAL AREA","ACRES":119.36,"PUBLIC_ACCESS":"Open to Hiking, Fishing, Hunting and Trapping","TRANS_TYPE":1}},{"type":"Feature","geometry":{"type":"MultiPolygon","coordinates":[[[[-89.8582,45.6487],[-89.8581,45.6524],[-89.8735,45.6522],[-89.8736,45.6485],[-89.8582,45.6487]]],[[[-89.8848,45.6275],[-89.8845,45.6238],[-89.8741,45.6237],[-89.8744,45.6273],[-89.8848,45.6275]]],[[[-89.8688,45.6381],[-89.8636,45.6381],[-89.8634,45.6449],[-89.8685,45.6449],[-89.8688,45.6381]]],[[[-89.8791,45.6382],[-89.8739,45.6382],[-89.8737,45.6449],[-89.8788,45.6448],[-89.8791,45.6382]]],[[[-89.8582,45.6449],[-89.853,45.6449],[-89.853,45.6487],[-89.8582,45.6487],[-89.8582,45.6449]]]]},"properties":{"PROP_NAME":"GOBLER LAKE STATE NATURAL AREA","ACRES":392.49,"PUBLIC_ACCESS":"Open to Hiking, Fishing, Hunting and Trapping","TRANS_TYPE":1}},{"type":"Feature","geometry":{"type":"MultiPolygon","coordinates":[[[[-91.3772,46.7894],[-91.3679,46.7894],[-91.3679,46.7908],[-91.3648,46.7908],[-91.3626,46.7926],[-91.3636,46.7949],[-91.3625,46.7964],[-91.3678,46.7944],[-91.3678,46.7929],[-91.3678,46.7944],[-91.3809,46.7909],[-91.3796,46.7886],[-91.3745,46.7892],[-91.3772,46.7894]]],[[[-91.3915,46.7904],[-91.4041,46.7927],[-91.404,46.7895],[-91.3865,46.7901],[-91.3915,46.7904]]],[[[-91.3758,46.789],[-91.3796,46.7885],[-91.3796,46.7857],[-91.3745,46.7858],[-91.3745,46.7885],[-91.3758,46.789]]]]},"properties":{"PROP_NAME":"PORT WING BOREAL FOREST STATE NATURAL AREA","ACRES":227.29,"PUBLIC_ACCESS":"Open to Hiking, Fishing, Hunting and Trapping","TRANS_TYPE":1}},{"type":"Feature","geometry":{"type":"MultiPolygon","coordinates":[[[[-89.8223,45.797],[-89.8068,45.7972],[-89.8068,45.8006],[-89.8171,45.8005],[-89.8171,45.8041],[-89.8224,45.8042],[-89.8223,45.797]]],[[[-89.8385,45.7901],[-89.8378,45.7793],[-89.8323,45.7793],[-89.833,45.79],[-89.8385,45.7901]]],[[[-89.833,45.79],[-89.8274,45.79],[-89.8275,45.7935],[-89.833,45.7936],[-89.833,45.79]]],[[[-89.8275,45.7935],[-89.8223,45.7935],[-89.8223,45.797],[-89.8275,45.7971],[-89.8275,45.7935]]]]},"properties":{"PROP_NAME":"UPPER TOMAHAWK RIVER PINES STATE NATURAL AREA","ACRES":364.09000000000003,"PUBLIC_ACCESS":"Open to Hiking, Fishing, Hunting and Trapping","TRANS_TYPE":1}},{"type":"Feature","geometry":{"type":"Polygon","coordinates":[[[-88.4665,45.9183],[-88.4663,45.9147],[-88.4611,45.9146],[-88.4613,45.9182],[-88.4665,45.9183]]]},"properties":{"PROP_NAME":"FOX MAPLE WOODS STATE NATURAL AREA","ACRES":39.64,"PUBLIC_ACCESS":"Open to Hiking, Fishing, Hunting and Trapping","TRANS_TYPE":1}},{"type":"Feature","geometry":{"type":"MultiPolygon","coordinates":[[[[-90.5515,46.2741],[-90.5457,46.2739],[-90.5452,46.2812],[-90.5512,46.2812],[-90.5515,46.2741]]],[[[-90.5515,46.2741],[-90.5516,46.2703],[-90.5459,46.2703],[-90.5457,46.2739],[-90.5515,46.2741]]]]},"properties":{"PROP_NAME":"CAROLINE LAKE STATE NATURAL AREA","ACRES":135.29,"PUBLIC_ACCESS":"Open to Hiking, Fishing, Hunting and Trapping","TRANS_TYPE":1}},{"type":"Feature","geometry":{"type":"Polygon","coordinates":[[[-88.5509,45.8426],[-88.551,45.8391],[-88.5441,45.839],[-88.5441,45.8426],[-88.5509,45.8426]]]},"properties":{"PROP_NAME":"WOODS CREEK CEDARS STATE NATURAL AREA","ACRES":51.89,"PUBLIC_ACCESS":"Open to Hiking, Fishing, Hunting and Trapping","TRANS_TYPE":1}},{"type":"Feature","geometry":{"type":"Polygon","coordinates":[[[-91.3403,46.5065],[-91.3403,46.5083],[-91.3506,46.5083],[-91.3501,46.4962],[-91.3431,46.4917],[-91.3431,46.4899],[-91.3404,46.4881],[-91.3447,46.4881],[-91.3446,46.4846],[-91.329,46.4846],[-91.3291,46.4933],[-91.3331,46.4936],[-91.3343,46.4951],[-91.3331,46.4926],[-91.338,46.4916],[-91.3405,46.4939],[-91.341,46.4972],[-91.3396,46.4986],[-91.3436,46.4995],[-91.3487,46.503],[-91.3396,46.4988],[-91.3403,46.5065]]]},"properties":{"PROP_NAME":"INCH LAKE STATE NATURAL AREA","ACRES":566.27,"PUBLIC_ACCESS":"Open to Hiking, Fishing, Hunting and Trapping","TRANS_TYPE":1}},{"type":"Feature","geometry":{"type":"Polygon","coordinates":[[[-91.4671,46.5425],[-91.4696,46.5411],[-91.4696,46.5393],[-91.467,46.5407],[-91.4671,46.5425]]]},"properties":{"PROP_NAME":"JONES LAKE STATE NATURAL AREA","ACRES":7.15,"PUBLIC_ACCESS":"Open to Hiking, Fishing, Hunting and Trapping","TRANS_TYPE":1}},{"type":"Feature","geometry":{"type":"Polygon","coordinates":[[[-90.9231,46.7924],[-90.9231,46.796],[-90.9257,46.796],[-90.9257,46.7923],[-90.9309,46.7923],[-90.931,46.785],[-90.9205,46.7851],[-90.9206,46.7815],[-90.9048,46.7816],[-90.9049,46.778],[-90.8997,46.7781],[-90.8995,46.7853],[-90.91,46.7852],[-90.9099,46.7889],[-90.9231,46.7888],[-90.9231,46.7924]]]},"properties":{"PROP_NAME":"NOURSE SUGARBUSH STATE NATURAL AREA","ACRES":440.1,"PUBLIC_ACCESS":"Open to Hiking, Fishing, Hunting and Trapping","TRANS_TYPE":1}},{"type":"Feature","geometry":{"type":"MultiPolygon","coordinates":[[[[-88.4666,45.8671],[-88.4717,45.8607],[-88.4768,45.861],[-88.4768,45.8647],[-88.4819,45.8651],[-88.482,45.8613],[-88.4871,45.8616],[-88.4874,45.854],[-88.4717,45.8534],[-88.4717,45.8571],[-88.4614,45.8569],[-88.4614,45.8606],[-88.4665,45.8604],[-88.4666,45.8671]]],[[[-88.4706,45.8671],[-88.4767,45.8684],[-88.4768,45.8654],[-88.4706,45.8671]]],[[[-88.441,45.868],[-88.4461,45.8682],[-88.4461,45.8646],[-88.441,45.8644],[-88.441,45.868]]]]},"properties":{"PROP_NAME":"HALEY CREEK SWAMP STATE NATURAL AREA","ACRES":475.14,"PUBLIC_ACCESS":"Open to Hiking, Fishing, Hunting and Trapping","TRANS_TYPE":1}},{"type":"Feature","geometry":{"type":"Polygon","coordinates":[[[-89.6308,45.5177],[-89.6308,45.525],[-89.636,45.5249],[-89.636,45.5177],[-89.6308,45.5177]]]},"properties":{"PROP_NAME":"LILY LAKE STATE NATURAL AREA","ACRES":81.22,"PUBLIC_ACCESS":"Open to Hiking, Fishing, Hunting and Trapping","TRANS_TYPE":1}},{"type":"Feature","geometry":{"type":"Polygon","coordinates":[[[-88.9194,45.6082],[-88.9186,45.6156],[-88.9232,45.6156],[-88.9232,45.6047],[-88.9192,45.6046],[-88.9194,45.6082]]]},"properties":{"PROP_NAME":"CRANDON RIBBED FEN STATE NATURAL AREA","ACRES":96.03,"PUBLIC_ACCESS":"Open to Hiking, Fishing, Hunting and Trapping","TRANS_TYPE":1}},{"type":"Feature","geometry":{"type":"MultiPolygon","coordinates":[[[[-89.3466,46.0436],[-89.3465,46.0473],[-89.3517,46.0473],[-89.3518,46.0401],[-89.3466,46.04],[-89.3466,46.0436]]],[[[-89.3361,46.0473],[-89.3361,46.0509],[-89.3412,46.0509],[-89.3413,46.0473],[-89.3361,46.0473]]]]},"properties":{"PROP_NAME":"UPPER BUCKATABON SPRINGS STATE NATURAL AREA","ACRES":119.52,"PUBLIC_ACCESS":"Open to Hiking, Fishing, Hunting and Trapping","TRANS_TYPE":1}},{"type":"Feature","geometry":{"type":"MultiPolygon","coordinates":[[[[-89.2067,46.0908],[-89.2016,46.0908],[-89.2015,46.1016],[-89.2117,46.1016],[-89.2118,46.098],[-89.2168,46.0979],[-89.2169,46.0943],[-89.2067,46.0944],[-89.2067,46.0908]]],[[[-89.2119,46.0907],[-89.217,46.0907],[-89.217,46.0834],[-89.2119,46.0834],[-89.2119,46.0871],[-89.2067,46.0871],[-89.2067,46.0908],[-89.2119,46.0907]]],[[[-89.2063,46.1088],[-89.2061,46.1124],[-89.2113,46.1124],[-89.2114,46.1088],[-89.2063,46.1088]]]]},"properties":{"PROP_NAME":"SPRUCE GROUSE SWAMP STATE NATURAL AREA","ACRES":391.77,"PUBLIC_ACCESS":"Open to Hiking, Fishing, Hunting and Trapping","TRANS_TYPE":1}},{"type":"Feature","geometry":{"type":"MultiPolygon","coordinates":[[[[-92.3227,44.5609],[-92.3226,44.5683],[-92.3276,44.5696],[-92.3276,44.5711],[-92.3326,44.5713],[-92.3327,44.5677],[-92.3276,44.5675],[-92.3277,44.5599],[-92.3239,44.5604],[-92.3197,44.5563],[-92.3227,44.5609]]],[[[-92.3211,44.5565],[-92.3213,44.5567],[-92.3214,44.5564],[-92.3211,44.5565]]],[[[-92.3264,44.5597],[-92.3277,44.5597],[-92.3277,44.5592],[-92.3264,44.5597]]],[[[-92.3377,44.5688],[-92.3394,44.5683],[-92.3381,44.5669],[-92.3377,44.5688]]]]},"properties":{"PROP_NAME":"RUSH RIVER DELTA STATE NATURAL AREA","ACRES":145.96,"PUBLIC_ACCESS":"Open to Hiking, Fishing, Hunting and Trapping","TRANS_TYPE":1}},{"type":"Feature","geometry":{"type":"Polygon","coordinates":[[[-92.307,44.6139],[-92.3172,44.6142],[-92.3172,44.611],[-92.307,44.6109],[-92.307,44.6139]]]},"properties":{"PROP_NAME":"MORGAN COULEE PRAIRIE STATE NATURAL AREA","ACRES":58.28,"PUBLIC_ACCESS":"Open to Hiking, Fishing, Hunting and Trapping","TRANS_TYPE":1}},{"type":"Feature","geometry":{"type":"MultiPolygon","coordinates":[[[[-90.8706,43.7363],[-90.8756,43.7363],[-90.8756,43.7327],[-90.8656,43.7327],[-90.8656,43.7363],[-90.8706,43.7363]]],[[[-90.8706,43.7363],[-90.8706,43.7381],[-90.8756,43.7381],[-90.8756,43.7363],[-90.8706,43.7363]]],[[[-90.8656,43.7363],[-90.8625,43.7363],[-90.8628,43.7384],[-90.8656,43.7384],[-90.8656,43.7363]]]]},"properties":{"PROP_NAME":"EUREKA MAPLE WOODS STATE NATURAL AREA","ACRES":113.12,"PUBLIC_ACCESS":"Open to Hiking, Fishing, Hunting and Trapping","TRANS_TYPE":1}},{"type":"Feature","geometry":{"type":"Polygon","coordinates":[[[-91.8501,45.0891],[-91.8552,45.0892],[-91.8552,45.0782],[-91.8449,45.0781],[-91.845,45.0818],[-91.8347,45.0817],[-91.8348,45.089],[-91.8501,45.0891]]]},"properties":{"PROP_NAME":"OTTER CREEK OAK BARRENS STATE NATURAL AREA","ACRES":403.45,"PUBLIC_ACCESS":"Open to Hiking, Fishing, Hunting and Trapping","TRANS_TYPE":1}},{"type":"Feature","geometry":{"type":"Polygon","coordinates":[[[-92.1653,44.6622],[-92.1754,44.6621],[-92.1753,44.6585],[-92.1653,44.6586],[-92.1653,44.6622]]]},"properties":{"PROP_NAME":"PLUM CREEK WOODS STATE NATURAL AREA","ACRES":78.73,"PUBLIC_ACCESS":"Open to Hiking, Fishing, Hunting and Trapping","TRANS_TYPE":1}},{"type":"Feature","geometry":{"type":"Polygon","coordinates":[[[-92.436,44.5913],[-92.4263,44.5945],[-92.4364,44.5945],[-92.436,44.5913]]]},"properties":{"PROP_NAME":"BAY CITY MINE STATE NATURAL AREA","ACRES":48.45,"PUBLIC_ACCESS":"Open to Hiking, Fishing, Hunting and Trapping","TRANS_TYPE":1}},{"type":"Feature","geometry":{"type":"Polygon","coordinates":[[[-90.7458,44.2984],[-90.7559,44.2984],[-90.7557,44.2912],[-90.7506,44.2912],[-90.7508,44.2948],[-90.7457,44.2948],[-90.7458,44.2984]]]},"properties":{"PROP_NAME":"BAUER-BROCKWAY BARRENS STATE NATURAL AREA","ACRES":119.53,"PUBLIC_ACCESS":"Open to Hiking, Fishing, Hunting and Trapping","TRANS_TYPE":1}},{"type":"Feature","geometry":{"type":"MultiPolygon","coordinates":[[[[-91.6154,44.1899],[-91.6216,44.1895],[-91.6191,44.1864],[-91.6214,44.1857],[-91.6115,44.1828],[-91.6122,44.1808],[-91.6104,44.1792],[-91.5997,44.1804],[-91.6015,44.1836],[-91.6013,44.19],[-91.6154,44.1899]]],[[[-91.5979,44.1867],[-91.599,44.1898],[-91.6009,44.19],[-91.6011,44.1836],[-91.5993,44.1805],[-91.5991,44.1828],[-91.5965,44.184],[-91.5989,44.1863],[-91.5979,44.1867]]]]},"properties":{"PROP_NAME":"TREMPEALEAU RIVER MEADOWS STATE NATURAL AREA","ACRES":411.93,"PUBLIC_ACCESS":"Open to Hiking, Fishing, Hunting and Trapping","TRANS_TYPE":1}},{"type":"Feature","geometry":{"type":"Polygon","coordinates":[[[-89.8028,44.0106],[-89.8128,44.0105],[-89.8126,44.0033],[-89.8026,44.0033],[-89.8028,44.0106]],[[-89.8124,44.0069],[-89.8099,44.0072],[-89.81,44.0053],[-89.8123,44.0052],[-89.8124,44.0069]]]},"properties":{"PROP_NAME":"ROCHE A CRI WOODS STATE NATURAL AREA","ACRES":149.34,"PUBLIC_ACCESS":"Open to Hiking, Fishing, Hunting and Trapping","TRANS_TYPE":1}},{"type":"Feature","geometry":{"type":"Polygon","coordinates":[[[-91.2183,43.6301],[-91.2219,43.6231],[-91.2185,43.6232],[-91.2183,43.6301]]]},"properties":{"PROP_NAME":"BERGEN BLUFFS STATE NATURAL AREA","ACRES":32.22,"PUBLIC_ACCESS":"Open to Hiking, Fishing, Hunting and Trapping","TRANS_TYPE":1}},{"type":"Feature","geometry":{"type":"Polygon","coordinates":[[[-91.1397,43.5532],[-91.1373,43.5541],[-91.1373,43.5583],[-91.1423,43.5582],[-91.1452,43.5543],[-91.1434,43.5525],[-91.1397,43.5532]]]},"properties":{"PROP_NAME":"ROMANCE PRAIRIE STATE NATURAL AREA","ACRES":76.84,"PUBLIC_ACCESS":"Open to Hiking, Fishing, Hunting and Trapping","TRANS_TYPE":1}},{"type":"Feature","geometry":{"type":"Polygon","coordinates":[[[-89.8687,44.253],[-89.8687,44.2567],[-89.8709,44.2567],[-89.8687,44.2509],[-89.8687,44.253]]]},"properties":{"PROP_NAME":"SARATOGA BARRENS STATE NATURAL AREA","ACRES":12.56,"PUBLIC_ACCESS":"Open to Hiking, Fishing, Hunting and Trapping","TRANS_TYPE":1}},{"type":"Feature","geometry":{"type":"Polygon","coordinates":[[[-88.2391,45.687],[-88.239,45.6906],[-88.2599,45.6911],[-88.2602,45.6838],[-88.2704,45.6841],[-88.2707,45.6734],[-88.263,45.6731],[-88.2633,45.6659],[-88.2606,45.6659],[-88.2607,45.6623],[-88.2555,45.6621],[-88.2556,45.6549],[-88.2504,45.6548],[-88.25,45.6728],[-88.2395,45.6725],[-88.2391,45.687]]]},"properties":{"PROP_NAME":"DUNBAR BARRENS STATE NATURAL AREA","ACRES":1411.1200000000001,"PUBLIC_ACCESS":"Open to Hiking, Fishing, Hunting and Trapping","TRANS_TYPE":1}},{"type":"Feature","geometry":{"type":"Polygon","coordinates":[[[-88.7664,44.8041],[-88.7664,44.8113],[-88.7715,44.8113],[-88.7715,44.8041],[-88.7664,44.8041]]]},"properties":{"PROP_NAME":"JUNG HEMLOCK-BEECH FOREST STATE NATURAL AREA","ACRES":79.4,"PUBLIC_ACCESS":"Open to Hiking, Fishing, Hunting and Trapping","TRANS_TYPE":1}},{"type":"Feature","geometry":{"type":"Polygon","coordinates":[[[-89.0924,44.6383],[-89.0925,44.642],[-89.1022,44.6422],[-89.1012,44.6349],[-89.0923,44.6346],[-89.0924,44.6383]]]},"properties":{"PROP_NAME":"MUD LAKE BOG STATE NATURAL AREA","ACRES":154.37,"PUBLIC_ACCESS":"Open to Hiking, Fishing, Hunting and Trapping","TRANS_TYPE":1}},{"type":"Feature","geometry":{"type":"MultiPolygon","coordinates":[[[[-87.0687,45.0911],[-87.0788,45.0905],[-87.0697,45.0842],[-87.0664,45.0844],[-87.067,45.0875],[-87.0688,45.0875],[-87.0687,45.0911]]],[[[-87.0667,45.0841],[-87.0671,45.0839],[-87.0665,45.0838],[-87.0667,45.0841]]]]},"properties":{"PROP_NAME":"MOONLIGHT BAY BEDROCK BEACH STATE NATURAL AREA","ACRES":102.34,"PUBLIC_ACCESS":"Open to Hiking, Fishing, Hunting and Trapping","TRANS_TYPE":1}},{"type":"Feature","geometry":{"type":"Polygon","coordinates":[[[-89.0297,43.8631],[-89.0336,43.8635],[-89.0336,43.862],[-89.0373,43.8611],[-89.029,43.8621],[-89.0297,43.8631]]]},"properties":{"PROP_NAME":"SNAKE CREEK FEN STATE NATURAL AREA","ACRES":18.35,"PUBLIC_ACCESS":"Open to Hiking, Fishing, Hunting and Trapping","TRANS_TYPE":1}},{"type":"Feature","geometry":{"type":"Polygon","coordinates":[[[-89.2192,44.4355],[-89.2238,44.4355],[-89.2237,44.4247],[-89.209,44.4247],[-89.2091,44.429],[-89.2108,44.429],[-89.2091,44.4297],[-89.2091,44.4319],[-89.2192,44.4319],[-89.2192,44.4355]]]},"properties":{"PROP_NAME":"SKUNK AND FOSTER LAKES STATE NATURAL AREA","ACRES":264.67,"PUBLIC_ACCESS":"Open to Hiking, Fishing, Hunting and Trapping","TRANS_TYPE":1}},{"type":"Feature","geometry":{"type":"Polygon","coordinates":[[[-89.1888,44.174],[-89.1889,44.1777],[-89.1939,44.1777],[-89.1939,44.174],[-89.1888,44.174]]]},"properties":{"PROP_NAME":"KARNER BLUE MEADOW STATE NATURAL AREA","ACRES":40.61,"PUBLIC_ACCESS":"Open to Hiking, Fishing, Hunting and Trapping","TRANS_TYPE":1}},{"type":"Feature","geometry":{"type":"MultiPolygon","coordinates":[[[[-89.3024,44.0223],[-89.3125,44.0224],[-89.3125,44.0196],[-89.3176,44.0187],[-89.3004,44.0187],[-89.3021,44.0194],[-89.3018,44.0228],[-89.2999,44.0226],[-89.3008,44.026],[-89.3023,44.026],[-89.3024,44.0223]]],[[[-89.3187,44.0296],[-89.3225,44.0296],[-89.3225,44.0259],[-89.3124,44.026],[-89.3124,44.0278],[-89.3175,44.0278],[-89.3175,44.0296],[-89.3187,44.0296]]],[[[-89.3175,44.0296],[-89.3124,44.0296],[-89.3125,44.0316],[-89.3074,44.0311],[-89.3125,44.0317],[-89.3125,44.0332],[-89.3175,44.0332],[-89.3175,44.0296]]]]},"properties":{"PROP_NAME":"LUNCH CREEK WETLANDS STATE NATURAL AREA","ACRES":213.20000000000002,"PUBLIC_ACCESS":"Open to Hiking, Fishing, Hunting and Trapping","TRANS_TYPE":1}},{"type":"Feature","geometry":{"type":"MultiPolygon","coordinates":[[[[-89.1934,44.6349],[-89.1985,44.6349],[-89.1984,44.6276],[-89.1933,44.6276],[-89.1932,44.624],[-89.1882,44.624],[-89.1883,44.6312],[-89.1934,44.6312],[-89.1934,44.6349]]],[[[-89.1982,44.624],[-89.2033,44.6241],[-89.2033,44.624],[-89.1982,44.624]]]]},"properties":{"PROP_NAME":"LITTLE WOLF RIVER STATE NATURAL AREA ","ACRES":161.56,"PUBLIC_ACCESS":"Open to Hiking, Fishing, Hunting and Trapping","TRANS_TYPE":1}},{"type":"Feature","geometry":{"type":"MultiPolygon","coordinates":[[[[-90.3497,43.467],[-90.3548,43.467],[-90.3549,43.4612],[-90.3498,43.4633],[-90.3497,43.467]]],[[[-90.3634,43.4139],[-90.365,43.415],[-90.3649,43.4138],[-90.3634,43.4139]]]]},"properties":{"PROP_NAME":"HUB CITY BOG STATE NATURAL AREA","ACRES":50.33,"PUBLIC_ACCESS":"Open to Hiking, Fishing, Hunting and Trapping","TRANS_TYPE":1}},{"type":"Feature","geometry":{"type":"Polygon","coordinates":[[[-89.5861,42.9529],[-89.586,42.955],[-89.5885,42.9551],[-89.5886,42.9515],[-89.5861,42.9514],[-89.5861,42.9529]]]},"properties":{"PROP_NAME":"OLSON OAK WOODS STATE NATURAL AREA","ACRES":19.72,"PUBLIC_ACCESS":"Open to Hiking, Fishing, Hunting and Trapping","TRANS_TYPE":1}},{"type":"Feature","geometry":{"type":"Polygon","coordinates":[[[-90.4295,42.6896],[-90.415,42.7038],[-90.4302,42.6892],[-90.4295,42.6896]]]},"properties":{"PROP_NAME":"IPSWICH PRAIRIE STATE NATURAL AREA","ACRES":17.740000000000002,"PUBLIC_ACCESS":"Open to Hiking, Fishing, Hunting and Trapping","TRANS_TYPE":1}},{"type":"Feature","geometry":{"type":"Polygon","coordinates":[[[-89.5274,43.4799],[-89.5273,43.4818],[-89.5374,43.4819],[-89.5373,43.4746],[-89.5273,43.4746],[-89.5274,43.4766],[-89.5244,43.4766],[-89.5249,43.4782],[-89.5274,43.4782],[-89.5274,43.4799]]]},"properties":{"PROP_NAME":"LOST LAKE STATE NATURAL AREA","ACRES":169.39000000000001,"PUBLIC_ACCESS":"Open to Hiking, Fishing, Hunting and Trapping","TRANS_TYPE":1}},{"type":"Feature","geometry":{"type":"Polygon","coordinates":[[[-89.3596,43.4605],[-89.3688,43.4604],[-89.3687,43.4558],[-89.3496,43.4556],[-89.3496,43.4581],[-89.3596,43.4592],[-89.3596,43.4605]]]},"properties":{"PROP_NAME":"ROCKY RUN OAK SAVANNA STATE NATURAL AREA","ACRES":163.5,"PUBLIC_ACCESS":"Open to Hiking, Fishing, Hunting and Trapping","TRANS_TYPE":1}},{"type":"Feature","geometry":{"type":"MultiPolygon","coordinates":[[[[-89.5664,42.9839],[-89.568,42.9757],[-89.5661,42.9757],[-89.5662,42.9729],[-89.5631,42.9729],[-89.5629,42.9766],[-89.555,42.9765],[-89.5574,42.9803],[-89.568,42.9867],[-89.5727,42.9868],[-89.5728,42.9838],[-89.5642,42.9838],[-89.5664,42.9839]]],[[[-89.5637,42.9857],[-89.5671,42.9864],[-89.5575,42.9806],[-89.559,42.9844],[-89.5637,42.9857]]],[[[-89.5728,42.9903],[-89.5728,42.9875],[-89.569,42.9875],[-89.5728,42.9903]]]]},"properties":{"PROP_NAME":"SUGAR RIVER WETLANDS STATE NATURAL AREA","ACRES":260.62,"PUBLIC_ACCESS":"Open to Hiking, Fishing, Hunting and Trapping","TRANS_TYPE":1}},{"type":"Feature","geometry":{"type":"MultiPolygon","coordinates":[[[[-90.6072,43.1769],[-90.6021,43.1768],[-90.6025,43.178],[-90.5972,43.1804],[-90.5971,43.1782],[-90.5971,43.1806],[-90.6072,43.1784],[-90.6072,43.1769]]],[[[-90.6072,43.1739],[-90.6021,43.1768],[-90.6072,43.1769],[-90.6072,43.1739]]],[[[-90.5885,43.1754],[-90.5882,43.1767],[-90.5918,43.1767],[-90.5885,43.1754]]],[[[-90.594,43.1762],[-90.5929,43.1767],[-90.5961,43.1767],[-90.594,43.1762]]]]},"properties":{"PROP_NAME":"BLUE RIVER BLUFFS STATE NATURAL AREA","ACRES":63.85,"PUBLIC_ACCESS":"Open to Hiking, Fishing, Hunting and Trapping","TRANS_TYPE":1}},{"type":"Feature","geometry":{"type":"Polygon","coordinates":[[[-89.6383,43.4895],[-89.6355,43.4913],[-89.6353,43.4997],[-89.6403,43.4997],[-89.6405,43.4897],[-89.6383,43.4895]]]},"properties":{"PROP_NAME":"LOWER NARROWS STATE NATURAL AREA","ACRES":107.5,"PUBLIC_ACCESS":"Open to Hiking, Fishing, Hunting and Trapping","TRANS_TYPE":1}},{"type":"Feature","geometry":{"type":"Polygon","coordinates":[[[-88.3753,42.9507],[-88.3707,42.9519],[-88.3706,42.9556],[-88.3755,42.9557],[-88.3753,42.9507]]]},"properties":{"PROP_NAME":"GENESEE OAK OPENING AND FEN STATE NATURAL AREA","ACRES":50.1,"PUBLIC_ACCESS":"Open to Hiking, Fishing, Hunting and Trapping","TRANS_TYPE":1}},{"type":"Feature","geometry":{"type":"Polygon","coordinates":[[[-88.7048,42.7846],[-88.6999,42.7846],[-88.6997,42.7883],[-88.7078,42.7882],[-88.7079,42.7846],[-88.7048,42.7846]]]},"properties":{"PROP_NAME":"CLOVER VALLEY FEN STATE NATURAL AREA","ACRES":65.77,"PUBLIC_ACCESS":"Open to Hiking, Fishing, Hunting and Trapping","TRANS_TYPE":1}},{"type":"Feature","geometry":{"type":"Polygon","coordinates":[[[-87.9425,43.8731],[-87.9473,43.873],[-87.9458,43.8671],[-87.9426,43.8671],[-87.9425,43.8731]]]},"properties":{"PROP_NAME":"RHINE CENTER BOG STATE NATURAL AREA","ACRES":52.96,"PUBLIC_ACCESS":"Open to Hiking, Fishing, Hunting and Trapping","TRANS_TYPE":1}},{"type":"Feature","geometry":{"type":"Polygon","coordinates":[[[-92.0121,46.703],[-92.0119,46.7004],[-92.01,46.6998],[-92.0121,46.703]]]},"properties":{"PROP_NAME":"WISCONSIN POINT BIRD SANCTUARY STATE HABITAT AREA","ACRES":7.28,"PUBLIC_ACCESS":"Open to Hiking, Fishing, Hunting and Trapping","TRANS_TYPE":1}},{"type":"Feature","geometry":{"type":"Polygon","coordinates":[[[-87.6233,45.1022],[-87.624,45.1022],[-87.6209,45.1014],[-87.6233,45.1022]]]},"properties":{"PROP_NAME":"STRAWBERRY ISLAND STATE HABITAT AREA","ACRES":1.97,"PUBLIC_ACCESS":"Open to Hiking, Fishing, Hunting and Trapping","TRANS_TYPE":1}},{"type":"Feature","geometry":{"type":"MultiPolygon","coordinates":[[[[-89.0786,45.0838],[-89.0735,45.0838],[-89.0737,45.091],[-89.0788,45.091],[-89.0787,45.0874],[-89.0838,45.0874],[-89.0837,45.0838],[-89.0786,45.0838]]],[[[-89.5489,45.2283],[-89.5435,45.2283],[-89.5435,45.2319],[-89.5489,45.2319],[-89.5489,45.2283]]],[[[-91.4945,45.306],[-91.4978,45.306],[-91.4947,45.3035],[-91.4973,45.3039],[-91.5002,45.302],[-91.4997,45.3011],[-91.504,45.3034],[-91.5019,45.3021],[-91.5047,45.301],[-91.5047,45.2989],[-91.4946,45.2988],[-91.4945,45.306]]],[[[-89.4745,45.3539],[-89.4811,45.3546],[-89.4811,45.3528],[-89.4745,45.3539]]],[[[-89.7437,45.6687],[-89.7473,45.6694],[-89.7501,45.6676],[-89.7458,45.6686],[-89.736,45.6632],[-89.7437,45.6687]]],[[[-90.3404,46.3777],[-90.3438,46.3762],[-90.3405,46.3741],[-90.3404,46.3777]]]]},"properties":{"PROP_NAME":"GIFT LANDS - NW","ACRES":316.44,"PUBLIC_ACCESS":"Open to Hiking, Fishing, Hunting and Trapping","TRANS_TYPE":1}},{"type":"Feature","geometry":{"type":"Polygon","coordinates":[[[-89.7479,44.083],[-89.7529,44.083],[-89.7528,44.0794],[-89.7578,44.0794],[-89.7576,44.0723],[-89.7477,44.0722],[-89.7479,44.083]]]},"properties":{"PROP_NAME":"CARTER CREEK STATE HABITAT AREA","ACRES":194.65,"PUBLIC_ACCESS":"Open to Hiking, Fishing, Hunting and Trapping","TRANS_TYPE":1}},{"type":"Feature","geometry":{"type":"MultiPolygon","coordinates":[[[[-89.2339,44.6715],[-89.2441,44.6714],[-89.244,44.6642],[-89.2287,44.6643],[-89.2287,44.6679],[-89.2338,44.6679],[-89.2339,44.6715]]],[[[-89.6977,44.7867],[-89.6987,44.7869],[-89.6997,44.7862],[-89.6977,44.7867]]]]},"properties":{"PROP_NAME":"GIFT LANDS - WD","ACRES":203.67000000000002,"PUBLIC_ACCESS":"Open to Hiking, Fishing, Hunting and Trapping","TRANS_TYPE":1}},{"type":"Feature","geometry":{"type":"Polygon","coordinates":[[[-91.1185,46.4144],[-91.1186,46.4249],[-91.1343,46.425],[-91.1344,46.4278],[-91.1375,46.4285],[-91.1501,46.4285],[-91.1501,46.4305],[-91.1593,46.4323],[-91.1765,46.4326],[-91.1766,46.4148],[-91.1655,46.4145],[-91.1654,46.4111],[-91.1765,46.4116],[-91.1765,46.408],[-91.1705,46.4077],[-91.1703,46.4041],[-91.1651,46.4039],[-91.165,46.4003],[-91.1765,46.4007],[-91.1764,46.3971],[-91.1702,46.3969],[-91.1701,46.3933],[-91.1764,46.3935],[-91.1762,46.372],[-91.1678,46.3716],[-91.1676,46.3752],[-91.1702,46.3753],[-91.17,46.3797],[-91.1663,46.3812],[-91.165,46.3807],[-91.1651,46.3751],[-91.1544,46.3748],[-91.1544,46.3712],[-91.1386,46.3707],[-91.1333,46.3714],[-91.1334,46.378],[-91.1275,46.3783],[-91.1276,46.3747],[-91.1146,46.3757],[-91.1145,46.3733],[-91.1163,46.3721],[-91.1053,46.3726],[-91.1052,46.376],[-91.1,46.3761],[-91.0999,46.3796],[-91.0948,46.3797],[-91.0948,46.3725],[-91.077,46.372],[-91.0623,46.3773],[-91.059,46.3803],[-91.0529,46.3976],[-91.0554,46.3986],[-91.0525,46.3985],[-91.0518,46.4003],[-91.0552,46.4004],[-91.0516,46.4012],[-91.051,46.4102],[-91.061,46.4105],[-91.0611,46.4137],[-91.0715,46.4139],[-91.0714,46.4108],[-91.0765,46.4108],[-91.0767,46.4175],[-91.0923,46.4178],[-91.0924,46.4197],[-91.1134,46.4236],[-91.1133,46.4144],[-91.1185,46.4144],[-91.1183,46.411],[-91.1287,46.4109],[-91.1286,46.4073],[-91.113,46.4074],[-91.1131,46.411],[-91.1079,46.411],[-91.108,46.4144],[-91.0922,46.4144],[-91.0921,46.411],[-91.0869,46.4109],[-91.0868,46.4073],[-91.0816,46.4073],[-91.0814,46.4],[-91.071,46.3999],[-91.0702,46.386],[-91.0898,46.387],[-91.0903,46.3903],[-91.0853,46.3901],[-91.0866,46.4001],[-91.0917,46.4001],[-91.0908,46.3936],[-91.1111,46.3932],[-91.1127,46.4002],[-91.1545,46.3998],[-91.1548,46.4071],[-91.139,46.4072],[-91.1392,46.4108],[-91.1444,46.4108],[-91.1445,46.4144],[-91.1185,46.4144]],[[-91.0671,46.3759],[-91.0664,46.3761],[-91.0672,46.3759],[-91.0671,46.3759]],[[-91.0682,46.3755],[-91.0678,46.3757],[-91.0672,46.3759],[-91.0682,46.3755]],[[-91.109,46.3805],[-91.109,46.3809],[-91.109,46.3808],[-91.109,46.3805]],[[-91.1142,46.3736],[-91.1127,46.3743],[-91.1127,46.3728],[-91.1142,46.3736]],[[-91.1544,46.3892],[-91.1545,46.3927],[-91.1492,46.3927],[-91.1492,46.3891],[-91.1544,46.3892]],[[-91.1334,46.3927],[-91.1279,46.3928],[-91.1274,46.3856],[-91.1334,46.3854],[-91.1334,46.3927]]]},"properties":{"PROP_NAME":"BIBON SWAMP STATE NATURAL AREA","ACRES":9584.16,"PUBLIC_ACCESS":"Open to Hiking, Fishing, Hunting and Trapping","TRANS_TYPE":1}},{"type":"Feature","geometry":{"type":"Polygon","coordinates":[[[-90.4965,44.1825],[-90.4966,44.1899],[-90.5065,44.1898],[-90.5065,44.1825],[-90.5165,44.1824],[-90.5164,44.1788],[-90.5064,44.1788],[-90.5064,44.1752],[-90.5014,44.1752],[-90.5013,44.1716],[-90.4963,44.1716],[-90.4965,44.1825]]]},"properties":{"PROP_NAME":"JAY CREEK PINE FOREST STATE NATURAL AREA","ACRES":440.77,"PUBLIC_ACCESS":"Open to Hiking, Fishing, Hunting and Trapping","TRANS_TYPE":1}},{"type":"Feature","geometry":{"type":"MultiPolygon","coordinates":[[[[-91.1188,46.8543],[-91.1396,46.8576],[-91.1396,46.8611],[-91.1443,46.8612],[-91.1446,46.8541],[-91.1428,46.8541],[-91.1429,46.8527],[-91.1447,46.8528],[-91.1449,46.8469],[-91.12,46.847],[-91.1085,46.8531],[-91.1188,46.8543]],[[-91.1376,46.8494],[-91.1376,46.8494],[-91.1376,46.8494],[-91.1376,46.8494]],[[-91.138,46.8471],[-91.138,46.8471],[-91.138,46.8471],[-91.138,46.8471]],[[-91.1387,46.8471],[-91.1386,46.847],[-91.1386,46.847],[-91.1387,46.8471]],[[-91.1387,46.8472],[-91.1387,46.8472],[-91.1387,46.8472],[-91.1387,46.8472]],[[-91.1388,46.8475],[-91.1388,46.8475],[-91.1388,46.8474],[-91.1388,46.8475]]],[[[-91.1377,46.8497],[-91.1376,46.8495],[-91.1376,46.8495],[-91.1377,46.8497]],[[-91.1381,46.8479],[-91.138,46.8483],[-91.138,46.8482],[-91.1381,46.8479]],[[-91.1103,46.8537],[-91.1103,46.8537],[-91.1103,46.8532],[-91.1103,46.8537]],[[-91.1388,46.8528],[-91.1383,46.854],[-91.1377,46.8504],[-91.1388,46.8528]]],[[[-91.1293,46.8442],[-91.1293,46.8465],[-91.1347,46.8466],[-91.1345,46.8444],[-91.1449,46.8443],[-91.1449,46.8406],[-91.1346,46.8407],[-91.1345,46.8336],[-91.1292,46.8335],[-91.1293,46.8442]]]]},"properties":{"PROP_NAME":"LOST CREEK BOG STATE NATURAL AREA","ACRES":846.01,"PUBLIC_ACCESS":"Open to Hiking, Fishing, Hunting and Trapping","TRANS_TYPE":1}},{"type":"Feature","geometry":{"type":"MultiPolygon","coordinates":[[[[-88.4638,42.8398],[-88.4539,42.8397],[-88.4539,42.8426],[-88.4492,42.8427],[-88.4507,42.8372],[-88.4441,42.836],[-88.4442,42.8316],[-88.446,42.8323],[-88.4488,42.8304],[-88.4493,42.8259],[-88.4445,42.8258],[-88.4453,42.8309],[-88.4443,42.8304],[-88.4444,42.8225],[-88.4369,42.8243],[-88.4372,42.826],[-88.4344,42.825],[-88.4342,42.8322],[-88.4237,42.8321],[-88.4241,42.84],[-88.4266,42.8396],[-88.4247,42.8415],[-88.4267,42.8438],[-88.4398,42.8471],[-88.4372,42.845],[-88.439,42.8426],[-88.4449,42.8427],[-88.4463,42.8463],[-88.4415,42.8468],[-88.4422,42.8499],[-88.4535,42.8499],[-88.4535,42.8463],[-88.4486,42.8463],[-88.4486,42.8445],[-88.4584,42.8463],[-88.4584,42.8426],[-88.4638,42.8426],[-88.4638,42.8398]]],[[[-88.4687,42.8399],[-88.4688,42.8363],[-88.4736,42.8364],[-88.4738,42.8328],[-88.4639,42.8325],[-88.4638,42.8398],[-88.4687,42.8399]]],[[[-88.4739,42.8291],[-88.4689,42.829],[-88.4689,42.8308],[-88.4738,42.831],[-88.4739,42.8291]]]]},"properties":{"PROP_NAME":"LULU LAKE STATE NATURAL AREA","ACRES":1232.65,"PUBLIC_ACCESS":"Open to Hiking, Fishing, Hunting and Trapping","TRANS_TYPE":1}},{"type":"Feature","geometry":{"type":"Polygon","coordinates":[[[-89.1256,44.4932],[-89.1232,44.4932],[-89.1232,44.4945],[-89.1382,44.4936],[-89.1383,44.4899],[-89.1334,44.4899],[-89.1332,44.4863],[-89.1282,44.4863],[-89.1283,44.4899],[-89.1233,44.49],[-89.1232,44.4917],[-89.1256,44.4917],[-89.1256,44.4932]]]},"properties":{"PROP_NAME":"MYKLEBUST LAKE STATE NATURAL AREA","ACRES":171.01,"PUBLIC_ACCESS":"Open to Hiking, Fishing, Hunting and Trapping","TRANS_TYPE":1}},{"type":"Feature","geometry":{"type":"Polygon","coordinates":[[[-89.6361,43.4214],[-89.6327,43.4276],[-89.6505,43.4274],[-89.6505,43.4165],[-89.6455,43.4165],[-89.6455,43.4111],[-89.6355,43.4094],[-89.6361,43.4214]]]},"properties":{"PROP_NAME":"PARFREYS GLEN STATE NATURAL AREA","ACRES":508.76,"PUBLIC_ACCESS":"Open to Hiking, Fishing, Hunting and Trapping","TRANS_TYPE":1}},{"type":"Feature","geometry":{"type":"MultiPolygon","coordinates":[[[[-90.0054,43.0167],[-90.008,43.0167],[-90.0103,43.0131],[-90.0178,43.0131],[-90.0178,43.0114],[-90.0202,43.0114],[-90.0202,43.006],[-90.0131,43.0055],[-90.0131,43.0034],[-90.0153,43.0034],[-90.0153,42.9986],[-90.0119,42.9986],[-90.0119,43.0022],[-90.0054,43.0023],[-90.0091,43.0059],[-90.0091,43.0095],[-89.9906,43.0094],[-89.9912,43.0129],[-89.99,43.013],[-90.0054,43.0131],[-90.0054,43.0167]],[[-90.0152,43.0083],[-90.0152,43.0059],[-90.0152,43.0059],[-90.0152,43.0083]]],[[[-90.0202,42.9964],[-90.0203,42.9987],[-90.0302,42.9989],[-90.0301,42.9935],[-90.0252,42.9916],[-90.0252,42.9952],[-90.0193,42.9951],[-90.0202,42.9964]]]]},"properties":{"PROP_NAME":"RIDGEWAY PINE RELICT STATE NATURAL AREA","ACRES":542.3,"PUBLIC_ACCESS":"Open to Hiking, Fishing, Hunting and Trapping","TRANS_TYPE":1}},{"type":"Feature","geometry":{"type":"MultiPolygon","coordinates":[[[[-91.1479,43.3904],[-91.1493,43.3903],[-91.1491,43.3876],[-91.1578,43.3877],[-91.1625,43.3866],[-91.1625,43.3848],[-91.1641,43.3848],[-91.1641,43.3866],[-91.1678,43.3866],[-91.1678,43.383],[-91.1691,43.383],[-91.1642,43.3794],[-91.1598,43.3794],[-91.1598,43.3765],[-91.1533,43.3721],[-91.1354,43.3669],[-91.1324,43.3642],[-91.1262,43.3643],[-91.1259,43.3621],[-91.123,43.3651],[-91.1218,43.3644],[-91.119,43.3684],[-91.1241,43.3687],[-91.1236,43.3724],[-91.1212,43.372],[-91.1215,43.3702],[-91.1181,43.3708],[-91.1137,43.375],[-91.1126,43.3797],[-91.1039,43.381],[-91.1081,43.3903],[-91.1114,43.3895],[-91.1068,43.3843],[-91.1085,43.3845],[-91.1122,43.3905],[-91.1172,43.3905],[-91.1172,43.3937],[-91.1268,43.393],[-91.1271,43.3904],[-91.1221,43.3904],[-91.1221,43.3868],[-91.1245,43.3857],[-91.142,43.3867],[-91.142,43.3939],[-91.1479,43.3939],[-91.1479,43.3904]],[[-91.1277,43.3721],[-91.1275,43.3715],[-91.1276,43.3718],[-91.1277,43.3721]],[[-91.1267,43.3725],[-91.1267,43.3725],[-91.1261,43.3725],[-91.1267,43.3725]],[[-91.1192,43.3831],[-91.1172,43.3833],[-91.1141,43.3799],[-91.1197,43.3814],[-91.1192,43.3831]]],[[[-91.1272,43.4085],[-91.1321,43.4084],[-91.1321,43.4048],[-91.1297,43.4048],[-91.1271,43.3976],[-91.1234,43.3976],[-91.127,43.4078],[-91.125,43.4079],[-91.1223,43.4049],[-91.1223,43.4085],[-91.1272,43.4085]]],[[[-91.1019,43.4052],[-91.1008,43.4124],[-91.1075,43.4114],[-91.1074,43.4057],[-91.1047,43.4035],[-91.1008,43.4036],[-91.1019,43.4052]]],[[[-91.1421,43.412],[-91.1421,43.4193],[-91.1479,43.4192],[-91.1479,43.4156],[-91.149,43.4156],[-91.1462,43.4142],[-91.1486,43.4133],[-91.1479,43.412],[-91.1421,43.412]]],[[[-91.1479,43.4011],[-91.1479,43.4048],[-91.1529,43.4047],[-91.1529,43.3975],[-91.1479,43.3975],[-91.1479,43.4011]]],[[[-91.1375,43.4229],[-91.1421,43.4223],[-91.1385,43.4224],[-91.1371,43.4193],[-91.1321,43.4193],[-91.1321,43.423],[-91.1375,43.4229]]],[[[-91.0928,43.3884],[-91.0973,43.3929],[-91.0963,43.387],[-91.0931,43.3871],[-91.0928,43.3884]]],[[[-91.1696,43.3902],[-91.1675,43.3918],[-91.1693,43.3929],[-91.1728,43.3902],[-91.1728,43.387],[-91.1678,43.3902],[-91.1696,43.3902]]],[[[-91.162,43.3903],[-91.1653,43.3897],[-91.1638,43.3868],[-91.1603,43.3879],[-91.1603,43.3903],[-91.162,43.3903]]],[[[-91.1421,43.4097],[-91.1371,43.4084],[-91.1405,43.412],[-91.1421,43.412],[-91.1421,43.4097]]],[[[-91.1879,43.4045],[-91.1898,43.4052],[-91.1878,43.4011],[-91.1879,43.4045]]]]},"properties":{"PROP_NAME":"RUSH CREEK STATE NATURAL AREA","ACRES":2929.2000000000003,"PUBLIC_ACCESS":"Open to Hiking, Fishing, Hunting and Trapping","TRANS_TYPE":1}},{"type":"Feature","geometry":{"type":"MultiPolygon","coordinates":[[[[-90.5282,43.0515],[-90.5279,43.0603],[-90.5427,43.0604],[-90.5426,43.0586],[-90.5377,43.0586],[-90.5377,43.0532],[-90.5329,43.0531],[-90.5328,43.0512],[-90.5295,43.0499],[-90.5282,43.0515]]],[[[-90.485,43.0495],[-90.4933,43.0495],[-90.4932,43.0459],[-90.4784,43.046],[-90.4784,43.0495],[-90.485,43.0495]]],[[[-90.5155,43.0458],[-90.518,43.0458],[-90.5179,43.0422],[-90.5148,43.0422],[-90.5155,43.0458]]]]},"properties":{"PROP_NAME":"SNOW BOTTOM STATE NATURAL AREA","ACRES":349.91,"PUBLIC_ACCESS":"Open to Hiking, Fishing, Hunting and Trapping","TRANS_TYPE":1}},{"type":"Feature","geometry":{"type":"MultiPolygon","coordinates":[[[[-88.1762,45.8839],[-88.1778,45.8839],[-88.178,45.8698],[-88.1993,45.87],[-88.1996,45.8631],[-88.1968,45.8594],[-88.1971,45.8412],[-88.1868,45.8411],[-88.1865,45.8448],[-88.1813,45.8447],[-88.181,45.8483],[-88.1695,45.8482],[-88.1696,45.8519],[-88.1645,45.8518],[-88.1643,45.8482],[-88.1492,45.8481],[-88.1489,45.8554],[-88.1542,45.8554],[-88.1545,45.8627],[-88.1487,45.8623],[-88.149,45.8662],[-88.1598,45.8662],[-88.1608,45.8767],[-88.1713,45.8767],[-88.1716,45.8839],[-88.1762,45.8839]]],[[[-88.1409,45.812],[-88.141,45.8192],[-88.1462,45.8187],[-88.1459,45.8224],[-88.1511,45.8221],[-88.1508,45.8259],[-88.156,45.8257],[-88.1558,45.8297],[-88.1506,45.8298],[-88.1503,45.8337],[-88.1398,45.8336],[-88.1395,45.8372],[-88.1552,45.8373],[-88.1548,45.8409],[-88.1765,45.841],[-88.1776,45.8259],[-88.1877,45.8263],[-88.188,45.812],[-88.1612,45.811],[-88.1409,45.812]]],[[[-88.1187,45.8759],[-88.1184,45.8722],[-88.1222,45.8724],[-88.122,45.8688],[-88.1233,45.8689],[-88.1228,45.8617],[-88.1276,45.8619],[-88.1275,45.8597],[-88.1243,45.8617],[-88.1198,45.8605],[-88.1255,45.855],[-88.1281,45.8547],[-88.1283,45.8474],[-88.1335,45.8478],[-88.1337,45.8442],[-88.1286,45.844],[-88.1295,45.8372],[-88.1195,45.8372],[-88.1189,45.8404],[-88.124,45.8405],[-88.1233,45.845],[-88.1198,45.8462],[-88.1193,45.8452],[-88.118,45.8467],[-88.1232,45.8462],[-88.123,45.8509],[-88.1179,45.8504],[-88.118,45.8467],[-88.1147,45.8468],[-88.115,45.8446],[-88.1183,45.8431],[-88.1088,45.8431],[-88.1058,45.8469],[-88.1077,45.8483],[-88.1059,45.8479],[-88.098,45.8537],[-88.0959,45.8524],[-88.0888,45.8561],[-88.0832,45.8642],[-88.0837,45.8654],[-88.0882,45.8609],[-88.0928,45.8616],[-88.0917,45.8582],[-88.098,45.8548],[-88.098,45.8616],[-88.1029,45.8615],[-88.1029,45.8652],[-88.1179,45.8649],[-88.1181,45.8685],[-88.113,45.8686],[-88.1134,45.8746],[-88.1187,45.8759]],[[-88.103,45.8579],[-88.1031,45.8543],[-88.1031,45.8543],[-88.103,45.8579]],[[-88.113,45.8505],[-88.1131,45.8468],[-88.1131,45.8468],[-88.113,45.8505]],[[-88.1079,45.8579],[-88.108,45.8542],[-88.1078,45.8615],[-88.1079,45.8579]],[[-88.1177,45.8577],[-88.1176,45.8613],[-88.1177,45.8577],[-88.1128,45.8578],[-88.1127,45.8614],[-88.1128,45.8578],[-88.1177,45.8577]]],[[[-88.1409,45.812],[-88.1407,45.8048],[-88.1306,45.8047],[-88.1306,45.8083],[-88.1357,45.8084],[-88.1358,45.812],[-88.1409,45.812]]],[[[-88.1401,45.83],[-88.1404,45.8264],[-88.1354,45.8265],[-88.1351,45.8301],[-88.1301,45.8302],[-88.1299,45.834],[-88.1398,45.8336],[-88.1401,45.83]]],[[[-88.1194,45.8797],[-88.119,45.8776],[-88.1134,45.8761],[-88.1136,45.8798],[-88.1194,45.8797]]],[[[-88.077,45.8659],[-88.0787,45.866],[-88.0787,45.864],[-88.0747,45.8653],[-88.077,45.8659]]],[[[-88.1223,45.8614],[-88.124,45.8595],[-88.123,45.8587],[-88.12,45.8606],[-88.1223,45.8614]]],[[[-88.1225,45.8766],[-88.1257,45.8778],[-88.1255,45.876],[-88.1225,45.8766]]],[[[-88.0928,45.8623],[-88.0957,45.8627],[-88.0948,45.8616],[-88.0928,45.8623]]],[[[-88.1266,45.8774],[-88.1289,45.8762],[-88.1256,45.876],[-88.1266,45.8774]]],[[[-88.137,45.8513],[-88.1359,45.8492],[-88.1358,45.8513],[-88.137,45.8513]]],[[[-88.1053,45.8452],[-88.1054,45.8468],[-88.1064,45.8452],[-88.1053,45.8452]]],[[[-88.1199,45.8449],[-88.1218,45.844],[-88.1214,45.8433],[-88.1199,45.8449]]],[[[-88.1187,45.8759],[-88.1165,45.8759],[-88.1189,45.8769],[-88.1187,45.8759]]],[[[-88.1231,45.8609],[-88.1224,45.8614],[-88.124,45.8615],[-88.1231,45.8609]]]]},"properties":{"PROP_NAME":"SPREAD EAGLE BARRENS STATE NATURAL AREA","ACRES":6554.87,"PUBLIC_ACCESS":"Open to Hiking, Fishing, Hunting and Trapping","TRANS_TYPE":1}},{"type":"Feature","geometry":{"type":"Polygon","coordinates":[[[-90.9441,46.5877],[-90.941,46.5874],[-90.9427,46.5881],[-90.9441,46.5877]]]},"properties":{"PROP_NAME":"MISCELLANEOUS LANDS - NW","ACRES":1.6500000000000001,"PUBLIC_ACCESS":"Open to Hiking, Fishing, Hunting and Trapping","TRANS_TYPE":1}},{"type":"Feature","geometry":{"type":"Polygon","coordinates":[[[-88.0962,44.556],[-88.0962,44.5564],[-88.0973,44.556],[-88.0962,44.556]]]},"properties":{"PROP_NAME":"MISCELLANEOUS LANDS - LM","ACRES":0.48,"PUBLIC_ACCESS":"Open to Hiking, Fishing, Hunting and Trapping","TRANS_TYPE":1}},{"type":"Feature","geometry":{"type":"MultiPolygon","coordinates":[[[[-91.6806,45.8942],[-91.6782,45.8916],[-91.6773,45.8921],[-91.6806,45.8942]]],[[[-91.6913,45.8994],[-91.6901,45.8976],[-91.6832,45.8952],[-91.6913,45.8994]]]]},"properties":{"PROP_NAME":"BEAN BROOK FISHERY AREA","ACRES":13.14,"PUBLIC_ACCESS":"Open to Hiking, Fishing, Hunting and Trapping","TRANS_TYPE":2}},{"type":"Feature","geometry":{"type":"Polygon","coordinates":[[[-91.3279,46.2083],[-91.3274,46.2083],[-91.328,46.2088],[-91.3279,46.2083]]]},"properties":{"PROP_NAME":"BIG BROOK FISHERY AREA","ACRES":0.33,"PUBLIC_ACCESS":"Open to Hiking, Fishing, Hunting and Trapping","TRANS_TYPE":2}},{"type":"Feature","geometry":{"type":"Polygon","coordinates":[[[-89.6842,43.1126],[-89.6855,43.1137],[-89.6815,43.1118],[-89.6842,43.1126]]]},"properties":{"PROP_NAME":"BLACK EARTH CREEK FISHERY AREA","ACRES":3.9,"PUBLIC_ACCESS":"Open to Hiking, Fishing, Hunting and Trapping","TRANS_TYPE":2}},{"type":"Feature","geometry":{"type":"Polygon","coordinates":[[[-91.1903,44.5644],[-91.1932,44.5646],[-91.1873,44.5572],[-91.1822,44.5572],[-91.1883,44.5605],[-91.1897,44.5629],[-91.1885,44.5646],[-91.1903,44.5644]]]},"properties":{"PROP_NAME":"BUFFALO RIVER FISHERY AREA","ACRES":39.03,"PUBLIC_ACCESS":"Open to Hiking, Fishing, Hunting and Trapping","TRANS_TYPE":2}},{"type":"Feature","geometry":{"type":"Polygon","coordinates":[[[-88.5778,45.4573],[-88.5777,45.4609],[-88.5829,45.4611],[-88.583,45.4539],[-88.5779,45.4537],[-88.5778,45.4573]]]},"properties":{"PROP_NAME":"CAMP ONE SPRINGS FISHERY AREA","ACRES":79.81,"PUBLIC_ACCESS":"Open to Hiking, Fishing, Hunting and Trapping","TRANS_TYPE":2}},{"type":"Feature","geometry":{"type":"Polygon","coordinates":[[[-91.1425,45.7915],[-91.1477,45.7907],[-91.1437,45.7907],[-91.1425,45.7915]]]},"properties":{"PROP_NAME":"CHIPPEWA RIVER FISHERY AREA","ACRES":2.11,"PUBLIC_ACCESS":"Open to Hiking, Fishing, Hunting and Trapping","TRANS_TYPE":2}},{"type":"Feature","geometry":{"type":"Polygon","coordinates":[[[-90.9382,44.492],[-90.9392,44.492],[-90.9392,44.4913],[-90.9382,44.492]]]},"properties":{"PROP_NAME":"HALLS (STOCKWELL) CREEK FISHERY AREA","ACRES":1.62,"PUBLIC_ACCESS":"Open to Hiking, Fishing, Hunting and Trapping","TRANS_TYPE":2}},{"type":"Feature","geometry":{"type":"MultiPolygon","coordinates":[[[[-92.5313,44.9279],[-92.5345,44.9267],[-92.5336,44.9239],[-92.5316,44.9234],[-92.5325,44.9212],[-92.5302,44.9206],[-92.532,44.9214],[-92.5311,44.9236],[-92.5331,44.924],[-92.534,44.927],[-92.5278,44.9264],[-92.5313,44.9279]]],[[[-92.5594,44.9023],[-92.5609,44.9009],[-92.564,44.902],[-92.567,44.9006],[-92.5639,44.9017],[-92.5608,44.9007],[-92.5599,44.9023],[-92.56,44.901],[-92.5582,44.901],[-92.5598,44.9012],[-92.5594,44.9023]]],[[[-92.5348,44.9148],[-92.5336,44.9134],[-92.5335,44.9148],[-92.5348,44.9148]]],[[[-92.5173,44.952],[-92.5198,44.9528],[-92.5187,44.9517],[-92.5173,44.952]]],[[[-92.5209,44.9519],[-92.5198,44.9528],[-92.5221,44.9519],[-92.5227,44.9492],[-92.5209,44.9519]]]]},"properties":{"PROP_NAME":"KINNICKINNIC RIVER FISHERY AREA","ACRES":43.47,"PUBLIC_ACCESS":"Open to Hiking, Fishing, Hunting and Trapping","TRANS_TYPE":2}},{"type":"Feature","geometry":{"type":"Polygon","coordinates":[[[-90.6689,43.3482],[-90.6682,43.35],[-90.6704,43.3481],[-90.6698,43.3452],[-90.6731,43.3428],[-90.6694,43.345],[-90.6689,43.3482]]]},"properties":{"PROP_NAME":"KNAPP CREEK FISHERY AREA","ACRES":12.08,"PUBLIC_ACCESS":"Open to Hiking, Fishing, Hunting and Trapping","TRANS_TYPE":2}},{"type":"Feature","geometry":{"type":"MultiPolygon","coordinates":[[[[-90.9421,43.136],[-90.9424,43.1335],[-90.946,43.1352],[-90.9525,43.1316],[-90.9569,43.1332],[-90.957,43.1355],[-90.9575,43.133],[-90.9522,43.1312],[-90.9459,43.1348],[-90.9405,43.1331],[-90.9421,43.1335],[-90.9421,43.136]]],[[[-90.9379,43.1334],[-90.9388,43.1337],[-90.9401,43.1331],[-90.9379,43.1334]]],[[[-91.153,43.763],[-91.1532,43.763],[-91.1532,43.7629],[-91.153,43.763]]],[[[-91.1514,43.7632],[-91.1507,43.7635],[-91.1527,43.7631],[-91.1514,43.7632]]]]},"properties":{"PROP_NAME":"LA CROSSE AREA COMPREHENSIVE FISHERY AREA","ACRES":20.68,"PUBLIC_ACCESS":"Open to Hiking, Fishing, Hunting and Trapping","TRANS_TYPE":2}},{"type":"Feature","geometry":{"type":"MultiPolygon","coordinates":[[[[-89.6729,45.2476],[-89.6773,45.2502],[-89.6744,45.2476],[-89.6696,45.2466],[-89.6729,45.2476]]],[[[-89.6808,45.2491],[-89.6795,45.2502],[-89.6826,45.2485],[-89.6808,45.2491]]]]},"properties":{"PROP_NAME":"LITTLE HAYMEADOW CREEK FISH AREA","ACRES":11.28,"PUBLIC_ACCESS":"Open to Hiking, Fishing, Hunting and Trapping","TRANS_TYPE":2}},{"type":"Feature","geometry":{"type":"MultiPolygon","coordinates":[[[[-91.3867,46.0878],[-91.3881,46.0877],[-91.3898,46.0847],[-91.3867,46.0878]]],[[[-91.3849,46.0858],[-91.3853,46.0846],[-91.3849,46.0846],[-91.3849,46.0858]]]]},"properties":{"PROP_NAME":"MCDERMOTT BROOK FISHERY AREA","ACRES":5.96,"PUBLIC_ACCESS":"Open to Hiking, Fishing, Hunting and Trapping","TRANS_TYPE":2}},{"type":"Feature","geometry":{"type":"Polygon","coordinates":[[[-89.4304,43.9932],[-89.4289,43.9896],[-89.4206,43.9896],[-89.4206,43.9907],[-89.4281,43.9898],[-89.4304,43.9932]]]},"properties":{"PROP_NAME":"MECAN RIVER FISHERY AREA","ACRES":23.11,"PUBLIC_ACCESS":"Open to Hiking, Fishing, Hunting and Trapping","TRANS_TYPE":2}},{"type":"Feature","geometry":{"type":"Polygon","coordinates":[[[-88.0896,45.7414],[-88.0845,45.7398],[-88.0869,45.7411],[-88.0896,45.7414]]]},"properties":{"PROP_NAME":"NORTH BRANCH PEMEBONWON  FISHERY AREA","ACRES":4.7,"PUBLIC_ACCESS":"Open to Hiking, Fishing, Hunting and Trapping","TRANS_TYPE":2}},{"type":"Feature","geometry":{"type":"MultiPolygon","coordinates":[[[[-91.0001,44.4391],[-91.003,44.4448],[-91.0018,44.4462],[-91.0032,44.4462],[-91.0011,44.4369],[-91.0001,44.4391]]],[[[-90.9936,44.4262],[-90.9979,44.4309],[-90.999,44.4352],[-91.0009,44.4352],[-90.9971,44.4284],[-90.9936,44.4262]]],[[[-91.0095,44.4663],[-91.0126,44.4698],[-91.0096,44.4651],[-91.0106,44.4633],[-91.009,44.4626],[-91.0095,44.4663]]]]},"properties":{"PROP_NAME":"NORTH BRANCH TREMPEALEAU RIVER FISHERY AREA","ACRES":65.95,"PUBLIC_ACCESS":"Open to Hiking, Fishing, Hunting and Trapping","TRANS_TYPE":2}},{"type":"Feature","geometry":{"type":"MultiPolygon","coordinates":[[[[-88.4683,45.7607],[-88.4629,45.7696],[-88.4687,45.7606],[-88.4722,45.7598],[-88.4689,45.756],[-88.4715,45.7542],[-88.4718,45.748],[-88.4703,45.748],[-88.4688,45.7516],[-88.4703,45.748],[-88.4667,45.748],[-88.4667,45.762],[-88.4683,45.7607]]],[[[-88.4718,45.748],[-88.4719,45.7513],[-88.477,45.7511],[-88.477,45.748],[-88.4718,45.748]]],[[[-88.4616,45.7624],[-88.4616,45.7659],[-88.4619,45.7635],[-88.4657,45.7624],[-88.4616,45.7624]]]]},"properties":{"PROP_NAME":"PINE-POPPLE WILD RIVERS","ACRES":175.68,"PUBLIC_ACCESS":"Open to Hiking, Fishing, Hunting and Trapping","TRANS_TYPE":2}},{"type":"Feature","geometry":{"type":"Polygon","coordinates":[[[-89.5226,45.3192],[-89.5222,45.3208],[-89.5259,45.3157],[-89.5234,45.3169],[-89.5226,45.3192]]]},"properties":{"PROP_NAME":"PRAIRIE RIVER FISHERY AREA","ACRES":6.88,"PUBLIC_ACCESS":"Open to Hiking, Fishing, Hunting and Trapping","TRANS_TYPE":2}},{"type":"Feature","geometry":{"type":"Polygon","coordinates":[[[-89.3872,43.4537],[-89.3872,43.451],[-89.3847,43.451],[-89.3848,43.4537],[-89.3872,43.4537]]]},"properties":{"PROP_NAME":"ROCKY RUN CREEK FISHERY AREA","ACRES":14.71,"PUBLIC_ACCESS":"Open to Hiking, Fishing, Hunting and Trapping","TRANS_TYPE":2}},{"type":"Feature","geometry":{"type":"Polygon","coordinates":[[[-91.9376,45.7818],[-91.9365,45.7752],[-91.9361,45.7783],[-91.9376,45.7818]]]},"properties":{"PROP_NAME":"SAWYER CREEK FISHERY AREA","ACRES":9.42,"PUBLIC_ACCESS":"Open to Hiking, Fishing, Hunting and Trapping","TRANS_TYPE":2}},{"type":"Feature","geometry":{"type":"Polygon","coordinates":[[[-88.4233,45.0235],[-88.4229,45.0237],[-88.4239,45.0239],[-88.4233,45.0235]]]},"properties":{"PROP_NAME":"SOUTH BRANCH OCONTO RIVER FISHERY AREA","ACRES":0.79,"PUBLIC_ACCESS":"Open to Hiking, Fishing, Hunting and Trapping","TRANS_TYPE":2}},{"type":"Feature","geometry":{"type":"Polygon","coordinates":[[[-88.757,45.212],[-88.757,45.2115],[-88.7565,45.2115],[-88.757,45.212]]]},"properties":{"PROP_NAME":"UPPER WOLF RIVER FISHERY AREA","ACRES":0.56,"PUBLIC_ACCESS":"Open to Hiking, Fishing, Hunting and Trapping","TRANS_TYPE":2}},{"type":"Feature","geometry":{"type":"Polygon","coordinates":[[[-91.2714,46.4625],[-91.2715,46.4661],[-91.2766,46.4663],[-91.2765,46.4588],[-91.2713,46.4588],[-91.2714,46.4625]]]},"properties":{"PROP_NAME":"WHITE RIVER FISHERY AREA-BAYFIELD","ACRES":80.43,"PUBLIC_ACCESS":"Open to Hiking, Fishing, Hunting and Trapping","TRANS_TYPE":2}},{"type":"Feature","geometry":{"type":"Polygon","coordinates":[[[-89.2253,44.1703],[-89.2242,44.1702],[-89.2241,44.1666],[-89.2241,44.1703],[-89.2253,44.1703]]]},"properties":{"PROP_NAME":"WILLOW CREEK FISHERY AREA - WAUSHARA CO","ACRES":1.25,"PUBLIC_ACCESS":"Open to Hiking, Fishing, Hunting and Trapping","TRANS_TYPE":2}},{"type":"Feature","geometry":{"type":"MultiPolygon","coordinates":[[[[-91.8828,45.5144],[-91.8872,45.513],[-91.8849,45.5119],[-91.8852,45.5098],[-91.8842,45.5117],[-91.8867,45.5129],[-91.882,45.5134],[-91.8828,45.5144]]],[[[-91.8775,45.5203],[-91.8809,45.5183],[-91.8813,45.5134],[-91.8804,45.5181],[-91.8775,45.5203]]]]},"properties":{"PROP_NAME":"YELLOW RIVER FISHERY AREA","ACRES":22.05,"PUBLIC_ACCESS":"Open to Hiking, Fishing, Hunting and Trapping","TRANS_TYPE":2}},{"type":"Feature","geometry":{"type":"MultiPolygon","coordinates":[[[[-92.0506,45.3096],[-92.0513,45.311],[-92.0537,45.3121],[-92.0506,45.3096]]],[[[-92.0512,45.3096],[-92.0517,45.3108],[-92.0537,45.3118],[-92.0512,45.3096]]],[[[-92.0531,45.3131],[-92.0537,45.3141],[-92.0537,45.3129],[-92.0531,45.3131]]],[[[-92.0528,45.3129],[-92.0537,45.3146],[-92.0537,45.3126],[-92.0528,45.3129]]],[[[-92.0537,45.315],[-92.0532,45.3156],[-92.0536,45.3166],[-92.0537,45.315]]]]},"properties":{"PROP_NAME":"REM-UPPER TURTLE LAKE","ACRES":6.48,"PUBLIC_ACCESS":"Open to Hiking, Fishing, Hunting and Trapping","TRANS_TYPE":2}},{"type":"Feature","geometry":{"type":"Polygon","coordinates":[[[-89.4651,43.7956],[-89.4701,43.7957],[-89.4701,43.792],[-89.4644,43.7919],[-89.4634,43.7956],[-89.4651,43.7956]]]},"properties":{"PROP_NAME":"REM-LAING CREEK","ACRES":50.300000000000004,"PUBLIC_ACCESS":"Open to Hiking, Fishing, Hunting and Trapping","TRANS_TYPE":2}},{"type":"Feature","geometry":{"type":"MultiPolygon","coordinates":[[[[-90.6568,43.383],[-90.6593,43.3831],[-90.6575,43.383],[-90.6591,43.3796],[-90.6555,43.3764],[-90.6611,43.3717],[-90.6553,43.3754],[-90.6584,43.3795],[-90.6568,43.383]]],[[[-90.6631,43.3718],[-90.6631,43.3717],[-90.6627,43.3717],[-90.6631,43.3718]]]]},"properties":{"PROP_NAME":"REM-KNAPP CREEK","ACRES":20,"PUBLIC_ACCESS":"Open to Hiking, Fishing, Hunting and Trapping","TRANS_TYPE":2}},{"type":"Feature","geometry":{"type":"MultiPolygon","coordinates":[[[[-90.4037,43.5157],[-90.4052,43.5175],[-90.4002,43.5126],[-90.402,43.5162],[-90.4037,43.5157]]],[[[-90.3976,43.5049],[-90.4002,43.5074],[-90.3979,43.5046],[-90.393,43.5034],[-90.3976,43.5049]]],[[[-90.3988,43.5086],[-90.4,43.5087],[-90.4002,43.5075],[-90.3988,43.5086]]],[[[-90.4012,43.5175],[-90.4052,43.5177],[-90.4052,43.5175],[-90.4012,43.5175]]]]},"properties":{"PROP_NAME":"REM-PINE RIVER-YUBA","ACRES":20.31,"PUBLIC_ACCESS":"Open to Hiking, Fishing, Hunting and Trapping","TRANS_TYPE":2}},{"type":"Feature","geometry":{"type":"MultiPolygon","coordinates":[[[[-91.3416,44.5628],[-91.3422,44.5597],[-91.3321,44.5601],[-91.3321,44.5618],[-91.3416,44.5628]]],[[[-91.3195,44.5654],[-91.3232,44.5651],[-91.327,44.5625],[-91.3228,44.5642],[-91.3169,44.5638],[-91.3195,44.5654]]],[[[-91.2777,44.5786],[-91.2847,44.5771],[-91.2792,44.5778],[-91.278,44.576],[-91.2777,44.5786]]],[[[-91.2777,44.579],[-91.2756,44.5808],[-91.2753,44.5828],[-91.2777,44.579]]]]},"properties":{"PROP_NAME":"REM-BUFFALO RIVER","ACRES":94.18,"PUBLIC_ACCESS":"Open to Hiking, Fishing, Hunting and Trapping","TRANS_TYPE":2}},{"type":"Feature","geometry":{"type":"Polygon","coordinates":[[[-91.2289,44.5335],[-91.2324,44.5361],[-91.2272,44.5318],[-91.2273,44.534],[-91.2289,44.5335]]]},"properties":{"PROP_NAME":"REM-KING CREEK","ACRES":17.94,"PUBLIC_ACCESS":"Open to Hiking, Fishing, Hunting and Trapping","TRANS_TYPE":2}},{"type":"Feature","geometry":{"type":"Polygon","coordinates":[[[-91.2775,44.5863],[-91.2796,44.5888],[-91.2825,44.5898],[-91.2775,44.5863]]]},"properties":{"PROP_NAME":"REM-PINE CREEK","ACRES":6.390000000000001,"PUBLIC_ACCESS":"Open to Hiking, Fishing, Hunting and Trapping","TRANS_TYPE":2}},{"type":"Feature","geometry":{"type":"MultiPolygon","coordinates":[[[[-91.1693,44.2002],[-91.1732,44.2038],[-91.1644,44.1941],[-91.1643,44.191],[-91.1627,44.1907],[-91.1639,44.1943],[-91.1693,44.2002]]],[[[-91.1525,44.1871],[-91.1553,44.1871],[-91.1545,44.1867],[-91.1525,44.1871]]]]},"properties":{"PROP_NAME":"REM-WASHINGTON COULEE","ACRES":21.89,"PUBLIC_ACCESS":"Open to Hiking, Fishing, Hunting and Trapping","TRANS_TYPE":2}},{"type":"Feature","geometry":{"type":"Polygon","coordinates":[[[-89.1862,44.5791],[-89.1837,44.5792],[-89.1837,44.5799],[-89.1862,44.5791]]]},"properties":{"PROP_NAME":"REM-LEER AND GRIFFEN CREEK","ACRES":0.79,"PUBLIC_ACCESS":"Open to Hiking, Fishing, Hunting and Trapping","TRANS_TYPE":2}},{"type":"Feature","geometry":{"type":"Polygon","coordinates":[[[-89.458,42.8752],[-89.4609,42.8751],[-89.466,42.8691],[-89.4659,42.8673],[-89.4614,42.8672],[-89.4626,42.8636],[-89.4481,42.8708],[-89.458,42.8752]]]},"properties":{"PROP_NAME":"STORY CREEK STREAMBANK PROTECTION AREA","ACRES":235.08,"PUBLIC_ACCESS":"Open to Hiking, Fishing, Hunting and Trapping","TRANS_TYPE":2}},{"type":"Feature","geometry":{"type":"Polygon","coordinates":[[[-91.5341,44.5781],[-91.5341,44.5763],[-91.5291,44.5763],[-91.5291,44.5781],[-91.5341,44.5781]]]},"properties":{"PROP_NAME":"STATEWIDE HABITAT AREAS - WD","ACRES":20.05,"PUBLIC_ACCESS":"Open to Hiking, Fishing, Hunting and Trapping","TRANS_TYPE":2}},{"type":"Feature","geometry":{"type":"MultiPolygon","coordinates":[[[[-89.4769,42.8709],[-89.4678,42.8709],[-89.4678,42.8783],[-89.4777,42.8781],[-89.4769,42.8709]]],[[[-89.4749,42.8837],[-89.475,42.8854],[-89.4777,42.8854],[-89.4804,42.8844],[-89.481,42.8827],[-89.4744,42.8816],[-89.4749,42.8837]]]]},"properties":{"PROP_NAME":"STREAMBANK EASEMENT PROGRAM - SD","ACRES":203.42000000000002,"PUBLIC_ACCESS":"Open to Hiking, Fishing, Hunting and Trapping","TRANS_TYPE":2}},{"type":"Feature","geometry":{"type":"MultiPolygon","coordinates":[[[[-89.8189,42.7261],[-89.8237,42.7221],[-89.8189,42.725],[-89.8189,42.7261]]],[[[-89.8349,42.7153],[-89.8377,42.7149],[-89.8333,42.715],[-89.8349,42.7153]]]]},"properties":{"PROP_NAME":"DOUGHERTY CREEK STREAM BANK EASEMENT AREA","ACRES":10.63,"PUBLIC_ACCESS":"Open to Hiking, Fishing, Hunting and Trapping","TRANS_TYPE":2}},{"type":"Feature","geometry":{"type":"Polygon","coordinates":[[[-89.8343,42.7463],[-89.8385,42.7455],[-89.8431,42.7424],[-89.8343,42.7463]],[[-89.8382,42.7454],[-89.8382,42.7452],[-89.8382,42.7452],[-89.8382,42.7454]]]},"properties":{"PROP_NAME":"SAWMILL-ERICKSON STREAM BANK EASEMENT AREA","ACRES":9.6,"PUBLIC_ACCESS":"Open to Hiking, Fishing, Hunting and Trapping","TRANS_TYPE":2}},{"type":"Feature","geometry":{"type":"Polygon","coordinates":[[[-87.996,43.5963],[-87.9995,43.5964],[-88.001,43.5936],[-87.9935,43.5936],[-87.9935,43.5954],[-87.996,43.5963]]]},"properties":{"PROP_NAME":"STREAMBANK EASEMENT PROGRAM - SE","ACRES":37.61,"PUBLIC_ACCESS":"Open to Hiking, Fishing, Hunting and Trapping","TRANS_TYPE":2}},{"type":"Feature","geometry":{"type":"MultiPolygon","coordinates":[[[[-89.9255,45.12],[-89.9204,45.12],[-89.9203,45.1309],[-89.9254,45.1309],[-89.9253,45.1345],[-89.9406,45.1347],[-89.9408,45.1201],[-89.9255,45.12]]],[[[-89.9608,45.1311],[-89.9606,45.1348],[-90.0008,45.1353],[-90.0008,45.1374],[-90.0183,45.1387],[-90.0228,45.1365],[-90.0227,45.1352],[-90.0253,45.1352],[-90.0252,45.1276],[-90.0226,45.1277],[-90.0226,45.1239],[-90.02,45.1239],[-90.0199,45.1201],[-90.0104,45.1201],[-90.0103,45.1131],[-89.9952,45.1125],[-89.9951,45.1016],[-89.99,45.1015],[-89.9899,45.0979],[-89.9696,45.098],[-89.9697,45.1052],[-89.9851,45.105],[-89.9851,45.1087],[-89.9749,45.1088],[-89.9749,45.1124],[-89.9646,45.1125],[-89.9647,45.1201],[-89.9614,45.1201],[-89.9608,45.1311]]],[[[-90.0347,45.2192],[-90.0348,45.2228],[-90.0458,45.2226],[-90.0451,45.2082],[-90.024,45.2083],[-90.0243,45.2156],[-90.0346,45.2155],[-90.0347,45.2192]]],[[[-90.0248,45.2302],[-90.0249,45.2374],[-90.0301,45.2374],[-90.0299,45.2302],[-90.0248,45.2302]]],[[[-89.8991,45.2615],[-89.9094,45.2616],[-89.9094,45.2579],[-89.9198,45.258],[-89.92,45.2471],[-89.9096,45.247],[-89.9096,45.2507],[-89.8993,45.2506],[-89.8993,45.2543],[-89.8942,45.2542],[-89.8942,45.247],[-89.884,45.247],[-89.8839,45.2578],[-89.8992,45.2579],[-89.8991,45.2615]]],[[[-89.9725,45.2657],[-89.9829,45.2659],[-89.9831,45.2624],[-89.9726,45.2622],[-89.9725,45.2657]]],[[[-88.8289,45.2549],[-88.8237,45.255],[-88.8237,45.2585],[-88.8134,45.2585],[-88.8134,45.2514],[-88.8083,45.2514],[-88.8106,45.2606],[-88.8091,45.264],[-88.8133,45.265],[-88.8133,45.2621],[-88.8236,45.2639],[-88.8236,45.2689],[-88.8289,45.2693],[-88.8378,45.2747],[-88.8441,45.2764],[-88.8442,45.2879],[-88.8581,45.2897],[-88.8618,45.2917],[-88.8851,45.2916],[-88.8851,45.2801],[-88.8952,45.2803],[-88.8952,45.2622],[-88.9054,45.2622],[-88.9059,45.2043],[-88.814,45.2045],[-88.8136,45.2186],[-88.834,45.2187],[-88.834,45.2332],[-88.824,45.2331],[-88.8239,45.2405],[-88.8135,45.2404],[-88.8136,45.2331],[-88.824,45.2331],[-88.8237,45.2259],[-88.8084,45.2259],[-88.8084,45.2295],[-88.8032,45.2295],[-88.8032,45.2371],[-88.8058,45.2404],[-88.8078,45.2476],[-88.8289,45.2478],[-88.8289,45.2549],[-88.8341,45.2549],[-88.8342,45.2585],[-88.8289,45.2585],[-88.8289,45.2549]],[[-88.8442,45.2619],[-88.8493,45.2619],[-88.8493,45.2692],[-88.8442,45.2692],[-88.8442,45.2619]],[[-88.8902,45.2441],[-88.8852,45.2441],[-88.8853,45.2405],[-88.8903,45.2405],[-88.8902,45.2441]]],[[[-90.0091,45.2954],[-90.0094,45.2987],[-90.0145,45.2986],[-90.0091,45.2954]]],[[[-89.9829,45.2659],[-89.9828,45.2731],[-89.9986,45.2735],[-89.9986,45.27],[-90.0193,45.2696],[-90.0194,45.2767],[-90.0038,45.2771],[-90.0039,45.2805],[-90.0143,45.2803],[-90.0144,45.2876],[-90.0196,45.2875],[-90.0196,45.2949],[-90.0106,45.295],[-90.0147,45.2986],[-90.0256,45.3018],[-90.0248,45.2948],[-90.0463,45.2949],[-90.0463,45.2374],[-90.0352,45.2374],[-90.0353,45.2392],[-90.025,45.2392],[-90.0251,45.241],[-90.0149,45.2409],[-90.015,45.2445],[-90.0201,45.2445],[-90.0202,45.2481],[-90.0151,45.2481],[-90.015,45.2553],[-89.9941,45.2554],[-89.9939,45.259],[-90.0044,45.2592],[-90.0041,45.2629],[-90.0144,45.2626],[-90.014,45.2663],[-89.9933,45.2663],[-89.9939,45.259],[-89.9886,45.259],[-89.9888,45.2554],[-89.9835,45.2554],[-89.9835,45.2481],[-89.9729,45.2478],[-89.973,45.2515],[-89.9624,45.2512],[-89.9623,45.2548],[-89.9676,45.2549],[-89.9675,45.2585],[-89.9569,45.2583],[-89.9568,45.2655],[-89.9462,45.2655],[-89.9461,45.2691],[-89.9515,45.2691],[-89.9514,45.2763],[-89.9407,45.2763],[-89.9408,45.2727],[-89.925,45.2726],[-89.925,45.2653],[-89.9144,45.2652],[-89.9144,45.2725],[-89.9197,45.2726],[-89.9196,45.2799],[-89.9093,45.2798],[-89.9094,45.2871],[-89.9196,45.2871],[-89.9196,45.2944],[-89.9774,45.2947],[-89.9775,45.2911],[-89.9722,45.291],[-89.9722,45.2874],[-89.9775,45.2875],[-89.9775,45.2802],[-89.9724,45.2801],[-89.9725,45.2657],[-89.9673,45.2656],[-89.9673,45.2728],[-89.9621,45.2727],[-89.9621,45.2655],[-89.9673,45.2656],[-89.9674,45.2621],[-89.9726,45.2622],[-89.9728,45.2586],[-89.9833,45.2589],[-89.9831,45.2624],[-89.9884,45.2625],[-89.9881,45.2661],[-89.9829,45.2659]]],[[[-90.0407,45.302],[-90.0465,45.3021],[-90.0465,45.2985],[-90.0405,45.2985],[-90.0407,45.302]]],[[[-90.015,45.3022],[-90.0213,45.302],[-90.0146,45.2987],[-90.015,45.3022]]],[[[-88.7703,45.3106],[-88.7733,45.3094],[-88.7815,45.3099],[-88.7815,45.3023],[-88.7917,45.3022],[-88.7917,45.2913],[-88.7703,45.2917],[-88.7708,45.2988],[-88.7668,45.3011],[-88.7661,45.3054],[-88.7682,45.3081],[-88.7676,45.3094],[-88.7703,45.3106]]],[[[-90.0218,45.3235],[-90.0231,45.323],[-90.0219,45.321],[-90.0218,45.3235]]],[[[-88.7635,45.3248],[-88.7666,45.323],[-88.7673,45.3179],[-88.7714,45.3173],[-88.7748,45.3134],[-88.7747,45.3098],[-88.7703,45.3114],[-88.7672,45.3096],[-88.7673,45.3071],[-88.7655,45.3055],[-88.7667,45.3036],[-88.7655,45.3017],[-88.7704,45.2982],[-88.7698,45.2917],[-88.7609,45.2918],[-88.7609,45.3239],[-88.7635,45.3248]]],[[[-90.0115,45.3321],[-90.0358,45.3315],[-90.0333,45.3301],[-90.0268,45.3318],[-90.0178,45.3277],[-90.0215,45.3248],[-90.0116,45.325],[-90.0115,45.3321]]],[[[-90.036,45.3387],[-90.0372,45.3386],[-90.0376,45.3361],[-90.0362,45.3325],[-90.036,45.3387]]],[[[-90.015,45.3022],[-90.0097,45.3024],[-90.0109,45.3174],[-90.0162,45.3172],[-90.0164,45.3211],[-90.0213,45.3209],[-90.0224,45.3188],[-90.0243,45.3192],[-90.0237,45.3171],[-90.0266,45.3153],[-90.0244,45.3173],[-90.025,45.3195],[-90.0224,45.3204],[-90.024,45.3234],[-90.0198,45.3277],[-90.0271,45.3312],[-90.0292,45.3299],[-90.036,45.3301],[-90.038,45.3339],[-90.038,45.3386],[-90.0408,45.3385],[-90.0408,45.3407],[-90.0461,45.3421],[-90.0463,45.3347],[-90.0409,45.3349],[-90.041,45.3313],[-90.0463,45.331],[-90.0465,45.3021],[-90.0407,45.302],[-90.041,45.3058],[-90.0363,45.3058],[-90.0367,45.3097],[-90.0156,45.3095],[-90.015,45.3022]],[[-90.0309,45.3105],[-90.0316,45.313],[-90.0316,45.3108],[-90.0284,45.3129],[-90.0309,45.3105]]],[[[-88.7612,45.3489],[-88.8028,45.3493],[-88.8026,45.3276],[-88.8079,45.3277],[-88.8078,45.3204],[-88.7816,45.3201],[-88.7815,45.3103],[-88.7758,45.3105],[-88.7744,45.3152],[-88.7715,45.3177],[-88.7678,45.3182],[-88.7671,45.3231],[-88.7643,45.3257],[-88.7658,45.3269],[-88.761,45.3243],[-88.7612,45.3489]]],[[[-89.945,45.3733],[-89.9399,45.3735],[-89.9397,45.3811],[-89.9498,45.3809],[-89.9501,45.3731],[-89.945,45.3733]]],[[[-89.9746,45.4061],[-89.9742,45.4097],[-89.9794,45.4094],[-89.9797,45.406],[-89.9746,45.4061]]],[[[-90.036,45.3387],[-90.0164,45.3391],[-90.0165,45.3356],[-90.0114,45.3356],[-90.0104,45.3462],[-90.0053,45.3462],[-90.0033,45.3603],[-89.9982,45.3602],[-89.9977,45.3637],[-89.9925,45.3636],[-89.9919,45.3672],[-89.9815,45.3671],[-89.9799,45.3814],[-89.9598,45.381],[-89.9594,45.4172],[-89.9643,45.4171],[-89.9646,45.4045],[-89.9696,45.4045],[-89.9694,45.4063],[-89.9797,45.406],[-89.9808,45.3957],[-89.991,45.3958],[-89.9908,45.3922],[-89.9806,45.3921],[-89.9801,45.385],[-89.9954,45.3851],[-89.9952,45.3815],[-90.0003,45.3816],[-90.0013,45.3744],[-90.0115,45.3744],[-90.0111,45.378],[-90.0161,45.3781],[-90.0158,45.3819],[-90.0422,45.3819],[-90.0424,45.3745],[-90.0365,45.3745],[-90.0424,45.3745],[-90.0425,45.3709],[-90.0367,45.3709],[-90.0425,45.3709],[-90.0434,45.3636],[-90.0376,45.3637],[-90.0434,45.3636],[-90.0461,45.3426],[-90.0406,45.3412],[-90.0357,45.3423],[-90.036,45.3387]],[[-90.0276,45.3637],[-90.0177,45.3637],[-90.0183,45.3602],[-90.0233,45.3601],[-90.0246,45.353],[-90.0195,45.353],[-90.02,45.3496],[-90.0149,45.3496],[-90.0154,45.3462],[-90.0305,45.346],[-90.0296,45.3529],[-90.0347,45.3529],[-90.0333,45.3601],[-90.0283,45.3601],[-90.0276,45.3637],[-90.0326,45.3637],[-90.0319,45.3673],[-90.027,45.3673],[-90.0276,45.3637]],[[-89.965,45.3921],[-89.9649,45.3884],[-89.9701,45.3884],[-89.9702,45.3923],[-89.965,45.3921]]],[[[-88.8818,45.4512],[-88.9021,45.4514],[-88.9032,45.437],[-88.8981,45.437],[-88.8978,45.4406],[-88.8876,45.4406],[-88.8874,45.4441],[-88.8823,45.4441],[-88.8818,45.4512]]],[[[-88.8818,45.4512],[-88.8766,45.4511],[-88.8766,45.4548],[-88.8662,45.4546],[-88.8662,45.4647],[-88.8713,45.4648],[-88.8715,45.4685],[-88.8766,45.4685],[-88.8765,45.4648],[-88.8816,45.4648],[-88.8818,45.4512]]],[[[-88.7881,45.4826],[-88.783,45.4826],[-88.7831,45.4862],[-88.7779,45.4862],[-88.7781,45.4934],[-88.7884,45.4936],[-88.7882,45.4862],[-88.7933,45.4863],[-88.7933,45.4826],[-88.7881,45.4826]]],[[[-88.7779,45.5224],[-88.7933,45.5227],[-88.7933,45.5191],[-88.7996,45.5192],[-88.7996,45.5083],[-88.7777,45.5081],[-88.7779,45.5224]]],[[[-88.7061,45.5477],[-88.696,45.5479],[-88.696,45.5499],[-88.7109,45.55],[-88.7109,45.5476],[-88.7061,45.5477]]],[[[-88.7264,45.5537],[-88.7213,45.5537],[-88.7213,45.5573],[-88.7264,45.5574],[-88.7264,45.5537]]],[[[-88.6798,45.5593],[-88.6855,45.5609],[-88.6857,45.55],[-88.6805,45.55],[-88.6805,45.5537],[-88.6754,45.5537],[-88.6754,45.5582],[-88.6798,45.5593]]],[[[-88.7264,45.5537],[-88.7316,45.5538],[-88.7316,45.5574],[-88.7367,45.5574],[-88.7367,45.5502],[-88.7418,45.5502],[-88.7418,45.5645],[-88.7673,45.5648],[-88.7674,45.5612],[-88.7622,45.5612],[-88.7624,45.5503],[-88.7676,45.5503],[-88.7676,45.5475],[-88.7728,45.5476],[-88.7728,45.544],[-88.7677,45.5439],[-88.7677,45.5259],[-88.7779,45.526],[-88.7779,45.5224],[-88.7576,45.5222],[-88.7575,45.5366],[-88.7368,45.5366],[-88.7368,45.5438],[-88.7317,45.5439],[-88.7316,45.5462],[-88.7346,45.5475],[-88.7265,45.5475],[-88.7264,45.5537]]],[[[-88.5928,45.5642],[-88.6238,45.5641],[-88.6238,45.5569],[-88.6545,45.5571],[-88.6543,45.5499],[-88.634,45.5498],[-88.633,45.5357],[-88.6126,45.535],[-88.6128,45.5215],[-88.6028,45.5214],[-88.6033,45.5497],[-88.5931,45.5497],[-88.5928,45.5642]]],[[[-88.7932,45.565],[-88.7932,45.5705],[-88.7998,45.5709],[-88.7997,45.5651],[-88.7932,45.565]]],[[[-88.6136,45.5714],[-88.6136,45.5787],[-88.6187,45.5787],[-88.6187,45.5714],[-88.6136,45.5714]]],[[[-88.5928,45.5642],[-88.5722,45.5639],[-88.5723,45.5783],[-88.5621,45.5783],[-88.5621,45.5819],[-88.557,45.5819],[-88.5569,45.5782],[-88.5518,45.5782],[-88.5519,45.5855],[-88.5621,45.5855],[-88.5621,45.5891],[-88.5519,45.5891],[-88.552,45.5927],[-88.5723,45.5927],[-88.5723,45.5855],[-88.5929,45.5856],[-88.5928,45.5642]]],[[[-88.6592,45.6004],[-88.675,45.6004],[-88.6756,45.5932],[-88.6695,45.5932],[-88.6696,45.5897],[-88.6644,45.5897],[-88.6646,45.5861],[-88.6594,45.5861],[-88.6596,45.579],[-88.6545,45.579],[-88.654,45.5968],[-88.6592,45.5968],[-88.6592,45.6004]]],[[[-88.6134,45.6075],[-88.6185,45.6074],[-88.6184,45.6038],[-88.6338,45.6037],[-88.6336,45.5929],[-88.6488,45.593],[-88.6493,45.5825],[-88.6441,45.5825],[-88.6439,45.586],[-88.6134,45.5859],[-88.6134,45.6075]]],[[[-88.4569,45.6035],[-88.4466,45.6035],[-88.4466,45.6071],[-88.4569,45.6071],[-88.4569,45.6035]]],[[[-88.6134,45.6075],[-88.5926,45.6073],[-88.5927,45.6109],[-88.5979,45.611],[-88.598,45.6146],[-88.6135,45.6147],[-88.6134,45.6075]]],[[[-88.7779,45.5937],[-88.8049,45.5939],[-88.805,45.5796],[-88.7999,45.5796],[-88.7998,45.5712],[-88.7795,45.5699],[-88.765,45.565],[-88.6955,45.5645],[-88.6956,45.5674],[-88.6991,45.5651],[-88.708,45.5665],[-88.7161,45.5658],[-88.7164,45.5789],[-88.6959,45.5788],[-88.6959,45.5824],[-88.7266,45.5825],[-88.7268,45.604],[-88.7217,45.604],[-88.7217,45.6149],[-88.7317,45.615],[-88.7316,45.6186],[-88.7365,45.6187],[-88.7363,45.6223],[-88.7785,45.6225],[-88.7779,45.5937],[-88.7676,45.5937],[-88.7676,45.5793],[-88.7778,45.5794],[-88.7779,45.5937]],[[-88.7026,45.5658],[-88.7013,45.5649],[-88.7026,45.5649],[-88.7026,45.5658]],[[-88.7368,45.5863],[-88.7419,45.5863],[-88.7419,45.5899],[-88.7368,45.5899],[-88.7368,45.5863]]],[[[-88.431,45.6251],[-88.4311,45.6323],[-88.4362,45.6324],[-88.4362,45.6251],[-88.431,45.6251]]],[[[-88.4569,45.6035],[-88.4723,45.6035],[-88.4723,45.6217],[-88.4877,45.6218],[-88.4876,45.6361],[-88.4928,45.6361],[-88.4929,45.6218],[-88.498,45.6218],[-88.498,45.636],[-88.5186,45.6361],[-88.5186,45.629],[-88.5289,45.629],[-88.529,45.6362],[-88.5519,45.6363],[-88.5517,45.6253],[-88.5444,45.6253],[-88.5444,45.6217],[-88.5289,45.6218],[-88.529,45.6145],[-88.5342,45.6144],[-88.5343,45.6071],[-88.5291,45.6072],[-88.5292,45.6036],[-88.524,45.6036],[-88.524,45.6072],[-88.5086,45.6073],[-88.5088,45.5926],[-88.4983,45.5926],[-88.4982,45.589],[-88.4774,45.589],[-88.4774,45.5854],[-88.4826,45.5854],[-88.4826,45.5818],[-88.4736,45.5818],[-88.4723,45.5832],[-88.4723,45.5926],[-88.4671,45.5926],[-88.4671,45.5963],[-88.4466,45.5962],[-88.4466,45.5998],[-88.4569,45.5999],[-88.4569,45.6035]]],[[[-88.4016,45.5887],[-88.4016,45.585],[-88.3965,45.585],[-88.3964,45.5777],[-88.4016,45.5778],[-88.4015,45.5742],[-88.4118,45.5743],[-88.4117,45.567],[-88.4168,45.5671],[-88.4169,45.5562],[-88.4066,45.5561],[-88.4066,45.5525],[-88.4118,45.5525],[-88.4118,45.5489],[-88.3347,45.548],[-88.3347,45.5518],[-88.3398,45.5519],[-88.3398,45.5557],[-88.3347,45.5555],[-88.3347,45.559],[-88.3296,45.5589],[-88.3296,45.5696],[-88.3347,45.5697],[-88.3347,45.5733],[-88.3398,45.5733],[-88.3398,45.5769],[-88.345,45.5769],[-88.3451,45.5878],[-88.3502,45.5878],[-88.3502,45.5951],[-88.3451,45.595],[-88.3451,45.5986],[-88.3296,45.5984],[-88.3296,45.6021],[-88.3245,45.602],[-88.3246,45.6184],[-88.3349,45.6167],[-88.3349,45.613],[-88.3607,45.6135],[-88.3606,45.6245],[-88.3658,45.6246],[-88.3655,45.6291],[-88.3707,45.6291],[-88.3705,45.6388],[-88.3757,45.6389],[-88.3757,45.6414],[-88.381,45.6426],[-88.3862,45.6426],[-88.3862,45.639],[-88.3964,45.6391],[-88.3964,45.6428],[-88.4067,45.643],[-88.4067,45.6356],[-88.417,45.6357],[-88.4183,45.6286],[-88.4171,45.6286],[-88.4171,45.625],[-88.431,45.6251],[-88.431,45.6215],[-88.4362,45.6215],[-88.4362,45.6179],[-88.4258,45.6178],[-88.4258,45.578],[-88.4067,45.5779],[-88.4067,45.5887],[-88.4016,45.5887],[-88.4016,45.5923],[-88.3965,45.5922],[-88.3965,45.5886],[-88.4016,45.5887]],[[-88.3864,45.5921],[-88.3914,45.5921],[-88.3915,45.5958],[-88.3864,45.5957],[-88.3864,45.5921]],[[-88.3503,45.6096],[-88.3451,45.6095],[-88.3451,45.6059],[-88.3554,45.6061],[-88.3555,45.6097],[-88.3503,45.6096]],[[-88.4222,45.5925],[-88.417,45.5924],[-88.417,45.5888],[-88.4222,45.5889],[-88.4222,45.5925]]],[[[-88.3705,45.6425],[-88.3757,45.6417],[-88.3705,45.6414],[-88.3705,45.6425]]],[[[-88.3551,45.6712],[-88.3654,45.6714],[-88.3654,45.6642],[-88.35,45.6639],[-88.35,45.6675],[-88.3552,45.6676],[-88.3551,45.6712]]],[[[-88.3551,45.6712],[-88.3449,45.671],[-88.3448,45.6746],[-88.3551,45.6748],[-88.3551,45.6712]]],[[[-88.3698,45.7072],[-88.3855,45.7078],[-88.3853,45.6935],[-88.3753,45.6932],[-88.3755,45.686],[-88.3654,45.6858],[-88.3654,45.6822],[-88.3499,45.6819],[-88.3493,45.707],[-88.3698,45.7072]]],[[[-88.5234,45.7264],[-88.5235,45.7336],[-88.5287,45.7336],[-88.5285,45.7228],[-88.5337,45.7228],[-88.5338,45.7264],[-88.5389,45.7264],[-88.5389,45.7228],[-88.5521,45.7228],[-88.552,45.7119],[-88.5439,45.7119],[-88.5438,45.7082],[-88.5386,45.7083],[-88.5387,45.7155],[-88.5181,45.7155],[-88.5181,45.7119],[-88.5129,45.7119],[-88.5129,45.7083],[-88.5078,45.7083],[-88.5078,45.7155],[-88.5129,45.7155],[-88.513,45.7191],[-88.5181,45.7191],[-88.5182,45.7227],[-88.5233,45.7227],[-88.5234,45.7264]]],[[[-88.5183,45.7372],[-88.5182,45.73],[-88.513,45.73],[-88.513,45.7263],[-88.5078,45.7263],[-88.5078,45.73],[-88.4976,45.73],[-88.4976,45.7372],[-88.5183,45.7372]]],[[[-88.4823,45.7263],[-88.4771,45.7263],[-88.477,45.7372],[-88.4718,45.7372],[-88.4718,45.7408],[-88.4613,45.7408],[-88.4615,45.748],[-88.4718,45.748],[-88.4718,45.7444],[-88.477,45.7444],[-88.477,45.7408],[-88.4822,45.7408],[-88.4822,45.7336],[-88.4874,45.7336],[-88.4874,45.7264],[-88.4823,45.7263]]],[[[-89.9158,45.7612],[-89.9157,45.7649],[-89.9217,45.7648],[-89.9218,45.7611],[-89.9158,45.7612]]],[[[-88.5183,45.7372],[-88.5182,45.7408],[-88.513,45.7408],[-88.513,45.7444],[-88.5027,45.7444],[-88.5027,45.7517],[-88.5129,45.7517],[-88.5128,45.7553],[-88.5231,45.7553],[-88.5231,45.7517],[-88.5283,45.7517],[-88.5288,45.7372],[-88.5183,45.7372]]],[[[-88.4926,45.7839],[-88.4926,45.7875],[-88.508,45.7876],[-88.508,45.784],[-88.5183,45.7842],[-88.5183,45.7806],[-88.5131,45.7805],[-88.5129,45.7733],[-88.5026,45.7732],[-88.5028,45.7804],[-88.4925,45.7803],[-88.4926,45.7839]]],[[[-89.8114,45.7357],[-89.8062,45.7357],[-89.8062,45.7321],[-89.7958,45.7321],[-89.796,45.7503],[-89.8012,45.7503],[-89.8012,45.7539],[-89.8064,45.7539],[-89.8065,45.7576],[-89.8116,45.7575],[-89.8116,45.7612],[-89.8167,45.7611],[-89.8167,45.7647],[-89.8222,45.7648],[-89.8222,45.7576],[-89.8332,45.7577],[-89.8333,45.7614],[-89.8278,45.7613],[-89.8274,45.7684],[-89.8116,45.7682],[-89.8116,45.7755],[-89.796,45.7756],[-89.7962,45.7974],[-89.8119,45.7971],[-89.8119,45.7935],[-89.8275,45.7935],[-89.8274,45.79],[-89.833,45.79],[-89.8323,45.7756],[-89.8375,45.7757],[-89.8388,45.7615],[-89.8381,45.7466],[-89.8274,45.7467],[-89.8276,45.754],[-89.8275,45.7503],[-89.8221,45.7503],[-89.822,45.7467],[-89.8167,45.7467],[-89.8167,45.7431],[-89.8273,45.743],[-89.8272,45.7393],[-89.8378,45.7393],[-89.8376,45.7319],[-89.8114,45.7321],[-89.8114,45.7357],[-89.8166,45.7357],[-89.8167,45.7394],[-89.8115,45.7394],[-89.8115,45.7431],[-89.8011,45.743],[-89.8011,45.7394],[-89.8115,45.7394],[-89.8114,45.7357]],[[-89.8331,45.765],[-89.8331,45.765],[-89.8328,45.7685],[-89.8331,45.765]],[[-89.8013,45.7828],[-89.8065,45.7827],[-89.8065,45.7791],[-89.8169,45.779],[-89.8169,45.7826],[-89.8117,45.7827],[-89.8118,45.7863],[-89.817,45.7862],[-89.817,45.7898],[-89.8066,45.79],[-89.8066,45.7864],[-89.8013,45.7864],[-89.8013,45.7828]]],[[[-89.8275,45.7935],[-89.8274,45.8177],[-89.8691,45.8176],[-89.869,45.8047],[-89.8741,45.8046],[-89.874,45.801],[-89.8791,45.801],[-89.8788,45.7902],[-89.8891,45.7903],[-89.8892,45.7867],[-89.8943,45.7867],[-89.8944,45.7831],[-89.8892,45.783],[-89.8893,45.7794],[-89.8996,45.7795],[-89.8998,45.7723],[-89.8947,45.7722],[-89.8948,45.7686],[-89.9103,45.7686],[-89.91,45.776],[-89.9214,45.776],[-89.9216,45.769],[-89.9161,45.7674],[-89.8981,45.7671],[-89.8897,45.7688],[-89.8897,45.7758],[-89.8842,45.7758],[-89.8841,45.7794],[-89.8789,45.7793],[-89.879,45.7757],[-89.8445,45.7759],[-89.8477,45.7825],[-89.8424,45.7893],[-89.8385,45.7901],[-89.8385,45.7937],[-89.8275,45.7935]]],[[[-89.8069,45.8178],[-89.8069,45.804],[-89.8016,45.8043],[-89.8016,45.8008],[-89.7963,45.801],[-89.7965,45.8177],[-89.8069,45.8178]]],[[[-88.4359,45.8164],[-88.4411,45.8169],[-88.4411,45.8152],[-88.4359,45.8151],[-88.4359,45.8164]]],[[[-91.1834,45.8269],[-91.1731,45.8268],[-91.173,45.8304],[-91.1834,45.8304],[-91.1834,45.8269]]],[[[-88.3708,45.8248],[-88.3708,45.8283],[-88.3864,45.8281],[-88.3866,45.8249],[-88.3761,45.8249],[-88.3761,45.8209],[-88.3709,45.8208],[-88.3708,45.8248]]],[[[-91.2145,45.8483],[-91.2145,45.852],[-91.2197,45.852],[-91.2197,45.8484],[-91.2145,45.8483]]],[[[-88.2376,45.848],[-88.2538,45.8521],[-88.254,45.8482],[-88.2593,45.8493],[-88.2595,45.8451],[-88.2646,45.8452],[-88.2649,45.837],[-88.2598,45.8367],[-88.2599,45.8331],[-88.2394,45.8314],[-88.2366,45.842],[-88.2333,45.8419],[-88.2329,45.845],[-88.2371,45.845],[-88.2376,45.848]]],[[[-88.2754,45.8594],[-88.291,45.8594],[-88.2906,45.8563],[-88.2854,45.8563],[-88.2851,45.8532],[-88.2695,45.8533],[-88.2699,45.8564],[-88.2751,45.8564],[-88.2754,45.8594]]],[[[-91.173,45.8482],[-91.1729,45.8446],[-91.1679,45.8447],[-91.1679,45.8411],[-91.1729,45.8411],[-91.1729,45.8375],[-91.1628,45.8376],[-91.1629,45.8123],[-91.1422,45.8123],[-91.1423,45.8195],[-91.1372,45.8195],[-91.137,45.8122],[-91.1267,45.8123],[-91.1268,45.8159],[-91.1217,45.8159],[-91.1215,45.8123],[-91.1189,45.8123],[-91.1191,45.8159],[-91.114,45.816],[-91.1137,45.8124],[-91.1111,45.8124],[-91.1118,45.8196],[-91.0911,45.8214],[-91.091,45.8519],[-91.082,45.8519],[-91.0817,45.8558],[-91.0907,45.8556],[-91.0908,45.8629],[-91.0856,45.8629],[-91.0856,45.8666],[-91.0804,45.8666],[-91.0804,45.8593],[-91.0753,45.8593],[-91.0753,45.8571],[-91.0707,45.8594],[-91.0702,45.8631],[-91.0753,45.863],[-91.0752,45.874],[-91.0856,45.8738],[-91.0856,45.8774],[-91.0767,45.8776],[-91.0766,45.8811],[-91.0751,45.8812],[-91.0765,45.8847],[-91.0803,45.8847],[-91.0804,45.8883],[-91.0856,45.8882],[-91.0857,45.8918],[-91.0909,45.8917],[-91.091,45.8954],[-91.0961,45.8953],[-91.0961,45.8985],[-91.1166,45.8985],[-91.1166,45.8914],[-91.1217,45.8914],[-91.1218,45.8985],[-91.1578,45.8986],[-91.1578,45.8951],[-91.163,45.8952],[-91.1629,45.8915],[-91.1729,45.8916],[-91.1729,45.888],[-91.1681,45.8879],[-91.168,45.8843],[-91.173,45.8843],[-91.1731,45.8553],[-91.1886,45.8555],[-91.1886,45.8519],[-91.1938,45.8519],[-91.1938,45.8447],[-91.199,45.8447],[-91.199,45.8483],[-91.2145,45.8483],[-91.2145,45.8375],[-91.2248,45.8376],[-91.2247,45.827],[-91.235,45.8271],[-91.235,45.8164],[-91.2298,45.8164],[-91.2298,45.8235],[-91.2247,45.8235],[-91.2246,45.8199],[-91.2194,45.8198],[-91.2193,45.8126],[-91.2141,45.8125],[-91.2142,45.8052],[-91.204,45.8052],[-91.2041,45.8015],[-91.199,45.8015],[-91.1989,45.8051],[-91.1938,45.8051],[-91.1936,45.8088],[-91.1834,45.8088],[-91.1832,45.8126],[-91.1729,45.8124],[-91.173,45.8196],[-91.1833,45.8197],[-91.1834,45.8269],[-91.2041,45.8269],[-91.2041,45.834],[-91.1938,45.834],[-91.1938,45.8375],[-91.1886,45.8375],[-91.1886,45.8483],[-91.1834,45.8483],[-91.1834,45.8447],[-91.1781,45.8447],[-91.1782,45.8482],[-91.173,45.8482],[-91.173,45.8518],[-91.1679,45.8518],[-91.1679,45.8483],[-91.173,45.8482]]],[[[-91.0965,45.8232],[-91.1017,45.8232],[-91.092,45.8232],[-91.0965,45.8232]],[[-91.1575,45.852],[-91.1627,45.8519],[-91.1627,45.8555],[-91.1575,45.8556],[-91.1575,45.852]]],[[[-88.4463,45.8389],[-88.4461,45.8535],[-88.4359,45.8532],[-88.4359,45.8569],[-88.4308,45.8567],[-88.4308,45.8603],[-88.4258,45.8601],[-88.4258,45.8637],[-88.4069,45.864],[-88.4069,45.8604],[-88.4018,45.8604],[-88.4018,45.864],[-88.3915,45.8641],[-88.3916,45.8604],[-88.3864,45.8605],[-88.3866,45.8532],[-88.3968,45.8532],[-88.3967,45.846],[-88.3865,45.846],[-88.3863,45.8313],[-88.376,45.8316],[-88.3759,45.8389],[-88.3653,45.839],[-88.3653,45.8668],[-88.36,45.8666],[-88.3602,45.8804],[-88.355,45.8803],[-88.355,45.8876],[-88.3602,45.8876],[-88.3602,45.8944],[-88.3757,45.8948],[-88.3758,45.8883],[-88.3861,45.889],[-88.3861,45.8926],[-88.4014,45.8926],[-88.4013,45.8951],[-88.4168,45.8955],[-88.4166,45.8991],[-88.4304,45.8995],[-88.4304,45.8959],[-88.4458,45.8962],[-88.4457,45.8902],[-88.4355,45.8894],[-88.4355,45.8822],[-88.4455,45.8829],[-88.4461,45.8682],[-88.441,45.868],[-88.441,45.8644],[-88.4461,45.8646],[-88.4461,45.8682],[-88.4666,45.8677],[-88.4665,45.8604],[-88.4614,45.8606],[-88.4614,45.8569],[-88.4717,45.8571],[-88.4717,45.8534],[-88.4769,45.8536],[-88.4754,45.8463],[-88.4873,45.8467],[-88.4871,45.8616],[-88.482,45.8613],[-88.4819,45.8651],[-88.4768,45.8647],[-88.4767,45.8684],[-88.4869,45.8692],[-88.487,45.876],[-88.4973,45.8754],[-88.4973,45.8647],[-88.5077,45.864],[-88.5076,45.8749],[-88.5024,45.8752],[-88.5024,45.8788],[-88.4921,45.8792],[-88.4922,45.8826],[-88.487,45.8828],[-88.4871,45.8864],[-88.5076,45.8858],[-88.5076,45.8822],[-88.5283,45.8824],[-88.5281,45.8679],[-88.5384,45.8679],[-88.5388,45.8533],[-88.544,45.8533],[-88.5441,45.8461],[-88.5509,45.8461],[-88.5509,45.8426],[-88.5441,45.8426],[-88.5441,45.839],[-88.551,45.8391],[-88.5512,45.8245],[-88.534,45.8245],[-88.534,45.8209],[-88.5443,45.8209],[-88.5443,45.8136],[-88.5391,45.8136],[-88.5391,45.81],[-88.5616,45.81],[-88.5617,45.8061],[-88.5721,45.8061],[-88.5727,45.7952],[-88.5674,45.7952],[-88.5675,45.7916],[-88.5621,45.7916],[-88.5622,45.788],[-88.5515,45.7879],[-88.5515,45.7916],[-88.5443,45.7915],[-88.5443,45.7951],[-88.5288,45.7951],[-88.5288,45.7915],[-88.5236,45.7914],[-88.5236,45.795],[-88.5185,45.795],[-88.5184,45.8022],[-88.5081,45.8021],[-88.5081,45.8058],[-88.4979,45.8057],[-88.4979,45.7948],[-88.4927,45.7948],[-88.4927,45.7984],[-88.4876,45.7983],[-88.4876,45.8019],[-88.4773,45.802],[-88.4772,45.7875],[-88.4875,45.7875],[-88.4874,45.7803],[-88.4823,45.7803],[-88.4823,45.7767],[-88.4771,45.7768],[-88.4771,45.7804],[-88.4617,45.7805],[-88.4616,45.7732],[-88.4668,45.7732],[-88.4668,45.7696],[-88.4564,45.7696],[-88.4565,45.7732],[-88.4513,45.7732],[-88.4513,45.7805],[-88.4462,45.7805],[-88.4461,45.7946],[-88.441,45.7946],[-88.441,45.7982],[-88.4256,45.7981],[-88.4256,45.8017],[-88.4069,45.8015],[-88.4074,45.8095],[-88.4125,45.8095],[-88.4122,45.8208],[-88.407,45.8209],[-88.4069,45.8318],[-88.4359,45.8315],[-88.436,45.8352],[-88.4411,45.8352],[-88.4412,45.8388],[-88.4463,45.8389],[-88.4463,45.8279],[-88.4514,45.8279],[-88.4514,45.8315],[-88.4566,45.8315],[-88.4566,45.8351],[-88.4488,45.8352],[-88.4488,45.8388],[-88.4463,45.8389]],[[-88.4017,45.8711],[-88.4018,45.8676],[-88.4069,45.8676],[-88.4068,45.8746],[-88.4017,45.8747],[-88.4017,45.8711]],[[-88.5029,45.8498],[-88.508,45.8496],[-88.508,45.8532],[-88.5029,45.8534],[-88.5029,45.8498]],[[-88.4926,45.8281],[-88.4874,45.8282],[-88.4874,45.8245],[-88.4926,45.8244],[-88.4926,45.8281]],[[-88.4411,45.8133],[-88.4411,45.8169],[-88.4463,45.8169],[-88.4463,45.8206],[-88.4411,45.8206],[-88.4411,45.8243],[-88.4256,45.8242],[-88.4256,45.8169],[-88.4359,45.8169],[-88.436,45.8132],[-88.4411,45.8133],[-88.4411,45.8096],[-88.4463,45.8096],[-88.4463,45.8133],[-88.4411,45.8133]],[[-88.4617,45.8169],[-88.4669,45.8168],[-88.4668,45.8241],[-88.4617,45.8241],[-88.4617,45.8169]],[[-88.4308,45.8132],[-88.4256,45.8132],[-88.4257,45.8095],[-88.4308,45.8096],[-88.4308,45.8132]],[[-88.4566,45.8019],[-88.4526,45.8003],[-88.4525,45.7966],[-88.4564,45.7966],[-88.4566,45.8019]]],[[[-88.2707,45.8942],[-88.2603,45.8944],[-88.2605,45.9089],[-88.271,45.9087],[-88.2709,45.9051],[-88.2865,45.9049],[-88.2864,45.9013],[-88.2916,45.9013],[-88.2915,45.8941],[-88.2811,45.894],[-88.2812,45.887],[-88.2709,45.887],[-88.2707,45.8942]]],[[[-88.4096,45.9452],[-88.4164,45.9457],[-88.4196,45.9431],[-88.4198,45.939],[-88.4256,45.9407],[-88.4254,45.9246],[-88.4411,45.925],[-88.4407,45.9178],[-88.4356,45.9176],[-88.4354,45.9104],[-88.4506,45.9108],[-88.4507,45.9072],[-88.4455,45.9071],[-88.4456,45.9034],[-88.4354,45.9032],[-88.4354,45.9068],[-88.4111,45.906],[-88.4113,45.9024],[-88.401,45.9023],[-88.4012,45.8987],[-88.391,45.8987],[-88.3909,45.9023],[-88.3808,45.9022],[-88.3808,45.8986],[-88.3757,45.8984],[-88.3757,45.902],[-88.3655,45.9017],[-88.3656,45.9054],[-88.3706,45.9055],[-88.3707,45.9091],[-88.3656,45.909],[-88.3655,45.9126],[-88.3756,45.9129],[-88.3756,45.9201],[-88.36,45.9197],[-88.36,45.9269],[-88.3652,45.927],[-88.3655,45.9343],[-88.376,45.9344],[-88.3761,45.9379],[-88.3813,45.938],[-88.3811,45.9309],[-88.3864,45.931],[-88.3862,45.924],[-88.3914,45.924],[-88.3932,45.9452],[-88.4096,45.9452]]],[[[-89.191,46.155],[-89.2009,46.1562],[-89.2009,46.1414],[-89.1957,46.1414],[-89.1957,46.1306],[-89.2008,46.1306],[-89.2008,46.127],[-89.1802,46.1269],[-89.1804,46.1466],[-89.1838,46.1467],[-89.1823,46.1494],[-89.1852,46.1495],[-89.1868,46.1547],[-89.191,46.155]]],[[[-90.1577,46.1773],[-90.1577,46.1773],[-90.1576,46.1773],[-90.1577,46.1773]]],[[[-90.1577,46.1773],[-90.1575,46.1845],[-90.1523,46.1843],[-90.1523,46.188],[-90.1625,46.1885],[-90.1627,46.1848],[-90.1783,46.1861],[-90.178,46.1824],[-90.1883,46.1815],[-90.1876,46.1745],[-90.1826,46.1748],[-90.1824,46.1713],[-90.2021,46.1695],[-90.2024,46.1731],[-90.2078,46.1732],[-90.2073,46.1696],[-90.2128,46.1696],[-90.2131,46.166],[-90.2351,46.1661],[-90.235,46.1807],[-90.2401,46.1808],[-90.2406,46.1442],[-90.2195,46.1443],[-90.2195,46.1479],[-90.2143,46.1479],[-90.2143,46.155],[-90.2196,46.155],[-90.2196,46.1623],[-90.1874,46.1632],[-90.1873,46.1672],[-90.1775,46.1678],[-90.1776,46.1715],[-90.1722,46.1715],[-90.1725,46.1784],[-90.1577,46.1773]],[[-90.2025,46.1664],[-90.2032,46.1677],[-90.2014,46.1677],[-90.2025,46.1664]]],[[[-90.1945,46.2281],[-90.2069,46.228],[-90.2066,46.223],[-90.2044,46.2196],[-90.206,46.2181],[-90.2058,46.2143],[-90.208,46.2131],[-90.2064,46.2066],[-90.2081,46.2058],[-90.2052,46.1996],[-90.1992,46.1998],[-90.1945,46.2281]]]]},"properties":{"PROP_NAME":"FOREST LEGACY PROGRAM","ACRES":146837.9,"PUBLIC_ACCESS":"Open to Hiking, Fishing, Hunting and Trapping","TRANS_TYPE":2}},{"type":"Feature","geometry":{"type":"MultiPolygon","coordinates":[[[[-90.9459,45.8233],[-90.9562,45.8232],[-90.9562,45.8269],[-90.9613,45.8268],[-90.9613,45.8195],[-90.9562,45.8195],[-90.9562,45.8122],[-90.9664,45.8122],[-90.9664,45.8158],[-90.9716,45.8158],[-90.9715,45.8054],[-90.9816,45.8056],[-90.9812,45.7984],[-90.9663,45.7981],[-90.9663,45.7945],[-90.9611,45.7945],[-90.961,45.7838],[-90.9813,45.7838],[-90.9813,45.7902],[-90.9863,45.7911],[-90.9863,45.7874],[-90.9915,45.7874],[-90.9914,45.791],[-90.9966,45.7909],[-90.9968,45.7801],[-91.002,45.7801],[-91.0021,45.7766],[-90.997,45.7766],[-90.9974,45.7658],[-91.0078,45.7659],[-91.0079,45.7622],[-91.0027,45.7622],[-91.0029,45.7549],[-91.0134,45.7549],[-91.0134,45.7475],[-90.9976,45.7475],[-90.9976,45.7438],[-91.0081,45.7438],[-91.0079,45.7221],[-90.9976,45.7221],[-90.9976,45.7149],[-90.9822,45.715],[-90.9822,45.7113],[-90.9771,45.7115],[-90.977,45.7151],[-90.9719,45.7152],[-90.972,45.7116],[-90.93,45.7115],[-90.93,45.7188],[-90.9249,45.7185],[-90.9249,45.7473],[-90.9303,45.7475],[-90.9304,45.7512],[-90.925,45.7511],[-90.9249,45.7727],[-90.9205,45.7727],[-90.9207,45.7799],[-90.9403,45.7801],[-90.9403,45.7836],[-90.9455,45.7837],[-90.9455,45.7802],[-90.9507,45.7802],[-90.9506,45.7838],[-90.9351,45.7838],[-90.9353,45.7943],[-90.9301,45.7942],[-90.9302,45.7978],[-90.925,45.7977],[-90.9251,45.8122],[-90.9303,45.8122],[-90.9303,45.8158],[-90.9251,45.8158],[-90.9251,45.8194],[-90.9303,45.8194],[-90.9303,45.823],[-90.9407,45.8232],[-90.9407,45.8269],[-90.946,45.827],[-90.9459,45.8233]],[[-90.9667,45.7226],[-90.9667,45.7256],[-90.9614,45.7257],[-90.9614,45.7228],[-90.9667,45.7226]],[[-90.977,45.7223],[-90.977,45.7256],[-90.9718,45.7256],[-90.9719,45.7225],[-90.977,45.7223]],[[-90.9402,45.7158],[-90.9402,45.7194],[-90.9351,45.7191],[-90.9351,45.7155],[-90.9402,45.7158]],[[-90.9664,45.7365],[-90.9663,45.7401],[-90.9611,45.7403],[-90.9612,45.733],[-90.9665,45.7329],[-90.9664,45.7365]]],[[[-90.92,45.8662],[-90.9202,45.859],[-90.9254,45.859],[-90.9254,45.8517],[-90.9306,45.8518],[-90.9306,45.8626],[-90.9328,45.8591],[-90.94,45.8544],[-90.9455,45.8485],[-90.9357,45.8483],[-90.9354,45.8411],[-90.8841,45.8409],[-90.884,45.8447],[-90.8788,45.8447],[-90.8789,45.8409],[-90.8523,45.8411],[-90.8527,45.8554],[-90.8581,45.8554],[-90.858,45.859],[-90.8526,45.8589],[-90.8525,45.866],[-90.8472,45.8659],[-90.8471,45.8731],[-90.8416,45.8729],[-90.8414,45.8841],[-90.8524,45.8851],[-90.8525,45.8805],[-90.858,45.8806],[-90.858,45.8842],[-90.8524,45.8851],[-90.8635,45.8848],[-90.8632,45.8699],[-90.8683,45.8698],[-90.8684,45.8734],[-90.8786,45.8733],[-90.8785,45.8663],[-90.8735,45.8663],[-90.8735,45.8628],[-90.8786,45.8629],[-90.8786,45.8594],[-90.8837,45.8596],[-90.8837,45.8629],[-90.8941,45.8627],[-90.8941,45.8662],[-90.8836,45.8663],[-90.8836,45.8696],[-90.8992,45.8703],[-90.8991,45.8768],[-90.9147,45.872],[-90.9148,45.8661],[-90.92,45.8662]]],[[[-90.939,45.8556],[-90.9332,45.8593],[-90.931,45.8626],[-90.9358,45.8627],[-90.9357,45.8663],[-90.9461,45.8664],[-90.9464,45.8555],[-90.9515,45.8555],[-90.9513,45.852],[-90.9565,45.852],[-90.9563,45.8484],[-90.9459,45.8485],[-90.939,45.8556]]],[[[-90.9147,45.8733],[-90.9035,45.8768],[-90.9146,45.8768],[-90.9147,45.8733]]],[[[-90.92,45.8662],[-90.92,45.8694],[-90.9253,45.8668],[-90.92,45.8662]]],[[[-90.9247,45.8673],[-90.92,45.8697],[-90.9252,45.8698],[-90.9247,45.8673]]]]},"properties":{"PROP_NAME":"LAKE OF THE PINES CONSERVATION EASEMENT","ACRES":20813.24,"PUBLIC_ACCESS":"Open to Hiking, Fishing, Hunting and Trapping","TRANS_TYPE":2}},{"type":"Feature","geometry":{"type":"MultiPolygon","coordinates":[[[[-90.4203,46.2407],[-90.4202,46.2443],[-90.415,46.2442],[-90.4202,46.2442],[-90.4203,46.2407],[-90.3735,46.2411],[-90.3733,46.2444],[-90.3681,46.2443],[-90.3678,46.2477],[-90.3626,46.2476],[-90.3623,46.2512],[-90.3677,46.2512],[-90.3675,46.2547],[-90.3623,46.2547],[-90.3621,46.2619],[-90.3467,46.2617],[-90.3468,46.2583],[-90.3416,46.2582],[-90.3415,46.269],[-90.362,46.2691],[-90.362,46.2981],[-90.3932,46.2981],[-90.3933,46.2909],[-90.4089,46.2909],[-90.4037,46.2909],[-90.4037,46.2945],[-90.4141,46.2945],[-90.4141,46.2981],[-90.4036,46.2981],[-90.4036,46.3054],[-90.4088,46.3054],[-90.4087,46.309],[-90.3931,46.309],[-90.3931,46.3054],[-90.3826,46.3054],[-90.3826,46.327],[-90.4034,46.327],[-90.4034,46.3199],[-90.4075,46.3199],[-90.4065,46.327],[-90.4248,46.3271],[-90.4258,46.2407],[-90.4203,46.2407]],[[-90.4039,46.2546],[-90.4039,46.255],[-90.4039,46.255],[-90.4039,46.2546]],[[-90.3729,46.2511],[-90.3696,46.2511],[-90.3696,46.2511],[-90.3729,46.2511]],[[-90.4147,46.2837],[-90.4194,46.2837],[-90.4194,46.2909],[-90.4142,46.2909],[-90.4147,46.2837]],[[-90.4097,46.2476],[-90.4096,46.2513],[-90.3835,46.2512],[-90.3838,46.2442],[-90.389,46.2441],[-90.3889,46.2477],[-90.394,46.2476],[-90.3942,46.2441],[-90.4098,46.2441],[-90.4097,46.2476]]],[[[-90.3008,46.2381],[-90.2852,46.2385],[-90.2854,46.2348],[-90.2802,46.235],[-90.2808,46.2241],[-90.3016,46.2236],[-90.3032,46.184],[-90.287,46.1842],[-90.2869,46.1878],[-90.2817,46.1878],[-90.2814,46.1985],[-90.2605,46.1986],[-90.2591,46.2207],[-90.2645,46.2206],[-90.2637,46.2279],[-90.258,46.228],[-90.2588,46.2408],[-90.3008,46.2406],[-90.3008,46.2381]]],[[[-90.3314,46.2512],[-90.3312,46.2549],[-90.3417,46.2549],[-90.3417,46.2513],[-90.3522,46.2512],[-90.3525,46.2477],[-90.3473,46.2477],[-90.3476,46.2441],[-90.3423,46.2441],[-90.3426,46.2405],[-90.3267,46.2405],[-90.3263,46.2477],[-90.3316,46.2477],[-90.3314,46.2512]]],[[[-90.3008,46.2406],[-90.3007,46.2441],[-90.3058,46.2441],[-90.3057,46.2476],[-90.3108,46.2476],[-90.3106,46.2547],[-90.3208,46.2548],[-90.3214,46.2405],[-90.3008,46.2406]]],[[[-90.3623,46.2512],[-90.3574,46.2512],[-90.3571,46.2547],[-90.3623,46.2547],[-90.3623,46.2512]]]]},"properties":{"PROP_NAME":"TWIN LAKES LEGACY FOREST","ACRES":13991.34,"PUBLIC_ACCESS":"Open to Hiking, Fishing, Hunting and Trapping","TRANS_TYPE":2}},{"type":"Feature","geometry":{"type":"MultiPolygon","coordinates":[[[[-89.2273,45.6448],[-89.2378,45.645],[-89.2378,45.6413],[-89.243,45.6414],[-89.2366,45.6395],[-89.2378,45.6015],[-89.2486,45.6016],[-89.2487,45.5981],[-89.2541,45.598],[-89.2543,45.5945],[-89.2597,45.5968],[-89.2543,45.5942],[-89.2542,45.5909],[-89.2487,45.5918],[-89.2434,45.589],[-89.2435,45.5874],[-89.2381,45.5874],[-89.2435,45.5871],[-89.2382,45.5854],[-89.2142,45.5865],[-89.1852,45.5793],[-89.1851,45.5865],[-89.1886,45.5955],[-89.1843,45.5948],[-89.185,45.5982],[-89.1897,45.5986],[-89.1676,45.5974],[-89.167,45.5937],[-89.1561,45.5934],[-89.1555,45.5896],[-89.1399,45.5888],[-89.1396,45.5869],[-89.1348,45.5899],[-89.1349,45.5925],[-89.1294,45.5935],[-89.1295,45.5965],[-89.1241,45.5964],[-89.1259,45.6115],[-89.1248,45.6212],[-89.1302,45.6216],[-89.1294,45.6376],[-89.1272,45.6376],[-89.1277,45.641],[-89.1348,45.6411],[-89.1326,45.652],[-89.1331,45.6587],[-89.1366,45.6587],[-89.1372,45.6518],[-89.1379,45.6613],[-89.143,45.6588],[-89.1538,45.6588],[-89.1537,45.6551],[-89.1594,45.6556],[-89.1594,45.6519],[-89.1651,45.6524],[-89.165,45.6561],[-89.1707,45.6565],[-89.1709,45.6529],[-89.1901,45.6542],[-89.1905,45.647],[-89.1901,45.6542],[-89.2008,45.6548],[-89.2009,45.6512],[-89.2167,45.6515],[-89.2154,45.6342],[-89.2105,45.6339],[-89.2117,45.6407],[-89.2105,45.6339],[-89.2006,45.6335],[-89.2,45.6267],[-89.2006,45.6335],[-89.2205,45.6344],[-89.2221,45.6412],[-89.2274,45.6412],[-89.2273,45.6448]],[[-89.1563,45.6389],[-89.1563,45.6389],[-89.1563,45.639],[-89.1563,45.6389]],[[-89.1562,45.6391],[-89.1562,45.6391],[-89.1562,45.6391],[-89.1562,45.6391]],[[-89.1559,45.6255],[-89.1558,45.6255],[-89.1558,45.6255],[-89.1559,45.6255]],[[-89.1538,45.6442],[-89.1537,45.6442],[-89.1537,45.6442],[-89.1538,45.6442]],[[-89.1563,45.6388],[-89.1563,45.6388],[-89.1563,45.6388],[-89.1563,45.6388]],[[-89.1562,45.6392],[-89.1562,45.6392],[-89.1551,45.6414],[-89.1562,45.6392]],[[-89.1819,45.6155],[-89.1819,45.6155],[-89.1742,45.6155],[-89.1819,45.6155]],[[-89.1563,45.6387],[-89.1563,45.6387],[-89.1563,45.6359],[-89.1563,45.6387]],[[-89.2187,45.6276],[-89.214,45.6274],[-89.2093,45.6272],[-89.2187,45.6276]],[[-89.1431,45.6206],[-89.141,45.6219],[-89.1413,45.6207],[-89.1431,45.6206]],[[-89.1374,45.6158],[-89.1382,45.6127],[-89.1434,45.6125],[-89.1426,45.6157],[-89.1374,45.6158],[-89.1349,45.6252],[-89.1374,45.6158]],[[-89.2434,45.591],[-89.2434,45.5894],[-89.2487,45.5921],[-89.2487,45.5945],[-89.2433,45.5946],[-89.2432,45.5981],[-89.2378,45.5981],[-89.2378,45.5947],[-89.2433,45.5946],[-89.2434,45.591]]],[[[-89.0692,45.6435],[-89.0692,45.6401],[-89.0692,45.6435],[-89.0635,45.6437],[-89.0635,45.6472],[-89.0577,45.6475],[-89.0576,45.651],[-89.0635,45.6506],[-89.0631,45.6653],[-89.0632,45.6616],[-89.0577,45.6619],[-89.0577,45.6651],[-89.1241,45.6653],[-89.1256,45.6627],[-89.1247,45.6593],[-89.1257,45.6552],[-89.1223,45.6551],[-89.1229,45.648],[-89.127,45.6477],[-89.1267,45.6445],[-89.1233,45.6444],[-89.1236,45.641],[-89.1262,45.641],[-89.1254,45.6375],[-89.1239,45.6375],[-89.1242,45.6278],[-89.1188,45.6275],[-89.1193,45.6038],[-89.0969,45.6032],[-89.0972,45.5998],[-89.0856,45.5993],[-89.0854,45.5919],[-89.1131,45.593],[-89.1128,45.5894],[-89.1292,45.5888],[-89.1289,45.5856],[-89.1394,45.5855],[-89.1389,45.5823],[-89.1285,45.5823],[-89.1285,45.5787],[-89.1066,45.5779],[-89.1066,45.5815],[-89.1011,45.581],[-89.1015,45.5849],[-89.0959,45.5845],[-89.0956,45.5805],[-89.0847,45.5802],[-89.0848,45.5765],[-89.074,45.5765],[-89.0742,45.5731],[-89.0688,45.5731],[-89.0683,45.5797],[-89.0521,45.5794],[-89.0521,45.5831],[-89.0467,45.5829],[-89.0468,45.619],[-89.0408,45.6192],[-89.0415,45.6227],[-89.026,45.6231],[-89.0266,45.6377],[-89.0468,45.6372],[-89.0467,45.6444],[-89.0578,45.644],[-89.058,45.6405],[-89.0636,45.6403],[-89.0635,45.6437],[-89.0692,45.6435]],[[-89.0526,45.6223],[-89.0468,45.6226],[-89.0583,45.622],[-89.0526,45.6223]],[[-89.0689,45.6576],[-89.0687,45.6613],[-89.0691,45.654],[-89.0689,45.6576]],[[-89.134,45.5837],[-89.1328,45.5827],[-89.1338,45.5825],[-89.134,45.5837]],[[-89.118,45.6443],[-89.1177,45.6478],[-89.1124,45.6477],[-89.1128,45.6443],[-89.118,45.6443]],[[-89.1017,45.6473],[-89.0964,45.6471],[-89.0964,45.6436],[-89.1017,45.6438],[-89.1017,45.6473]],[[-89.1116,45.6549],[-89.1112,45.6586],[-89.1059,45.6584],[-89.1064,45.6547],[-89.1116,45.6549]],[[-89.0795,45.584],[-89.074,45.5838],[-89.0738,45.58],[-89.0793,45.5803],[-89.0795,45.584]],[[-89.0746,45.6434],[-89.0746,45.6364],[-89.0801,45.6362],[-89.0801,45.6434],[-89.0746,45.6434]],[[-89.0911,45.6263],[-89.0911,45.6297],[-89.0749,45.6293],[-89.0751,45.6255],[-89.0911,45.6263]],[[-89.0997,45.6652],[-89.0944,45.6651],[-89.0949,45.6615],[-89.0896,45.6614],[-89.0901,45.6577],[-89.0847,45.6577],[-89.0852,45.6541],[-89.0958,45.6543],[-89.0953,45.6579],[-89.1006,45.6582],[-89.0997,45.6652]]],[[[-89.2265,45.5297],[-89.2212,45.5297],[-89.2213,45.5333],[-89.216,45.5333],[-89.2157,45.5261],[-89.2109,45.5262],[-89.2109,45.5298],[-89.206,45.5299],[-89.206,45.5334],[-89.2009,45.5334],[-89.2011,45.5299],[-89.1958,45.5299],[-89.1959,45.5263],[-89.1847,45.5259],[-89.1848,45.5224],[-89.1791,45.5222],[-89.179,45.5257],[-89.1623,45.5254],[-89.1624,45.5309],[-89.1651,45.5387],[-89.1746,45.5397],[-89.1751,45.5506],[-89.1663,45.5503],[-89.167,45.5531],[-89.1719,45.5531],[-89.167,45.5533],[-89.1711,45.5644],[-89.1773,45.5645],[-89.178,45.5681],[-89.1853,45.5713],[-89.1963,45.5716],[-89.1967,45.5678],[-89.2017,45.5679],[-89.2016,45.5716],[-89.207,45.5717],[-89.2068,45.5755],[-89.1962,45.5753],[-89.1958,45.579],[-89.2175,45.5794],[-89.2176,45.5758],[-89.2122,45.5756],[-89.2123,45.5719],[-89.2122,45.5756],[-89.2229,45.5758],[-89.2228,45.5795],[-89.2175,45.5794],[-89.2174,45.5824],[-89.2332,45.5835],[-89.2466,45.5865],[-89.2488,45.5866],[-89.249,45.5836],[-89.2597,45.5836],[-89.2595,45.5868],[-89.2702,45.5868],[-89.2704,45.5836],[-89.2812,45.5835],[-89.2813,45.5798],[-89.2962,45.5779],[-89.2966,45.5852],[-89.2915,45.5859],[-89.2908,45.5945],[-89.2933,45.5951],[-89.2922,45.5966],[-89.2954,45.5964],[-89.2958,45.5926],[-89.301,45.5918],[-89.3017,45.5809],[-89.3069,45.5813],[-89.3064,45.5739],[-89.3117,45.5742],[-89.3115,45.5688],[-89.306,45.5664],[-89.3061,45.5702],[-89.3007,45.57],[-89.301,45.5737],[-89.2911,45.5749],[-89.291,45.5712],[-89.2863,45.5717],[-89.2857,45.5675],[-89.2809,45.5678],[-89.2814,45.576],[-89.2761,45.576],[-89.2748,45.5634],[-89.3061,45.5627],[-89.3057,45.5557],[-89.2787,45.5546],[-89.2794,45.559],[-89.2687,45.5588],[-89.2677,45.5435],[-89.2728,45.5434],[-89.2728,45.5399],[-89.278,45.5398],[-89.2779,45.5363],[-89.2883,45.5366],[-89.2883,45.5335],[-89.283,45.5331],[-89.283,45.5296],[-89.2778,45.5293],[-89.2778,45.5327],[-89.2678,45.5327],[-89.2677,45.5363],[-89.2574,45.5364],[-89.2576,45.5327],[-89.2524,45.5329],[-89.2524,45.5294],[-89.2265,45.5297]]],[[[-89.2368,45.5513],[-89.2368,45.5477],[-89.2367,45.5544],[-89.2368,45.5513]],[[-89.2391,45.5723],[-89.2337,45.5722],[-89.2443,45.5722],[-89.2391,45.5723]],[[-89.2626,45.5435],[-89.2574,45.5435],[-89.2574,45.5399],[-89.2625,45.5399],[-89.2626,45.5435]],[[-89.1956,45.5407],[-89.1904,45.5404],[-89.1904,45.5368],[-89.1957,45.5371],[-89.1956,45.5407]],[[-89.2425,45.5588],[-89.242,45.5543],[-89.2471,45.5543],[-89.2478,45.5588],[-89.2425,45.5588]],[[-89.26,45.5759],[-89.2598,45.5798],[-89.2492,45.5798],[-89.2494,45.576],[-89.26,45.5759]]],[[[-89.1279,45.5562],[-89.1282,45.564],[-89.1229,45.5639],[-89.1227,45.5563],[-89.1174,45.5564],[-89.1175,45.5601],[-89.1122,45.5601],[-89.1125,45.5638],[-89.1065,45.5632],[-89.1065,45.5705],[-89.1337,45.5716],[-89.1336,45.5681],[-89.1388,45.568],[-89.1389,45.5715],[-89.1493,45.5713],[-89.1493,45.5677],[-89.144,45.5678],[-89.1493,45.5677],[-89.1492,45.5641],[-89.1544,45.564],[-89.1545,45.5676],[-89.1598,45.5677],[-89.1596,45.5641],[-89.1648,45.5642],[-89.1644,45.5569],[-89.1593,45.5569],[-89.1591,45.5532],[-89.154,45.5533],[-89.1548,45.5377],[-89.1599,45.5382],[-89.1576,45.5317],[-89.1615,45.5319],[-89.1614,45.5254],[-89.1555,45.5253],[-89.1605,45.5254],[-89.1608,45.522],[-89.157,45.522],[-89.1504,45.5251],[-89.1567,45.522],[-89.156,45.5186],[-89.1511,45.5187],[-89.1511,45.4999],[-89.1197,45.4999],[-89.1245,45.5003],[-89.1245,45.5038],[-89.1196,45.5038],[-89.1193,45.5109],[-89.1198,45.532],[-89.1249,45.5319],[-89.1248,45.5355],[-89.1196,45.5355],[-89.1195,45.5391],[-89.1038,45.539],[-89.1046,45.5426],[-89.097,45.5474],[-89.095,45.5468],[-89.0957,45.5497],[-89.0905,45.5496],[-89.0896,45.546],[-89.0844,45.5458],[-89.0852,45.5494],[-89.0696,45.5489],[-89.0698,45.5593],[-89.0804,45.5588],[-89.0698,45.5593],[-89.0695,45.5629],[-89.085,45.5622],[-89.0851,45.5585],[-89.0898,45.5583],[-89.0952,45.5587],[-89.0952,45.5622],[-89.1065,45.5632],[-89.1068,45.5529],[-89.1226,45.5525],[-89.1227,45.5563],[-89.1279,45.5562]],[[-89.1413,45.5317],[-89.1357,45.5318],[-89.1413,45.5317],[-89.1413,45.5317]],[[-89.1231,45.5677],[-89.1231,45.5677],[-89.1283,45.5679],[-89.1231,45.5677]]],[[[-89.1198,45.6728],[-89.1102,45.6725],[-89.1198,45.6728],[-89.124,45.6655],[-89.0469,45.6662],[-89.0469,45.6734],[-89.0525,45.6731],[-89.0526,45.6767],[-89.047,45.6771],[-89.0469,45.7024],[-89.0578,45.7021],[-89.0576,45.6945],[-89.0682,45.6939],[-89.0683,45.6978],[-89.063,45.6981],[-89.063,45.7019],[-89.0578,45.7021],[-89.0579,45.7058],[-89.0524,45.7059],[-89.0524,45.7096],[-89.0579,45.7096],[-89.0578,45.7125],[-89.0689,45.7116],[-89.069,45.7095],[-89.0741,45.7095],[-89.0739,45.7057],[-89.0841,45.7058],[-89.0841,45.7019],[-89.0891,45.702],[-89.089,45.6982],[-89.079,45.6981],[-89.0789,45.6907],[-89.089,45.6907],[-89.0889,45.6944],[-89.0939,45.6942],[-89.0941,45.6906],[-89.0991,45.6905],[-89.0989,45.694],[-89.1041,45.6942],[-89.1043,45.698],[-89.1095,45.698],[-89.1094,45.6943],[-89.1146,45.6946],[-89.1149,45.691],[-89.1244,45.6914],[-89.1198,45.6802],[-89.1154,45.68],[-89.1155,45.6763],[-89.1186,45.6764],[-89.1198,45.6728]],[[-89.0736,45.6907],[-89.0683,45.6907],[-89.0684,45.6874],[-89.0737,45.6873],[-89.0736,45.6907]],[[-89.0738,45.6791],[-89.0738,45.6832],[-89.0685,45.6832],[-89.0686,45.6791],[-89.0738,45.6791]]],[[[-89.3023,45.7035],[-89.3016,45.7181],[-89.3114,45.718],[-89.3115,45.7246],[-89.3213,45.718],[-89.3215,45.7143],[-89.3166,45.7144],[-89.3168,45.7108],[-89.3217,45.7108],[-89.323,45.7],[-89.3281,45.7],[-89.3291,45.6964],[-89.3446,45.6968],[-89.3458,45.6934],[-89.3579,45.6921],[-89.3597,45.691],[-89.36,45.6847],[-89.3644,45.6841],[-89.364,45.6804],[-89.3687,45.6804],[-89.3689,45.6768],[-89.3554,45.6778],[-89.3553,45.6741],[-89.3512,45.6747],[-89.3515,45.6708],[-89.3416,45.6711],[-89.3416,45.6749],[-89.3362,45.6755],[-89.3363,45.6823],[-89.3306,45.6822],[-89.3307,45.6709],[-89.3092,45.6742],[-89.3103,45.6742],[-89.309,45.6816],[-89.2883,45.6802],[-89.2883,45.684],[-89.2832,45.6835],[-89.2832,45.6873],[-89.2725,45.6868],[-89.2692,45.7013],[-89.2747,45.7015],[-89.2751,45.7126],[-89.2703,45.7124],[-89.2706,45.7161],[-89.2907,45.7173],[-89.2896,45.7157],[-89.2908,45.7145],[-89.2911,45.7048],[-89.2801,45.7024],[-89.2915,45.7051],[-89.2941,45.7033],[-89.3012,45.7034],[-89.2909,45.7025],[-89.2922,45.6952],[-89.2948,45.6927],[-89.2928,45.6918],[-89.2934,45.6881],[-89.2981,45.6885],[-89.2977,45.6922],[-89.3029,45.6927],[-89.3023,45.7035]]],[[[-89.3253,45.6854],[-89.3256,45.6887],[-89.3253,45.6743],[-89.3253,45.6854]],[[-89.3087,45.6889],[-89.303,45.6889],[-89.303,45.6889],[-89.3087,45.6889]],[[-89.3031,45.6852],[-89.2983,45.6848],[-89.2934,45.6844],[-89.3031,45.6852]]],[[[-89.1313,45.4783],[-89.1155,45.478],[-89.1022,45.474],[-89.0939,45.4738],[-89.0934,45.4813],[-89.1038,45.4818],[-89.1031,45.4926],[-89.1083,45.4928],[-89.1081,45.4951],[-89.1095,45.4952],[-89.1091,45.4892],[-89.1094,45.4964],[-89.1135,45.4965],[-89.1136,45.4996],[-89.1511,45.4997],[-89.1511,45.4897],[-89.146,45.4897],[-89.1465,45.4806],[-89.1313,45.4784],[-89.131,45.482],[-89.1361,45.4821],[-89.1359,45.4858],[-89.1253,45.4857],[-89.1259,45.4783],[-89.1204,45.4783],[-89.1313,45.4783]],[[-89.1356,45.4896],[-89.1408,45.4896],[-89.1404,45.497],[-89.1298,45.497],[-89.1304,45.4895],[-89.1356,45.4896]]],[[[-89.1621,45.7072],[-89.1675,45.7074],[-89.1674,45.6998],[-89.1753,45.7001],[-89.1752,45.6963],[-89.187,45.6971],[-89.1874,45.6935],[-89.1993,45.6943],[-89.1997,45.6908],[-89.1938,45.6903],[-89.1942,45.6868],[-89.1882,45.6863],[-89.1878,45.6898],[-89.182,45.6894],[-89.1816,45.693],[-89.1677,45.6923],[-89.1682,45.6887],[-89.1762,45.6889],[-89.1765,45.6816],[-89.1526,45.6809],[-89.1526,45.6846],[-89.1443,45.6844],[-89.1434,45.6898],[-89.1411,45.6918],[-89.1466,45.6918],[-89.147,45.6882],[-89.1576,45.6884],[-89.1567,45.6956],[-89.162,45.6957],[-89.1621,45.7035],[-89.1511,45.7031],[-89.1513,45.7068],[-89.1621,45.7072]]],[[[-89.1431,45.4678],[-89.1447,45.4532],[-89.1341,45.4528],[-89.1331,45.4606],[-89.1119,45.4601],[-89.1106,45.4704],[-89.1055,45.4703],[-89.105,45.4751],[-89.1157,45.4778],[-89.1314,45.4781],[-89.1316,45.4748],[-89.1262,45.4747],[-89.1265,45.4711],[-89.1319,45.4712],[-89.1322,45.4676],[-89.1431,45.4678]],[[-89.1164,45.4669],[-89.1163,45.4669],[-89.1157,45.4669],[-89.1164,45.4669]]],[[[-89.0773,45.5382],[-89.0772,45.5345],[-89.0795,45.5346],[-89.0737,45.5273],[-89.0716,45.5272],[-89.0718,45.5239],[-89.0617,45.5235],[-89.0616,45.5199],[-89.0468,45.5204],[-89.0466,45.5261],[-89.0516,45.5264],[-89.0516,45.5299],[-89.0566,45.53],[-89.057,45.541],[-89.0519,45.5408],[-89.0521,45.5445],[-89.063,45.545],[-89.0615,45.5374],[-89.0665,45.5376],[-89.0675,45.5414],[-89.0729,45.5416],[-89.0719,45.5379],[-89.0773,45.5382]]],[[[-89.1572,45.7372],[-89.1568,45.7393],[-89.1634,45.7394],[-89.1634,45.7412],[-89.1784,45.742],[-89.1755,45.7347],[-89.1754,45.7153],[-89.1677,45.7161],[-89.1681,45.7229],[-89.163,45.7228],[-89.1633,45.7303],[-89.1545,45.73],[-89.1566,45.7382],[-89.1568,45.7363],[-89.1604,45.7355],[-89.1572,45.7372]]],[[[-89.3055,45.7356],[-89.3152,45.7355],[-89.3208,45.7331],[-89.3213,45.7316],[-89.3263,45.7314],[-89.3263,45.7284],[-89.3162,45.7287],[-89.3162,45.7251],[-89.3263,45.7249],[-89.3263,45.7213],[-89.3213,45.7215],[-89.3209,45.7183],[-89.3112,45.7252],[-89.3013,45.7264],[-89.3008,45.732],[-89.2954,45.7317],[-89.2954,45.7352],[-89.3055,45.7356]]],[[[-89.1431,45.4678],[-89.1322,45.4676],[-89.1316,45.4748],[-89.1369,45.4749],[-89.1365,45.4784],[-89.1466,45.4805],[-89.1468,45.4788],[-89.152,45.4789],[-89.1527,45.4753],[-89.1573,45.4754],[-89.1589,45.4681],[-89.1431,45.4679],[-89.1426,45.4715],[-89.1431,45.4678]]],[[[-89.0629,45.721],[-89.0627,45.7248],[-89.0987,45.7248],[-89.099,45.7171],[-89.089,45.7174],[-89.0889,45.7212],[-89.0629,45.721]]],[[[-89.1262,45.6989],[-89.1303,45.6963],[-89.1311,45.6879],[-89.1414,45.6881],[-89.1412,45.6906],[-89.1431,45.6898],[-89.1441,45.6844],[-89.1366,45.6843],[-89.1369,45.6806],[-89.1213,45.6802],[-89.1257,45.6877],[-89.1262,45.6989]],[[-89.1247,45.6828],[-89.1245,45.683],[-89.1242,45.6829],[-89.1247,45.6828]]],[[[-89.0583,45.5695],[-89.069,45.5698],[-89.0692,45.5665],[-89.0639,45.5665],[-89.0641,45.5589],[-89.0524,45.5581],[-89.0526,45.5657],[-89.0467,45.5649],[-89.0467,45.5686],[-89.0583,45.5695]]],[[[-89.1319,45.7257],[-89.1315,45.7221],[-89.1368,45.722],[-89.1311,45.718],[-89.1286,45.714],[-89.1254,45.7139],[-89.1261,45.7215],[-89.1208,45.721],[-89.1204,45.7175],[-89.1153,45.7172],[-89.1158,45.7244],[-89.1319,45.7257]]],[[[-89.1147,45.6983],[-89.1147,45.7083],[-89.1198,45.7081],[-89.1198,45.7062],[-89.1247,45.7063],[-89.1236,45.7024],[-89.1199,45.7022],[-89.1198,45.6986],[-89.1244,45.6988],[-89.1244,45.6951],[-89.1146,45.6946],[-89.1147,45.6983]]],[[[-89.0631,45.7171],[-89.0576,45.717],[-89.0578,45.7133],[-89.047,45.7123],[-89.0471,45.7169],[-89.0524,45.717],[-89.0522,45.7242],[-89.0572,45.7247],[-89.0574,45.7209],[-89.0629,45.721],[-89.0631,45.7171]]],[[[-89.3023,45.7035],[-89.2941,45.7035],[-89.2916,45.7054],[-89.291,45.7099],[-89.3019,45.7108],[-89.3023,45.7035]]],[[[-89.2934,45.5301],[-89.2934,45.5372],[-89.2993,45.5378],[-89.2991,45.5271],[-89.2935,45.5264],[-89.2934,45.5301]]],[[[-89.143,45.6624],[-89.1429,45.6661],[-89.1537,45.6663],[-89.1538,45.6608],[-89.151,45.6608],[-89.1511,45.6591],[-89.1485,45.659],[-89.1484,45.6625],[-89.143,45.6624]]],[[[-89.0491,45.5198],[-89.0525,45.5193],[-89.0516,45.5119],[-89.0465,45.5116],[-89.0468,45.5198],[-89.0491,45.5198]]],[[[-89.0844,45.5458],[-89.0826,45.5384],[-89.0773,45.5382],[-89.0791,45.5456],[-89.0844,45.5458]]],[[[-89.2317,45.5297],[-89.2316,45.5225],[-89.2265,45.5226],[-89.2265,45.5297],[-89.2317,45.5297]]],[[[-89.0631,45.7171],[-89.0686,45.7172],[-89.0689,45.7118],[-89.0578,45.7128],[-89.0633,45.7133],[-89.0631,45.7171]]],[[[-89.2118,45.5857],[-89.2172,45.5864],[-89.2173,45.5831],[-89.2013,45.5829],[-89.2118,45.5857]]],[[[-89.1235,45.6693],[-89.1213,45.6728],[-89.1265,45.673],[-89.1267,45.666],[-89.1235,45.6693]]],[[[-89.32,45.6704],[-89.317,45.6704],[-89.3147,45.6729],[-89.3307,45.6707],[-89.32,45.6704]]],[[[-89.2273,45.6448],[-89.2222,45.6447],[-89.2221,45.6482],[-89.2273,45.6483],[-89.2273,45.6448]]],[[[-89.0524,45.7096],[-89.0469,45.7096],[-89.047,45.712],[-89.0524,45.713],[-89.0524,45.7096]]],[[[-89.1321,45.6658],[-89.1326,45.6623],[-89.1289,45.6645],[-89.1269,45.6641],[-89.1267,45.6657],[-89.1321,45.6658]]],[[[-89.1255,45.6588],[-89.1263,45.662],[-89.1276,45.6552],[-89.1255,45.6588]]],[[[-89.1198,45.7101],[-89.1198,45.7083],[-89.1147,45.7086],[-89.1198,45.7101]]],[[[-89.1698,45.716],[-89.1754,45.7151],[-89.1677,45.7149],[-89.1698,45.716]]],[[[-89.143,45.6624],[-89.143,45.6601],[-89.1381,45.6616],[-89.143,45.6624]]],[[[-89.1301,45.6966],[-89.1265,45.6989],[-89.1303,45.699],[-89.1301,45.6966]]],[[[-89.3063,45.7252],[-89.3013,45.7262],[-89.3099,45.7252],[-89.3063,45.7252]]],[[[-89.1195,45.5002],[-89.1195,45.4999],[-89.1136,45.4998],[-89.1195,45.5002]]],[[[-89.1208,45.6743],[-89.1202,45.6765],[-89.121,45.6765],[-89.1208,45.6743]]],[[[-89.1366,45.7197],[-89.1364,45.7181],[-89.1347,45.718],[-89.1366,45.7197]]],[[[-89.1036,45.4745],[-89.1049,45.4741],[-89.1026,45.474],[-89.1036,45.4745]]],[[[-89.129,45.6445],[-89.1281,45.6445],[-89.1285,45.6471],[-89.129,45.6445]]],[[[-89.2393,45.5857],[-89.2435,45.5869],[-89.2386,45.5854],[-89.2393,45.5857]]],[[[-89.2899,45.7155],[-89.2908,45.7168],[-89.2908,45.7147],[-89.2899,45.7155]]],[[[-89.1193,45.5038],[-89.1191,45.5037],[-89.1192,45.5073],[-89.1193,45.5038]]],[[[-89.1301,45.5926],[-89.1294,45.5926],[-89.1294,45.5931],[-89.1301,45.5926]]],[[[-89.1627,45.532],[-89.1624,45.5309],[-89.1624,45.532],[-89.1627,45.532]]]]},"properties":{"PROP_NAME":"PELICAN RIVER FOREST CONSERVATION EASEMENT","ACRES":67334.22,"PUBLIC_ACCESS":"Open to Hiking, Fishing, Hunting and Trapping","TRANS_TYPE":2}},{"type":"Feature","geometry":{"type":"MultiPolygon","coordinates":[[[[-89.4768,42.8496],[-89.477,42.8563],[-89.4858,42.8563],[-89.486,42.8461],[-89.4767,42.846],[-89.4768,42.8496]]],[[[-89.4912,42.8365],[-89.4959,42.8353],[-89.4946,42.8281],[-89.4898,42.828],[-89.4898,42.8297],[-89.4884,42.8297],[-89.4883,42.8329],[-89.4912,42.8329],[-89.4912,42.8365]]]]},"properties":{"PROP_NAME":"BROOKLYN WILDLIFE AREA","ACRES":304.15000000000003,"PUBLIC_ACCESS":"Open to Hiking, Fishing, Hunting and Trapping","TRANS_TYPE":2}},{"type":"Feature","geometry":{"type":"MultiPolygon","coordinates":[[[[-92.3091,45.1942],[-92.3091,45.1978],[-92.3167,45.1978],[-92.3167,45.1942],[-92.3142,45.1942],[-92.314,45.1906],[-92.3116,45.1906],[-92.3109,45.1882],[-92.309,45.1906],[-92.3091,45.1942]]],[[[-92.3092,45.2064],[-92.3065,45.2074],[-92.3065,45.2092],[-92.3146,45.2092],[-92.3193,45.205],[-92.3092,45.205],[-92.3092,45.2064]]]]},"properties":{"PROP_NAME":"CYLON WILDLIFE AREA","ACRES":187.32,"PUBLIC_ACCESS":"Open to Hiking, Fishing, Hunting and Trapping","TRANS_TYPE":2}},{"type":"Feature","geometry":{"type":"Polygon","coordinates":[[[-89.9276,43.6113],[-89.9276,43.6095],[-89.9226,43.6094],[-89.9226,43.6113],[-89.9276,43.6113]]]},"properties":{"PROP_NAME":"DELL CREEK WILDLIFE AREA","ACRES":20.32,"PUBLIC_ACCESS":"Open to Hiking, Fishing, Hunting and Trapping","TRANS_TYPE":2}},{"type":"Feature","geometry":{"type":"Polygon","coordinates":[[[-89.2744,42.7523],[-89.2745,42.7549],[-89.2781,42.7549],[-89.2786,42.7504],[-89.2797,42.7504],[-89.2793,42.7523],[-89.2843,42.7523],[-89.2842,42.7487],[-89.2752,42.7486],[-89.2744,42.7523]]]},"properties":{"PROP_NAME":"EVANSVILLE WILDLIFE AREA","ACRES":96.84,"PUBLIC_ACCESS":"Open to Hiking, Fishing, Hunting and Trapping","TRANS_TYPE":2}},{"type":"Feature","geometry":{"type":"Polygon","coordinates":[[[-89.2871,43.9124],[-89.2972,43.9124],[-89.2972,43.9106],[-89.2871,43.9091],[-89.2871,43.9124]]]},"properties":{"PROP_NAME":"GERMANIA WILDLIFE AREA","ACRES":55.75,"PUBLIC_ACCESS":"Open to Hiking, Fishing, Hunting and Trapping","TRANS_TYPE":2}},{"type":"Feature","geometry":{"type":"MultiPolygon","coordinates":[[[[-87.8426,44.9015],[-87.8433,44.9045],[-87.8441,44.9012],[-87.8426,44.9015]]],[[[-87.7268,45.0236],[-87.7268,45.0254],[-87.7287,45.0254],[-87.7287,45.0236],[-87.7268,45.0236]]]]},"properties":{"PROP_NAME":"GREEN BAY WEST SHORES WILDLIFE AREA","ACRES":15.18,"PUBLIC_ACCESS":"Open to Hiking, Fishing, Hunting and Trapping","TRANS_TYPE":2}},{"type":"Feature","geometry":{"type":"MultiPolygon","coordinates":[[[[-90.8382,43.2922],[-90.8428,43.2922],[-90.8366,43.2923],[-90.8354,43.294],[-90.8444,43.2968],[-90.8453,43.2995],[-90.8529,43.2995],[-90.853,43.2922],[-90.848,43.2922],[-90.848,43.2959],[-90.8431,43.2958],[-90.8436,43.285],[-90.8369,43.285],[-90.839,43.2882],[-90.8366,43.2923],[-90.8382,43.2922]]],[[[-90.8285,43.2812],[-90.8284,43.2849],[-90.8366,43.2849],[-90.8367,43.2815],[-90.8382,43.28],[-90.834,43.2795],[-90.8367,43.2751],[-90.8286,43.2766],[-90.8285,43.2812]]],[[[-90.8548,43.2848],[-90.8561,43.2831],[-90.8611,43.2824],[-90.8534,43.2814],[-90.8533,43.285],[-90.8548,43.2848]]],[[[-90.8285,43.2885],[-90.8276,43.2853],[-90.8237,43.2848],[-90.8236,43.2861],[-90.8271,43.2858],[-90.8273,43.2877],[-90.8234,43.2885],[-90.8285,43.2885]]]]},"properties":{"PROP_NAME":"KICKAPOO WILDLIFE AREA-BELL CENTER UNIT","ACRES":443.94,"PUBLIC_ACCESS":"Open to Hiking, Fishing, Hunting and Trapping","TRANS_TYPE":2}},{"type":"Feature","geometry":{"type":"Polygon","coordinates":[[[-91.2875,44.5716],[-91.2884,44.5735],[-91.2866,44.5752],[-91.2895,44.5719],[-91.2917,44.5721],[-91.2875,44.5716]]]},"properties":{"PROP_NAME":"SCATTERED WILDLIFE - WD","ACRES":11.38,"PUBLIC_ACCESS":"Open to Hiking, Fishing, Hunting and Trapping","TRANS_TYPE":2}},{"type":"Feature","geometry":{"type":"MultiPolygon","coordinates":[[[[-91.8688,45.3909],[-91.8687,45.3944],[-91.8738,45.3944],[-91.8739,45.3907],[-91.879,45.3907],[-91.879,45.3871],[-91.8816,45.3871],[-91.8816,45.3833],[-91.8855,45.3833],[-91.8848,45.387],[-91.8893,45.387],[-91.8893,45.3798],[-91.8869,45.3798],[-91.8891,45.3771],[-91.8791,45.3771],[-91.879,45.3853],[-91.8739,45.3853],[-91.871,45.3908],[-91.8688,45.3909]]],[[[-91.8945,45.3698],[-91.8945,45.3662],[-91.8893,45.3662],[-91.8893,45.3699],[-91.8945,45.3698]]],[[[-92.0692,45.4313],[-92.0743,45.4302],[-92.0743,45.4277],[-92.0641,45.4276],[-92.0641,45.424],[-92.059,45.424],[-92.0589,45.4312],[-92.0692,45.4313]]],[[[-92.0743,45.4346],[-92.0801,45.4348],[-92.0755,45.4333],[-92.0756,45.4312],[-92.0743,45.4312],[-92.0743,45.4346]]],[[[-92.0803,45.441],[-92.0807,45.4421],[-92.0819,45.441],[-92.0819,45.4384],[-92.0796,45.4385],[-92.0803,45.441]]]]},"properties":{"PROP_NAME":"EXTENSIVE WL HABITAT - NW","ACRES":521.05,"PUBLIC_ACCESS":"Open to Hiking, Fishing, Hunting and Trapping","TRANS_TYPE":2}},{"type":"Feature","geometry":{"type":"MultiPolygon","coordinates":[[[[-89.7117,45.7831],[-89.712,45.7838],[-89.712,45.7837],[-89.7117,45.7831]]],[[[-89.7124,45.7843],[-89.713,45.7848],[-89.7125,45.7842],[-89.7124,45.7843]]]]},"properties":{"PROP_NAME":"BEARSKIN STATE TRAIL","ACRES":0.29,"PUBLIC_ACCESS":"Open to Hiking, Fishing, Hunting and Trapping","TRANS_TYPE":2}},{"type":"Feature","geometry":{"type":"Polygon","coordinates":[[[-88.5095,45.2534],[-88.5107,45.2525],[-88.5107,45.2508],[-88.5095,45.2534]]]},"properties":{"PROP_NAME":"NICOLET STATE TRAIL","ACRES":2.59,"PUBLIC_ACCESS":"Open to Hiking, Fishing, Hunting and Trapping","TRANS_TYPE":2}},{"type":"Feature","geometry":{"type":"Polygon","coordinates":[[[-89.7952,43.6777],[-89.798,43.6777],[-89.7952,43.6777],[-89.7952,43.6777]]]},"properties":{"PROP_NAME":"DELLS OF THE WISCONSIN RIVER STATE NATURAL AREA","ACRES":0.11,"PUBLIC_ACCESS":"Open to Hiking, Fishing, Hunting and Trapping","TRANS_TYPE":2}},{"type":"Feature","geometry":{"type":"MultiPolygon","coordinates":[[[[-88.1611,45.8451],[-88.1811,45.8439],[-88.1817,45.841],[-88.1548,45.8409],[-88.1552,45.8373],[-88.1395,45.8372],[-88.1398,45.8336],[-88.1299,45.834],[-88.1301,45.8302],[-88.1351,45.8301],[-88.1354,45.8265],[-88.1404,45.8264],[-88.1409,45.812],[-88.1358,45.812],[-88.1357,45.8084],[-88.1306,45.8083],[-88.1306,45.8047],[-88.1224,45.8047],[-88.1224,45.8063],[-88.1256,45.8073],[-88.1256,45.8056],[-88.1282,45.8056],[-88.1281,45.8078],[-88.1335,45.8116],[-88.1384,45.82],[-88.1367,45.8238],[-88.1266,45.8297],[-88.1249,45.8327],[-88.1423,45.8396],[-88.1448,45.8445],[-88.1537,45.8407],[-88.1573,45.8443],[-88.1611,45.8451]]],[[[-88.1645,45.8518],[-88.1696,45.8519],[-88.1695,45.8482],[-88.181,45.8483],[-88.1813,45.8447],[-88.1865,45.8448],[-88.1871,45.8385],[-88.1843,45.8398],[-88.1829,45.8439],[-88.1686,45.8458],[-88.1575,45.8449],[-88.1537,45.8412],[-88.1449,45.8449],[-88.1423,45.8428],[-88.1419,45.8398],[-88.1266,45.8342],[-88.122,45.8335],[-88.1161,45.8373],[-88.1295,45.8372],[-88.129,45.8406],[-88.1391,45.8409],[-88.1385,45.8481],[-88.1643,45.8482],[-88.1645,45.8518]]]]},"properties":{"PROP_NAME":"SPREAD EAGLE BARRENS STATE NATURAL AREA","ACRES":1325.45,"PUBLIC_ACCESS":"Open to Hiking, Fishing, Hunting and Trapping","TRANS_TYPE":2}},{"type":"Feature","geometry":{"type":"MultiPolygon","coordinates":[[[[-89.6372,44.3043],[-89.637,44.2899],[-89.6067,44.2893],[-89.6068,44.2966],[-89.6169,44.2967],[-89.617,44.3004],[-89.622,44.3005],[-89.6221,44.304],[-89.6372,44.3043]]],[[[-89.6525,44.3191],[-89.6576,44.3192],[-89.6576,44.3083],[-89.6423,44.3081],[-89.6423,44.3117],[-89.6473,44.3118],[-89.6474,44.3154],[-89.6424,44.3153],[-89.6424,44.3189],[-89.6525,44.3191]]],[[[-89.569,44.3207],[-89.574,44.3209],[-89.5741,44.3172],[-89.5841,44.3175],[-89.5842,44.3104],[-89.5692,44.3099],[-89.5691,44.3144],[-89.5741,44.3161],[-89.5691,44.3147],[-89.5691,44.3171],[-89.5641,44.317],[-89.564,44.3206],[-89.569,44.3207]]],[[[-89.5587,44.3594],[-89.5384,44.3595],[-89.5383,44.363],[-89.5435,44.3631],[-89.5435,44.3667],[-89.5588,44.3667],[-89.5587,44.3594]]],[[[-89.5848,44.3959],[-89.5898,44.3959],[-89.5897,44.3886],[-89.5694,44.3886],[-89.5695,44.394],[-89.5796,44.3922],[-89.5797,44.3959],[-89.5848,44.3959]]],[[[-89.6771,44.2686],[-89.677,44.265],[-89.6821,44.2651],[-89.682,44.2615],[-89.6669,44.2612],[-89.667,44.2685],[-89.6771,44.2686]]],[[[-89.5638,44.3594],[-89.5638,44.3557],[-89.5676,44.3557],[-89.5675,44.352],[-89.5587,44.3521],[-89.5587,44.3594],[-89.5638,44.3594]]],[[[-89.5949,44.3994],[-89.5898,44.3995],[-89.5897,44.4032],[-89.6,44.4029],[-89.5999,44.3992],[-89.5949,44.3994]]],[[[-89.594,44.3287],[-89.599,44.3288],[-89.5991,44.3252],[-89.589,44.3249],[-89.5889,44.3285],[-89.594,44.3287]]],[[[-89.6273,44.341],[-89.6273,44.3374],[-89.6173,44.3373],[-89.6173,44.3409],[-89.6273,44.341]]],[[[-89.5589,44.3241],[-89.559,44.3205],[-89.549,44.3203],[-89.5489,44.3239],[-89.5589,44.3241]]],[[[-89.5894,44.3141],[-89.5894,44.3176],[-89.5942,44.3177],[-89.5943,44.3106],[-89.5895,44.3105],[-89.5894,44.3141]]],[[[-89.6524,44.3335],[-89.6473,44.3334],[-89.6473,44.3374],[-89.6523,44.3374],[-89.6524,44.3335]]],[[[-89.6677,44.2977],[-89.6676,44.294],[-89.6625,44.2939],[-89.6626,44.2976],[-89.6677,44.2977]]],[[[-89.6324,44.3628],[-89.6323,44.3592],[-89.6273,44.3592],[-89.6273,44.3628],[-89.6324,44.3628]]],[[[-89.6373,44.3447],[-89.6373,44.341],[-89.6323,44.341],[-89.6323,44.3447],[-89.6373,44.3447]]],[[[-89.5889,44.3285],[-89.5839,44.3284],[-89.5838,44.332],[-89.5889,44.3321],[-89.5889,44.3285]]],[[[-89.5797,44.3959],[-89.5772,44.3959],[-89.5772,44.3995],[-89.5797,44.3995],[-89.5797,44.3959]]],[[[-89.5568,44.3061],[-89.5543,44.3061],[-89.5542,44.3097],[-89.5568,44.3097],[-89.5568,44.3061]]]]},"properties":{"PROP_NAME":"BUENA VISTA WILDLIFE AREA","ACRES":2886.52,"PUBLIC_ACCESS":"Open to Hiking, Fishing, Hunting and Trapping","TRANS_TYPE":7}},{"type":"Feature","geometry":{"type":"Polygon","coordinates":[[[-91.6739,45.9039],[-91.6736,45.9028],[-91.6722,45.903],[-91.6739,45.9039]]]},"properties":{"PROP_NAME":"BEAN BROOK FISHERY AREA","ACRES":1.68,"PUBLIC_ACCESS":"Open to Hiking and Fishing Only. Closed to Hunting and Trapping","TRANS_TYPE":1}},{"type":"Feature","geometry":{"type":"Polygon","coordinates":[[[-92.6046,44.8899],[-92.6053,44.8898],[-92.6056,44.8893],[-92.6046,44.8899]]]},"properties":{"PROP_NAME":"KINNICKINNIC RIVER FISHERY AREA","ACRES":0.3,"PUBLIC_ACCESS":"Open to Hiking and Fishing Only. Closed to Hunting and Trapping","TRANS_TYPE":1}},{"type":"Feature","geometry":{"type":"Polygon","coordinates":[[[-88.0947,45.171],[-88.0949,45.1746],[-88.095,45.1702],[-88.0947,45.171]]]},"properties":{"PROP_NAME":"NORTH BRANCH BEAVER CREEK FISHERY AREA","ACRES":2.56,"PUBLIC_ACCESS":"Open to Hiking Only. Closed to Fishing, Hunting and Trapping","TRANS_TYPE":1}},{"type":"Feature","geometry":{"type":"Polygon","coordinates":[[[-90.9973,44.3973],[-90.9961,44.4009],[-90.9971,44.4005],[-90.9973,44.3973]]]},"properties":{"PROP_NAME":"NORTH BRANCH TREMPEALEAU RIVER FISHERY AREA","ACRES":2.75,"PUBLIC_ACCESS":"Open to Hiking and Fishing Only. Closed to Hunting and Trapping","TRANS_TYPE":1}},{"type":"Feature","geometry":{"type":"MultiPolygon","coordinates":[[[[-88.0413,45.4942],[-88.0402,45.4948],[-88.0408,45.4973],[-88.0413,45.4942]]],[[[-87.8981,45.5157],[-87.8981,45.5158],[-87.8988,45.5159],[-87.8981,45.5157]]],[[[-87.899,45.5151],[-87.899,45.5159],[-87.8992,45.5157],[-87.899,45.5151]]]]},"properties":{"PROP_NAME":"PIKE WILD RIVER","ACRES":1.06,"PUBLIC_ACCESS":"Open to Hiking Only. Closed to Fishing, Hunting and Trapping","TRANS_TYPE":1}},{"type":"Feature","geometry":{"type":"Polygon","coordinates":[[[-90.8684,46.786],[-90.8727,46.7863],[-90.8684,46.7854],[-90.8684,46.786]]]},"properties":{"PROP_NAME":"SOUTH SHORE LAKE SUPERIOR FISHERY AREA - PIKES CREEK UNIT","ACRES":3.7600000000000002,"PUBLIC_ACCESS":"Open to Hiking Only. Closed to Fishing, Hunting and Trapping","TRANS_TYPE":1}},{"type":"Feature","geometry":{"type":"Polygon","coordinates":[[[-90.9454,46.4862],[-90.9482,46.4861],[-90.9505,46.4842],[-90.9454,46.4862]]]},"properties":{"PROP_NAME":"WHITE RIVER FISHERY AREA-BAYFIELD","ACRES":1.47,"PUBLIC_ACCESS":"Open to Hiking Only. Closed to Fishing, Hunting and Trapping","TRANS_TYPE":1}},{"type":"Feature","geometry":{"type":"Polygon","coordinates":[[[-87.9959,43.7093],[-87.9954,43.7087],[-87.994,43.7084],[-87.9959,43.7093]]]},"properties":{"PROP_NAME":"ONION RIVER STREAMBANK PROTECTION AREA","ACRES":0.48,"PUBLIC_ACCESS":"Open to Hiking Only. Closed to Fishing, Hunting and Trapping","TRANS_TYPE":1}},{"type":"Feature","geometry":{"type":"MultiPolygon","coordinates":[[[[-87.9245,43.0346],[-87.9254,43.0341],[-87.9239,43.0341],[-87.9245,43.0346]]],[[[-87.9255,43.0351],[-87.9262,43.0348],[-87.9249,43.0348],[-87.9255,43.0351]]]]},"properties":{"PROP_NAME":"SOUTHEASTERN REGION HEADQUARTERS","ACRES":2.0100000000000002,"PUBLIC_ACCESS":"Open to Hiking Only. Closed to Fishing, Hunting and Trapping","TRANS_TYPE":1}},{"type":"Feature","geometry":{"type":"Polygon","coordinates":[[[-90.7485,45.6301],[-90.751,45.6298],[-90.7498,45.6296],[-90.7485,45.6301]]]},"properties":{"PROP_NAME":"FLAMBEAU RIVER STATE FOREST","ACRES":0.53,"PUBLIC_ACCESS":"Open to Hiking Only. Closed to Fishing, Hunting and Trapping","TRANS_TYPE":1}},{"type":"Feature","geometry":{"type":"Polygon","coordinates":[[[-92.8584,45.6308],[-92.8592,45.6306],[-92.8595,45.6297],[-92.8584,45.6308]]]},"properties":{"PROP_NAME":"GOVERNOR KNOWLES STATE FOREST","ACRES":0.23,"PUBLIC_ACCESS":"Open to Hiking Only. Closed to Fishing, Hunting and Trapping","TRANS_TYPE":1}},{"type":"Feature","geometry":{"type":"MultiPolygon","coordinates":[[[[-89.2385,46.1081],[-89.2427,46.1087],[-89.2427,46.1065],[-89.2385,46.1081]]],[[[-89.2379,46.1077],[-89.2375,46.1087],[-89.2427,46.106],[-89.2379,46.1077]]]]},"properties":{"PROP_NAME":"SCATTERED FOREST LAND - NW","ACRES":21.68,"PUBLIC_ACCESS":"Open to Hiking and Fishing Only. Closed to Hunting and Trapping","TRANS_TYPE":1}},{"type":"Feature","geometry":{"type":"MultiPolygon","coordinates":[[[[-89.7078,45.6369],[-89.7125,45.6351],[-89.7143,45.6359],[-89.7125,45.635],[-89.7078,45.6369]]],[[[-89.7374,45.614],[-89.7367,45.6159],[-89.7382,45.6177],[-89.7374,45.614]]],[[[-89.7052,45.6287],[-89.7062,45.6288],[-89.7063,45.6287],[-89.7052,45.6287]]],[[[-89.7041,45.6288],[-89.7048,45.6287],[-89.7041,45.6287],[-89.7041,45.6288]]]]},"properties":{"PROP_NAME":"BEARSKIN STATE TRAIL","ACRES":4.68,"PUBLIC_ACCESS":"Open to Hiking Only. Closed to Fishing, Hunting and Trapping","TRANS_TYPE":1}},{"type":"Feature","geometry":{"type":"Polygon","coordinates":[[[-89.8407,43.0355],[-89.8407,43.039],[-89.8431,43.039],[-89.8432,43.0355],[-89.8407,43.0355]]]},"properties":{"PROP_NAME":"BLUE MOUND STATE PARK","ACRES":19.72,"PUBLIC_ACCESS":"Open to Hiking and Fishing Only. Closed to Hunting and Trapping","TRANS_TYPE":1}},{"type":"Feature","geometry":{"type":"Polygon","coordinates":[[[-88.2404,45.3267],[-88.2403,45.3303],[-88.2455,45.3303],[-88.2455,45.3267],[-88.2404,45.3267]]]},"properties":{"PROP_NAME":"GOVERNOR THOMPSON STATE PARK","ACRES":39.27,"PUBLIC_ACCESS":"Open to Hiking, Fishing and Hunting. Closed to Trapping","TRANS_TYPE":1}},{"type":"Feature","geometry":{"type":"MultiPolygon","coordinates":[[[[-91.1882,45.976],[-91.1881,45.9762],[-91.1882,45.9762],[-91.1882,45.976]]],[[[-91.1882,45.9752],[-91.1882,45.9753],[-91.1882,45.9751],[-91.1882,45.9752]]]]},"properties":{"PROP_NAME":"CHIPPEWA FLOWAGE","ACRES":0.05,"PUBLIC_ACCESS":"Open to Hiking Only. Closed to Fishing, Hunting and Trapping","TRANS_TYPE":1}},{"type":"Feature","geometry":{"type":"MultiPolygon","coordinates":[[[[-87.7215,43.9325],[-87.7201,43.9325],[-87.7155,43.9441],[-87.7174,43.9454],[-87.7149,43.9471],[-87.7216,43.9471],[-87.7215,43.9325]]],[[[-87.7215,43.9325],[-87.7218,43.9307],[-87.7206,43.9307],[-87.7201,43.9325],[-87.7215,43.9325]]]]},"properties":{"PROP_NAME":"FISCHER CREEK RECREATION AREA","ACRES":119.71000000000001,"PUBLIC_ACCESS":"Open to Hiking and Fishing Only. Closed to Hunting and Trapping","TRANS_TYPE":1}},{"type":"Feature","geometry":{"type":"MultiPolygon","coordinates":[[[[-90.0724,43.032],[-90.073,43.0321],[-90.073,43.0307],[-90.0724,43.032]]],[[[-90.0727,43.0328],[-90.073,43.0328],[-90.073,43.0323],[-90.0727,43.0328]]]]},"properties":{"PROP_NAME":"GOVERNOR DODGE STATE PARK","ACRES":1.2,"PUBLIC_ACCESS":"Open to Hiking, Fishing and Hunting. Closed to Trapping","TRANS_TYPE":1}},{"type":"Feature","geometry":{"type":"Polygon","coordinates":[[[-89.2241,44.3344],[-89.2241,44.3394],[-89.2249,44.338],[-89.2292,44.338],[-89.2292,44.3344],[-89.2241,44.3344]]]},"properties":{"PROP_NAME":"HARTMAN CREEK STATE PARK","ACRES":42.33,"PUBLIC_ACCESS":"Open to Hiking, Fishing and Hunting. Closed to Trapping","TRANS_TYPE":1}},{"type":"Feature","geometry":{"type":"Polygon","coordinates":[[[-91.7633,44.9437],[-91.7631,44.9509],[-91.7767,44.9511],[-91.7767,44.9439],[-91.7728,44.9439],[-91.7728,44.9404],[-91.7636,44.9398],[-91.7633,44.9437]]]},"properties":{"PROP_NAME":"HOFFMAN HILLS RECREATION AREA","ACRES":287.69,"PUBLIC_ACCESS":"Open to Hiking and Fishing Only. Closed to Hunting and Trapping","TRANS_TYPE":1}},{"type":"Feature","geometry":{"type":"Polygon","coordinates":[[[-91.4333,45.2416],[-91.439,45.2422],[-91.439,45.2335],[-91.4315,45.2357],[-91.4301,45.2389],[-91.4333,45.2416]]]},"properties":{"PROP_NAME":"STATE ICE AGE TRAIL AREA","ACRES":126.38000000000001,"PUBLIC_ACCESS":"Open to Hiking Only. Closed to Fishing, Hunting and Trapping","TRANS_TYPE":1}},{"type":"Feature","geometry":{"type":"Polygon","coordinates":[[[-88.1809,43.6169],[-88.1813,43.6164],[-88.1809,43.6169],[-88.1809,43.6169]]]},"properties":{"PROP_NAME":"KETTLE MORAINE STATE FOREST-NORTHERN UNIT-IANSR","ACRES":0.07,"PUBLIC_ACCESS":"Open to Hiking Only. Closed to Fishing, Hunting and Trapping","TRANS_TYPE":1}},{"type":"Feature","geometry":{"type":"Polygon","coordinates":[[[-89.7062,44.9269],[-89.7062,44.9304],[-89.7078,44.9304],[-89.7078,44.9269],[-89.7062,44.9269]]]},"properties":{"PROP_NAME":"RIB MOUNTAIN STATE PARK","ACRES":11.870000000000001,"PUBLIC_ACCESS":"Open to Hiking, Fishing and Hunting. Closed to Trapping","TRANS_TYPE":1}},{"type":"Feature","geometry":{"type":"MultiPolygon","coordinates":[[[[-87.7355,43.9679],[-87.7324,43.9794],[-87.7465,43.9215],[-87.7463,43.8923],[-87.7462,43.9215],[-87.7355,43.9679]]],[[[-87.7323,43.9794],[-87.7287,43.9892],[-87.7327,43.9794],[-87.7323,43.9794]]]]},"properties":{"PROP_NAME":"DEVILS RIVER STATE TRAIL","ACRES":69.12,"PUBLIC_ACCESS":"Open to Hiking and Fishing Only. Closed to Hunting and Trapping","TRANS_TYPE":1}},{"type":"Feature","geometry":{"type":"Polygon","coordinates":[[[-90.5585,43.6895],[-90.5622,43.693],[-90.5621,43.6874],[-90.5571,43.6874],[-90.5572,43.6898],[-90.5585,43.6895]]]},"properties":{"PROP_NAME":"WILDCAT MOUNTAIN STATE PARK","ACRES":39.77,"PUBLIC_ACCESS":"Open to Hiking, Fishing and Hunting. Closed to Trapping","TRANS_TYPE":1}},{"type":"Feature","geometry":{"type":"Polygon","coordinates":[[[-90.9786,44.2485],[-90.9777,44.2483],[-90.9775,44.2494],[-90.9786,44.2485]]]},"properties":{"PROP_NAME":"ALBION REARING STATION","ACRES":0.67,"PUBLIC_ACCESS":"Open to Hiking Only. Closed to Fishing, Hunting and Trapping","TRANS_TYPE":2}},{"type":"Feature","geometry":{"type":"Polygon","coordinates":[[[-90.6639,46.07],[-90.6639,46.066],[-90.666,46.065],[-90.6637,46.0658],[-90.6639,46.07]]]},"properties":{"PROP_NAME":"BAY SPRINGS FISHERY AREA","ACRES":3.66,"PUBLIC_ACCESS":"Open to Hiking and Fishing Only. Closed to Hunting and Trapping","TRANS_TYPE":2}},{"type":"Feature","geometry":{"type":"MultiPolygon","coordinates":[[[[-91.6343,45.895],[-91.6422,45.8939],[-91.6401,45.8938],[-91.6419,45.8913],[-91.6381,45.8879],[-91.6414,45.8917],[-91.6398,45.8941],[-91.632,45.8935],[-91.6373,45.8941],[-91.632,45.8948],[-91.6343,45.895]],[[-91.6963,45.9023],[-91.6968,45.9029],[-91.6932,45.9002],[-91.6963,45.9023]]],[[[-91.6707,45.9046],[-91.6724,45.9039],[-91.6706,45.9043],[-91.6683,45.9002],[-91.6707,45.9046]]],[[[-91.6704,45.905],[-91.6714,45.9051],[-91.6675,45.9002],[-91.6704,45.905]]],[[[-91.6743,45.9054],[-91.6765,45.9043],[-91.6747,45.9054],[-91.6739,45.9039],[-91.6743,45.9054]]],[[[-91.7072,45.9101],[-91.7067,45.9107],[-91.7073,45.9103],[-91.7072,45.9101]]],[[[-91.7053,45.9107],[-91.7065,45.9107],[-91.7073,45.9097],[-91.7053,45.9107]]],[[[-91.7037,45.9099],[-91.705,45.9107],[-91.7021,45.9086],[-91.697,45.909],[-91.7037,45.9099]]],[[[-91.7034,45.9102],[-91.702,45.9089],[-91.697,45.9096],[-91.7034,45.9102]]],[[[-91.7285,45.9204],[-91.7283,45.9206],[-91.7285,45.9208],[-91.7285,45.9204]]],[[[-91.7284,45.9197],[-91.7279,45.9205],[-91.7285,45.921],[-91.7284,45.9197]]],[[[-91.5496,45.9372],[-91.5521,45.9373],[-91.5493,45.9365],[-91.5503,45.9337],[-91.5483,45.9288],[-91.5472,45.9287],[-91.5487,45.9314],[-91.5432,45.9287],[-91.5493,45.9328],[-91.5496,45.9372]]]]},"properties":{"PROP_NAME":"BEAN BROOK FISHERY AREA","ACRES":57.94,"PUBLIC_ACCESS":"Open to Hiking and Fishing Only. Closed to Hunting and Trapping","TRANS_TYPE":2}},{"type":"Feature","geometry":{"type":"MultiPolygon","coordinates":[[[[-90.1777,43.3581],[-90.1775,43.3554],[-90.1812,43.351],[-90.1795,43.3474],[-90.1804,43.3456],[-90.1782,43.3427],[-90.1796,43.3403],[-90.1772,43.3337],[-90.1793,43.3403],[-90.1776,43.344],[-90.1797,43.3455],[-90.1805,43.3507],[-90.1771,43.3551],[-90.1777,43.3581]]],[[[-90.1626,43.3123],[-90.1674,43.3144],[-90.1674,43.3127],[-90.1626,43.3123]]],[[[-90.1768,43.3321],[-90.1782,43.3305],[-90.1755,43.3273],[-90.1747,43.3299],[-90.1756,43.3276],[-90.1779,43.3305],[-90.1768,43.3321]]]]},"properties":{"PROP_NAME":"BEAR CREEK FISHERY AREA","ACRES":53.67,"PUBLIC_ACCESS":"Open to Hiking and Fishing Only. Closed to Hunting and Trapping","TRANS_TYPE":2}},{"type":"Feature","geometry":{"type":"MultiPolygon","coordinates":[[[[-90.1804,43.3456],[-90.1804,43.3456],[-90.1819,43.3456],[-90.1804,43.3456]]],[[[-90.1809,43.3518],[-90.1808,43.3519],[-90.1823,43.3519],[-90.1809,43.3518]]]]},"properties":{"PROP_NAME":"BEAR CREEK FISHERY AREA","ACRES":0.35000000000000003,"PUBLIC_ACCESS":"Open to Hiking Only. Closed to Fishing, Hunting and Trapping","TRANS_TYPE":2}},{"type":"Feature","geometry":{"type":"MultiPolygon","coordinates":[[[[-91.3679,46.2378],[-91.3734,46.243],[-91.3667,46.2362],[-91.3511,46.2321],[-91.3497,46.227],[-91.3455,46.2247],[-91.3384,46.2167],[-91.3452,46.2248],[-91.3495,46.2271],[-91.3488,46.2292],[-91.3507,46.2324],[-91.3563,46.2337],[-91.3547,46.2354],[-91.3506,46.2349],[-91.3507,46.2362],[-91.3557,46.2362],[-91.3565,46.234],[-91.3679,46.2378]]],[[[-91.3244,46.1909],[-91.326,46.191],[-91.329,46.1867],[-91.3276,46.1821],[-91.3285,46.1866],[-91.3256,46.1907],[-91.3224,46.1905],[-91.3244,46.1909]],[[-91.3262,46.201],[-91.3278,46.2036],[-91.3243,46.2],[-91.3262,46.201]]],[[[-91.3279,46.2072],[-91.3282,46.2072],[-91.3279,46.2069],[-91.3279,46.2072]]],[[[-91.3279,46.2083],[-91.3298,46.2107],[-91.331,46.2108],[-91.3279,46.2083]]]]},"properties":{"PROP_NAME":"BIG BROOK FISHERY AREA","ACRES":70.61,"PUBLIC_ACCESS":"Open to Hiking and Fishing Only. Closed to Hunting and Trapping","TRANS_TYPE":2}},{"type":"Feature","geometry":{"type":"Polygon","coordinates":[[[-90.8797,44.1122],[-90.8819,44.1117],[-90.8723,44.1113],[-90.8797,44.1122]]]},"properties":{"PROP_NAME":"BIG CREEK FISHERY AREA","ACRES":4.17,"PUBLIC_ACCESS":"Open to Hiking Only. Closed to Fishing, Hunting and Trapping","TRANS_TYPE":2}},{"type":"Feature","geometry":{"type":"MultiPolygon","coordinates":[[[[-89.6846,43.0922],[-89.6826,43.0937],[-89.6903,43.0867],[-89.6875,43.0879],[-89.6849,43.0922],[-89.6821,43.0901],[-89.6846,43.0922]]],[[[-89.6457,43.111],[-89.6462,43.1118],[-89.6469,43.1116],[-89.6457,43.111]]],[[[-89.6601,43.113],[-89.6583,43.1136],[-89.6604,43.1131],[-89.6601,43.113]]],[[[-89.6647,43.1182],[-89.6701,43.1156],[-89.6648,43.1181],[-89.664,43.1153],[-89.6631,43.1159],[-89.6647,43.1182]]],[[[-89.7079,43.1256],[-89.7098,43.1247],[-89.7065,43.125],[-89.6998,43.1222],[-89.7079,43.1256]]],[[[-89.7166,43.1262],[-89.7192,43.1295],[-89.7193,43.1281],[-89.7166,43.1262]],[[-89.7196,43.1279],[-89.7207,43.1298],[-89.7173,43.1261],[-89.7196,43.1279]]],[[[-89.7359,43.1354],[-89.7394,43.1338],[-89.7344,43.1344],[-89.7364,43.1344],[-89.7359,43.1354]]],[[[-89.7487,43.1443],[-89.7474,43.1447],[-89.747,43.1452],[-89.7487,43.1443]]]]},"properties":{"PROP_NAME":"BLACK EARTH CREEK FISHERY AREA","ACRES":29.67,"PUBLIC_ACCESS":"Open to Hiking and Fishing Only. Closed to Hunting and Trapping","TRANS_TYPE":2}},{"type":"Feature","geometry":{"type":"MultiPolygon","coordinates":[[[[-89.6301,43.0996],[-89.6302,43.0996],[-89.6302,43.0986],[-89.6301,43.0996]]],[[[-89.6348,43.0975],[-89.6349,43.0972],[-89.6348,43.0972],[-89.6348,43.0975]]],[[[-89.6798,43.1027],[-89.6799,43.1021],[-89.6798,43.1021],[-89.6798,43.1027]]]]},"properties":{"PROP_NAME":"BLACK EARTH CREEK FISHERY AREA","ACRES":0.44,"PUBLIC_ACCESS":"Open to Hiking Only. Closed to Fishing, Hunting and Trapping","TRANS_TYPE":2}},{"type":"Feature","geometry":{"type":"Polygon","coordinates":[[[-90.3318,45.2351],[-90.3284,45.2308],[-90.3318,45.2281],[-90.3337,45.229],[-90.3338,45.2271],[-90.3305,45.2276],[-90.3275,45.2317],[-90.3318,45.2351]]]},"properties":{"PROP_NAME":"BLACK RIVER PUBLIC ACCESS","ACRES":25.78,"PUBLIC_ACCESS":"Open to Hiking and Fishing Only. Closed to Hunting and Trapping","TRANS_TYPE":2}},{"type":"Feature","geometry":{"type":"Polygon","coordinates":[[[-88.8434,46.0288],[-88.8433,46.0323],[-88.8451,46.0329],[-88.8434,46.0323],[-88.8437,46.0248],[-88.8434,46.0288]]]},"properties":{"PROP_NAME":"BRULE RIVER PUBLIC ACCESS","ACRES":2.44,"PUBLIC_ACCESS":"Open to Hiking Only. Closed to Fishing, Hunting and Trapping","TRANS_TYPE":2}},{"type":"Feature","geometry":{"type":"MultiPolygon","coordinates":[[[[-91.089,44.5848],[-91.0898,44.5841],[-91.0704,44.582],[-91.079,44.5844],[-91.089,44.5848]]],[[[-91.1215,44.5281],[-91.1251,44.5305],[-91.1246,44.5292],[-91.1215,44.5281]]],[[[-91.0212,44.5341],[-91.0239,44.5337],[-91.0137,44.5318],[-91.0212,44.5341]],[[-91.0926,44.5349],[-91.101,44.5389],[-91.0898,44.5337],[-91.0926,44.5349]]],[[[-91.1124,44.5389],[-91.125,44.5368],[-91.1152,44.5376],[-91.1124,44.5389]]],[[[-91.1688,44.5421],[-91.174,44.5353],[-91.1741,44.53],[-91.1762,44.5301],[-91.1762,44.5288],[-91.174,44.5295],[-91.1731,44.528],[-91.1734,44.5351],[-91.1688,44.5421]]],[[[-91.0645,44.5784],[-91.0598,44.5719],[-91.0593,44.575],[-91.0502,44.5713],[-91.0621,44.5756],[-91.0645,44.5784]]],[[[-91.0694,44.582],[-91.0699,44.582],[-91.0693,44.582],[-91.0694,44.582]]],[[[-91.044,44.5831],[-91.0496,44.5823],[-91.0446,44.5823],[-91.044,44.5831]]],[[[-91.0508,44.5832],[-91.0512,44.5828],[-91.0501,44.5825],[-91.0508,44.5832]]],[[[-91.0545,44.5833],[-91.0693,44.582],[-91.0561,44.5821],[-91.0545,44.5833]]],[[[-91.1091,44.5862],[-91.1098,44.5857],[-91.1048,44.5855],[-91.1091,44.5862]]]]},"properties":{"PROP_NAME":"BUFFALO RIVER FISHERY AREA","ACRES":154.44,"PUBLIC_ACCESS":"Open to Hiking and Fishing Only. Closed to Hunting and Trapping","TRANS_TYPE":2}},{"type":"Feature","geometry":{"type":"MultiPolygon","coordinates":[[[[-91.2171,46.1925],[-91.2184,46.1929],[-91.2149,46.1887],[-91.2084,46.1862],[-91.2151,46.1895],[-91.2171,46.1925]]],[[[-91.2318,46.1964],[-91.2327,46.1966],[-91.2285,46.1948],[-91.2318,46.1964]]]]},"properties":{"PROP_NAME":"CAPS CREEK FISHERY AREA","ACRES":18.990000000000002,"PUBLIC_ACCESS":"Open to Hiking and Fishing Only. Closed to Hunting and Trapping","TRANS_TYPE":2}},{"type":"Feature","geometry":{"type":"MultiPolygon","coordinates":[[[[-89.4513,43.9087],[-89.4526,43.9063],[-89.4516,43.9014],[-89.4504,43.9014],[-89.4513,43.9087]]],[[[-89.453,43.9095],[-89.4532,43.9098],[-89.4532,43.9095],[-89.453,43.9095]]],[[[-89.4976,43.9238],[-89.4996,43.9267],[-89.4984,43.9237],[-89.5027,43.923],[-89.4984,43.9236],[-89.4974,43.9223],[-89.4976,43.9238]]]]},"properties":{"PROP_NAME":"CAVES CREEK FISHERY AREA","ACRES":28.21,"PUBLIC_ACCESS":"Open to Hiking and Fishing Only. Closed to Hunting and Trapping","TRANS_TYPE":2}},{"type":"Feature","geometry":{"type":"Polygon","coordinates":[[[-89.4925,43.9178],[-89.493,43.9178],[-89.493,43.9176],[-89.4925,43.9178]]]},"properties":{"PROP_NAME":"CAVES CREEK FISHERY AREA","ACRES":0.22,"PUBLIC_ACCESS":"Open to Hiking Only. Closed to Fishing, Hunting and Trapping","TRANS_TYPE":2}},{"type":"Feature","geometry":{"type":"MultiPolygon","coordinates":[[[[-92.0327,45.7061],[-92.0356,45.7084],[-92.0334,45.7048],[-92.0315,45.7048],[-92.0327,45.7061]]],[[[-92.0382,45.7084],[-92.0404,45.7065],[-92.0418,45.7077],[-92.0415,45.7064],[-92.0361,45.7084],[-92.0382,45.7084]]]]},"properties":{"PROP_NAME":"CLAM RIVER FISHERY AREA","ACRES":15.23,"PUBLIC_ACCESS":"Open to Hiking and Fishing Only. Closed to Hunting and Trapping","TRANS_TYPE":2}},{"type":"Feature","geometry":{"type":"MultiPolygon","coordinates":[[[[-92.14,45.7546],[-92.1401,45.7546],[-92.14,45.7511],[-92.14,45.7546]]],[[[-92.1928,45.7423],[-92.1943,45.7444],[-92.1932,45.7467],[-92.1944,45.7444],[-92.1928,45.7423]]]]},"properties":{"PROP_NAME":"CLAM RIVER FISHERY AREA","ACRES":1.57,"PUBLIC_ACCESS":"Open to Hiking Only. Closed to Fishing, Hunting and Trapping","TRANS_TYPE":2}},{"type":"Feature","geometry":{"type":"MultiPolygon","coordinates":[[[[-91.0931,43.6535],[-91.0923,43.6554],[-91.0935,43.6535],[-91.0965,43.6538],[-91.0931,43.6535]]],[[[-91.0829,43.6625],[-91.0895,43.658],[-91.0805,43.6629],[-91.0776,43.6609],[-91.0786,43.656],[-91.0807,43.6553],[-91.0781,43.6552],[-91.077,43.6616],[-91.0711,43.6621],[-91.0692,43.6671],[-91.0657,43.6685],[-91.0671,43.6697],[-91.0689,43.6681],[-91.0727,43.6617],[-91.0747,43.6628],[-91.0789,43.6617],[-91.0796,43.6634],[-91.0829,43.6625]],[[-91.0843,43.6613],[-91.0843,43.6613],[-91.0842,43.6613],[-91.0843,43.6613]],[[-91.0797,43.6624],[-91.0797,43.6624],[-91.0797,43.6624],[-91.0797,43.6624]],[[-91.0747,43.6626],[-91.0744,43.6624],[-91.0753,43.6624],[-91.0747,43.6626]]],[[[-91.0521,43.6775],[-91.0548,43.6761],[-91.0524,43.6775],[-91.0498,43.6765],[-91.0521,43.6775]]],[[[-90.9241,43.6818],[-90.9253,43.6819],[-90.9206,43.6804],[-90.9204,43.6785],[-90.9204,43.6805],[-90.9241,43.6818]]],[[[-90.9302,43.682],[-90.9301,43.682],[-90.9302,43.6821],[-90.9302,43.682]]],[[[-90.9268,43.6822],[-90.9287,43.682],[-90.9264,43.682],[-90.9268,43.6822]]],[[[-90.8508,43.6827],[-90.8524,43.6848],[-90.8518,43.6826],[-90.8508,43.6827]]],[[[-90.9338,43.6857],[-90.9348,43.6883],[-90.9374,43.6897],[-90.9376,43.6921],[-90.9376,43.6897],[-90.9338,43.6857]]],[[[-91.0426,43.6914],[-91.0446,43.6883],[-91.0433,43.685],[-91.0443,43.6842],[-91.0428,43.6849],[-91.0441,43.6883],[-91.0426,43.6914]]],[[[-90.8583,43.6923],[-90.8556,43.6935],[-90.859,43.6923],[-90.8603,43.6934],[-90.8579,43.6898],[-90.8583,43.6923]]],[[[-91.0398,43.6944],[-91.0387,43.6951],[-91.04,43.6947],[-91.0398,43.6944]]],[[[-90.9445,43.7],[-90.9452,43.6992],[-90.9417,43.6965],[-90.9445,43.7]],[[-90.9452,43.6995],[-90.9453,43.6996],[-90.9452,43.6996],[-90.9452,43.6995]]],[[[-90.9462,43.7],[-90.9449,43.7003],[-90.9502,43.6997],[-90.9462,43.7]]],[[[-91.0231,43.7],[-91.02,43.7022],[-91.0199,43.7045],[-91.0239,43.6987],[-91.0288,43.6989],[-91.0353,43.694],[-91.0371,43.6951],[-91.0352,43.6937],[-91.0286,43.6985],[-91.023,43.6969],[-91.0222,43.6986],[-91.02,43.6986],[-91.0233,43.6987],[-91.0231,43.7]]],[[[-91.0006,43.7071],[-91.0033,43.7066],[-91.0033,43.7054],[-91.0099,43.7052],[-91.0116,43.7072],[-91.0149,43.7061],[-91.0116,43.7068],[-91.0102,43.705],[-91.0049,43.7053],[-91.0005,43.6999],[-90.995,43.6969],[-91.0039,43.7041],[-91.0031,43.7063],[-91.0006,43.7071]],[[-91.0045,43.7054],[-91.0042,43.7053],[-91.0047,43.7054],[-91.0045,43.7054]],[[-91.0018,43.7025],[-91.0018,43.7025],[-91.0018,43.7025],[-91.0018,43.7025]]],[[[-90.9999,43.7085],[-90.9999,43.7098],[-91.0001,43.7098],[-90.9999,43.7085]]],[[[-90.9949,43.7122],[-90.9899,43.7118],[-90.9878,43.7098],[-90.9814,43.7102],[-90.9762,43.7078],[-90.9695,43.7075],[-90.9614,43.7033],[-90.9694,43.7079],[-90.9949,43.7122]]],[[[-91.0004,43.7105],[-91.0016,43.7134],[-91.0013,43.7104],[-91.0004,43.7105]],[[-90.9988,43.717],[-90.998,43.717],[-90.9991,43.717],[-90.9988,43.717]]],[[[-90.997,43.717],[-90.9966,43.7178],[-90.9974,43.7174],[-90.997,43.717]]],[[[-90.9863,43.7288],[-90.9877,43.7288],[-90.9842,43.7238],[-90.9825,43.7173],[-90.9847,43.7159],[-90.9831,43.7158],[-90.9829,43.7177],[-90.9778,43.7205],[-90.9766,43.7241],[-90.9749,43.7247],[-90.977,43.7243],[-90.9772,43.7214],[-90.9833,43.7179],[-90.984,43.7238],[-90.9857,43.7252],[-90.984,43.7252],[-90.9858,43.7254],[-90.9874,43.7288],[-90.9863,43.7288]]],[[[-90.8385,43.73],[-90.8407,43.7313],[-90.8406,43.7291],[-90.8357,43.7292],[-90.8385,43.73]],[[-90.975,43.7304],[-90.9758,43.7313],[-90.9734,43.7288],[-90.975,43.7304]]],[[[-90.8455,43.7355],[-90.8441,43.7327],[-90.8439,43.7346],[-90.8455,43.7355]]],[[[-90.8624,43.7382],[-90.8627,43.7382],[-90.8626,43.738],[-90.8624,43.7382]]],[[[-90.9268,43.7351],[-90.9259,43.7392],[-90.9274,43.7339],[-90.9306,43.7321],[-90.9306,43.7264],[-90.9326,43.7253],[-90.9456,43.7258],[-90.9476,43.7236],[-90.9604,43.7228],[-90.9606,43.724],[-90.9606,43.7228],[-90.9631,43.7231],[-90.9673,43.7201],[-90.9719,43.7207],[-90.9672,43.7197],[-90.9624,43.723],[-90.9495,43.7229],[-90.9454,43.7254],[-90.9365,43.7242],[-90.9341,43.7256],[-90.9305,43.7239],[-90.9284,43.7254],[-90.9194,43.7228],[-90.9158,43.7243],[-90.907,43.7242],[-90.8997,43.7208],[-90.894,43.716],[-90.8878,43.7161],[-90.884,43.7111],[-90.8762,43.7095],[-90.8741,43.7069],[-90.8695,43.706],[-90.8698,43.7029],[-90.8624,43.6995],[-90.8608,43.6935],[-90.8619,43.6996],[-90.8695,43.7031],[-90.8691,43.7063],[-90.8738,43.7072],[-90.876,43.7098],[-90.8837,43.7114],[-90.8874,43.7163],[-90.8937,43.7163],[-90.9065,43.7244],[-90.9002,43.7276],[-90.8998,43.7305],[-90.8956,43.7316],[-90.8926,43.7306],[-90.8883,43.7328],[-90.8934,43.731],[-90.8955,43.733],[-90.9011,43.7303],[-90.9021,43.7291],[-90.9001,43.7284],[-90.9039,43.7255],[-90.9194,43.7231],[-90.9243,43.7253],[-90.9288,43.7258],[-90.9305,43.7243],[-90.9319,43.7253],[-90.9291,43.7272],[-90.9303,43.732],[-90.9261,43.7352],[-90.9208,43.736],[-90.9268,43.7351]]],[[[-90.8483,43.7364],[-90.8517,43.7399],[-90.8502,43.7372],[-90.8483,43.7364]]],[[[-90.8585,43.7383],[-90.8545,43.7399],[-90.8625,43.738],[-90.8585,43.7383]]],[[[-90.8705,43.7403],[-90.8706,43.7411],[-90.8706,43.7399],[-90.8705,43.7403]]],[[[-90.8425,43.7499],[-90.8457,43.7487],[-90.8358,43.7497],[-90.8425,43.7499]]],[[[-90.9409,43.7653],[-90.9434,43.7654],[-90.9447,43.7636],[-90.9409,43.7653]]],[[[-90.948,43.7653],[-90.9506,43.7654],[-90.9521,43.7637],[-90.9543,43.7591],[-90.9547,43.752],[-90.9605,43.7498],[-90.9631,43.7506],[-90.9606,43.7497],[-90.9656,43.7421],[-90.9661,43.7318],[-90.9707,43.7267],[-90.9656,43.7317],[-90.9666,43.7326],[-90.9638,43.7445],[-90.9613,43.7454],[-90.9558,43.7435],[-90.963,43.7449],[-90.9629,43.7462],[-90.9595,43.7505],[-90.9543,43.7518],[-90.9538,43.7591],[-90.9511,43.7645],[-90.9456,43.7643],[-90.948,43.7653]]],[[[-90.9407,43.7683],[-90.9407,43.7685],[-90.9409,43.7683],[-90.9407,43.7683]]],[[[-90.9214,43.767],[-90.921,43.7722],[-90.9219,43.7668],[-90.9331,43.7639],[-90.933,43.7622],[-90.936,43.7598],[-90.9406,43.7615],[-90.936,43.7594],[-90.9341,43.7614],[-90.9307,43.7594],[-90.9335,43.7616],[-90.9307,43.7646],[-90.9205,43.7672],[-90.9201,43.7661],[-90.9159,43.7667],[-90.9214,43.767]]]]},"properties":{"PROP_NAME":"COON CREEK FISHERY AREA","ACRES":514.37,"PUBLIC_ACCESS":"Open to Hiking and Fishing Only. Closed to Hunting and Trapping","TRANS_TYPE":2}},{"type":"Feature","geometry":{"type":"MultiPolygon","coordinates":[[[[-90.9475,43.7655],[-90.9488,43.7659],[-90.9482,43.7653],[-90.9475,43.7655]]],[[[-91.0701,43.6661],[-91.072,43.666],[-91.0701,43.666],[-91.0701,43.6661]]],[[[-90.9293,43.6817],[-90.9281,43.682],[-90.9302,43.682],[-90.9293,43.6817]]],[[[-90.926,43.6819],[-90.9268,43.682],[-90.9253,43.6817],[-90.926,43.6819]]],[[[-90.8499,43.7399],[-90.8506,43.7399],[-90.8506,43.7389],[-90.8499,43.7399]]],[[[-90.8553,43.7399],[-90.8552,43.7399],[-90.8563,43.7399],[-90.8553,43.7399]]],[[[-90.8696,43.74],[-90.8695,43.7408],[-90.8697,43.7397],[-90.8696,43.74]]],[[[-90.9466,43.7654],[-90.9471,43.7652],[-90.9456,43.7652],[-90.9466,43.7654]]],[[[-90.9506,43.7654],[-90.9493,43.7656],[-90.9493,43.7658],[-90.9506,43.7654]]]]},"properties":{"PROP_NAME":"COON CREEK FISHERY AREA","ACRES":4.48,"PUBLIC_ACCESS":"Open to Hiking Only. Closed to Fishing, Hunting and Trapping","TRANS_TYPE":2}},{"type":"Feature","geometry":{"type":"Polygon","coordinates":[[[-90.6407,46.3132],[-90.6428,46.3124],[-90.6376,46.3096],[-90.6407,46.3132]]]},"properties":{"PROP_NAME":"DEVILS CREEK FISHERY AREA-ASHLAND","ACRES":12.92,"PUBLIC_ACCESS":"Open to Hiking and Fishing Only. Closed to Hunting and Trapping","TRANS_TYPE":2}},{"type":"Feature","geometry":{"type":"MultiPolygon","coordinates":[[[[-91.3544,45.5047],[-91.3589,45.5022],[-91.3546,45.5043],[-91.3534,45.503],[-91.3481,45.5035],[-91.3464,45.5006],[-91.3492,45.4956],[-91.3447,45.4929],[-91.3398,45.4922],[-91.3395,45.4898],[-91.3426,45.4874],[-91.3379,45.4852],[-91.3384,45.4812],[-91.3369,45.4791],[-91.3374,45.4854],[-91.3421,45.4875],[-91.3389,45.4899],[-91.3394,45.4923],[-91.3485,45.4954],[-91.3459,45.5006],[-91.3478,45.5037],[-91.3533,45.5034],[-91.3544,45.5047]]],[[[-91.375,45.5072],[-91.376,45.51],[-91.374,45.5116],[-91.3764,45.5103],[-91.3762,45.5076],[-91.3725,45.5075],[-91.3669,45.5034],[-91.364,45.5031],[-91.3723,45.5079],[-91.375,45.5072]]]]},"properties":{"PROP_NAME":"DEVILS CREEK FISHERY AREA-RUSK","ACRES":69.07000000000001,"PUBLIC_ACCESS":"Open to Hiking and Fishing Only. Closed to Hunting and Trapping","TRANS_TYPE":2}},{"type":"Feature","geometry":{"type":"MultiPolygon","coordinates":[[[[-91.5092,45.1746],[-91.5112,45.1729],[-91.5096,45.169],[-91.5118,45.168],[-91.5072,45.165],[-91.5108,45.1534],[-91.5067,45.1585],[-91.5089,45.1571],[-91.5067,45.1652],[-91.5101,45.1682],[-91.5089,45.1694],[-91.5107,45.1728],[-91.5092,45.1746]]],[[[-91.5202,45.1386],[-91.5223,45.1403],[-91.5207,45.1385],[-91.5202,45.1386]]],[[[-91.5135,45.1457],[-91.5119,45.1473],[-91.5139,45.1457],[-91.5137,45.1434],[-91.5194,45.141],[-91.5169,45.1394],[-91.5155,45.1328],[-91.5122,45.1321],[-91.513,45.1301],[-91.5093,45.1282],[-91.5087,45.1267],[-91.5106,45.1259],[-91.5084,45.124],[-91.5101,45.1262],[-91.5082,45.1266],[-91.5088,45.1284],[-91.5124,45.1303],[-91.5119,45.1324],[-91.5151,45.133],[-91.517,45.1375],[-91.5164,45.1396],[-91.5189,45.141],[-91.5135,45.1431],[-91.5135,45.1457]]],[[[-91.5114,45.1541],[-91.5133,45.1536],[-91.5119,45.1475],[-91.5128,45.1536],[-91.5114,45.1541]]],[[[-91.504,45.1869],[-91.5037,45.1889],[-91.5063,45.1849],[-91.5056,45.1815],[-91.5089,45.1781],[-91.5066,45.1781],[-91.505,45.1815],[-91.5057,45.1847],[-91.504,45.1869]]],[[[-91.5067,45.1926],[-91.5085,45.1962],[-91.5076,45.1931],[-91.5067,45.1926]]],[[[-91.5097,45.2012],[-91.5112,45.2009],[-91.5095,45.1999],[-91.5097,45.2012]]]]},"properties":{"PROP_NAME":"DUNCAN CREEK FISHERY AREA","ACRES":119.92,"PUBLIC_ACCESS":"Open to Hiking and Fishing Only. Closed to Hunting and Trapping","TRANS_TYPE":2}},{"type":"Feature","geometry":{"type":"MultiPolygon","coordinates":[[[[-91.6504,44.8533],[-91.652,44.8501],[-91.6506,44.8503],[-91.6504,44.8533]]],[[[-91.6505,44.8553],[-91.6508,44.8549],[-91.6505,44.8546],[-91.6505,44.8553]]],[[[-91.635,44.8782],[-91.635,44.88],[-91.6357,44.88],[-91.635,44.8782]]],[[[-91.6322,44.8848],[-91.6336,44.8855],[-91.6334,44.8832],[-91.6354,44.8834],[-91.6357,44.8821],[-91.6329,44.8829],[-91.6322,44.8848]]],[[[-91.6161,44.9286],[-91.6187,44.9263],[-91.6196,44.9219],[-91.6161,44.9286]]],[[[-91.6296,44.929],[-91.6293,44.9271],[-91.627,44.9254],[-91.6296,44.929]]],[[[-91.6109,44.9328],[-91.6106,44.9356],[-91.6127,44.9327],[-91.6157,44.9325],[-91.6157,44.9292],[-91.6109,44.9328]]],[[[-91.6905,44.9373],[-91.6971,44.9352],[-91.6913,44.937],[-91.6865,44.9358],[-91.6905,44.9373]]],[[[-91.6453,44.9393],[-91.6462,44.9396],[-91.6411,44.9361],[-91.6453,44.9393]]],[[[-91.6845,44.9382],[-91.6864,44.9393],[-91.682,44.9368],[-91.683,44.9357],[-91.676,44.9378],[-91.6845,44.9382]],[[-91.6499,44.9397],[-91.6507,44.94],[-91.6478,44.9396],[-91.6499,44.9397]]],[[[-91.6608,44.9416],[-91.6734,44.9384],[-91.6665,44.9392],[-91.6608,44.9416]],[[-91.6658,44.9397],[-91.6658,44.9399],[-91.6658,44.9397],[-91.6658,44.9397]]],[[[-91.6238,44.9381],[-91.6255,44.9433],[-91.6247,44.938],[-91.6208,44.9363],[-91.6238,44.9381]]],[[[-91.6542,44.9419],[-91.6554,44.9431],[-91.6549,44.9416],[-91.6583,44.9423],[-91.6599,44.9407],[-91.6544,44.9407],[-91.6542,44.9419]]],[[[-91.5799,44.9474],[-91.59,44.9473],[-91.5967,44.9437],[-91.5881,44.9456],[-91.5875,44.9469],[-91.5799,44.9474]]],[[[-91.6619,44.9456],[-91.6658,44.9463],[-91.6608,44.9454],[-91.6619,44.9456]]],[[[-91.5598,44.9504],[-91.5609,44.9494],[-91.5596,44.9494],[-91.5598,44.9504]]],[[[-91.5584,44.955],[-91.5595,44.9553],[-91.5583,44.9531],[-91.5566,44.9531],[-91.5584,44.955]]],[[[-91.5548,44.9621],[-91.5584,44.962],[-91.5543,44.9605],[-91.5586,44.9585],[-91.5604,44.9566],[-91.5598,44.9555],[-91.5571,44.9551],[-91.5586,44.9559],[-91.5575,44.9586],[-91.5538,44.9602],[-91.5548,44.9621]]],[[[-91.5546,44.9716],[-91.5528,44.9728],[-91.5552,44.9717],[-91.5591,44.9659],[-91.5585,44.962],[-91.5566,44.9621],[-91.558,44.9622],[-91.5587,44.9658],[-91.5546,44.9716]]]]},"properties":{"PROP_NAME":"ELK CREEK FISHERY AREA","ACRES":223.54,"PUBLIC_ACCESS":"Open to Hiking and Fishing Only. Closed to Hunting and Trapping","TRANS_TYPE":2}},{"type":"Feature","geometry":{"type":"Polygon","coordinates":[[[-89.2007,44.3088],[-89.1995,44.3102],[-89.2006,44.3102],[-89.2007,44.3088]]]},"properties":{"PROP_NAME":"EMMONS CREEK FISHERY AREA","ACRES":1.69,"PUBLIC_ACCESS":"Open to Hiking and Fishing Only. Closed to Hunting and Trapping","TRANS_TYPE":2}},{"type":"Feature","geometry":{"type":"Polygon","coordinates":[[[-88.8068,45.1317],[-88.8073,45.1316],[-88.8066,45.1316],[-88.8068,45.1317]]]},"properties":{"PROP_NAME":"EVERGREEN RIVER FISHERY AREA","ACRES":0.13,"PUBLIC_ACCESS":"Open to Hiking Only. Closed to Fishing, Hunting and Trapping","TRANS_TYPE":2}},{"type":"Feature","geometry":{"type":"Polygon","coordinates":[[[-90.1928,46.4064],[-90.1928,46.4077],[-90.1934,46.4077],[-90.1928,46.4064]]]},"properties":{"PROP_NAME":"GILE FLOWAGE PUBLIC ACCESS","ACRES":1.44,"PUBLIC_ACCESS":"Open to Hiking Only. Closed to Fishing, Hunting and Trapping","TRANS_TYPE":2}},{"type":"Feature","geometry":{"type":"Polygon","coordinates":[[[-90.9713,44.5282],[-90.9787,44.535],[-90.9813,44.5355],[-90.9705,44.5266],[-90.9704,44.5249],[-90.9673,44.5246],[-90.9713,44.5282]]]},"properties":{"PROP_NAME":"HALLS (STOCKWELL) CREEK FISHERY AREA","ACRES":43.86,"PUBLIC_ACCESS":"Open to Hiking and Fishing Only. Closed to Hunting and Trapping","TRANS_TYPE":2}},{"type":"Feature","geometry":{"type":"MultiPolygon","coordinates":[[[[-91.5192,45.0429],[-91.5241,45.0405],[-91.5281,45.0423],[-91.5328,45.0392],[-91.5374,45.0422],[-91.5393,45.0416],[-91.5329,45.0388],[-91.5279,45.0416],[-91.5239,45.0393],[-91.5188,45.0418],[-91.5149,45.0382],[-91.5079,45.0366],[-91.4902,45.0398],[-91.4873,45.0383],[-91.49,45.0402],[-91.4945,45.039],[-91.4972,45.0419],[-91.4949,45.0391],[-91.4969,45.0381],[-91.5111,45.0374],[-91.5192,45.0429]]],[[[-91.4822,45.0367],[-91.4842,45.0356],[-91.4792,45.0347],[-91.4822,45.0367]]],[[[-91.5635,45.0355],[-91.5611,45.0379],[-91.5661,45.0355],[-91.5732,45.0346],[-91.5635,45.0355]]],[[[-91.5488,45.0453],[-91.5491,45.043],[-91.5599,45.0394],[-91.5507,45.0393],[-91.5495,45.0426],[-91.5476,45.0417],[-91.5488,45.0453]]],[[[-91.5495,45.0462],[-91.5485,45.0516],[-91.5469,45.0525],[-91.5492,45.0519],[-91.5495,45.0462]]]]},"properties":{"PROP_NAME":"HAY CREEK FISHERY AREA","ACRES":194.6,"PUBLIC_ACCESS":"Open to Hiking and Fishing Only. Closed to Hunting and Trapping","TRANS_TYPE":2}},{"type":"Feature","geometry":{"type":"Polygon","coordinates":[[[-89.5623,45.5656],[-89.5605,45.5685],[-89.5608,45.571],[-89.5623,45.5656]]]},"properties":{"PROP_NAME":"JENNIE CREEK FISHERY AREA","ACRES":1.33,"PUBLIC_ACCESS":"Open to Hiking and Fishing Only. Closed to Hunting and Trapping","TRANS_TYPE":2}},{"type":"Feature","geometry":{"type":"MultiPolygon","coordinates":[[[[-89.449,43.9465],[-89.4505,43.9464],[-89.4492,43.9418],[-89.4554,43.9406],[-89.449,43.9408],[-89.4465,43.9394],[-89.4464,43.9378],[-89.4443,43.9378],[-89.446,43.9407],[-89.4479,43.9407],[-89.449,43.9465]]],[[[-89.4215,43.9086],[-89.4272,43.9086],[-89.4233,43.9086],[-89.4204,43.906],[-89.4215,43.9086]]],[[[-89.4419,43.9269],[-89.4431,43.9242],[-89.441,43.9211],[-89.4419,43.9201],[-89.4353,43.9159],[-89.4414,43.9202],[-89.4405,43.9213],[-89.4429,43.9242],[-89.4419,43.9269]]]]},"properties":{"PROP_NAME":"JOHN A LAWTON FISHERY AREA","ACRES":62.26,"PUBLIC_ACCESS":"Open to Hiking and Fishing Only. Closed to Hunting and Trapping","TRANS_TYPE":2}},{"type":"Feature","geometry":{"type":"Polygon","coordinates":[[[-89.4631,43.9557],[-89.4632,43.9579],[-89.4656,43.9579],[-89.4656,43.9557],[-89.4631,43.9557]]]},"properties":{"PROP_NAME":"JOHN A LAWTON FISHERY AREA","ACRES":11.950000000000001,"PUBLIC_ACCESS":"Open to Hiking Only. Closed to Fishing, Hunting and Trapping","TRANS_TYPE":2}},{"type":"Feature","geometry":{"type":"MultiPolygon","coordinates":[[[[-92.6167,44.8815],[-92.6174,44.8826],[-92.6151,44.8793],[-92.6187,44.8771],[-92.6146,44.8791],[-92.6167,44.8815]]],[[[-92.6024,44.8911],[-92.6036,44.8898],[-92.6009,44.8898],[-92.6024,44.8911]]],[[[-92.5835,44.8971],[-92.58,44.8986],[-92.5862,44.8985],[-92.5848,44.8969],[-92.5878,44.8949],[-92.5885,44.8969],[-92.5885,44.8949],[-92.5835,44.8971]],[[-92.5748,44.8971],[-92.5786,44.8995],[-92.5759,44.8984],[-92.5758,44.8969],[-92.5734,44.8969],[-92.5748,44.8971]]],[[[-92.548,44.9084],[-92.553,44.9058],[-92.5492,44.9058],[-92.5509,44.9074],[-92.5491,44.9068],[-92.548,44.9084]],[[-92.5519,44.9068],[-92.5519,44.9068],[-92.5519,44.9068],[-92.5519,44.9068]]],[[[-92.5432,44.9103],[-92.5449,44.9082],[-92.5433,44.9085],[-92.5432,44.9103]]],[[[-92.5048,44.9198],[-92.5073,44.9212],[-92.5053,44.9197],[-92.5054,44.916],[-92.5,44.9149],[-92.4993,44.912],[-92.497,44.9114],[-92.499,44.9125],[-92.4996,44.9152],[-92.5044,44.9164],[-92.5049,44.9192],[-92.5027,44.9204],[-92.5048,44.9198]]],[[[-92.5222,44.9216],[-92.5278,44.9213],[-92.5278,44.9199],[-92.5237,44.9206],[-92.5197,44.9169],[-92.5202,44.9154],[-92.5162,44.9154],[-92.5142,44.9188],[-92.5169,44.9188],[-92.5187,44.9161],[-92.523,44.9205],[-92.5208,44.9206],[-92.5222,44.9216]]]]},"properties":{"PROP_NAME":"KINNICKINNIC RIVER FISHERY AREA","ACRES":133.57,"PUBLIC_ACCESS":"Open to Hiking and Fishing Only. Closed to Hunting and Trapping","TRANS_TYPE":2}},{"type":"Feature","geometry":{"type":"MultiPolygon","coordinates":[[[[-92.6046,44.8912],[-92.608,44.8911],[-92.6046,44.891],[-92.6046,44.8912]]],[[[-92.6218,44.8758],[-92.6223,44.8758],[-92.6222,44.8756],[-92.6218,44.8758]]],[[[-92.5063,44.9205],[-92.5073,44.9205],[-92.5073,44.9205],[-92.5063,44.9205]]]]},"properties":{"PROP_NAME":"KINNICKINNIC RIVER FISHERY AREA","ACRES":1.5,"PUBLIC_ACCESS":"Open to Hiking Only. Closed to Fishing, Hunting and Trapping","TRANS_TYPE":2}},{"type":"Feature","geometry":{"type":"Polygon","coordinates":[[[-90.6707,43.3531],[-90.6682,43.35],[-90.666,43.3535],[-90.6681,43.3519],[-90.6707,43.3531]]]},"properties":{"PROP_NAME":"KNAPP CREEK FISHERY AREA","ACRES":8.22,"PUBLIC_ACCESS":"Open to Hiking and Fishing Only. Closed to Hunting and Trapping","TRANS_TYPE":2}},{"type":"Feature","geometry":{"type":"MultiPolygon","coordinates":[[[[-90.9222,43.1331],[-90.9322,43.1312],[-90.9289,43.1305],[-90.9203,43.1325],[-90.9174,43.1302],[-90.9192,43.1327],[-90.9222,43.1331]]],[[[-90.7212,43.1801],[-90.7219,43.1792],[-90.7213,43.1791],[-90.7212,43.1801]]],[[[-90.9218,43.1801],[-90.9275,43.1781],[-90.9147,43.1798],[-90.9061,43.1762],[-90.9059,43.1779],[-90.903,43.1783],[-90.901,43.1717],[-90.8821,43.1745],[-90.8873,43.175],[-90.9008,43.1721],[-90.903,43.1786],[-90.9063,43.1782],[-90.906,43.1765],[-90.9102,43.1778],[-90.9115,43.1798],[-90.9218,43.1801]]],[[[-90.9226,43.1804],[-90.9267,43.1836],[-90.9243,43.1805],[-90.9226,43.1804]]],[[[-90.741,43.2003],[-90.7388,43.2025],[-90.7409,43.2025],[-90.7459,43.1916],[-90.741,43.2003]]],[[[-90.9413,43.2011],[-90.9424,43.2031],[-90.9402,43.2],[-90.9304,43.1961],[-90.928,43.1908],[-90.9297,43.1963],[-90.9413,43.2011]]],[[[-90.9599,43.2088],[-90.9596,43.2077],[-90.9571,43.2061],[-90.9599,43.2088]]],[[[-90.7456,43.216],[-90.7482,43.2171],[-90.7475,43.2163],[-90.7456,43.216]]],[[[-90.995,43.31],[-90.9978,43.31],[-90.994,43.3064],[-90.9956,43.308],[-90.995,43.31]],[[-90.9958,43.3079],[-90.996,43.308],[-90.9957,43.3085],[-90.9958,43.3079]]],[[[-90.9813,43.3208],[-90.9934,43.3178],[-90.9927,43.319],[-90.9968,43.3163],[-91.0055,43.314],[-91.002,43.3136],[-91.0037,43.3142],[-90.9842,43.3203],[-90.9814,43.3179],[-90.9761,43.3172],[-90.982,43.3187],[-90.9813,43.3208]]],[[[-91.0763,43.3517],[-91.0771,43.3496],[-91.0809,43.3486],[-91.0768,43.3493],[-91.0763,43.3517]]],[[[-91.0694,43.3543],[-91.0684,43.3563],[-91.0698,43.3578],[-91.0689,43.3563],[-91.07,43.3543],[-91.0754,43.3549],[-91.0791,43.3536],[-91.0762,43.3536],[-91.0759,43.3522],[-91.0756,43.3538],[-91.0694,43.3543]]],[[[-91.0489,43.3709],[-91.0509,43.3704],[-91.0504,43.3685],[-91.0547,43.3671],[-91.0571,43.3665],[-91.0585,43.3679],[-91.058,43.365],[-91.0638,43.3633],[-91.0658,43.3595],[-91.068,43.361],[-91.0698,43.3594],[-91.0679,43.3606],[-91.0655,43.3591],[-91.0635,43.3631],[-91.0501,43.3682],[-91.0504,43.3702],[-91.0462,43.3704],[-91.0489,43.3709]]],[[[-90.7469,43.3736],[-90.75,43.3754],[-90.7469,43.3733],[-90.7461,43.3682],[-90.7464,43.3732],[-90.7419,43.3738],[-90.7359,43.3718],[-90.7386,43.3743],[-90.7469,43.3736]]],[[[-91.0353,43.374],[-91.0406,43.3724],[-91.0413,43.3711],[-91.0353,43.374]]],[[[-90.7505,43.3761],[-90.7538,43.3781],[-90.7538,43.3777],[-90.7505,43.3761]]],[[[-90.755,43.3792],[-90.7555,43.3789],[-90.7543,43.3784],[-90.755,43.3792]]],[[[-91.0217,43.3724],[-91.0228,43.376],[-91.0218,43.3779],[-91.0233,43.376],[-91.0217,43.3724]]],[[[-91.0206,43.3787],[-91.0217,43.3792],[-91.0217,43.3778],[-91.0159,43.3781],[-91.0206,43.3787]]],[[[-91.0291,43.3777],[-91.0315,43.3801],[-91.0296,43.3781],[-91.0314,43.3777],[-91.0315,43.379],[-91.0315,43.377],[-91.0253,43.3769],[-91.0246,43.3786],[-91.0218,43.3792],[-91.0253,43.3788],[-91.0254,43.3772],[-91.0291,43.3777]]],[[[-90.7596,43.3835],[-90.7606,43.3835],[-90.7562,43.3803],[-90.7596,43.3835]],[[-90.9761,43.3804],[-90.9722,43.3833],[-90.9766,43.3799],[-90.9761,43.3804]]],[[[-90.9885,43.3856],[-90.9897,43.3818],[-90.9919,43.3808],[-90.9921,43.3822],[-90.992,43.3808],[-90.9956,43.3794],[-91.001,43.3776],[-91.006,43.3794],[-91.001,43.3772],[-90.9924,43.3804],[-90.9768,43.3795],[-90.9914,43.3808],[-90.9885,43.3815],[-90.9897,43.3813],[-90.9877,43.3834],[-90.9885,43.3856]],[[-90.989,43.3823],[-90.9891,43.3824],[-90.9889,43.3823],[-90.989,43.3823]]],[[[-90.8675,43.3889],[-90.8697,43.3883],[-90.8699,43.3838],[-90.872,43.3837],[-90.8644,43.3802],[-90.8614,43.3811],[-90.8631,43.3801],[-90.8605,43.3777],[-90.8625,43.3737],[-90.8617,43.3705],[-90.8656,43.3685],[-90.8631,43.3694],[-90.8612,43.3668],[-90.8522,43.3641],[-90.8496,43.3619],[-90.8505,43.36],[-90.8469,43.3587],[-90.8462,43.3598],[-90.8451,43.3569],[-90.8457,43.3599],[-90.85,43.3602],[-90.8488,43.3618],[-90.8516,43.3643],[-90.8613,43.3674],[-90.8608,43.3722],[-90.862,43.3737],[-90.86,43.3777],[-90.8622,43.3802],[-90.8609,43.3811],[-90.8643,43.3806],[-90.8695,43.3832],[-90.8702,43.3853],[-90.8675,43.3889]]],[[[-90.8618,43.3692],[-90.8619,43.3692],[-90.8616,43.3691],[-90.8618,43.3692]],[[-90.8713,43.3919],[-90.8725,43.3913],[-90.8692,43.3911],[-90.867,43.3889],[-90.8713,43.3919]]],[[[-90.7699,43.3917],[-90.7726,43.3929],[-90.7691,43.3907],[-90.7699,43.3917]]],[[[-90.9885,43.3856],[-90.9857,43.3898],[-90.9828,43.3912],[-90.982,43.3947],[-90.9831,43.3911],[-90.9871,43.3911],[-90.9862,43.3896],[-90.9885,43.3856]]],[[[-90.8929,43.4165],[-90.8931,43.4134],[-90.8907,43.4113],[-90.8929,43.4165]]],[[[-90.8934,43.4202],[-90.8945,43.4229],[-90.8928,43.4237],[-90.895,43.4229],[-90.8934,43.4202]]],[[[-90.8882,43.4304],[-90.8916,43.4328],[-90.8886,43.4297],[-90.8933,43.4238],[-90.89,43.4264],[-90.8882,43.4304]]],[[[-91.0186,43.4376],[-91.0181,43.4385],[-91.0185,43.4404],[-91.0186,43.4376]]],[[[-90.8028,43.4562],[-90.7941,43.4511],[-90.7874,43.4516],[-90.7839,43.449],[-90.7792,43.4486],[-90.7837,43.4493],[-90.7879,43.4525],[-90.7939,43.4514],[-90.8013,43.4563],[-90.7989,43.4562],[-90.8028,43.4562]]],[[[-90.8284,43.4753],[-90.8297,43.4769],[-90.8281,43.472],[-90.8228,43.4669],[-90.8277,43.4722],[-90.8284,43.4753]]],[[[-90.8292,43.4772],[-90.8297,43.4772],[-90.8297,43.477],[-90.8292,43.4772]]],[[[-90.9681,43.4833],[-90.9695,43.4835],[-90.9679,43.4829],[-90.9681,43.4833]]],[[[-90.9774,43.4836],[-90.9789,43.4846],[-90.9759,43.4823],[-90.9729,43.4827],[-90.9765,43.483],[-90.9771,43.4846],[-90.9774,43.4836]]],[[[-90.9583,43.4883],[-90.9639,43.4877],[-90.9649,43.4847],[-90.9629,43.4878],[-90.9583,43.4883]]],[[[-90.7541,43.523],[-90.7545,43.5214],[-90.7538,43.5227],[-90.7449,43.5206],[-90.742,43.5186],[-90.7424,43.5172],[-90.7407,43.5191],[-90.7403,43.5214],[-90.7419,43.5206],[-90.7415,43.5187],[-90.7448,43.5209],[-90.7541,43.523]],[[-90.7447,43.5207],[-90.7447,43.5207],[-90.7446,43.5205],[-90.7447,43.5207]],[[-90.7444,43.5204],[-90.7444,43.5204],[-90.7444,43.5203],[-90.7444,43.5204]],[[-90.7439,43.5201],[-90.7439,43.5201],[-90.7439,43.5201],[-90.7439,43.5201]]],[[[-90.7426,43.5188],[-90.7428,43.5188],[-90.7425,43.5188],[-90.7426,43.5188]],[[-90.7421,43.5188],[-90.7422,43.5187],[-90.7424,43.5187],[-90.7421,43.5188]],[[-90.7419,43.5188],[-90.7418,43.5187],[-90.7418,43.5187],[-90.7419,43.5188]],[[-90.7409,43.5194],[-90.7409,43.5193],[-90.7409,43.5195],[-90.7409,43.5194]]],[[[-90.7411,43.5209],[-90.7417,43.5203],[-90.7409,43.521],[-90.7411,43.5209]],[[-90.7449,43.5208],[-90.7449,43.5207],[-90.7449,43.5208],[-90.7449,43.5208]],[[-90.7659,43.5281],[-90.7694,43.5308],[-90.7645,43.5278],[-90.7666,43.5273],[-90.7644,43.5273],[-90.7659,43.5281]]],[[[-90.8109,43.5419],[-90.807,43.5433],[-90.8069,43.5447],[-90.8109,43.5419]]],[[[-90.8072,43.5448],[-90.8073,43.5451],[-90.8074,43.5449],[-90.8072,43.5448]]],[[[-90.8096,43.5457],[-90.8101,43.5462],[-90.8146,43.5469],[-90.8096,43.5457]]],[[[-90.5671,43.5619],[-90.577,43.5602],[-90.573,43.5601],[-90.5671,43.5619]]],[[[-90.7885,43.6022],[-90.7898,43.6019],[-90.7874,43.6019],[-90.7867,43.5995],[-90.7851,43.5995],[-90.7851,43.6012],[-90.7864,43.5996],[-90.7885,43.6022]]],[[[-90.5221,43.6379],[-90.5271,43.639],[-90.5221,43.6374],[-90.5221,43.6379]]],[[[-90.5341,43.6407],[-90.5389,43.6406],[-90.542,43.6388],[-90.5379,43.6404],[-90.532,43.6397],[-90.5341,43.6407]]],[[[-90.543,43.6829],[-90.5468,43.6841],[-90.5476,43.6823],[-90.5406,43.6826],[-90.5367,43.6807],[-90.5374,43.6824],[-90.543,43.6829]]],[[[-90.5451,43.704],[-90.5434,43.7061],[-90.5451,43.7059],[-90.5451,43.704]]],[[[-90.5361,43.7102],[-90.5399,43.7084],[-90.5367,43.71],[-90.5328,43.7095],[-90.5361,43.7102]]],[[[-90.5325,43.7099],[-90.5324,43.7107],[-90.5329,43.7101],[-90.5325,43.7099]]],[[[-91.1912,43.7462],[-91.1927,43.7464],[-91.1883,43.7456],[-91.1912,43.7462]]],[[[-91.1008,43.7516],[-91.0959,43.7491],[-91.098,43.7512],[-91.1008,43.7516]]],[[[-91.188,43.7465],[-91.1875,43.7494],[-91.185,43.7508],[-91.188,43.7496],[-91.188,43.7465]]],[[[-91.1008,43.7516],[-91.1022,43.7531],[-91.1046,43.7527],[-91.1008,43.7516]]],[[[-91.0595,43.7575],[-91.0745,43.7505],[-91.0803,43.7497],[-91.0813,43.751],[-91.0808,43.7491],[-91.0858,43.7474],[-91.0703,43.7519],[-91.0699,43.7502],[-91.07,43.752],[-91.0713,43.7517],[-91.0699,43.7528],[-91.0674,43.7525],[-91.0597,43.7569],[-91.0509,43.7541],[-91.0595,43.7575]]],[[[-91.1777,43.7602],[-91.18,43.7594],[-91.176,43.7592],[-91.1777,43.7602]]],[[[-91.1742,43.7596],[-91.1729,43.761],[-91.1749,43.7594],[-91.1742,43.7596]]],[[[-91.1729,43.7616],[-91.1732,43.7616],[-91.1729,43.7612],[-91.1729,43.7616]]],[[[-90.9437,43.7627],[-90.9456,43.7647],[-90.9443,43.7625],[-90.9406,43.7615],[-90.942,43.7632],[-90.9437,43.7627]]],[[[-91.153,43.763],[-91.1526,43.7633],[-91.1531,43.763],[-91.153,43.763]]],[[[-91.1677,43.7616],[-91.1683,43.763],[-91.1699,43.7637],[-91.1677,43.7616]]],[[[-91.1306,43.7651],[-91.1329,43.7657],[-91.1344,43.7644],[-91.1306,43.7651]]],[[[-91.1648,43.7616],[-91.1641,43.7658],[-91.1655,43.7642],[-91.1648,43.7616]]],[[[-91.1648,43.7666],[-91.165,43.7662],[-91.1648,43.766],[-91.1648,43.7666]]],[[[-91.1306,43.7651],[-91.1267,43.7646],[-91.1284,43.7622],[-91.1272,43.7604],[-91.1298,43.7589],[-91.1269,43.7603],[-91.1252,43.7581],[-91.1205,43.7579],[-91.1252,43.7585],[-91.1278,43.7623],[-91.1262,43.7644],[-91.1164,43.7684],[-91.1256,43.7645],[-91.1306,43.7651]]],[[[-91.1578,43.7682],[-91.1565,43.7671],[-91.1568,43.7682],[-91.1578,43.7682]]],[[[-90.7767,43.7978],[-90.7755,43.7982],[-90.7743,43.7992],[-90.7767,43.7978]]],[[[-90.8274,43.7997],[-90.8267,43.8013],[-90.8298,43.7975],[-90.8274,43.7997]]],[[[-90.7679,43.8081],[-90.7661,43.813],[-90.7684,43.808],[-90.7715,43.8058],[-90.7732,43.8001],[-90.7687,43.7921],[-90.7716,43.7969],[-90.7667,43.7965],[-90.7714,43.797],[-90.7719,43.7986],[-90.7715,43.8047],[-90.7679,43.8081]]],[[[-90.7517,43.8155],[-90.7539,43.8167],[-90.751,43.8149],[-90.7517,43.8155]]],[[[-91.0185,43.8216],[-91.0205,43.8229],[-91.014,43.8187],[-91.0039,43.8195],[-90.997,43.8139],[-91.0036,43.8198],[-91.0097,43.8189],[-91.0185,43.8216]]],[[[-90.9496,43.8236],[-90.9507,43.8256],[-90.95,43.8232],[-90.9458,43.8217],[-90.9439,43.8185],[-90.9447,43.8149],[-90.9476,43.8125],[-90.945,43.8136],[-90.9434,43.8179],[-90.9386,43.8161],[-90.9442,43.8193],[-90.9446,43.821],[-90.941,43.8221],[-90.9447,43.8213],[-90.9496,43.8236]]],[[[-91.0278,43.8249],[-91.0284,43.8245],[-91.0255,43.8246],[-91.0278,43.8249]]],[[[-90.7611,43.8222],[-90.7617,43.8277],[-90.7616,43.8222],[-90.7611,43.8222]]],[[[-90.9507,43.8265],[-90.9502,43.8268],[-90.9507,43.8268],[-90.9507,43.8265]]],[[[-90.963,43.8279],[-90.9627,43.8282],[-90.9631,43.8284],[-90.963,43.8279]]],[[[-91.0512,43.8287],[-91.0509,43.8277],[-91.0498,43.8277],[-91.0512,43.8287]]],[[[-91.0516,43.8287],[-91.052,43.8286],[-91.0514,43.8286],[-91.0516,43.8287]]],[[[-91.0432,43.8288],[-91.0489,43.8277],[-91.0434,43.8285],[-91.0424,43.827],[-91.0312,43.8252],[-91.0322,43.8265],[-91.0404,43.8269],[-91.0432,43.8288]]],[[[-91.0541,43.8287],[-91.0545,43.8288],[-91.0548,43.8286],[-91.0541,43.8287]]],[[[-91.0525,43.829],[-91.0535,43.8286],[-91.0523,43.8286],[-91.0525,43.829]],[[-91.0605,43.829],[-91.061,43.8295],[-91.0561,43.828],[-91.0605,43.829]],[[-91.064,43.8305],[-91.0641,43.8305],[-91.0639,43.8305],[-91.064,43.8305]]],[[[-91.0618,43.8305],[-91.0621,43.8306],[-91.0625,43.8305],[-91.0618,43.8305]]],[[[-91.0645,43.8306],[-91.0652,43.8305],[-91.0645,43.8305],[-91.0645,43.8306]],[[-91.0752,43.8313],[-91.0759,43.832],[-91.0711,43.8318],[-91.0752,43.8313]]],[[[-90.7681,43.835],[-90.7637,43.8314],[-90.7626,43.8314],[-90.764,43.8334],[-90.7678,43.8346],[-90.7561,43.8344],[-90.7681,43.835]]],[[[-90.7401,43.8357],[-90.7412,43.8353],[-90.7387,43.8351],[-90.7401,43.8357]]],[[[-90.7262,43.838],[-90.7263,43.8356],[-90.7289,43.836],[-90.7281,43.8379],[-90.729,43.836],[-90.7338,43.8351],[-90.7213,43.8356],[-90.726,43.8353],[-90.7262,43.838]],[[-90.7854,43.8499],[-90.7863,43.8505],[-90.7838,43.8495],[-90.7854,43.8499]]],[[[-90.7983,43.8519],[-90.8051,43.8519],[-90.8072,43.8496],[-90.8113,43.8506],[-90.8071,43.8492],[-90.8048,43.8514],[-90.791,43.8505],[-90.7983,43.8519]]],[[[-90.992,43.8563],[-90.9928,43.8575],[-90.9852,43.8507],[-90.9738,43.847],[-90.9711,43.843],[-90.9661,43.843],[-90.9654,43.8386],[-90.9553,43.832],[-90.9513,43.8272],[-90.9549,43.8323],[-90.9644,43.8387],[-90.9607,43.8391],[-90.9649,43.8388],[-90.9641,43.84],[-90.9657,43.8433],[-90.9706,43.8433],[-90.9734,43.8472],[-90.985,43.8511],[-90.9883,43.855],[-90.992,43.8563]]],[[[-90.8257,43.8672],[-90.8258,43.8688],[-90.8268,43.8665],[-90.8209,43.864],[-90.8257,43.8672]]],[[[-90.714,43.8693],[-90.7154,43.8706],[-90.7097,43.8628],[-90.7046,43.8601],[-90.7095,43.8629],[-90.714,43.8693]]],[[[-90.8259,43.8745],[-90.8265,43.8756],[-90.8262,43.8744],[-90.8259,43.8745]]],[[[-90.828,43.8808],[-90.8295,43.8809],[-90.8284,43.8793],[-90.8302,43.8782],[-90.8287,43.8774],[-90.8298,43.8783],[-90.828,43.8808]]],[[[-90.8283,43.8882],[-90.83,43.8879],[-90.8299,43.8853],[-90.8279,43.8853],[-90.8293,43.8868],[-90.8266,43.8879],[-90.8283,43.8882]]],[[[-90.7393,43.8928],[-90.7406,43.8905],[-90.7371,43.8893],[-90.7402,43.8907],[-90.7393,43.8928]]],[[[-90.8392,43.8913],[-90.8382,43.8924],[-90.8398,43.891],[-90.8303,43.8876],[-90.8392,43.8913]]],[[[-91.0912,43.9125],[-91.0909,43.9132],[-91.0914,43.9134],[-91.0912,43.9125]]],[[[-91.0965,43.9143],[-91.0918,43.9136],[-91.0929,43.9143],[-91.0965,43.9143]]],[[[-90.7781,43.9243],[-90.7789,43.924],[-90.7762,43.9209],[-90.7781,43.9243]]],[[[-91.1002,43.9217],[-91.1017,43.922],[-91.0933,43.9168],[-91.096,43.9162],[-91.0965,43.9144],[-91.0928,43.9165],[-91.0966,43.9212],[-91.1002,43.9217]]],[[[-90.9899,43.9283],[-90.99,43.9281],[-90.9899,43.9281],[-90.9899,43.9283]],[[-91.1106,43.926],[-91.1136,43.9281],[-91.1043,43.9221],[-91.1106,43.926]]],[[[-90.7805,43.928],[-90.7809,43.932],[-90.7818,43.9314],[-90.7805,43.928]]],[[[-90.9866,43.9308],[-90.9858,43.9318],[-90.9898,43.9281],[-90.9866,43.9307],[-90.9865,43.9281],[-90.9866,43.9308]]],[[[-90.7867,43.9348],[-90.7841,43.9325],[-90.7813,43.9325],[-90.7867,43.9348]]],[[[-91.1169,43.9455],[-91.1154,43.946],[-91.1165,43.9458],[-91.1169,43.9455]]],[[[-90.9662,43.9493],[-90.9709,43.9443],[-90.9696,43.9445],[-90.9662,43.9493]]],[[[-91.2476,43.9655],[-91.2459,43.9668],[-91.2516,43.9657],[-91.2476,43.9655]]],[[[-90.9533,43.9702],[-90.9519,43.971],[-90.9565,43.9693],[-90.9597,43.9644],[-90.9563,43.9692],[-90.9533,43.9702]]],[[[-90.9668,43.9687],[-90.9671,43.9716],[-90.9668,43.9683],[-90.9743,43.9695],[-90.966,43.9678],[-90.9632,43.9638],[-90.9668,43.9687]]],[[[-91.2307,43.9696],[-91.2357,43.9689],[-91.2357,43.9632],[-91.2355,43.9669],[-91.2307,43.9669],[-91.2307,43.9696]]],[[[-91.1724,43.9708],[-91.1654,43.965],[-91.1696,43.9697],[-91.1724,43.9708]]],[[[-90.9487,43.9747],[-90.952,43.9733],[-90.9519,43.9716],[-90.9514,43.9732],[-90.947,43.9742],[-90.9487,43.9747]]],[[[-91.2107,43.9723],[-91.2153,43.9717],[-91.2156,43.9707],[-91.2107,43.9723]]],[[[-91.168,43.9762],[-91.1688,43.9785],[-91.1677,43.9745],[-91.1707,43.9726],[-91.1673,43.9738],[-91.168,43.9762]]]]},"properties":{"PROP_NAME":"LA CROSSE AREA COMPREHENSIVE FISHERY AREA","ACRES":1119.3700000000001,"PUBLIC_ACCESS":"Open to Hiking and Fishing Only. Closed to Hunting and Trapping","TRANS_TYPE":2}},{"type":"Feature","geometry":{"type":"MultiPolygon","coordinates":[[[[-90.9277,43.1944],[-90.9298,43.1945],[-90.9298,43.1943],[-90.9277,43.1944]]],[[[-90.8631,43.3801],[-90.8651,43.3801],[-90.8631,43.3801],[-90.8631,43.3801]]],[[[-90.981,43.3797],[-90.981,43.3801],[-90.981,43.3797],[-90.981,43.3797]]],[[[-91.0198,43.3798],[-91.0202,43.3806],[-91.0211,43.379],[-91.0198,43.3798]]],[[[-90.8692,43.3874],[-90.8721,43.3874],[-90.8692,43.3874],[-90.8692,43.3874]]],[[[-90.986,43.3875],[-90.9873,43.3875],[-90.9873,43.3875],[-90.986,43.3875]],[[-90.8713,43.3921],[-90.8709,43.3924],[-90.8714,43.392],[-90.8713,43.3921]]],[[[-90.8903,43.4115],[-90.8908,43.4115],[-90.8908,43.4114],[-90.8903,43.4115]]],[[[-90.8934,43.4237],[-90.8973,43.4237],[-90.8973,43.4236],[-90.8934,43.4237]]],[[[-90.7407,43.5174],[-90.7409,43.5172],[-90.7407,43.5172],[-90.7407,43.5174]]],[[[-90.8146,43.5482],[-90.8146,43.5469],[-90.8145,43.5469],[-90.8146,43.5482]]],[[[-90.5769,43.5602],[-90.577,43.5599],[-90.5769,43.5599],[-90.5769,43.5602]]],[[[-90.5671,43.5615],[-90.5672,43.5615],[-90.5671,43.5606],[-90.5671,43.5615]]],[[[-90.5221,43.6382],[-90.5231,43.639],[-90.5221,43.6379],[-90.5221,43.6382]]],[[[-91.1692,43.7638],[-91.1693,43.7637],[-91.1668,43.7636],[-91.1692,43.7638]]],[[[-91.1698,43.7639],[-91.1685,43.7649],[-91.1698,43.7649],[-91.1698,43.7639]]],[[[-91.0253,43.8262],[-91.0257,43.8268],[-91.0312,43.8268],[-91.0253,43.8262]]],[[[-91.0711,43.8318],[-91.0711,43.834],[-91.0711,43.834],[-91.0711,43.8318]]],[[[-90.83,43.8892],[-90.83,43.8893],[-90.8343,43.8892],[-90.83,43.8892]]],[[[-91.2503,43.9641],[-91.2504,43.9654],[-91.2503,43.9632],[-91.2503,43.9641]]]]},"properties":{"PROP_NAME":"LA CROSSE AREA COMPREHENSIVE FISHERY AREA","ACRES":7.48,"PUBLIC_ACCESS":"Open to Hiking Only. Closed to Fishing, Hunting and Trapping","TRANS_TYPE":2}},{"type":"Feature","geometry":{"type":"Polygon","coordinates":[[[-88.0154,43.649],[-88.0153,43.6489],[-88.0153,43.649],[-88.0154,43.649]]]},"properties":{"PROP_NAME":"LAKE ELLEN PUBLIC ACCESS","ACRES":0.02,"PUBLIC_ACCESS":"Open to Hiking Only. Closed to Fishing, Hunting and Trapping","TRANS_TYPE":2}},{"type":"Feature","geometry":{"type":"Polygon","coordinates":[[[-87.931,45.2687],[-87.9312,45.2724],[-87.9315,45.2672],[-87.931,45.2687]]]},"properties":{"PROP_NAME":"LAKE NOQUEBAY STATE PUBLIC ACCESS","ACRES":3.2600000000000002,"PUBLIC_ACCESS":"Open to Hiking Only. Closed to Fishing, Hunting and Trapping","TRANS_TYPE":2}},{"type":"Feature","geometry":{"type":"MultiPolygon","coordinates":[[[[-88.9256,44.5718],[-88.9271,44.5718],[-88.9274,44.5715],[-88.9256,44.5718]]],[[[-88.9155,44.5733],[-88.9155,44.5741],[-88.9155,44.5729],[-88.9155,44.5733]]],[[[-88.9256,44.5718],[-88.9156,44.5758],[-88.9172,44.5762],[-88.9256,44.5718]]],[[[-89.3028,44.5769],[-89.2982,44.5801],[-89.3042,44.5766],[-89.3028,44.5769]]],[[[-89.2982,44.5801],[-89.2982,44.5805],[-89.2992,44.5809],[-89.2982,44.5801]]],[[[-89.2973,44.582],[-89.2945,44.5849],[-89.2992,44.5812],[-89.2973,44.582]]],[[[-89.2944,44.5851],[-89.2943,44.587],[-89.295,44.5858],[-89.2944,44.5851]]],[[[-89.2384,44.5898],[-89.2335,44.5916],[-89.2367,44.5909],[-89.2384,44.5898]],[[-89.294,44.5921],[-89.2943,44.5923],[-89.2932,44.5916],[-89.294,44.5921]]],[[[-89.2869,44.595],[-89.2904,44.5916],[-89.2864,44.5946],[-89.283,44.5936],[-89.2792,44.5952],[-89.283,44.594],[-89.2869,44.595]]],[[[-89.2088,44.5955],[-89.2174,44.5949],[-89.2235,44.5919],[-89.2213,44.5917],[-89.2171,44.5946],[-89.2088,44.5955]]],[[[-89.2634,44.5995],[-89.2666,44.5987],[-89.2679,44.5967],[-89.2754,44.5973],[-89.2791,44.5953],[-89.2754,44.5969],[-89.2676,44.5963],[-89.2639,44.5995],[-89.2588,44.5979],[-89.2634,44.5995]]],[[[-89.2447,44.6017],[-89.2523,44.6012],[-89.2537,44.5988],[-89.2521,44.6008],[-89.2436,44.6012],[-89.2447,44.6017]]],[[[-89.1832,44.6031],[-89.1844,44.6031],[-89.1845,44.6026],[-89.1832,44.6031]]],[[[-89.1916,44.6048],[-89.1932,44.6039],[-89.1857,44.603],[-89.1916,44.6048]],[[-89.1916,44.6045],[-89.1915,44.6043],[-89.1917,44.604],[-89.1916,44.6045]]],[[[-89.1767,44.6052],[-89.1746,44.6032],[-89.1629,44.6035],[-89.1679,44.6046],[-89.1715,44.6034],[-89.1767,44.6052]]],[[[-89.3014,44.6156],[-89.3028,44.617],[-89.2991,44.6144],[-89.2967,44.6087],[-89.2931,44.6076],[-89.2964,44.6021],[-89.2957,44.5989],[-89.2959,44.602],[-89.2929,44.6077],[-89.2963,44.609],[-89.2987,44.6147],[-89.3014,44.6156]]],[[[-89.079,44.6195],[-89.0774,44.6188],[-89.0722,44.6185],[-89.079,44.6195]],[[-89.0807,44.6197],[-89.0816,44.6197],[-89.0796,44.6197],[-89.0807,44.6197]]],[[[-89.1668,44.6204],[-89.1678,44.6203],[-89.1644,44.6177],[-89.1556,44.617],[-89.1643,44.6178],[-89.1668,44.6204]]],[[[-89.1748,44.6234],[-89.1759,44.6236],[-89.1759,44.6223],[-89.1748,44.6234]]],[[[-89.0909,44.6232],[-89.0923,44.6235],[-89.0822,44.6204],[-89.0909,44.6232]]],[[[-88.9985,44.6207],[-88.9964,44.6228],[-89.0034,44.6195],[-89.0042,44.6158],[-89.0066,44.6163],[-89.0067,44.6191],[-89.0083,44.6191],[-89.0067,44.6163],[-89.0118,44.6176],[-89.0031,44.6156],[-89.0026,44.619],[-88.9985,44.6207]]],[[[-89.1007,44.625],[-89.1034,44.6241],[-89.0998,44.6239],[-89.1007,44.625]]],[[[-89.0409,44.6319],[-89.0388,44.6336],[-89.0423,44.6319],[-89.0425,44.6336],[-89.0423,44.631],[-89.0409,44.6319]]],[[[-89.0237,44.6328],[-89.0225,44.6337],[-89.0271,44.6337],[-89.0271,44.63],[-89.0237,44.6328]]],[[[-89.0361,44.6347],[-89.0372,44.6338],[-89.0346,44.6336],[-89.0322,44.63],[-89.0322,44.633],[-89.0361,44.6347]]],[[[-88.9986,44.6331],[-89.0014,44.6352],[-89.0009,44.6332],[-88.9963,44.6304],[-88.9986,44.6331]]],[[[-89.0281,44.643],[-89.0322,44.642],[-89.028,44.6422],[-89.026,44.6379],[-89.0222,44.6379],[-89.022,44.6365],[-89.0117,44.6381],[-89.0253,44.6384],[-89.0281,44.643]],[[-89.2441,44.6455],[-89.2481,44.6424],[-89.245,44.6454],[-89.2388,44.6444],[-89.2441,44.6455]]],[[[-89.1833,44.6497],[-89.1857,44.6482],[-89.1858,44.646],[-89.2001,44.6495],[-89.2035,44.6493],[-89.2035,44.6477],[-89.2007,44.6494],[-89.1874,44.6463],[-89.1869,44.6443],[-89.193,44.6413],[-89.1931,44.6386],[-89.1926,44.6411],[-89.1865,44.6441],[-89.1867,44.646],[-89.1852,44.646],[-89.1833,44.6497]]]]},"properties":{"PROP_NAME":"LITTLE WOLF RIVER FISHERY AREA","ACRES":350.67,"PUBLIC_ACCESS":"Open to Hiking and Fishing Only. Closed to Hunting and Trapping","TRANS_TYPE":2}},{"type":"Feature","geometry":{"type":"MultiPolygon","coordinates":[[[[-89.1022,44.6277],[-89.1022,44.6264],[-89.0998,44.626],[-89.1022,44.6277]],[[-89.2436,44.5952],[-89.2433,44.5988],[-89.2435,44.5953],[-89.2487,44.5952],[-89.2436,44.5952]]],[[[-89.203,44.5987],[-89.2029,44.5988],[-89.2033,44.5988],[-89.203,44.5987]]],[[[-89.2286,44.5988],[-89.2286,44.6034],[-89.2286,44.5989],[-89.2336,44.5989],[-89.2286,44.5988]]],[[[-89.1768,44.6044],[-89.1781,44.6045],[-89.1781,44.6044],[-89.1768,44.6044]]],[[[-89.1585,44.6177],[-89.158,44.6185],[-89.1587,44.6176],[-89.1585,44.6177]]],[[[-89.133,44.6192],[-89.1365,44.619],[-89.134,44.619],[-89.133,44.6192]]],[[[-89.0822,44.6189],[-89.0824,44.6189],[-89.0821,44.6162],[-89.0822,44.6189]]],[[[-89.1063,44.6297],[-89.1072,44.6297],[-89.1023,44.6284],[-89.1063,44.6297]]],[[[-89.0423,44.6337],[-89.0425,44.6337],[-89.0425,44.6336],[-89.0423,44.6337]]],[[[-89.3507,44.6388],[-89.3558,44.639],[-89.3507,44.6387],[-89.3507,44.6388]]],[[[-89.3,44.6407],[-89.3001,44.6412],[-89.3001,44.6407],[-89.3,44.6407]]]]},"properties":{"PROP_NAME":"LITTLE WOLF RIVER FISHERY AREA","ACRES":7.7,"PUBLIC_ACCESS":"Open to Hiking Only. Closed to Fishing, Hunting and Trapping","TRANS_TYPE":2}},{"type":"Feature","geometry":{"type":"MultiPolygon","coordinates":[[[[-89.5384,43.3297],[-89.5416,43.3292],[-89.5385,43.3296],[-89.5382,43.328],[-89.5387,43.3289],[-89.5369,43.3291],[-89.5384,43.3297]]],[[[-89.5316,43.3221],[-89.5319,43.3214],[-89.5301,43.3187],[-89.5316,43.3221]],[[-89.5326,43.3234],[-89.5329,43.3247],[-89.5318,43.3228],[-89.5326,43.3234]]]]},"properties":{"PROP_NAME":"LODI SPRING CREEK FISHERY AREA","ACRES":5.92,"PUBLIC_ACCESS":"Open to Hiking and Fishing Only. Closed to Hunting and Trapping","TRANS_TYPE":2}},{"type":"Feature","geometry":{"type":"MultiPolygon","coordinates":[[[[-91.4342,45.1275],[-91.4371,45.1275],[-91.4324,45.1264],[-91.4298,45.124],[-91.4302,45.1268],[-91.4342,45.1275]]],[[[-91.4413,45.1297],[-91.4427,45.1309],[-91.4422,45.1291],[-91.4401,45.1286],[-91.4413,45.1297]]],[[[-91.4277,45.1731],[-91.4285,45.1741],[-91.4287,45.1675],[-91.4366,45.1656],[-91.4383,45.1636],[-91.4379,45.1591],[-91.4414,45.1563],[-91.4374,45.159],[-91.4378,45.1636],[-91.4362,45.1653],[-91.4284,45.1672],[-91.4273,45.1728],[-91.4246,45.1722],[-91.426,45.1733],[-91.4251,45.1741],[-91.4277,45.1731]]],[[[-91.4285,45.1778],[-91.4297,45.1786],[-91.4297,45.178],[-91.4285,45.1778]]],[[[-91.4346,45.1815],[-91.4342,45.1828],[-91.4348,45.1836],[-91.4346,45.1815]]],[[[-91.4372,45.1959],[-91.4354,45.1994],[-91.4375,45.1985],[-91.4372,45.1959]]],[[[-91.4473,45.2081],[-91.4473,45.2129],[-91.4495,45.2134],[-91.4496,45.2074],[-91.4395,45.2025],[-91.4473,45.2081]]]]},"properties":{"PROP_NAME":"MCCANN CREEK FISHERY AREA","ACRES":115.88,"PUBLIC_ACCESS":"Open to Hiking and Fishing Only. Closed to Hunting and Trapping","TRANS_TYPE":2}},{"type":"Feature","geometry":{"type":"Polygon","coordinates":[[[-91.4339,45.1743],[-91.4349,45.1742],[-91.4335,45.1742],[-91.4339,45.1743]]]},"properties":{"PROP_NAME":"MCCANN CREEK FISHERY AREA","ACRES":0.27,"PUBLIC_ACCESS":"Open to Hiking Only. Closed to Fishing, Hunting and Trapping","TRANS_TYPE":2}},{"type":"Feature","geometry":{"type":"MultiPolygon","coordinates":[[[[-91.3788,46.0898],[-91.38,46.0897],[-91.3799,46.0886],[-91.3788,46.0898]]],[[[-91.3958,46.0826],[-91.3958,46.0831],[-91.3969,46.0819],[-91.3958,46.0826]]]]},"properties":{"PROP_NAME":"MCDERMOTT BROOK FISHERY AREA","ACRES":2.32,"PUBLIC_ACCESS":"Open to Hiking and Fishing Only. Closed to Hunting and Trapping","TRANS_TYPE":2}},{"type":"Feature","geometry":{"type":"Polygon","coordinates":[[[-91.3755,46.0916],[-91.377,46.0919],[-91.375,46.0915],[-91.3749,46.089],[-91.3792,46.0889],[-91.3749,46.0888],[-91.3746,46.0845],[-91.3755,46.0916]],[[-91.3798,46.0898],[-91.3784,46.0908],[-91.3781,46.0919],[-91.3798,46.0898]]]},"properties":{"PROP_NAME":"MCDERMOTT BROOK FISHERY AREA","ACRES":4,"PUBLIC_ACCESS":"Open to Hiking Only. Closed to Fishing, Hunting and Trapping","TRANS_TYPE":2}},{"type":"Feature","geometry":{"type":"Polygon","coordinates":[[[-91.8869,45.9831],[-91.906,45.9752],[-91.8953,45.9788],[-91.894,45.9786],[-91.8953,45.9749],[-91.8926,45.9757],[-91.8904,45.9736],[-91.8915,45.9756],[-91.8942,45.9761],[-91.8935,45.9788],[-91.8947,45.9791],[-91.8869,45.9831]]]},"properties":{"PROP_NAME":"MCKENZIE CREEK FISHERY AREA","ACRES":30.330000000000002,"PUBLIC_ACCESS":"Open to Hiking and Fishing Only. Closed to Hunting and Trapping","TRANS_TYPE":2}},{"type":"Feature","geometry":{"type":"MultiPolygon","coordinates":[[[[-89.3655,43.9969],[-89.3654,43.9979],[-89.3655,43.998],[-89.3655,43.9969]]],[[[-89.4053,43.9704],[-89.4053,43.9704],[-89.4055,43.9704],[-89.4053,43.9704]]]]},"properties":{"PROP_NAME":"MECAN RIVER FISHERY AREA","ACRES":0.27,"PUBLIC_ACCESS":"Open to Hiking Only. Closed to Fishing, Hunting and Trapping","TRANS_TYPE":2}},{"type":"Feature","geometry":{"type":"MultiPolygon","coordinates":[[[[-90.5378,44.0728],[-90.5339,44.0801],[-90.5343,44.0817],[-90.5393,44.0837],[-90.5383,44.0809],[-90.5364,44.0806],[-90.5361,44.0764],[-90.538,44.0764],[-90.5378,44.0728]]],[[[-90.5278,44.0658],[-90.5294,44.0658],[-90.529,44.0628],[-90.5253,44.0606],[-90.5254,44.0645],[-90.5278,44.0644],[-90.5278,44.0658]]]]},"properties":{"PROP_NAME":"MILL CREEK FISHERY AREA","ACRES":73.3,"PUBLIC_ACCESS":"Open to Hiking and Fishing Only. Closed to Hunting and Trapping","TRANS_TYPE":2}},{"type":"Feature","geometry":{"type":"MultiPolygon","coordinates":[[[[-89.6314,42.9323],[-89.6305,42.9281],[-89.6243,42.9256],[-89.6237,42.9217],[-89.6209,42.9207],[-89.6186,42.9157],[-89.6204,42.921],[-89.6234,42.9217],[-89.6242,42.9257],[-89.6302,42.9282],[-89.6314,42.9323]],[[-89.6553,42.9439],[-89.656,42.9444],[-89.6539,42.9443],[-89.6553,42.9439]]],[[[-89.6495,42.9427],[-89.6521,42.9444],[-89.6473,42.9402],[-89.6495,42.9427]]]]},"properties":{"PROP_NAME":"MOUNT VERNON CREEK FISHERY AREA","ACRES":28.29,"PUBLIC_ACCESS":"Open to Hiking and Fishing Only. Closed to Hunting and Trapping","TRANS_TYPE":2}},{"type":"Feature","geometry":{"type":"Polygon","coordinates":[[[-89.6431,42.9295],[-89.642,42.9285],[-89.6424,42.9291],[-89.6431,42.9295]]]},"properties":{"PROP_NAME":"MOUNT VERNON CREEK FISHERY AREA","ACRES":0.19,"PUBLIC_ACCESS":"Open to Hiking Only. Closed to Fishing, Hunting and Trapping","TRANS_TYPE":2}},{"type":"Feature","geometry":{"type":"MultiPolygon","coordinates":[[[[-91.2746,46.201],[-91.2606,46.2001],[-91.259,46.1973],[-91.2544,46.1975],[-91.2588,46.1975],[-91.2606,46.2003],[-91.2746,46.201]]],[[[-91.4005,46.0957],[-91.3986,46.0981],[-91.3984,46.0995],[-91.4005,46.0957]]],[[[-91.3978,46.0992],[-91.3936,46.1029],[-91.3974,46.1002],[-91.3998,46.0957],[-91.3978,46.0992]]],[[[-91.3981,46.1001],[-91.3945,46.1029],[-91.3966,46.1018],[-91.3981,46.1001]]],[[[-91.3754,46.1111],[-91.3739,46.1122],[-91.3754,46.1113],[-91.3754,46.1111]]],[[[-91.334,46.1532],[-91.3343,46.1581],[-91.3326,46.1604],[-91.3346,46.1582],[-91.334,46.1532]]],[[[-91.3287,46.164],[-91.3304,46.1635],[-91.3315,46.1604],[-91.3287,46.164]]],[[[-91.3283,46.1646],[-91.33,46.1676],[-91.3285,46.1647],[-91.3309,46.1641],[-91.3325,46.1605],[-91.3307,46.164],[-91.3283,46.1646]]],[[[-91.3285,46.1749],[-91.3275,46.1775],[-91.3291,46.1761],[-91.3285,46.1749]]],[[[-91.3302,46.1712],[-91.3277,46.1785],[-91.3294,46.1766],[-91.3302,46.1712]]],[[[-91.3251,46.1822],[-91.3231,46.1858],[-91.3242,46.1846],[-91.3251,46.1822]]],[[[-91.3039,46.1892],[-91.3119,46.1878],[-91.3014,46.1886],[-91.3039,46.1892]]],[[[-91.2965,46.1893],[-91.2955,46.1896],[-91.2966,46.1894],[-91.2965,46.1893]]],[[[-91.293,46.1903],[-91.2917,46.1933],[-91.2932,46.1904],[-91.2966,46.1897],[-91.293,46.1903]]],[[[-91.2544,46.1971],[-91.2544,46.1972],[-91.2549,46.197],[-91.2544,46.1971]]],[[[-91.259,46.1971],[-91.2595,46.1974],[-91.2595,46.1971],[-91.259,46.1971]],[[-91.2724,46.2005],[-91.2751,46.2007],[-91.2705,46.2004],[-91.2724,46.2005]],[[-91.2375,46.1983],[-91.2293,46.2052],[-91.235,46.1997],[-91.2379,46.1981],[-91.2392,46.1991],[-91.2375,46.1983]]]]},"properties":{"PROP_NAME":"NAMEKAGON RIVER FISHERY AREA","ACRES":61.39,"PUBLIC_ACCESS":"Open to Hiking and Fishing Only. Closed to Hunting and Trapping","TRANS_TYPE":2}},{"type":"Feature","geometry":{"type":"Polygon","coordinates":[[[-88.0307,45.1465],[-88.0376,45.145],[-88.0277,45.1458],[-88.0307,45.1465]]]},"properties":{"PROP_NAME":"NORTH BRANCH BEAVER CREEK FISHERY AREA","ACRES":9.42,"PUBLIC_ACCESS":"Open to Hiking and Fishing Only. Closed to Hunting and Trapping","TRANS_TYPE":2}},{"type":"Feature","geometry":{"type":"Polygon","coordinates":[[[-88.0795,45.1652],[-88.0768,45.1659],[-88.0751,45.1667],[-88.0795,45.1652]]]},"properties":{"PROP_NAME":"NORTH BRANCH BEAVER CREEK FISHERY AREA","ACRES":0.58,"PUBLIC_ACCESS":"Open to Hiking Only. Closed to Fishing, Hunting and Trapping","TRANS_TYPE":2}},{"type":"Feature","geometry":{"type":"Polygon","coordinates":[[[-89.0877,44.9124],[-89.0827,44.9108],[-89.0877,44.9131],[-89.0877,44.9124]]]},"properties":{"PROP_NAME":"NORTH BRANCH EMBARRASS RIVER FISHERY AREA","ACRES":5.75,"PUBLIC_ACCESS":"Open to Hiking and Fishing Only. Closed to Hunting and Trapping","TRANS_TYPE":2}},{"type":"Feature","geometry":{"type":"MultiPolygon","coordinates":[[[[-90.995,44.4102],[-90.9945,44.4111],[-90.9973,44.4096],[-90.9963,44.4009],[-90.9968,44.4096],[-90.995,44.4102]]],[[[-90.9959,44.3938],[-90.9963,44.396],[-90.9976,44.3973],[-90.9959,44.3938]]],[[[-90.9937,44.4224],[-90.9914,44.419],[-90.9927,44.4221],[-90.9937,44.4224]]]]},"properties":{"PROP_NAME":"NORTH BRANCH TREMPEALEAU RIVER FISHERY AREA","ACRES":20.06,"PUBLIC_ACCESS":"Open to Hiking and Fishing Only. Closed to Hunting and Trapping","TRANS_TYPE":2}},{"type":"Feature","geometry":{"type":"Polygon","coordinates":[[[-88.1348,45.5738],[-88.135,45.5735],[-88.1317,45.5733],[-88.1348,45.5738]]]},"properties":{"PROP_NAME":"PIKE WILD RIVER","ACRES":2.27,"PUBLIC_ACCESS":"Open to Hiking and Fishing Only. Closed to Hunting and Trapping","TRANS_TYPE":2}},{"type":"Feature","geometry":{"type":"MultiPolygon","coordinates":[[[[-87.9153,45.4901],[-87.9147,45.4962],[-87.9154,45.49],[-87.9054,45.4906],[-87.9153,45.4901]]],[[[-87.8578,45.4417],[-87.859,45.4418],[-87.859,45.4417],[-87.8578,45.4417]]],[[[-87.859,45.4418],[-87.8641,45.442],[-87.8641,45.4419],[-87.859,45.4418]]],[[[-87.9765,45.4969],[-87.9765,45.497],[-87.9766,45.4969],[-87.9765,45.4969]]],[[[-87.9884,45.4979],[-87.9888,45.5006],[-87.9892,45.4979],[-87.9884,45.4979]]],[[[-87.9766,45.5005],[-87.9768,45.5041],[-87.9769,45.5041],[-87.9766,45.5005]]],[[[-87.9667,45.504],[-87.9667,45.5041],[-87.9718,45.5041],[-87.9667,45.504]]],[[[-87.9609,45.5076],[-87.9611,45.511],[-87.9611,45.511],[-87.9609,45.5076]]],[[[-88.0177,45.5115],[-88.0178,45.515],[-88.0178,45.5115],[-88.0177,45.5115]]],[[[-88.0926,45.5169],[-88.0978,45.517],[-88.0926,45.5168],[-88.0926,45.5169]]],[[[-87.9006,45.5143],[-87.9003,45.5147],[-87.9006,45.5145],[-87.9006,45.5143]]],[[[-87.901,45.5152],[-87.901,45.5152],[-87.901,45.5141],[-87.901,45.5152]]],[[[-88.0187,45.5434],[-88.02,45.5382],[-88.0227,45.5366],[-88.02,45.5382],[-88.0187,45.5434]]],[[[-88.0079,45.5578],[-88.0084,45.5579],[-88.0082,45.5578],[-88.0079,45.5578]]],[[[-88.0094,45.5584],[-88.0098,45.5585],[-88.0096,45.5584],[-88.0094,45.5584]]],[[[-88.0106,45.5589],[-88.0125,45.5597],[-88.012,45.5595],[-88.0106,45.5589]]],[[[-88.0079,45.5606],[-88.0094,45.5607],[-88.0094,45.5606],[-88.0079,45.5606]]],[[[-88.1059,45.5668],[-88.1091,45.5668],[-88.1091,45.5664],[-88.1059,45.5668]]],[[[-88.039,45.5683],[-88.0398,45.5693],[-88.039,45.5682],[-88.039,45.5683]]],[[[-88.1341,45.575],[-88.1348,45.5742],[-88.1342,45.5742],[-88.1341,45.575]]]]},"properties":{"PROP_NAME":"PIKE WILD RIVER","ACRES":17.55,"PUBLIC_ACCESS":"Open to Hiking Only. Closed to Fishing, Hunting and Trapping","TRANS_TYPE":2}},{"type":"Feature","geometry":{"type":"Polygon","coordinates":[[[-88.4589,45.9038],[-88.4589,45.9086],[-88.4549,45.9109],[-88.459,45.9086],[-88.4589,45.9038]]]},"properties":{"PROP_NAME":"PINE-POPPLE WILD RIVERS","ACRES":1.26,"PUBLIC_ACCESS":"Open to Hiking Only. Closed to Fishing, Hunting and Trapping","TRANS_TYPE":2}},{"type":"Feature","geometry":{"type":"Polygon","coordinates":[[[-89.1854,44.2],[-89.186,44.2029],[-89.1865,44.2007],[-89.184,44.1992],[-89.1854,44.2]]]},"properties":{"PROP_NAME":"PINE RIVER SYSTEM FISHERY AREA","ACRES":5.43,"PUBLIC_ACCESS":"Open to Hiking and Fishing Only. Closed to Hunting and Trapping","TRANS_TYPE":2}},{"type":"Feature","geometry":{"type":"MultiPolygon","coordinates":[[[[-89.1488,44.1852],[-89.1489,44.1812],[-89.1482,44.1849],[-89.1488,44.1852]]],[[[-89.209,44.1831],[-89.209,44.185],[-89.2091,44.185],[-89.209,44.1831]]],[[[-89.199,44.2102],[-89.1989,44.2138],[-89.1991,44.2102],[-89.199,44.2102]]]]},"properties":{"PROP_NAME":"PINE RIVER SYSTEM FISHERY AREA","ACRES":2.72,"PUBLIC_ACCESS":"Open to Hiking Only. Closed to Fishing, Hunting and Trapping","TRANS_TYPE":2}},{"type":"Feature","geometry":{"type":"Polygon","coordinates":[[[-89.3129,44.9431],[-89.3147,44.9428],[-89.3107,44.9422],[-89.3129,44.9431]]]},"properties":{"PROP_NAME":"PLOVER RIVER FISHERY AREA","ACRES":2.7,"PUBLIC_ACCESS":"Open to Hiking and Fishing Only. Closed to Hunting and Trapping","TRANS_TYPE":2}},{"type":"Feature","geometry":{"type":"MultiPolygon","coordinates":[[[[-89.4585,45.3651],[-89.4607,45.3647],[-89.4571,45.3633],[-89.4573,45.3564],[-89.4637,45.3544],[-89.4569,45.3562],[-89.4565,45.3633],[-89.4585,45.3651]]],[[[-89.5278,45.3081],[-89.5302,45.3077],[-89.5307,45.3052],[-89.5344,45.3044],[-89.534,45.3011],[-89.5277,45.3036],[-89.5343,45.3029],[-89.5278,45.3081]]],[[[-89.4914,45.3118],[-89.4912,45.3131],[-89.4934,45.3151],[-89.4914,45.3118]]],[[[-89.4969,45.3127],[-89.4964,45.3144],[-89.4979,45.3153],[-89.4957,45.3116],[-89.4969,45.3127]]],[[[-89.4708,45.3283],[-89.4694,45.3293],[-89.4743,45.3265],[-89.4716,45.3235],[-89.4725,45.3221],[-89.4711,45.3235],[-89.4738,45.3265],[-89.4708,45.3283]]],[[[-89.551,45.3351],[-89.553,45.3373],[-89.549,45.3346],[-89.5536,45.3373],[-89.5515,45.3348],[-89.5488,45.3344],[-89.551,45.3351]],[[-89.4608,45.3709],[-89.4613,45.3726],[-89.4603,45.3707],[-89.4608,45.3709]]],[[[-89.4564,45.3795],[-89.4584,45.3793],[-89.4554,45.3793],[-89.4564,45.3795]]],[[[-89.4503,45.3838],[-89.4518,45.3832],[-89.4508,45.382],[-89.452,45.3804],[-89.4503,45.3838]]],[[[-89.4514,45.3838],[-89.4527,45.3804],[-89.4512,45.3815],[-89.4514,45.3838]]],[[[-89.4368,45.3898],[-89.4339,45.3911],[-89.4413,45.3902],[-89.4449,45.3856],[-89.4411,45.3901],[-89.4368,45.3898]]],[[[-89.4346,45.3909],[-89.4346,45.3932],[-89.4352,45.3907],[-89.4417,45.3906],[-89.4449,45.3862],[-89.4416,45.3905],[-89.4346,45.3909]]],[[[-89.4025,45.4176],[-89.404,45.4175],[-89.4042,45.4169],[-89.4025,45.4176]]]]},"properties":{"PROP_NAME":"PRAIRIE RIVER FISHERY AREA","ACRES":82.27,"PUBLIC_ACCESS":"Open to Hiking and Fishing Only. Closed to Hunting and Trapping","TRANS_TYPE":2}},{"type":"Feature","geometry":{"type":"MultiPolygon","coordinates":[[[[-89.5692,45.3608],[-89.5714,45.3618],[-89.5745,45.3627],[-89.5692,45.3608]]],[[[-89.4638,45.3547],[-89.4655,45.3545],[-89.4655,45.3545],[-89.4638,45.3547]]]]},"properties":{"PROP_NAME":"PRAIRIE RIVER FISHERY AREA","ACRES":0.86,"PUBLIC_ACCESS":"Open to Hiking Only. Closed to Fishing, Hunting and Trapping","TRANS_TYPE":2}},{"type":"Feature","geometry":{"type":"Polygon","coordinates":[[[-88.988,45.1436],[-88.9881,45.1439],[-88.9885,45.1439],[-88.988,45.1436]]]},"properties":{"PROP_NAME":"RABES LAKE FISHERY AREA","ACRES":0.14,"PUBLIC_ACCESS":"Open to Hiking and Fishing Only. Closed to Hunting and Trapping","TRANS_TYPE":2}},{"type":"Feature","geometry":{"type":"MultiPolygon","coordinates":[[[[-89.1559,44.3061],[-89.1597,44.3047],[-89.1557,44.305],[-89.1559,44.3061]]],[[[-89.1577,44.2955],[-89.1584,44.2959],[-89.1584,44.2949],[-89.1577,44.2955]]]]},"properties":{"PROP_NAME":"RADLEY CREEK FISHERY AREA","ACRES":11.51,"PUBLIC_ACCESS":"Open to Hiking and Fishing Only. Closed to Hunting and Trapping","TRANS_TYPE":2}},{"type":"Feature","geometry":{"type":"Polygon","coordinates":[[[-90.1346,45.2355],[-90.1364,45.2338],[-90.1345,45.2339],[-90.1346,45.2355]]]},"properties":{"PROP_NAME":"RIB RIVER FISHERY AREA","ACRES":6.24,"PUBLIC_ACCESS":"Open to Hiking and Fishing Only. Closed to Hunting and Trapping","TRANS_TYPE":2}},{"type":"Feature","geometry":{"type":"MultiPolygon","coordinates":[[[[-89.3045,44.4895],[-89.3074,44.49],[-89.3045,44.4852],[-89.2994,44.483],[-89.3013,44.4847],[-89.3007,44.4879],[-89.3045,44.4895]],[[-89.3042,44.4867],[-89.3029,44.4867],[-89.3026,44.486],[-89.3042,44.4867]]],[[[-89.3378,44.5215],[-89.3359,44.5161],[-89.3352,44.517],[-89.3378,44.5215]]]]},"properties":{"PROP_NAME":"RICHARD A HEMP FISHERY AREA","ACRES":53.01,"PUBLIC_ACCESS":"Open to Hiking and Fishing Only. Closed to Hunting and Trapping","TRANS_TYPE":2}},{"type":"Feature","geometry":{"type":"Polygon","coordinates":[[[-89.3608,43.4481],[-89.3613,43.4481],[-89.3609,43.4478],[-89.3608,43.4481]]]},"properties":{"PROP_NAME":"ROCKY RUN CREEK FISHERY AREA","ACRES":0.15,"PUBLIC_ACCESS":"Open to Hiking Only. Closed to Fishing, Hunting and Trapping","TRANS_TYPE":2}},{"type":"Feature","geometry":{"type":"MultiPolygon","coordinates":[[[[-89.4037,43.3889],[-89.4077,43.3869],[-89.4037,43.3888],[-89.4011,43.3881],[-89.4037,43.3889]]],[[[-89.4316,43.3879],[-89.4325,43.3871],[-89.4302,43.388],[-89.4316,43.3879]]],[[[-89.4276,43.3869],[-89.4276,43.3873],[-89.4286,43.388],[-89.4276,43.3869]]],[[[-89.3942,43.3869],[-89.3934,43.3863],[-89.3928,43.3864],[-89.3942,43.3869]]],[[[-89.3942,43.3869],[-89.3949,43.3861],[-89.3942,43.3863],[-89.3942,43.3869]]],[[[-89.3942,43.3862],[-89.3942,43.3862],[-89.3928,43.3862],[-89.3942,43.3862]]]]},"properties":{"PROP_NAME":"ROWAN CREEK FISHERY AREA","ACRES":7.01,"PUBLIC_ACCESS":"Open to Hiking and Fishing Only. Closed to Hunting and Trapping","TRANS_TYPE":2}},{"type":"Feature","geometry":{"type":"MultiPolygon","coordinates":[[[[-91.5934,45.1928],[-91.5972,45.1909],[-91.6125,45.1914],[-91.6286,45.1895],[-91.6084,45.1912],[-91.5969,45.1905],[-91.5934,45.1928]]],[[[-91.6791,45.1716],[-91.6816,45.1696],[-91.678,45.1717],[-91.6791,45.1716]]],[[[-91.6132,45.1738],[-91.6189,45.173],[-91.6145,45.1738],[-91.6051,45.1724],[-91.6132,45.1738]]],[[[-91.6715,45.1738],[-91.6763,45.1724],[-91.672,45.1728],[-91.6715,45.1738]]],[[[-91.6215,45.1744],[-91.6346,45.1732],[-91.6197,45.1735],[-91.6215,45.1744]]],[[[-91.6544,45.1759],[-91.6551,45.1755],[-91.65,45.1748],[-91.6544,45.1759]]],[[[-91.6349,45.1857],[-91.6378,45.1846],[-91.639,45.1816],[-91.6423,45.1793],[-91.6382,45.1813],[-91.6376,45.1839],[-91.6349,45.1857]]],[[[-91.6292,45.1893],[-91.6316,45.1887],[-91.6331,45.1861],[-91.6292,45.1893]]],[[[-91.5881,45.1942],[-91.5881,45.1946],[-91.5926,45.1929],[-91.5881,45.1942]]]]},"properties":{"PROP_NAME":"SAND CREEK FISHERY AREA","ACRES":101.81,"PUBLIC_ACCESS":"Open to Hiking and Fishing Only. Closed to Hunting and Trapping","TRANS_TYPE":2}},{"type":"Feature","geometry":{"type":"MultiPolygon","coordinates":[[[[-91.9386,45.7681],[-91.9371,45.7716],[-91.9388,45.7703],[-91.9386,45.7681]]],[[[-91.9561,45.786],[-91.9572,45.7857],[-91.9551,45.7837],[-91.9561,45.786]]]]},"properties":{"PROP_NAME":"SAWYER CREEK FISHERY AREA","ACRES":9.58,"PUBLIC_ACCESS":"Open to Hiking and Fishing Only. Closed to Hunting and Trapping","TRANS_TYPE":2}},{"type":"Feature","geometry":{"type":"MultiPolygon","coordinates":[[[[-91.8299,46.1121],[-91.8299,46.114],[-91.8336,46.1071],[-91.8314,46.1091],[-91.832,46.1111],[-91.8299,46.1121]]],[[[-91.8356,46.1062],[-91.8378,46.1044],[-91.8364,46.1044],[-91.8356,46.1062]]],[[[-91.8283,46.1101],[-91.8275,46.1077],[-91.8247,46.1076],[-91.8271,46.108],[-91.8283,46.1101]],[[-91.8479,46.1097],[-91.8482,46.1106],[-91.8456,46.1079],[-91.8479,46.1097]]]]},"properties":{"PROP_NAME":"SHELL CREEK FISHERY AREA","ACRES":24.1,"PUBLIC_ACCESS":"Open to Hiking and Fishing Only. Closed to Hunting and Trapping","TRANS_TYPE":2}},{"type":"Feature","geometry":{"type":"MultiPolygon","coordinates":[[[[-88.3857,45.01],[-88.3839,45.0137],[-88.3855,45.0104],[-88.3876,45.0102],[-88.3869,45.0061],[-88.3873,45.0101],[-88.3857,45.01]]],[[[-88.387,45.0081],[-88.3869,45.0102],[-88.3875,45.0085],[-88.387,45.0081]]],[[[-88.3916,45.0181],[-88.396,45.0198],[-88.391,45.0178],[-88.3916,45.0181]]],[[[-88.391,45.0182],[-88.393,45.0194],[-88.396,45.0201],[-88.391,45.0182]]],[[[-88.4658,45.0484],[-88.4661,45.0487],[-88.4661,45.048],[-88.4658,45.0484]]],[[[-88.469,45.0517],[-88.4711,45.0538],[-88.4704,45.0517],[-88.469,45.0517]]],[[[-88.4684,45.0516],[-88.471,45.0543],[-88.4699,45.052],[-88.4684,45.0516]]],[[[-88.471,45.055],[-88.4708,45.0551],[-88.471,45.0554],[-88.471,45.055]]],[[[-88.4709,45.0563],[-88.4704,45.0572],[-88.4709,45.0576],[-88.4709,45.0563]]],[[[-88.471,45.0545],[-88.4698,45.0571],[-88.4709,45.058],[-88.471,45.0545]]],[[[-88.4709,45.0586],[-88.4704,45.0596],[-88.4709,45.0601],[-88.4709,45.0586]]],[[[-88.4706,45.0615],[-88.4703,45.0621],[-88.4708,45.0624],[-88.4706,45.0615]]],[[[-88.4707,45.0608],[-88.4696,45.062],[-88.4708,45.0633],[-88.4707,45.0608]]]]},"properties":{"PROP_NAME":"SOUTH BRANCH OCONTO RIVER FISHERY AREA","ACRES":25.57,"PUBLIC_ACCESS":"Open to Hiking and Fishing Only. Closed to Hunting and Trapping","TRANS_TYPE":2}},{"type":"Feature","geometry":{"type":"Polygon","coordinates":[[[-88.3866,45.0061],[-88.3881,45.0062],[-88.3873,45.0054],[-88.3866,45.0061]]]},"properties":{"PROP_NAME":"SOUTH BRANCH OCONTO RIVER FISHERY AREA","ACRES":0.62,"PUBLIC_ACCESS":"Open to Hiking Only. Closed to Fishing, Hunting and Trapping","TRANS_TYPE":2}},{"type":"Feature","geometry":{"type":"MultiPolygon","coordinates":[[[[-91.2387,46.7758],[-91.2388,46.7783],[-91.2408,46.7783],[-91.2396,46.7748],[-91.2387,46.7758]]],[[[-91.2439,46.7581],[-91.2383,46.7599],[-91.2446,46.758],[-91.2439,46.7581]]],[[[-91.2364,46.7599],[-91.2383,46.7607],[-91.2379,46.76],[-91.2364,46.7599]]],[[[-91.2472,46.7854],[-91.249,46.7866],[-91.249,46.7851],[-91.246,46.7846],[-91.2465,46.7862],[-91.2472,46.7854]]]]},"properties":{"PROP_NAME":"SOUTH SHORE LAKE SUPERIOR FISHERY AREA - CRANBERRY RIVER UNIT","ACRES":24.400000000000002,"PUBLIC_ACCESS":"Open to Hiking and Fishing Only. Closed to Hunting and Trapping","TRANS_TYPE":2}},{"type":"Feature","geometry":{"type":"Polygon","coordinates":[[[-91.3512,46.7779],[-91.3525,46.7788],[-91.3475,46.776],[-91.3512,46.7779]],[[-91.3456,46.7748],[-91.3458,46.7751],[-91.3459,46.774],[-91.3456,46.7748]],[[-91.3667,46.7785],[-91.3682,46.778],[-91.3632,46.7781],[-91.3667,46.7785]]]},"properties":{"PROP_NAME":"SOUTH SHORE LAKE SUPERIOR FISHERY AREA - FLAG RIVER UNIT","ACRES":10.51,"PUBLIC_ACCESS":"Open to Hiking and Fishing Only. Closed to Hunting and Trapping","TRANS_TYPE":2}},{"type":"Feature","geometry":{"type":"MultiPolygon","coordinates":[[[[-90.882,46.7291],[-90.8791,46.7312],[-90.8831,46.7291],[-90.8815,46.7311],[-90.8827,46.731],[-90.8835,46.7285],[-90.882,46.7291]]],[[[-90.9688,46.6837],[-90.9701,46.6819],[-90.9708,46.6831],[-90.973,46.6815],[-90.9707,46.6828],[-90.9698,46.6816],[-90.9695,46.6835],[-90.9682,46.6826],[-90.9688,46.6837]]],[[[-90.9482,46.6897],[-90.9485,46.6922],[-90.9484,46.6897],[-90.9508,46.6895],[-90.9482,46.6897]]],[[[-90.9754,46.7032],[-90.9765,46.7032],[-90.9726,46.7027],[-90.9754,46.7032]]],[[[-90.9768,46.7032],[-90.9778,46.7032],[-90.9778,46.7028],[-90.9768,46.7032]]],[[[-90.9333,46.7028],[-90.9346,46.7064],[-90.9348,46.7043],[-90.9333,46.7028]]],[[[-90.9929,46.7132],[-90.9934,46.7129],[-90.9916,46.7122],[-90.9929,46.7132]]]]},"properties":{"PROP_NAME":"SOUTH SHORE LAKE SUPERIOR FISHERY AREA - SIOUX RIVER UNIT","ACRES":31.76,"PUBLIC_ACCESS":"Open to Hiking and Fishing Only. Closed to Hunting and Trapping","TRANS_TYPE":2}},{"type":"Feature","geometry":{"type":"MultiPolygon","coordinates":[[[[-91.2597,46.8253],[-91.2653,46.8253],[-91.2596,46.8252],[-91.2597,46.8253]]],[[[-91.2441,46.7516],[-91.2455,46.7515],[-91.2441,46.7515],[-91.2441,46.7516]]],[[[-91.2438,46.7535],[-91.2439,46.7543],[-91.2445,46.7533],[-91.2438,46.7535]]],[[[-91.269,46.7925],[-91.269,46.7928],[-91.2741,46.7929],[-91.269,46.7925]]]]},"properties":{"PROP_NAME":"SOUTH SHORE LAKE SUPERIOR FISHERY AREA - CRANBERRY RIVER UNIT","ACRES":2.89,"PUBLIC_ACCESS":"Open to Hiking Only. Closed to Fishing, Hunting and Trapping","TRANS_TYPE":2}},{"type":"Feature","geometry":{"type":"Polygon","coordinates":[[[-91.1,46.5471],[-91.0948,46.5471],[-91.0948,46.5472],[-91.1,46.5471]]]},"properties":{"PROP_NAME":"SOUTH SHORE LAKE SUPERIOR FISHERY AREA - FISH CREEK UNIT","ACRES":1.48,"PUBLIC_ACCESS":"Open to Hiking Only. Closed to Fishing, Hunting and Trapping","TRANS_TYPE":2}},{"type":"Feature","geometry":{"type":"Polygon","coordinates":[[[-91.0045,44.3854],[-91.005,44.3853],[-91.005,44.3852],[-91.0045,44.3854]]]},"properties":{"PROP_NAME":"TANK CREEK FISHERY AREA","ACRES":0.11,"PUBLIC_ACCESS":"Open to Hiking Only. Closed to Fishing, Hunting and Trapping","TRANS_TYPE":2}},{"type":"Feature","geometry":{"type":"MultiPolygon","coordinates":[[[[-89.2036,44.523],[-89.1973,44.5184],[-89.1945,44.5139],[-89.1863,44.5095],[-89.1886,44.5041],[-89.183,44.5107],[-89.1659,44.5072],[-89.1684,44.5057],[-89.1683,44.504],[-89.1634,44.51],[-89.1577,44.5094],[-89.1618,44.5115],[-89.1647,44.51],[-89.1657,44.5075],[-89.1792,44.5112],[-89.1861,44.51],[-89.1872,44.512],[-89.1947,44.5148],[-89.1948,44.5172],[-89.2036,44.523]]],[[[-89.1534,44.5102],[-89.1567,44.5094],[-89.1534,44.5094],[-89.1534,44.5102]]],[[[-89.151,44.5091],[-89.1533,44.5102],[-89.1493,44.5076],[-89.1506,44.5056],[-89.1493,44.504],[-89.1482,44.5081],[-89.151,44.5091]]]]},"properties":{"PROP_NAME":"TROUT-NACE CREEK FISHERY AREA","ACRES":125.91,"PUBLIC_ACCESS":"Open to Hiking and Fishing Only. Closed to Hunting and Trapping","TRANS_TYPE":2}},{"type":"Feature","geometry":{"type":"MultiPolygon","coordinates":[[[[-89.634,43.824],[-89.6352,43.824],[-89.6333,43.8224],[-89.6343,43.8178],[-89.6332,43.8164],[-89.6328,43.8224],[-89.634,43.824]]],[[[-89.6331,43.815],[-89.6338,43.8165],[-89.6346,43.8145],[-89.6331,43.815]]],[[[-89.636,43.8246],[-89.6371,43.8253],[-89.6352,43.824],[-89.636,43.8246]]]]},"properties":{"PROP_NAME":"UPPER NEENAH FISHERY AREA","ACRES":14.870000000000001,"PUBLIC_ACCESS":"Open to Hiking and Fishing Only. Closed to Hunting and Trapping","TRANS_TYPE":2}},{"type":"Feature","geometry":{"type":"MultiPolygon","coordinates":[[[[-88.7634,45.3252],[-88.7658,45.3269],[-88.7643,45.3257],[-88.7671,45.3231],[-88.7678,45.3182],[-88.7715,45.3177],[-88.7744,45.3152],[-88.7758,45.3105],[-88.7815,45.3103],[-88.7733,45.3094],[-88.7706,45.3111],[-88.7676,45.3094],[-88.7663,45.3022],[-88.7708,45.2988],[-88.7703,45.2917],[-88.7704,45.2982],[-88.7655,45.3017],[-88.7667,45.3036],[-88.7655,45.3055],[-88.7673,45.3071],[-88.7672,45.3096],[-88.7703,45.3114],[-88.7747,45.3098],[-88.7748,45.3134],[-88.7714,45.3173],[-88.7673,45.3179],[-88.7661,45.3235],[-88.764,45.3251],[-88.7609,45.3239],[-88.7634,45.3252]]],[[[-88.676,45.1317],[-88.6765,45.1321],[-88.6764,45.1317],[-88.676,45.1317]]],[[[-88.7294,45.1645],[-88.7294,45.168],[-88.7306,45.1682],[-88.7294,45.1645]]],[[[-88.728,45.1663],[-88.7279,45.1681],[-88.7292,45.1681],[-88.728,45.1651],[-88.728,45.1663]]],[[[-88.7858,45.3033],[-88.7838,45.3059],[-88.7873,45.3031],[-88.7959,45.3039],[-88.7965,45.2996],[-88.7957,45.3036],[-88.7858,45.3033]]],[[[-89.1284,45.3907],[-89.1332,45.3928],[-89.1332,45.3919],[-89.1284,45.3907]]],[[[-89.128,45.3917],[-89.1282,45.3927],[-89.1332,45.3939],[-89.128,45.3917]]]]},"properties":{"PROP_NAME":"UPPER WOLF RIVER FISHERY AREA","ACRES":120.98,"PUBLIC_ACCESS":"Open to Hiking and Fishing Only. Closed to Hunting and Trapping","TRANS_TYPE":2}},{"type":"Feature","geometry":{"type":"MultiPolygon","coordinates":[[[[-88.7632,45.1902],[-88.7658,45.1962],[-88.768,45.1981],[-88.7632,45.1902]]],[[[-88.7892,45.2521],[-88.7873,45.2525],[-88.7901,45.2521],[-88.7892,45.2521]]],[[[-88.7968,45.2657],[-88.7917,45.2658],[-88.803,45.2656],[-88.7968,45.2657]]],[[[-88.7666,45.2825],[-88.7713,45.2823],[-88.7613,45.2805],[-88.7666,45.2825]],[[-88.8822,45.3017],[-88.8825,45.3095],[-88.8815,45.3066],[-88.8826,45.3022],[-88.88,45.2994],[-88.8822,45.3017]]],[[[-88.8569,45.3084],[-88.8577,45.3092],[-88.8589,45.3098],[-88.8569,45.3084]]],[[[-88.8918,45.3345],[-88.8915,45.3354],[-88.8917,45.3351],[-88.8918,45.3345]]],[[[-88.8719,45.3387],[-88.872,45.3388],[-88.8722,45.3386],[-88.8719,45.3387]]],[[[-88.9243,45.3419],[-88.9254,45.3423],[-88.9222,45.3409],[-88.9225,45.3377],[-88.9207,45.3351],[-88.922,45.3409],[-88.9243,45.3419]]],[[[-89.0237,45.3787],[-89.0237,45.3787],[-89.0288,45.3787],[-89.0237,45.3787]]]]},"properties":{"PROP_NAME":"UPPER WOLF RIVER FISHERY AREA","ACRES":12.370000000000001,"PUBLIC_ACCESS":"Open to Hiking Only. Closed to Fishing, Hunting and Trapping","TRANS_TYPE":2}},{"type":"Feature","geometry":{"type":"Polygon","coordinates":[[[-89.1735,44.3769],[-89.1784,44.3805],[-89.1766,44.3775],[-89.1735,44.3769]]]},"properties":{"PROP_NAME":"WAUPACA RIVER FISHERY AREA","ACRES":8.700000000000001,"PUBLIC_ACCESS":"Open to Hiking and Fishing Only. Closed to Hunting and Trapping","TRANS_TYPE":2}},{"type":"Feature","geometry":{"type":"Polygon","coordinates":[[[-89.1156,44.3537],[-89.1156,44.3539],[-89.1182,44.3539],[-89.1156,44.3537]]]},"properties":{"PROP_NAME":"WAUPACA RIVER FISHERY AREA","ACRES":1,"PUBLIC_ACCESS":"Open to Hiking Only. Closed to Fishing, Hunting and Trapping","TRANS_TYPE":2}},{"type":"Feature","geometry":{"type":"Polygon","coordinates":[[[-91.8153,45.9425],[-91.8109,45.9494],[-91.8168,45.9417],[-91.8137,45.938],[-91.8165,45.9411],[-91.8153,45.9425]]]},"properties":{"PROP_NAME":"WHALEN CREEK FISHERY AREA","ACRES":14.530000000000001,"PUBLIC_ACCESS":"Open to Hiking and Fishing Only. Closed to Hunting and Trapping","TRANS_TYPE":2}},{"type":"Feature","geometry":{"type":"MultiPolygon","coordinates":[[[[-90.9452,46.4753],[-90.9452,46.4826],[-90.9505,46.4826],[-90.9453,46.4825],[-90.9453,46.4717],[-90.9452,46.4753]]],[[[-90.9661,46.4849],[-90.9662,46.4846],[-90.9661,46.4846],[-90.9661,46.4849]],[[-90.9958,46.485],[-90.9976,46.4857],[-90.987,46.4815],[-90.9958,46.485]]],[[[-90.9452,46.4899],[-90.9454,46.4912],[-90.9454,46.4862],[-90.9452,46.4899]]],[[[-90.9244,46.4899],[-90.9245,46.4917],[-90.9245,46.4863],[-90.9244,46.4899]]],[[[-90.8869,46.5054],[-90.8924,46.5049],[-90.8926,46.5032],[-90.8922,46.5048],[-90.8869,46.5054]]]]},"properties":{"PROP_NAME":"WHITE RIVER FISHERY AREA-BAYFIELD","ACRES":11.120000000000001,"PUBLIC_ACCESS":"Open to Hiking Only. Closed to Fishing, Hunting and Trapping","TRANS_TYPE":2}},{"type":"Feature","geometry":{"type":"MultiPolygon","coordinates":[[[[-89.3125,44.0793],[-89.3101,44.0793],[-89.3101,44.0829],[-89.3126,44.0829],[-89.3125,44.0793]]],[[[-89.2927,44.0492],[-89.2932,44.0486],[-89.2923,44.0486],[-89.2927,44.0492]]],[[[-89.3167,44.0523],[-89.3175,44.0517],[-89.3125,44.0503],[-89.3131,44.052],[-89.3167,44.0523]]]]},"properties":{"PROP_NAME":"WHITE RIVER FISHERY AREA-WAUSHARA","ACRES":34.53,"PUBLIC_ACCESS":"Open to Hiking and Fishing Only. Closed to Hunting and Trapping","TRANS_TYPE":2}},{"type":"Feature","geometry":{"type":"MultiPolygon","coordinates":[[[[-89.3428,44.0461],[-89.3461,44.046],[-89.3429,44.046],[-89.3428,44.0442],[-89.3428,44.0461]]],[[[-89.3378,44.0498],[-89.3412,44.0499],[-89.3379,44.0498],[-89.3378,44.0498]],[[-89.3703,44.053],[-89.3704,44.0477],[-89.3728,44.0477],[-89.3706,44.0476],[-89.3716,44.0446],[-89.3703,44.053]]],[[[-89.3175,44.0549],[-89.3177,44.0554],[-89.3209,44.0555],[-89.3175,44.0549]]],[[[-89.3802,44.0584],[-89.3804,44.0586],[-89.3804,44.0584],[-89.3802,44.0584]]],[[[-89.2876,44.0627],[-89.2892,44.0627],[-89.2892,44.0626],[-89.2876,44.0627]]],[[[-89.2773,44.0842],[-89.2773,44.0854],[-89.2774,44.0854],[-89.2773,44.0842]]]]},"properties":{"PROP_NAME":"WHITE RIVER FISHERY AREA-WAUSHARA","ACRES":6.3,"PUBLIC_ACCESS":"Open to Hiking Only. Closed to Fishing, Hunting and Trapping","TRANS_TYPE":2}},{"type":"Feature","geometry":{"type":"MultiPolygon","coordinates":[[[[-90.2369,43.4057],[-90.2403,43.4041],[-90.2396,43.4027],[-90.2385,43.4033],[-90.236,43.3962],[-90.2382,43.3934],[-90.2399,43.3936],[-90.2394,43.3951],[-90.2415,43.3948],[-90.2397,43.3948],[-90.2401,43.3933],[-90.2358,43.395],[-90.2367,43.4],[-90.2316,43.399],[-90.2378,43.4007],[-90.238,43.4034],[-90.2398,43.4041],[-90.2369,43.4057]],[[-90.2368,43.4004],[-90.2367,43.4002],[-90.2368,43.4002],[-90.2368,43.4004]]],[[[-90.284,43.3398],[-90.2856,43.3402],[-90.2831,43.3396],[-90.2847,43.3353],[-90.2893,43.3318],[-90.2833,43.3358],[-90.2826,43.3396],[-90.284,43.3398]]],[[[-90.3073,43.3864],[-90.3081,43.3873],[-90.3092,43.3855],[-90.3084,43.3825],[-90.3106,43.3834],[-90.3065,43.38],[-90.3087,43.3854],[-90.3073,43.3864]]],[[[-90.2267,43.3983],[-90.2267,43.3984],[-90.2272,43.3984],[-90.2267,43.3983]]],[[[-90.2367,43.4078],[-90.2363,43.4071],[-90.2361,43.4077],[-90.2367,43.4078]]],[[[-90.2117,43.4272],[-90.215,43.4265],[-90.214,43.4259],[-90.2117,43.4272]]],[[[-90.2397,43.4297],[-90.2408,43.4299],[-90.2388,43.4289],[-90.2425,43.4257],[-90.2401,43.4241],[-90.2416,43.4221],[-90.2398,43.4169],[-90.2376,43.4164],[-90.2387,43.4155],[-90.2379,43.413],[-90.2371,43.4165],[-90.2393,43.417],[-90.2412,43.4224],[-90.2398,43.4241],[-90.2422,43.4258],[-90.2386,43.4289],[-90.2397,43.4297]]],[[[-90.1845,43.4572],[-90.1876,43.4566],[-90.1818,43.4567],[-90.1845,43.4572]]],[[[-90.1972,43.4585],[-90.1967,43.4596],[-90.2067,43.4567],[-90.1972,43.4585]]],[[[-90.1961,43.4598],[-90.1917,43.4667],[-90.1966,43.4611],[-90.1961,43.4598]]]]},"properties":{"PROP_NAME":"WILLOW CREEK FISHERY AREA - RICHLAND AND SAUK CO","ACRES":110.8,"PUBLIC_ACCESS":"Open to Hiking and Fishing Only. Closed to Hunting and Trapping","TRANS_TYPE":2}},{"type":"Feature","geometry":{"type":"Polygon","coordinates":[[[-90.2419,43.3959],[-90.2428,43.3952],[-90.2419,43.3953],[-90.2419,43.3959]]]},"properties":{"PROP_NAME":"WILLOW CREEK FISHERY AREA - RICHLAND AND SAUK CO","ACRES":0.65,"PUBLIC_ACCESS":"Open to Hiking Only. Closed to Fishing, Hunting and Trapping","TRANS_TYPE":2}},{"type":"Feature","geometry":{"type":"MultiPolygon","coordinates":[[[[-89.1466,44.0626],[-89.1486,44.0625],[-89.1485,44.0588],[-89.145,44.0588],[-89.142,44.0553],[-89.1413,44.0568],[-89.1435,44.0575],[-89.1435,44.06],[-89.1465,44.06],[-89.1466,44.0626]]],[[[-89.0768,44.0477],[-89.0818,44.0462],[-89.0773,44.0467],[-89.0768,44.0477]]],[[[-89.1076,44.0493],[-89.1158,44.0495],[-89.1169,44.0482],[-89.1068,44.0483],[-89.1076,44.0493]]],[[[-89.1482,44.0573],[-89.1485,44.056],[-89.148,44.0569],[-89.1444,44.0553],[-89.1482,44.0573]]]]},"properties":{"PROP_NAME":"WILLOW CREEK FISHERY AREA - WAUSHARA CO","ACRES":62.690000000000005,"PUBLIC_ACCESS":"Open to Hiking and Fishing Only. Closed to Hunting and Trapping","TRANS_TYPE":2}},{"type":"Feature","geometry":{"type":"MultiPolygon","coordinates":[[[[-89.0741,44.0448],[-89.0742,44.0465],[-89.0743,44.0448],[-89.0767,44.0448],[-89.0741,44.0448]]],[[[-89.0616,44.0473],[-89.0616,44.0483],[-89.0617,44.0483],[-89.0616,44.0473]]],[[[-89.0642,44.0501],[-89.0643,44.0519],[-89.0643,44.0501],[-89.0642,44.0501]]]]},"properties":{"PROP_NAME":"WILLOW CREEK FISHERY AREA - WAUSHARA CO","ACRES":1.3900000000000001,"PUBLIC_ACCESS":"Open to Hiking Only. Closed to Fishing, Hunting and Trapping","TRANS_TYPE":2}},{"type":"Feature","geometry":{"type":"MultiPolygon","coordinates":[[[[-91.9229,45.538],[-91.9244,45.5387],[-91.9194,45.537],[-91.9194,45.5388],[-91.9229,45.538]]],[[[-91.9197,45.5454],[-91.9196,45.546],[-91.9202,45.546],[-91.9197,45.5454]]]]},"properties":{"PROP_NAME":"YELLOW RIVER FISHERY AREA","ACRES":3.24,"PUBLIC_ACCESS":"Open to Hiking and Fishing Only. Closed to Hunting and Trapping","TRANS_TYPE":2}},{"type":"Feature","geometry":{"type":"MultiPolygon","coordinates":[[[[-91.8995,45.5212],[-91.8995,45.5213],[-91.9003,45.5213],[-91.8995,45.5212]]],[[[-91.8992,45.5172],[-91.8997,45.5172],[-91.8997,45.517],[-91.8992,45.5172]]]]},"properties":{"PROP_NAME":"YELLOW RIVER FISHERY AREA","ACRES":0.44,"PUBLIC_ACCESS":"Open to Hiking Only. Closed to Fishing, Hunting and Trapping","TRANS_TYPE":2}},{"type":"Feature","geometry":{"type":"MultiPolygon","coordinates":[[[[-90.3875,46.0228],[-90.3867,46.024],[-90.3896,46.0225],[-90.3922,46.0169],[-90.3875,46.0228]]],[[[-90.3852,46.0342],[-90.3864,46.0336],[-90.3858,46.031],[-90.3852,46.0342]]],[[[-90.3905,46.0368],[-90.3929,46.0382],[-90.3885,46.0354],[-90.3905,46.0368]]]]},"properties":{"PROP_NAME":"REM-RAPID CREEK","ACRES":21.87,"PUBLIC_ACCESS":"Open to Hiking and Fishing Only. Closed to Hunting and Trapping","TRANS_TYPE":2}},{"type":"Feature","geometry":{"type":"MultiPolygon","coordinates":[[[[-91.5407,44.9496],[-91.5447,44.9484],[-91.5407,44.9485],[-91.5407,44.9496]]],[[[-91.5465,44.9441],[-91.5467,44.9447],[-91.5491,44.9456],[-91.5465,44.9441]]],[[[-91.5394,44.9502],[-91.5391,44.9514],[-91.5409,44.9498],[-91.5492,44.9483],[-91.5394,44.9502]]]]},"properties":{"PROP_NAME":"REM-ELK CREEK ","ACRES":10.290000000000001,"PUBLIC_ACCESS":"Open to Hiking and Fishing Only. Closed to Hunting and Trapping","TRANS_TYPE":2}},{"type":"Feature","geometry":{"type":"MultiPolygon","coordinates":[[[[-91.6285,45.1908],[-91.626,45.1924],[-91.6265,45.1953],[-91.6241,45.1966],[-91.6271,45.1958],[-91.6292,45.1895],[-91.6285,45.1908]]],[[[-91.6208,45.2039],[-91.6223,45.2035],[-91.6215,45.2015],[-91.6241,45.197],[-91.6208,45.2008],[-91.6214,45.2032],[-91.6191,45.2037],[-91.6208,45.2039]]]]},"properties":{"PROP_NAME":"REM-SAND CREEK","ACRES":35.49,"PUBLIC_ACCESS":"Open to Hiking and Fishing Only. Closed to Hunting and Trapping","TRANS_TYPE":2}},{"type":"Feature","geometry":{"type":"MultiPolygon","coordinates":[[[[-90.825,44.7923],[-90.8191,44.7963],[-90.8177,44.7995],[-90.8267,44.7922],[-90.825,44.7923]]],[[[-90.8309,44.8126],[-90.8355,44.8088],[-90.8399,44.8016],[-90.8382,44.7958],[-90.8345,44.7922],[-90.8332,44.7922],[-90.8373,44.7958],[-90.8369,44.7988],[-90.8386,44.8015],[-90.8309,44.8126]]]]},"properties":{"PROP_NAME":"DICKISON CREEK-SOUTH FORK EAU CLAIRE RIVER STREAM BANK EASEMENT AREA","ACRES":83.02,"PUBLIC_ACCESS":"Open to Hiking and Fishing Only. Closed to Hunting and Trapping","TRANS_TYPE":2}},{"type":"Feature","geometry":{"type":"Polygon","coordinates":[[[-90.6578,43.364],[-90.6635,43.3609],[-90.6659,43.3572],[-90.6578,43.364]]]},"properties":{"PROP_NAME":"REM-KNAPP CREEK","ACRES":12.6,"PUBLIC_ACCESS":"Open to Hiking and Fishing Only. Closed to Hunting and Trapping","TRANS_TYPE":2}},{"type":"Feature","geometry":{"type":"Polygon","coordinates":[[[-90.666,43.3535],[-90.666,43.3571],[-90.6668,43.3555],[-90.666,43.3535]]]},"properties":{"PROP_NAME":"REM-PLUM RUN CREEK","ACRES":3.49,"PUBLIC_ACCESS":"Open to Hiking and Fishing Only. Closed to Hunting and Trapping","TRANS_TYPE":2}},{"type":"Feature","geometry":{"type":"Polygon","coordinates":[[[-90.6707,43.3535],[-90.6705,43.3545],[-90.6711,43.3549],[-90.6707,43.3535]]]},"properties":{"PROP_NAME":"REM-PLUM RUN CREEK","ACRES":1.47,"PUBLIC_ACCESS":"Open to Hiking and Fishing Only. Closed to Hunting and Trapping","TRANS_TYPE":2}},{"type":"Feature","geometry":{"type":"Polygon","coordinates":[[[-91.0798,43.3976],[-91.0823,43.3972],[-91.0786,43.3955],[-91.0761,43.3968],[-91.0787,43.3959],[-91.0798,43.3976]]]},"properties":{"PROP_NAME":"REM-RUSH CREEK","ACRES":7.3100000000000005,"PUBLIC_ACCESS":"Open to Hiking and Fishing Only. Closed to Hunting and Trapping","TRANS_TYPE":2}},{"type":"Feature","geometry":{"type":"Polygon","coordinates":[[[-89.7943,43.07],[-89.7939,43.0678],[-89.793,43.0687],[-89.7943,43.07]]]},"properties":{"PROP_NAME":"REM-ELVERS CREEK","ACRES":4.41,"PUBLIC_ACCESS":"Open to Hiking and Fishing Only. Closed to Hunting and Trapping","TRANS_TYPE":2}},{"type":"Feature","geometry":{"type":"Polygon","coordinates":[[[-89.7564,43.1119],[-89.7561,43.1152],[-89.7566,43.1152],[-89.7564,43.1119]],[[-89.7554,43.1081],[-89.7566,43.1115],[-89.7545,43.1069],[-89.7554,43.1081]]]},"properties":{"PROP_NAME":"REM-VERMONT CREEK","ACRES":6.78,"PUBLIC_ACCESS":"Open to Hiking and Fishing Only. Closed to Hunting and Trapping","TRANS_TYPE":2}},{"type":"Feature","geometry":{"type":"Polygon","coordinates":[[[-91.6662,44.9131],[-91.6706,44.9138],[-91.6604,44.9134],[-91.6662,44.9131]],[[-91.6534,44.9438],[-91.6522,44.9491],[-91.6559,44.9538],[-91.6535,44.949],[-91.6542,44.9452],[-91.6549,44.9436],[-91.6575,44.9454],[-91.6583,44.9445],[-91.6561,44.9431],[-91.6534,44.9438]]]},"properties":{"PROP_NAME":"REM-ELK CREEK","ACRES":47.72,"PUBLIC_ACCESS":"Open to Hiking and Fishing Only. Closed to Hunting and Trapping","TRANS_TYPE":2}},{"type":"Feature","geometry":{"type":"Polygon","coordinates":[[[-92.1188,45.1944],[-92.1203,45.1971],[-92.1191,45.1945],[-92.1204,45.1939],[-92.1126,45.1919],[-92.1188,45.1944]],[[-92.1237,45.2029],[-92.1232,45.2038],[-92.1243,45.1991],[-92.1237,45.2029]]]},"properties":{"PROP_NAME":"REM-SOUTH FORK HAY RIVER","ACRES":9.97,"PUBLIC_ACCESS":"Open to Hiking and Fishing Only. Closed to Hunting and Trapping","TRANS_TYPE":2}},{"type":"Feature","geometry":{"type":"MultiPolygon","coordinates":[[[[-92.1405,45.2013],[-92.1315,45.1983],[-92.1281,45.1979],[-92.1405,45.2013]]],[[[-92.121,45.1952],[-92.1216,45.1955],[-92.1204,45.1939],[-92.121,45.1952]]]]},"properties":{"PROP_NAME":"REM-TORGERSON CREEK","ACRES":7.17,"PUBLIC_ACCESS":"Open to Hiking and Fishing Only. Closed to Hunting and Trapping","TRANS_TYPE":2}},{"type":"Feature","geometry":{"type":"MultiPolygon","coordinates":[[[[-90.7255,43.0194],[-90.7304,43.0189],[-90.7255,43.0189],[-90.7255,43.0194]]],[[[-90.7173,43.0197],[-90.7162,43.0201],[-90.7205,43.0194],[-90.7206,43.0182],[-90.7131,43.02],[-90.7173,43.0197]]],[[[-90.7911,43.0376],[-90.7911,43.0405],[-90.7866,43.0445],[-90.7911,43.0411],[-90.7922,43.0383],[-90.7838,43.0323],[-90.7817,43.0301],[-90.7828,43.0286],[-90.7747,43.0206],[-90.7792,43.0194],[-90.7796,43.0177],[-90.7744,43.0203],[-90.7745,43.0216],[-90.7709,43.0185],[-90.7663,43.0181],[-90.76,43.0148],[-90.7508,43.0182],[-90.7353,43.0179],[-90.7509,43.0186],[-90.7616,43.0154],[-90.7661,43.0184],[-90.7708,43.0188],[-90.7743,43.0221],[-90.776,43.0213],[-90.7778,43.0251],[-90.7823,43.0288],[-90.7813,43.0303],[-90.7869,43.0343],[-90.7876,43.0365],[-90.7911,43.0376]]],[[[-90.7856,43.0468],[-90.7892,43.0501],[-90.7914,43.0507],[-90.7856,43.0468]]],[[[-90.7965,43.0507],[-90.7953,43.0514],[-90.8044,43.0495],[-90.8027,43.0486],[-90.7965,43.0507]]],[[[-90.8248,43.0671],[-90.8262,43.0669],[-90.8247,43.0667],[-90.8244,43.064],[-90.8215,43.064],[-90.8209,43.0614],[-90.8167,43.0581],[-90.8112,43.0571],[-90.8103,43.0532],[-90.805,43.0504],[-90.8099,43.0534],[-90.8108,43.0573],[-90.8164,43.0584],[-90.8204,43.0616],[-90.8211,43.0643],[-90.824,43.0642],[-90.8248,43.0671]]]]},"properties":{"PROP_NAME":"REM-BIG GREEN RIVER","ACRES":145.78,"PUBLIC_ACCESS":"Open to Hiking and Fishing Only. Closed to Hunting and Trapping","TRANS_TYPE":2}},{"type":"Feature","geometry":{"type":"MultiPolygon","coordinates":[[[[-90.8043,43.0494],[-90.8044,43.0495],[-90.8043,43.0488],[-90.8043,43.0494]]],[[[-90.8103,43.0532],[-90.8103,43.0532],[-90.8107,43.053],[-90.8103,43.0532]]]]},"properties":{"PROP_NAME":"REM-BIG GREEN RIVER","ACRES":0.1,"PUBLIC_ACCESS":"Open to Hiking Only. Closed to Fishing, Hunting and Trapping","TRANS_TYPE":2}},{"type":"Feature","geometry":{"type":"Polygon","coordinates":[[[-90.4488,43.0481],[-90.4439,43.0491],[-90.4489,43.0487],[-90.4488,43.0481]]]},"properties":{"PROP_NAME":"REM-BIG ROCK CREEK","ACRES":5.28,"PUBLIC_ACCESS":"Open to Hiking and Fishing Only. Closed to Hunting and Trapping","TRANS_TYPE":2}},{"type":"Feature","geometry":{"type":"MultiPolygon","coordinates":[[[[-90.4462,43.086],[-90.4498,43.0881],[-90.4449,43.0847],[-90.4415,43.085],[-90.4462,43.086]]],[[[-90.4531,43.0919],[-90.454,43.0922],[-90.4506,43.0895],[-90.4531,43.0919]]],[[[-90.4576,43.0973],[-90.4591,43.097],[-90.4557,43.0956],[-90.455,43.0931],[-90.455,43.0967],[-90.4576,43.0973]]],[[[-90.4693,43.1048],[-90.4743,43.104],[-90.4642,43.1],[-90.4736,43.104],[-90.4693,43.1048]]]]},"properties":{"PROP_NAME":"REM-BIG SPRING BRANCH","ACRES":29.5,"PUBLIC_ACCESS":"Open to Hiking and Fishing Only. Closed to Hunting and Trapping","TRANS_TYPE":2}},{"type":"Feature","geometry":{"type":"MultiPolygon","coordinates":[[[[-90.3882,42.9885],[-90.3885,42.9894],[-90.3894,42.9898],[-90.3882,42.9885]]],[[[-90.4076,43.0054],[-90.4147,43.0056],[-90.4175,43.0032],[-90.4232,43.0031],[-90.4285,43.0008],[-90.4173,43.0028],[-90.4145,43.0052],[-90.4085,43.0053],[-90.4047,43.0028],[-90.4044,43.0004],[-90.4011,43.0003],[-90.3946,42.9956],[-90.4004,43.0004],[-90.404,43.0007],[-90.4043,43.0031],[-90.4076,43.0054]]],[[[-90.4572,43.0242],[-90.4585,43.0247],[-90.4558,43.0218],[-90.4548,43.016],[-90.4401,43.0108],[-90.4485,43.0082],[-90.4453,43.0088],[-90.4447,43.0069],[-90.4459,43.0061],[-90.4419,43.0069],[-90.4394,43.0044],[-90.4363,43.0039],[-90.4416,43.0072],[-90.4443,43.0071],[-90.4447,43.0092],[-90.4398,43.0111],[-90.4544,43.0162],[-90.4552,43.0228],[-90.457,43.0224],[-90.4572,43.0242]]],[[[-90.4787,43.0716],[-90.4836,43.0765],[-90.4789,43.0712],[-90.4787,43.0716]]],[[[-90.4836,43.0887],[-90.4835,43.0934],[-90.4873,43.0965],[-90.484,43.0933],[-90.4838,43.0899],[-90.489,43.0804],[-90.4887,43.0779],[-90.4867,43.0768],[-90.4851,43.077],[-90.4883,43.078],[-90.4885,43.0803],[-90.4836,43.0887]]],[[[-90.4733,43.1527],[-90.4851,43.1522],[-90.4835,43.15],[-90.4838,43.1517],[-90.4812,43.1519],[-90.4749,43.1501],[-90.4774,43.1517],[-90.4733,43.1527]]],[[[-90.4881,43.1543],[-90.4888,43.1537],[-90.4853,43.1523],[-90.4881,43.1543]]]]},"properties":{"PROP_NAME":"REM-BLUE RIVER","ACRES":144.04,"PUBLIC_ACCESS":"Open to Hiking and Fishing Only. Closed to Hunting and Trapping","TRANS_TYPE":2}},{"type":"Feature","geometry":{"type":"MultiPolygon","coordinates":[[[[-90.4681,43.0313],[-90.4682,43.0354],[-90.4684,43.0354],[-90.4681,43.0313]]],[[[-90.456,43.0191],[-90.4559,43.0195],[-90.4564,43.0196],[-90.456,43.0191]]],[[[-90.4836,43.0757],[-90.4845,43.0763],[-90.4845,43.0757],[-90.4836,43.0757]]],[[[-90.4847,43.0763],[-90.4851,43.0767],[-90.4852,43.0763],[-90.4847,43.0763]]]]},"properties":{"PROP_NAME":"REM-BLUE RIVER","ACRES":2.83,"PUBLIC_ACCESS":"Open to Hiking Only. Closed to Fishing, Hunting and Trapping","TRANS_TYPE":2}},{"type":"Feature","geometry":{"type":"MultiPolygon","coordinates":[[[[-90.538,43.0468],[-90.5428,43.0439],[-90.5501,43.0419],[-90.5506,43.043],[-90.5502,43.0418],[-90.5548,43.0407],[-90.5553,43.0395],[-90.5539,43.0406],[-90.5533,43.0395],[-90.557,43.0352],[-90.5528,43.0409],[-90.5482,43.0418],[-90.5468,43.0392],[-90.5477,43.0386],[-90.5466,43.0387],[-90.5481,43.0428],[-90.5425,43.0436],[-90.538,43.0468]]],[[[-90.5469,43.0333],[-90.5465,43.035],[-90.5472,43.035],[-90.5469,43.0333]]],[[[-90.5288,43.0467],[-90.5294,43.0482],[-90.5298,43.048],[-90.5288,43.0467]]]]},"properties":{"PROP_NAME":"REM-CASTLE ROCK CREEK","ACRES":37.83,"PUBLIC_ACCESS":"Open to Hiking and Fishing Only. Closed to Hunting and Trapping","TRANS_TYPE":2}},{"type":"Feature","geometry":{"type":"MultiPolygon","coordinates":[[[[-90.541,43.0462],[-90.5443,43.0461],[-90.5406,43.0461],[-90.541,43.0462]]],[[[-90.5471,43.0435],[-90.5472,43.0452],[-90.5472,43.0435],[-90.5471,43.0435]]]]},"properties":{"PROP_NAME":"REM-CASTLE ROCK CREEK","ACRES":1.71,"PUBLIC_ACCESS":"Open to Hiking Only. Closed to Fishing, Hunting and Trapping","TRANS_TYPE":2}},{"type":"Feature","geometry":{"type":"MultiPolygon","coordinates":[[[[-90.7085,43.1237],[-90.7131,43.1236],[-90.7267,43.1192],[-90.7235,43.1228],[-90.7308,43.1177],[-90.7085,43.1237]]],[[[-90.6921,43.0898],[-90.6911,43.0902],[-90.6958,43.0901],[-90.6883,43.0865],[-90.6859,43.0886],[-90.6892,43.0873],[-90.6941,43.0895],[-90.6921,43.0898]]],[[[-90.6963,43.092],[-90.6981,43.0962],[-90.6962,43.1005],[-90.6984,43.1019],[-90.6967,43.1004],[-90.6985,43.0955],[-90.6963,43.092]]],[[[-90.7035,43.1109],[-90.7047,43.1121],[-90.7029,43.1103],[-90.7035,43.1087],[-90.7024,43.1103],[-90.7035,43.1109]]]]},"properties":{"PROP_NAME":"REM-CROOKED CREEK","ACRES":54.85,"PUBLIC_ACCESS":"Open to Hiking and Fishing Only. Closed to Hunting and Trapping","TRANS_TYPE":2}},{"type":"Feature","geometry":{"type":"Polygon","coordinates":[[[-90.5476,43.0317],[-90.5472,43.0336],[-90.5494,43.031],[-90.5471,43.0268],[-90.5489,43.0309],[-90.5471,43.0306],[-90.5476,43.0317]],[[-90.5457,43.0357],[-90.5477,43.0386],[-90.5458,43.0367],[-90.5471,43.035],[-90.5457,43.0357]]]},"properties":{"PROP_NAME":"REM-DOC SMITH BRANCH","ACRES":14.93,"PUBLIC_ACCESS":"Open to Hiking and Fishing Only. Closed to Hunting and Trapping","TRANS_TYPE":2}},{"type":"Feature","geometry":{"type":"Polygon","coordinates":[[[-90.7996,42.8536],[-90.8114,42.8536],[-90.8134,42.8515],[-90.8133,42.8429],[-90.8129,42.8513],[-90.811,42.8533],[-90.7996,42.8536]]]},"properties":{"PROP_NAME":"LITTLE GRANT RIVER STREAM BANK EASEMENT AREA","ACRES":21.43,"PUBLIC_ACCESS":"Open to Hiking and Fishing Only. Closed to Hunting and Trapping","TRANS_TYPE":2}},{"type":"Feature","geometry":{"type":"MultiPolygon","coordinates":[[[[-90.5447,42.6567],[-90.5524,42.6587],[-90.5499,42.6598],[-90.5494,42.6648],[-90.5463,42.667],[-90.547,42.6687],[-90.5445,42.668],[-90.5449,42.6695],[-90.5408,42.6718],[-90.5388,42.6778],[-90.5392,42.676],[-90.5407,42.6762],[-90.5412,42.672],[-90.5455,42.6696],[-90.5447,42.6683],[-90.5475,42.6688],[-90.5465,42.667],[-90.5498,42.6649],[-90.5504,42.6599],[-90.553,42.6595],[-90.5533,42.6583],[-90.5447,42.6567]]],[[[-90.5438,42.6843],[-90.543,42.6853],[-90.5489,42.6834],[-90.5445,42.6842],[-90.5413,42.6826],[-90.5423,42.6813],[-90.5536,42.679],[-90.5578,42.6743],[-90.5622,42.6729],[-90.564,42.6705],[-90.5587,42.667],[-90.5635,42.6705],[-90.5625,42.6722],[-90.5576,42.6741],[-90.5533,42.6787],[-90.5434,42.6802],[-90.5408,42.6827],[-90.5438,42.6843]]],[[[-90.5028,42.6589],[-90.5019,42.6602],[-90.5094,42.6571],[-90.5126,42.658],[-90.5103,42.6556],[-90.5018,42.6557],[-90.5006,42.6546],[-90.5015,42.6528],[-90.4997,42.6526],[-90.501,42.6529],[-90.5002,42.6549],[-90.5015,42.656],[-90.5109,42.6566],[-90.5028,42.6589]]],[[[-90.6388,42.7937],[-90.6389,42.7948],[-90.6389,42.7933],[-90.6272,42.7841],[-90.6239,42.7848],[-90.6292,42.786],[-90.6309,42.7877],[-90.6294,42.7878],[-90.6388,42.7937]]],[[[-90.5558,42.7157],[-90.5582,42.7155],[-90.5581,42.7134],[-90.5607,42.7109],[-90.5578,42.713],[-90.5576,42.7154],[-90.5492,42.7144],[-90.5558,42.7157]]],[[[-90.544,42.6562],[-90.5382,42.653],[-90.5365,42.6545],[-90.538,42.6534],[-90.544,42.6562]]],[[[-90.4941,42.6638],[-90.4995,42.6618],[-90.4946,42.6638],[-90.4897,42.663],[-90.4941,42.6638]]],[[[-90.5446,42.7204],[-90.5456,42.7175],[-90.5442,42.7152],[-90.5382,42.7146],[-90.5442,42.7157],[-90.5446,42.7204]]],[[[-90.5303,42.7203],[-90.5278,42.7213],[-90.5347,42.7208],[-90.5303,42.7203]]],[[[-90.5538,42.6595],[-90.5538,42.6594],[-90.5534,42.6595],[-90.5538,42.6595]]]]},"properties":{"PROP_NAME":"REM-LITTLE PLATTE RIVER","ACRES":159.51,"PUBLIC_ACCESS":"Open to Hiking and Fishing Only. Closed to Hunting and Trapping","TRANS_TYPE":2}},{"type":"Feature","geometry":{"type":"MultiPolygon","coordinates":[[[[-90.4861,42.808],[-90.4861,42.809],[-90.488,42.8075],[-90.4866,42.8055],[-90.4875,42.8074],[-90.4861,42.808]]],[[[-90.4807,42.7766],[-90.4809,42.7767],[-90.4809,42.7765],[-90.4807,42.7766]]]]},"properties":{"PROP_NAME":"HEADWATERS LITTLE PLATTE RIVER STREAM BANK EASEMENT AREA","ACRES":5.21,"PUBLIC_ACCESS":"Open to Hiking and Fishing Only. Closed to Hunting and Trapping","TRANS_TYPE":2}},{"type":"Feature","geometry":{"type":"Polygon","coordinates":[[[-90.4651,42.6708],[-90.4652,42.6708],[-90.4652,42.6707],[-90.4651,42.6708]]]},"properties":{"PROP_NAME":"REM-LITTLE PLATTE RIVER","ACRES":0.02,"PUBLIC_ACCESS":"Open to Hiking Only. Closed to Fishing, Hunting and Trapping","TRANS_TYPE":2}},{"type":"Feature","geometry":{"type":"MultiPolygon","coordinates":[[[[-90.9336,43.0359],[-90.9376,43.0354],[-90.9345,43.0356],[-90.93,43.0314],[-90.9289,43.026],[-90.9324,43.0212],[-90.9427,43.0162],[-90.9404,43.0144],[-90.9385,43.014],[-90.9423,43.016],[-90.932,43.0209],[-90.9285,43.0257],[-90.9295,43.0314],[-90.9259,43.0315],[-90.9228,43.0295],[-90.9255,43.0318],[-90.9318,43.0328],[-90.9336,43.0359]]],[[[-90.9358,43.0144],[-90.9376,43.0142],[-90.9376,43.0108],[-90.9375,43.0137],[-90.936,43.0138],[-90.9346,43.0075],[-90.9327,43.0071],[-90.9342,43.0077],[-90.9358,43.0144]]],[[[-90.9358,43.0144],[-90.9345,43.0144],[-90.9358,43.0144],[-90.9358,43.0144]]]]},"properties":{"PROP_NAME":"REM-MILLVILLE CREEK","ACRES":60.58,"PUBLIC_ACCESS":"Open to Hiking and Fishing Only. Closed to Hunting and Trapping","TRANS_TYPE":2}},{"type":"Feature","geometry":{"type":"Polygon","coordinates":[[[-90.7244,42.8869],[-90.725,42.8867],[-90.7244,42.8867],[-90.7244,42.8869]]]},"properties":{"PROP_NAME":"HEADWATERS GRANT RIVER STREAM BANK EASEMENT AREA","ACRES":0.16,"PUBLIC_ACCESS":"Open to Hiking and Fishing Only. Closed to Hunting and Trapping","TRANS_TYPE":2}},{"type":"Feature","geometry":{"type":"Polygon","coordinates":[[[-90.4443,43.112],[-90.4521,43.1085],[-90.4602,43.1084],[-90.4583,43.1103],[-90.4629,43.1075],[-90.4398,43.1104],[-90.4466,43.1107],[-90.4443,43.112]]]},"properties":{"PROP_NAME":"REM-SIX MILE BRANCH","ACRES":27.400000000000002,"PUBLIC_ACCESS":"Open to Hiking and Fishing Only. Closed to Hunting and Trapping","TRANS_TYPE":2}},{"type":"Feature","geometry":{"type":"Polygon","coordinates":[[[-90.4498,43.1112],[-90.4498,43.1115],[-90.4497,43.1094],[-90.4498,43.1112]]]},"properties":{"PROP_NAME":"REM-SIX MILE BRANCH","ACRES":0.6,"PUBLIC_ACCESS":"Open to Hiking Only. Closed to Fishing, Hunting and Trapping","TRANS_TYPE":2}},{"type":"Feature","geometry":{"type":"MultiPolygon","coordinates":[[[[-90.4393,43.0859],[-90.4416,43.0853],[-90.4407,43.085],[-90.4393,43.0859]]],[[[-90.426,43.0822],[-90.4268,43.0823],[-90.424,43.0811],[-90.426,43.0822]]],[[[-90.4498,43.0881],[-90.4506,43.0895],[-90.4513,43.0895],[-90.4498,43.0881]]]]},"properties":{"PROP_NAME":"REM-BIG SPRING CREEK","ACRES":5.16,"PUBLIC_ACCESS":"Open to Hiking and Fishing Only. Closed to Hunting and Trapping","TRANS_TYPE":2}},{"type":"Feature","geometry":{"type":"Polygon","coordinates":[[[-90.2482,43.0616],[-90.2494,43.061],[-90.2411,43.0585],[-90.2482,43.0616]]]},"properties":{"PROP_NAME":"REM-DICKINSON CREEK","ACRES":9.39,"PUBLIC_ACCESS":"Open to Hiking and Fishing Only. Closed to Hunting and Trapping","TRANS_TYPE":2}},{"type":"Feature","geometry":{"type":"MultiPolygon","coordinates":[[[[-90.2401,43.0136],[-90.241,43.0142],[-90.2397,43.011],[-90.2396,43.0134],[-90.2353,43.0124],[-90.2347,43.0095],[-90.2314,43.0069],[-90.235,43.0128],[-90.2401,43.0136]]],[[[-90.2286,43.0036],[-90.2293,43.0036],[-90.2264,43.0011],[-90.2286,43.0036]]],[[[-90.2394,43.0105],[-90.2414,43.0096],[-90.2383,43.0087],[-90.2376,43.0055],[-90.2366,43.0067],[-90.2394,43.0105]]],[[[-90.2413,43.0151],[-90.2397,43.0162],[-90.2396,43.0182],[-90.2413,43.0151]]]]},"properties":{"PROP_NAME":"REM-HARKER CREEK","ACRES":36.22,"PUBLIC_ACCESS":"Open to Hiking and Fishing Only. Closed to Hunting and Trapping","TRANS_TYPE":2}},{"type":"Feature","geometry":{"type":"Polygon","coordinates":[[[-90.2349,43.0101],[-90.2357,43.0097],[-90.2354,43.0093],[-90.2349,43.0101]]]},"properties":{"PROP_NAME":"REM-HARKER CREEK","ACRES":0.18,"PUBLIC_ACCESS":"Open to Hiking Only. Closed to Fishing, Hunting and Trapping","TRANS_TYPE":2}},{"type":"Feature","geometry":{"type":"MultiPolygon","coordinates":[[[[-90.2558,43.0619],[-90.2628,43.0591],[-90.2559,43.0547],[-90.2559,43.056],[-90.2587,43.0561],[-90.2585,43.0576],[-90.2624,43.0595],[-90.2607,43.0588],[-90.2603,43.0607],[-90.2579,43.0601],[-90.2558,43.0619]]],[[[-90.261,43.0398],[-90.2635,43.0386],[-90.2619,43.0354],[-90.261,43.0364],[-90.263,43.0388],[-90.261,43.0398]]],[[[-90.2563,43.0515],[-90.256,43.053],[-90.2615,43.0464],[-90.2561,43.0398],[-90.261,43.0461],[-90.2563,43.0515]]]]},"properties":{"PROP_NAME":"REM-OTTERS CREEK","ACRES":44.07,"PUBLIC_ACCESS":"Open to Hiking and Fishing Only. Closed to Hunting and Trapping","TRANS_TYPE":2}},{"type":"Feature","geometry":{"type":"Polygon","coordinates":[[[-90.2875,43.0817],[-90.288,43.0838],[-90.2878,43.0811],[-90.2954,43.0803],[-90.2855,43.0812],[-90.2875,43.0817]]]},"properties":{"PROP_NAME":"REM-POMPEY PILLAR CREEK","ACRES":12.08,"PUBLIC_ACCESS":"Open to Hiking and Fishing Only. Closed to Hunting and Trapping","TRANS_TYPE":2}},{"type":"Feature","geometry":{"type":"Polygon","coordinates":[[[-90.8696,44.3471],[-90.8708,44.3497],[-90.8701,44.347],[-90.8722,44.3474],[-90.8633,44.3424],[-90.8696,44.3471]]]},"properties":{"PROP_NAME":"REM-ALLEN CREEK","ACRES":14.48,"PUBLIC_ACCESS":"Open to Hiking Only. Closed to Fishing, Hunting and Trapping","TRANS_TYPE":2}},{"type":"Feature","geometry":{"type":"Polygon","coordinates":[[[-90.9986,44.1094],[-90.9986,44.1072],[-90.9969,44.1072],[-90.9963,44.1085],[-90.9986,44.1094]]]},"properties":{"PROP_NAME":"ROARING CREEK-BLACK RIVER STREAM BANK EASEMENT AREA","ACRES":7.68,"PUBLIC_ACCESS":"Open to Hiking and Fishing Only. Closed to Hunting and Trapping","TRANS_TYPE":2}},{"type":"Feature","geometry":{"type":"MultiPolygon","coordinates":[[[[-90.9487,44.397],[-90.9487,44.4007],[-90.9488,44.3934],[-90.9487,44.397]]],[[[-90.9743,44.4021],[-90.9744,44.4022],[-90.9744,44.4018],[-90.9743,44.4021]]]]},"properties":{"PROP_NAME":"REM-S BRANCH TREMPEALEAU RIVER","ACRES":1.11,"PUBLIC_ACCESS":"Open to Hiking Only. Closed to Fishing, Hunting and Trapping","TRANS_TYPE":2}},{"type":"Feature","geometry":{"type":"MultiPolygon","coordinates":[[[[-90.2776,43.8895],[-90.2823,43.8887],[-90.2835,43.8863],[-90.2823,43.8855],[-90.2838,43.8852],[-90.2845,43.8826],[-90.292,43.8822],[-90.292,43.8812],[-90.2841,43.8823],[-90.2817,43.8854],[-90.2825,43.8875],[-90.279,43.8893],[-90.2697,43.8875],[-90.2776,43.8895]]],[[[-90.2617,43.8899],[-90.2642,43.8899],[-90.2657,43.8872],[-90.2694,43.887],[-90.2653,43.8867],[-90.2649,43.8889],[-90.2617,43.8899]]]]},"properties":{"PROP_NAME":"FOUNTAIN CREEK-LITTLE LEMONWEIR RIVER STREAM BANK EASEMENT AREA","ACRES":53.97,"PUBLIC_ACCESS":"Open to Hiking and Fishing Only. Closed to Hunting and Trapping","TRANS_TYPE":2}},{"type":"Feature","geometry":{"type":"MultiPolygon","coordinates":[[[[-90.8063,43.8438],[-90.8086,43.8424],[-90.809,43.8384],[-90.8063,43.8438]]],[[[-90.7398,43.8108],[-90.7412,43.8105],[-90.7342,43.8092],[-90.7398,43.8108]]],[[[-90.8064,43.8458],[-90.8096,43.8492],[-90.8063,43.8439],[-90.8064,43.8458]]]]},"properties":{"PROP_NAME":"REM-LITTLE LACROSSE RIVER","ACRES":21.580000000000002,"PUBLIC_ACCESS":"Open to Hiking and Fishing Only. Closed to Hunting and Trapping","TRANS_TYPE":2}},{"type":"Feature","geometry":{"type":"MultiPolygon","coordinates":[[[[-89.3339,44.4364],[-89.3349,44.436],[-89.3296,44.4331],[-89.3199,44.4324],[-89.3196,44.4305],[-89.3197,44.4328],[-89.3294,44.4333],[-89.3339,44.4364]]],[[[-89.3457,44.436],[-89.3425,44.4324],[-89.3428,44.4344],[-89.3401,44.436],[-89.344,44.4343],[-89.3457,44.436]]]]},"properties":{"PROP_NAME":"REM-LEARY CREEK","ACRES":24.93,"PUBLIC_ACCESS":"Open to Hiking and Fishing Only. Closed to Hunting and Trapping","TRANS_TYPE":2}},{"type":"Feature","geometry":{"type":"Polygon","coordinates":[[[-89.5137,44.2899],[-89.5173,44.2914],[-89.5139,44.2877],[-89.5137,44.2899]]]},"properties":{"PROP_NAME":"REM-TEN MILE CREEK-NORTH BRANCH","ACRES":5.28,"PUBLIC_ACCESS":"Open to Hiking and Fishing Only. Closed to Hunting and Trapping","TRANS_TYPE":2}},{"type":"Feature","geometry":{"type":"Polygon","coordinates":[[[-89.52,44.2949],[-89.52,44.295],[-89.5232,44.2949],[-89.52,44.2949]]]},"properties":{"PROP_NAME":"REM-TEN MILE CREEK-NORTH BRANCH","ACRES":0.31,"PUBLIC_ACCESS":"Open to Hiking Only. Closed to Fishing, Hunting and Trapping","TRANS_TYPE":2}},{"type":"Feature","geometry":{"type":"MultiPolygon","coordinates":[[[[-90.5368,45.6696],[-90.5407,45.6744],[-90.5373,45.6698],[-90.5409,45.6672],[-90.5384,45.6636],[-90.5394,45.6669],[-90.5368,45.6696]]],[[[-90.5326,45.6525],[-90.5305,45.6471],[-90.5338,45.6453],[-90.5336,45.6409],[-90.5311,45.6382],[-90.5326,45.6391],[-90.5334,45.6436],[-90.53,45.6472],[-90.5309,45.6522],[-90.5326,45.6525]]]]},"properties":{"PROP_NAME":"REM-CARPENTER CREEK","ACRES":48.980000000000004,"PUBLIC_ACCESS":"Open to Hiking and Fishing Only. Closed to Hunting and Trapping","TRANS_TYPE":2}},{"type":"Feature","geometry":{"type":"MultiPolygon","coordinates":[[[[-90.6471,43.499],[-90.6502,43.5018],[-90.6451,43.4977],[-90.6419,43.4978],[-90.6396,43.5005],[-90.6365,43.4986],[-90.6365,43.4999],[-90.6341,43.4998],[-90.639,43.5009],[-90.6438,43.498],[-90.6471,43.499]]],[[[-90.5764,43.4931],[-90.5757,43.495],[-90.5799,43.4974],[-90.5762,43.4949],[-90.5775,43.4939],[-90.5764,43.4931]]],[[[-90.6494,43.5023],[-90.6504,43.5025],[-90.6502,43.5018],[-90.6494,43.5023]]]]},"properties":{"PROP_NAME":"REM-CAMP CREEK","ACRES":29.21,"PUBLIC_ACCESS":"Open to Hiking and Fishing Only. Closed to Hunting and Trapping","TRANS_TYPE":2}},{"type":"Feature","geometry":{"type":"Polygon","coordinates":[[[-90.6494,43.5021],[-90.6495,43.502],[-90.649,43.5018],[-90.6494,43.5021]]]},"properties":{"PROP_NAME":"REM-CAMP CREEK","ACRES":0.12,"PUBLIC_ACCESS":"Open to Hiking Only. Closed to Fishing, Hunting and Trapping","TRANS_TYPE":2}},{"type":"Feature","geometry":{"type":"MultiPolygon","coordinates":[[[[-90.6464,43.452],[-90.6481,43.4511],[-90.6432,43.4501],[-90.6476,43.4511],[-90.6464,43.452]]],[[[-90.6925,43.4657],[-90.6925,43.4662],[-90.6927,43.4663],[-90.6925,43.4657]]],[[[-90.7006,43.4647],[-90.7051,43.4663],[-90.7007,43.4646],[-90.6929,43.4657],[-90.7006,43.4647]],[[-90.7074,43.4659],[-90.7081,43.4663],[-90.7065,43.4663],[-90.7074,43.4659]]],[[[-90.6897,43.4678],[-90.6935,43.4665],[-90.6894,43.4677],[-90.6852,43.4657],[-90.6854,43.4636],[-90.6821,43.4645],[-90.679,43.4631],[-90.6794,43.4609],[-90.6695,43.4578],[-90.6699,43.4525],[-90.6735,43.4493],[-90.6709,43.4505],[-90.6685,43.4557],[-90.669,43.4579],[-90.6793,43.4611],[-90.6791,43.4635],[-90.6897,43.4678]]],[[[-90.6916,43.4725],[-90.6955,43.4723],[-90.6917,43.4725],[-90.6952,43.4678],[-90.6942,43.4664],[-90.6916,43.4725]]]]},"properties":{"PROP_NAME":"REM-ELK CREEK ","ACRES":49.35,"PUBLIC_ACCESS":"Open to Hiking and Fishing Only. Closed to Hunting and Trapping","TRANS_TYPE":2}},{"type":"Feature","geometry":{"type":"Polygon","coordinates":[[[-90.4018,43.5391],[-90.4056,43.5361],[-90.4006,43.5383],[-90.4018,43.5391]]]},"properties":{"PROP_NAME":"REM-ENGINE CREEK","ACRES":5.73,"PUBLIC_ACCESS":"Open to Hiking and Fishing Only. Closed to Hunting and Trapping","TRANS_TYPE":2}},{"type":"Feature","geometry":{"type":"MultiPolygon","coordinates":[[[[-90.4798,43.4194],[-90.479,43.4201],[-90.4888,43.4155],[-90.486,43.4155],[-90.4798,43.4194]]],[[[-90.4702,43.424],[-90.4693,43.4251],[-90.4753,43.4227],[-90.4702,43.424]]],[[[-90.4693,43.4264],[-90.4726,43.4263],[-90.4693,43.4252],[-90.4693,43.4264]]],[[[-90.4693,43.4261],[-90.4662,43.4264],[-90.4666,43.4265],[-90.4693,43.4261]]]]},"properties":{"PROP_NAME":"REM-FANCY CREEK","ACRES":21.16,"PUBLIC_ACCESS":"Open to Hiking and Fishing Only. Closed to Hunting and Trapping","TRANS_TYPE":2}},{"type":"Feature","geometry":{"type":"MultiPolygon","coordinates":[[[[-90.479,43.4197],[-90.4747,43.4227],[-90.4753,43.4227],[-90.479,43.4197]]],[[[-90.4781,43.4191],[-90.478,43.4192],[-90.479,43.4192],[-90.4781,43.4191]]]]},"properties":{"PROP_NAME":"REM-FANCY CREEK","ACRES":4.7700000000000005,"PUBLIC_ACCESS":"Open to Hiking Only. Closed to Fishing, Hunting and Trapping","TRANS_TYPE":2}},{"type":"Feature","geometry":{"type":"MultiPolygon","coordinates":[[[[-90.6617,43.326],[-90.6627,43.3282],[-90.6622,43.326],[-90.6659,43.3272],[-90.6622,43.3256],[-90.6627,43.3235],[-90.6581,43.3209],[-90.6565,43.3174],[-90.6548,43.3181],[-90.662,43.3234],[-90.6609,43.3241],[-90.6617,43.326]]],[[[-90.6487,43.2838],[-90.6496,43.2859],[-90.6502,43.2845],[-90.6456,43.2834],[-90.6487,43.2838]]],[[[-90.661,43.3715],[-90.6608,43.3717],[-90.6631,43.3717],[-90.661,43.3715]]],[[[-90.6576,43.3648],[-90.6562,43.3675],[-90.6593,43.3692],[-90.6604,43.3718],[-90.6597,43.369],[-90.6566,43.3673],[-90.6576,43.3648]]],[[[-90.6567,43.3832],[-90.654,43.3867],[-90.6574,43.383],[-90.6567,43.3832]]]]},"properties":{"PROP_NAME":"REM-KNAPP CREEK","ACRES":42.75,"PUBLIC_ACCESS":"Open to Hiking and Fishing Only. Closed to Hunting and Trapping","TRANS_TYPE":2}},{"type":"Feature","geometry":{"type":"MultiPolygon","coordinates":[[[[-90.3512,43.5652],[-90.3556,43.5663],[-90.3511,43.5636],[-90.3557,43.5572],[-90.355,43.5532],[-90.3551,43.5569],[-90.3515,43.5608],[-90.3512,43.5652]]],[[[-90.3569,43.4936],[-90.3571,43.4924],[-90.3554,43.4931],[-90.3569,43.4936]]],[[[-90.3421,43.5537],[-90.3469,43.55],[-90.3416,43.55],[-90.3446,43.5513],[-90.3421,43.5537]]],[[[-90.3565,43.5577],[-90.3582,43.5591],[-90.358,43.5582],[-90.3565,43.5577]]]]},"properties":{"PROP_NAME":"REM-MILANCTHON CREEK","ACRES":32.3,"PUBLIC_ACCESS":"Open to Hiking and Fishing Only. Closed to Hunting and Trapping","TRANS_TYPE":2}},{"type":"Feature","geometry":{"type":"MultiPolygon","coordinates":[[[[-90.5465,43.379],[-90.5469,43.3757],[-90.5449,43.3727],[-90.5463,43.3715],[-90.5447,43.3717],[-90.5465,43.379]]],[[[-90.5491,43.3882],[-90.5506,43.3875],[-90.5488,43.3854],[-90.5499,43.3845],[-90.5455,43.3831],[-90.5465,43.3796],[-90.5453,43.3832],[-90.5497,43.3846],[-90.5485,43.3854],[-90.5504,43.3875],[-90.5491,43.3882]]],[[[-90.5494,43.4039],[-90.5514,43.4036],[-90.55,43.4015],[-90.5538,43.3969],[-90.5541,43.3928],[-90.5528,43.3923],[-90.5586,43.3937],[-90.5494,43.3886],[-90.5494,43.3901],[-90.5518,43.3903],[-90.5536,43.393],[-90.553,43.3977],[-90.5493,43.4021],[-90.5509,43.4034],[-90.5494,43.4039]]],[[[-90.5343,43.4147],[-90.5388,43.4147],[-90.5436,43.4124],[-90.5343,43.4147]]],[[[-90.5553,43.4188],[-90.545,43.4126],[-90.546,43.4084],[-90.5443,43.4119],[-90.5472,43.4137],[-90.5458,43.4156],[-90.5477,43.4147],[-90.5553,43.4188]]],[[[-90.5599,43.422],[-90.5602,43.4225],[-90.5604,43.4221],[-90.5599,43.422]]],[[[-90.5685,43.4293],[-90.5792,43.4284],[-90.5833,43.4249],[-90.579,43.428],[-90.5728,43.4275],[-90.5685,43.4293]]],[[[-90.5685,43.4293],[-90.566,43.4269],[-90.5606,43.4265],[-90.5604,43.4301],[-90.5621,43.4268],[-90.5647,43.4272],[-90.5647,43.4301],[-90.5659,43.4274],[-90.5685,43.4293]],[[-90.5581,43.4311],[-90.5522,43.4337],[-90.5588,43.4307],[-90.5581,43.4311]]],[[[-90.5828,43.4464],[-90.5823,43.4483],[-90.5838,43.4494],[-90.5833,43.4442],[-90.5724,43.4373],[-90.5734,43.439],[-90.5721,43.4431],[-90.5677,43.4466],[-90.5674,43.4488],[-90.5723,43.4439],[-90.5739,43.439],[-90.5829,43.4444],[-90.5828,43.4464]]]]},"properties":{"PROP_NAME":"REM-MILL CREEK","ACRES":159.47,"PUBLIC_ACCESS":"Open to Hiking and Fishing Only. Closed to Hunting and Trapping","TRANS_TYPE":2}},{"type":"Feature","geometry":{"type":"MultiPolygon","coordinates":[[[[-90.3598,43.4737],[-90.3607,43.4743],[-90.3592,43.4712],[-90.3537,43.467],[-90.3587,43.4713],[-90.3562,43.4739],[-90.3591,43.4724],[-90.3598,43.4737]]],[[[-90.3775,43.379],[-90.3766,43.3839],[-90.3782,43.3819],[-90.3775,43.379]]],[[[-90.3632,43.4033],[-90.3697,43.3994],[-90.3699,43.3943],[-90.3676,43.394],[-90.3699,43.3915],[-90.3674,43.394],[-90.3699,43.3945],[-90.3698,43.3989],[-90.3632,43.4033]]],[[[-90.363,43.4138],[-90.365,43.4152],[-90.3642,43.4142],[-90.363,43.4138]]],[[[-90.3582,43.4762],[-90.3601,43.4779],[-90.3586,43.4758],[-90.36,43.4748],[-90.3582,43.4762]]],[[[-90.5091,43.5232],[-90.5106,43.5226],[-90.5082,43.5221],[-90.5091,43.5232]],[[-90.4947,43.5295],[-90.4957,43.5306],[-90.4889,43.5242],[-90.4947,43.5295]]]]},"properties":{"PROP_NAME":"REM-PINE RIVER-YUBA","ACRES":47.730000000000004,"PUBLIC_ACCESS":"Open to Hiking and Fishing Only. Closed to Hunting and Trapping","TRANS_TYPE":2}},{"type":"Feature","geometry":{"type":"MultiPolygon","coordinates":[[[[-90.3874,43.4999],[-90.3863,43.5034],[-90.388,43.4998],[-90.3895,43.5003],[-90.3852,43.4985],[-90.3874,43.4999]]],[[[-90.3917,43.5034],[-90.3931,43.5035],[-90.393,43.5034],[-90.3917,43.5034]]],[[[-90.3953,43.5087],[-90.3987,43.5087],[-90.3987,43.5086],[-90.3953,43.5087]]],[[[-90.5081,43.5224],[-90.5078,43.5226],[-90.508,43.5235],[-90.5081,43.5224]]]]},"properties":{"PROP_NAME":"REM-PINE RIVER-YUBA","ACRES":7.92,"PUBLIC_ACCESS":"Open to Hiking Only. Closed to Fishing, Hunting and Trapping","TRANS_TYPE":2}},{"type":"Feature","geometry":{"type":"MultiPolygon","coordinates":[[[[-90.7768,45.4789],[-90.777,45.4758],[-90.7809,45.4758],[-90.7808,45.4733],[-90.7933,45.4727],[-90.7922,45.4706],[-90.7944,45.4695],[-90.7944,45.4659],[-90.8099,45.4629],[-90.8118,45.461],[-90.7941,45.4655],[-90.7939,45.4693],[-90.7916,45.4706],[-90.7929,45.4724],[-90.7805,45.473],[-90.7805,45.4753],[-90.7765,45.4756],[-90.7768,45.4789]]],[[[-90.7703,45.4812],[-90.7755,45.4795],[-90.7721,45.4799],[-90.7703,45.4812]]]]},"properties":{"PROP_NAME":"REM-MAIN CREEK","ACRES":56.69,"PUBLIC_ACCESS":"Open to Hiking and Fishing Only. Closed to Hunting and Trapping","TRANS_TYPE":2}},{"type":"Feature","geometry":{"type":"Polygon","coordinates":[[[-91.2673,45.6244],[-91.2699,45.6231],[-91.2709,45.621],[-91.2673,45.6244]]]},"properties":{"PROP_NAME":"REM-WEIRGOR RIVER","ACRES":6.5600000000000005,"PUBLIC_ACCESS":"Open to Hiking and Fishing Only. Closed to Hunting and Trapping","TRANS_TYPE":2}},{"type":"Feature","geometry":{"type":"Polygon","coordinates":[[[-89.633,43.4791],[-89.6344,43.4785],[-89.6337,43.4783],[-89.633,43.4791]]]},"properties":{"PROP_NAME":"REM-BARABOO RIVER","ACRES":0.8300000000000001,"PUBLIC_ACCESS":"Open to Hiking and Fishing Only. Closed to Hunting and Trapping","TRANS_TYPE":2}},{"type":"Feature","geometry":{"type":"MultiPolygon","coordinates":[[[[-89.6899,43.5199],[-89.7041,43.5167],[-89.7077,43.5133],[-89.7101,43.5134],[-89.708,43.5126],[-89.7038,43.5163],[-89.6899,43.5199]]],[[[-89.6887,43.5182],[-89.6897,43.5185],[-89.6901,43.5176],[-89.6887,43.5182]]],[[[-89.6747,43.5215],[-89.6773,43.5214],[-89.6807,43.5187],[-89.6848,43.5201],[-89.6805,43.5183],[-89.6747,43.5215]]]]},"properties":{"PROP_NAME":"REM-LEECH CREEK","ACRES":40.45,"PUBLIC_ACCESS":"Open to Hiking and Fishing Only. Closed to Hunting and Trapping","TRANS_TYPE":2}},{"type":"Feature","geometry":{"type":"Polygon","coordinates":[[[-89.6933,43.5195],[-89.6931,43.521],[-89.6934,43.5191],[-89.6933,43.5195]]]},"properties":{"PROP_NAME":"REM-LEECH CREEK","ACRES":0.55,"PUBLIC_ACCESS":"Open to Hiking Only. Closed to Fishing, Hunting and Trapping","TRANS_TYPE":2}},{"type":"Feature","geometry":{"type":"MultiPolygon","coordinates":[[[[-91.2407,45.6871],[-91.2447,45.6862],[-91.2407,45.6831],[-91.2399,45.6789],[-91.2406,45.6841],[-91.2441,45.6861],[-91.2407,45.6871]],[[-91.2197,45.6519],[-91.2231,45.657],[-91.2194,45.6515],[-91.2204,45.6497],[-91.2197,45.6519]]],[[[-91.2239,45.6568],[-91.2234,45.657],[-91.2252,45.657],[-91.2239,45.6568]]],[[[-91.2364,45.6971],[-91.2405,45.6971],[-91.2367,45.6967],[-91.2387,45.6898],[-91.2367,45.6911],[-91.2364,45.6971]]]]},"properties":{"PROP_NAME":"REM-MAPLE CREEK","ACRES":39,"PUBLIC_ACCESS":"Open to Hiking and Fishing Only. Closed to Hunting and Trapping","TRANS_TYPE":2}},{"type":"Feature","geometry":{"type":"MultiPolygon","coordinates":[[[[-90.1191,45.2751],[-90.1171,45.2804],[-90.1197,45.275],[-90.1228,45.2733],[-90.1191,45.2751]]],[[[-90.1337,45.2472],[-90.1328,45.2483],[-90.1352,45.2471],[-90.1376,45.2483],[-90.1357,45.2472],[-90.1355,45.2447],[-90.1337,45.2472]]],[[[-90.1268,45.2697],[-90.1268,45.2709],[-90.1274,45.27],[-90.1268,45.2697]]]]},"properties":{"PROP_NAME":"REM-WOOD RIVER","ACRES":20.46,"PUBLIC_ACCESS":"Open to Hiking and Fishing Only. Closed to Hunting and Trapping","TRANS_TYPE":2}},{"type":"Feature","geometry":{"type":"Polygon","coordinates":[[[-91.5191,44.578],[-91.5291,44.5781],[-91.5291,44.5767],[-91.5191,44.5767],[-91.5191,44.578]]]},"properties":{"PROP_NAME":"REM-BUFFALO RIVER","ACRES":29.26,"PUBLIC_ACCESS":"Open to Hiking and Fishing Only. Closed to Hunting and Trapping","TRANS_TYPE":2}},{"type":"Feature","geometry":{"type":"Polygon","coordinates":[[[-91.2926,44.5966],[-91.3015,44.5963],[-91.2989,44.594],[-91.2867,44.5932],[-91.2926,44.5966]]]},"properties":{"PROP_NAME":"REM-PINE CREEK","ACRES":61.74,"PUBLIC_ACCESS":"Open to Hiking and Fishing Only. Closed to Hunting and Trapping","TRANS_TYPE":2}},{"type":"Feature","geometry":{"type":"Polygon","coordinates":[[[-90.9965,43.708],[-90.9972,43.7089],[-90.9966,43.7079],[-90.9965,43.708]]]},"properties":{"PROP_NAME":"REM-COON CREEK","ACRES":0.3,"PUBLIC_ACCESS":"Open to Hiking Only. Closed to Fishing, Hunting and Trapping","TRANS_TYPE":2}},{"type":"Feature","geometry":{"type":"Polygon","coordinates":[[[-90.8014,43.6066],[-90.8024,43.6064],[-90.8014,43.6037],[-90.8049,43.5999],[-90.8014,43.6034],[-90.7925,43.603],[-90.7967,43.6068],[-90.7953,43.6035],[-90.7998,43.6038],[-90.7999,43.6056],[-90.8009,43.6037],[-90.8023,43.6061],[-90.8014,43.6066]],[[-90.8391,43.6051],[-90.8375,43.6037],[-90.8395,43.603],[-90.8346,43.6053],[-90.8368,43.6036],[-90.8391,43.6051]]]},"properties":{"PROP_NAME":"REM-SEAS BRANCH CREEK","ACRES":26.54,"PUBLIC_ACCESS":"Open to Hiking and Fishing Only. Closed to Hunting and Trapping","TRANS_TYPE":2}},{"type":"Feature","geometry":{"type":"Polygon","coordinates":[[[-90.7999,43.6056],[-90.8005,43.6057],[-90.8005,43.6046],[-90.7999,43.6056]]]},"properties":{"PROP_NAME":"REM-SEAS BRANCH CREEK","ACRES":1.21,"PUBLIC_ACCESS":"Open to Hiking Only. Closed to Fishing, Hunting and Trapping","TRANS_TYPE":2}},{"type":"Feature","geometry":{"type":"MultiPolygon","coordinates":[[[[-90.7634,43.5612],[-90.7648,43.5612],[-90.7648,43.561],[-90.7634,43.5612]]],[[[-90.7623,43.5618],[-90.7631,43.5612],[-90.7617,43.5601],[-90.7623,43.5618]]],[[[-90.7614,43.5638],[-90.7624,43.5663],[-90.7629,43.5623],[-90.7614,43.5638]]],[[[-90.7797,43.5905],[-90.7785,43.5912],[-90.7899,43.5891],[-90.7797,43.5905]],[[-90.776,43.5909],[-90.779,43.5922],[-90.775,43.5907],[-90.776,43.5909]]],[[[-90.779,43.5924],[-90.7793,43.5924],[-90.7791,43.5923],[-90.779,43.5924]]],[[[-90.7801,43.6192],[-90.7834,43.6174],[-90.7806,43.6118],[-90.7829,43.6174],[-90.7801,43.6192]]],[[[-90.7713,43.6374],[-90.7723,43.6378],[-90.7685,43.635],[-90.7705,43.6302],[-90.7673,43.6367],[-90.7713,43.6374]]],[[[-90.7779,43.6533],[-90.7804,43.6539],[-90.7775,43.6507],[-90.781,43.6437],[-90.777,43.6507],[-90.7779,43.6533]]],[[[-90.7846,43.6607],[-90.7854,43.662],[-90.7843,43.6571],[-90.7855,43.6573],[-90.7806,43.6543],[-90.7806,43.6568],[-90.7807,43.6548],[-90.7828,43.656],[-90.7846,43.6607]],[[-90.784,43.657],[-90.7843,43.6578],[-90.7836,43.6566],[-90.784,43.657]]]]},"properties":{"PROP_NAME":"REM-WEST FORK KICKAPOO RIVER","ACRES":61.07,"PUBLIC_ACCESS":"Open to Hiking and Fishing Only. Closed to Hunting and Trapping","TRANS_TYPE":2}},{"type":"Feature","geometry":{"type":"Polygon","coordinates":[[[-90.7801,43.6205],[-90.7805,43.6191],[-90.7801,43.6192],[-90.7801,43.6205]]]},"properties":{"PROP_NAME":"REM-WEST FORK KICKAPOO RIVER","ACRES":1.01,"PUBLIC_ACCESS":"Open to Hiking Only. Closed to Fishing, Hunting and Trapping","TRANS_TYPE":2}},{"type":"Feature","geometry":{"type":"Polygon","coordinates":[[[-88.9206,44.6743],[-88.9208,44.6796],[-88.9208,44.6725],[-88.9278,44.6715],[-88.9206,44.672],[-88.9206,44.6743]]]},"properties":{"PROP_NAME":"REM-DOTY CREEK","ACRES":9.39,"PUBLIC_ACCESS":"Open to Hiking and Fishing Only. Closed to Hunting and Trapping","TRANS_TYPE":2}},{"type":"Feature","geometry":{"type":"MultiPolygon","coordinates":[[[[-89.1636,44.5611],[-89.1796,44.5531],[-89.1841,44.5463],[-89.1796,44.5389],[-89.1743,44.5365],[-89.174,44.533],[-89.1757,44.533],[-89.1739,44.5329],[-89.1739,44.5367],[-89.1788,44.5389],[-89.1821,44.5427],[-89.1835,44.5462],[-89.182,44.5496],[-89.1791,44.5528],[-89.1689,44.5579],[-89.168,44.557],[-89.1636,44.5611]]],[[[-89.2036,44.5509],[-89.2029,44.5509],[-89.204,44.5515],[-89.2036,44.5509]]],[[[-89.1941,44.5539],[-89.2016,44.5509],[-89.1939,44.5531],[-89.1941,44.5539]]],[[[-89.1681,44.5685],[-89.1686,44.5683],[-89.1636,44.5672],[-89.1681,44.5685]]],[[[-89.183,44.5758],[-89.1756,44.5698],[-89.1736,44.5698],[-89.183,44.5758]]],[[[-89.1851,44.5767],[-89.1862,44.5775],[-89.1861,44.5762],[-89.1838,44.5762],[-89.1851,44.5767]]],[[[-89.176,44.5871],[-89.1787,44.5872],[-89.1762,44.5844],[-89.1776,44.58],[-89.1764,44.58],[-89.175,44.5844],[-89.176,44.5871]]]]},"properties":{"PROP_NAME":"REM-LEER AND GRIFFEN CREEK","ACRES":114.17,"PUBLIC_ACCESS":"Open to Hiking and Fishing Only. Closed to Hunting and Trapping","TRANS_TYPE":2}},{"type":"Feature","geometry":{"type":"MultiPolygon","coordinates":[[[[-89.1753,44.4381],[-89.1775,44.4375],[-89.1753,44.4364],[-89.1789,44.4356],[-89.1726,44.4352],[-89.1719,44.4336],[-89.1672,44.4356],[-89.1713,44.4356],[-89.1753,44.4381]],[[-89.172,44.434],[-89.1718,44.4346],[-89.1715,44.4341],[-89.172,44.434]]],[[[-89.2182,44.4738],[-89.2201,44.4755],[-89.2186,44.4733],[-89.2142,44.4718],[-89.2182,44.4738]]]]},"properties":{"PROP_NAME":"REM-PETERSON AND SANNES CREEK","ACRES":42.65,"PUBLIC_ACCESS":"Open to Hiking and Fishing Only. Closed to Hunting and Trapping","TRANS_TYPE":2}},{"type":"Feature","geometry":{"type":"MultiPolygon","coordinates":[[[[-89.194,44.432],[-89.194,44.4336],[-89.1943,44.4336],[-89.194,44.432]]],[[[-89.2013,44.4174],[-89.2014,44.4211],[-89.2014,44.4211],[-89.2013,44.4174]]]]},"properties":{"PROP_NAME":"REM-PETERSON AND SANNES CREEK","ACRES":1.31,"PUBLIC_ACCESS":"Open to Hiking Only. Closed to Fishing, Hunting and Trapping","TRANS_TYPE":2}},{"type":"Feature","geometry":{"type":"Polygon","coordinates":[[[-89.0072,44.6733],[-89.0072,44.6733],[-89.0122,44.6733],[-89.0072,44.6733]]]},"properties":{"PROP_NAME":"REM-S BR PIGEON RIVER","ACRES":0.99,"PUBLIC_ACCESS":"Open to Hiking Only. Closed to Fishing, Hunting and Trapping","TRANS_TYPE":2}},{"type":"Feature","geometry":{"type":"Polygon","coordinates":[[[-89.0265,44.5391],[-89.0264,44.5379],[-89.0214,44.5377],[-89.0232,44.5396],[-89.0265,44.5391]]]},"properties":{"PROP_NAME":"REM-SO BR BLAKE CREEK","ACRES":14.9,"PUBLIC_ACCESS":"Open to Hiking and Fishing Only. Closed to Hunting and Trapping","TRANS_TYPE":2}},{"type":"Feature","geometry":{"type":"MultiPolygon","coordinates":[[[[-89.0053,44.5652],[-89.006,44.566],[-89.006,44.564],[-88.9976,44.5639],[-89.0002,44.5615],[-88.9959,44.563],[-88.9965,44.5653],[-89.0053,44.5652]]],[[[-89.0427,44.5716],[-89.0468,44.5701],[-89.0417,44.5711],[-89.0427,44.5716]]],[[[-89.0397,44.5978],[-89.0391,44.6002],[-89.0412,44.6014],[-89.0397,44.5978]]]]},"properties":{"PROP_NAME":"REM-WHITCOMB CREEK","ACRES":60,"PUBLIC_ACCESS":"Open to Hiking and Fishing Only. Closed to Hunting and Trapping","TRANS_TYPE":2}},{"type":"Feature","geometry":{"type":"Polygon","coordinates":[[[-89.156,44.0587],[-89.151,44.0561],[-89.161,44.0574],[-89.1508,44.0557],[-89.1485,44.057],[-89.156,44.0587]]]},"properties":{"PROP_NAME":"REM-THORSTEAD CREEK","ACRES":18.17,"PUBLIC_ACCESS":"Open to Hiking and Fishing Only. Closed to Hunting and Trapping","TRANS_TYPE":2}},{"type":"Feature","geometry":{"type":"Polygon","coordinates":[[[-87.9959,43.7093],[-87.9973,43.7094],[-87.9959,43.7092],[-87.9959,43.7093]]]},"properties":{"PROP_NAME":"ONION RIVER STREAMBANK PROTECTION AREA","ACRES":0.28,"PUBLIC_ACCESS":"Open to Hiking Only. Closed to Fishing, Hunting and Trapping","TRANS_TYPE":2}},{"type":"Feature","geometry":{"type":"MultiPolygon","coordinates":[[[[-91.0825,43.3981],[-91.0828,43.4011],[-91.083,43.3981],[-91.0861,43.3971],[-91.0874,43.3981],[-91.0933,43.397],[-91.0957,43.399],[-91.0986,43.3989],[-91.0931,43.3967],[-91.0825,43.3981]]],[[[-91.064,43.403],[-91.0625,43.4044],[-91.0668,43.4017],[-91.064,43.403]]]]},"properties":{"PROP_NAME":"RUSH CREEK STREAMBANK PROTECTION AREA","ACRES":25.5,"PUBLIC_ACCESS":"Open to Hiking and Fishing Only. Closed to Hunting and Trapping","TRANS_TYPE":2}},{"type":"Feature","geometry":{"type":"Polygon","coordinates":[[[-91.0673,43.3926],[-91.0698,43.3943],[-91.0675,43.3932],[-91.0671,43.3872],[-91.0673,43.3926]],[[-91.0873,43.399],[-91.0873,43.3981],[-91.0873,43.3981],[-91.0873,43.399]],[[-91.1269,43.4238],[-91.127,43.4238],[-91.127,43.4237],[-91.1269,43.4238]],[[-91.1249,43.4245],[-91.124,43.4265],[-91.1252,43.4246],[-91.1249,43.4245]]]},"properties":{"PROP_NAME":"RUSH CREEK STREAMBANK PROTECTION AREA","ACRES":4.21,"PUBLIC_ACCESS":"Open to Hiking Only. Closed to Fishing, Hunting and Trapping","TRANS_TYPE":2}},{"type":"Feature","geometry":{"type":"Polygon","coordinates":[[[-90.9735,44.0864],[-90.9835,44.0871],[-90.9834,44.0855],[-90.9734,44.0853],[-90.9735,44.0864]]]},"properties":{"PROP_NAME":"SAND CREEK STREAMBANK PROTECTION AREA","ACRES":29.310000000000002,"PUBLIC_ACCESS":"Open to Hiking and Fishing Only. Closed to Hunting and Trapping","TRANS_TYPE":2}},{"type":"Feature","geometry":{"type":"Polygon","coordinates":[[[-89.4673,42.8636],[-89.4675,42.8638],[-89.4675,42.8636],[-89.4673,42.8636]]]},"properties":{"PROP_NAME":"STORY CREEK STREAMBANK PROTECTION AREA","ACRES":0.02,"PUBLIC_ACCESS":"Open to Hiking Only. Closed to Fishing, Hunting and Trapping","TRANS_TYPE":2}},{"type":"Feature","geometry":{"type":"Polygon","coordinates":[[[-89.8109,44.26],[-89.8116,44.2598],[-89.8109,44.2598],[-89.8109,44.26]]]},"properties":{"PROP_NAME":"TEN MILE CREEK STREAMBANK PROTECTION AREA","ACRES":0.24,"PUBLIC_ACCESS":"Open to Hiking Only. Closed to Fishing, Hunting and Trapping","TRANS_TYPE":2}},{"type":"Feature","geometry":{"type":"MultiPolygon","coordinates":[[[[-89.6574,45.6667],[-89.6588,45.6687],[-89.6565,45.6697],[-89.6589,45.6687],[-89.6574,45.6667]]],[[[-91.4746,46.0797],[-91.4748,46.0797],[-91.4747,46.0796],[-91.4746,46.0797]]]]},"properties":{"PROP_NAME":"STATEWIDE HABITAT AREAS - NW","ACRES":0.6,"PUBLIC_ACCESS":"Open to Hiking Only. Closed to Fishing, Hunting and Trapping","TRANS_TYPE":2}},{"type":"Feature","geometry":{"type":"MultiPolygon","coordinates":[[[[-90.05,43.3189],[-90.0517,43.322],[-90.053,43.322],[-90.05,43.3189]]],[[[-90.062,43.3361],[-90.063,43.3377],[-90.0607,43.333],[-90.062,43.3361]]],[[[-90.067,43.3468],[-90.0687,43.3465],[-90.0638,43.3411],[-90.067,43.3468]]],[[[-90.3653,43.4542],[-90.3659,43.4503],[-90.3642,43.4494],[-90.3655,43.4502],[-90.3657,43.454],[-90.3613,43.4527],[-90.3653,43.4542]]]]},"properties":{"PROP_NAME":"STATEWIDE HABITAT AREAS - SD","ACRES":28.21,"PUBLIC_ACCESS":"Open to Hiking and Fishing Only. Closed to Hunting and Trapping","TRANS_TYPE":2}},{"type":"Feature","geometry":{"type":"Polygon","coordinates":[[[-90.0663,43.3437],[-90.0664,43.3437],[-90.0663,43.3437],[-90.0663,43.3437]]]},"properties":{"PROP_NAME":"STATEWIDE HABITAT AREAS - SD","ACRES":0.01,"PUBLIC_ACCESS":"Open to Hiking Only. Closed to Fishing, Hunting and Trapping","TRANS_TYPE":2}},{"type":"Feature","geometry":{"type":"Polygon","coordinates":[[[-89.736,43.9819],[-89.7327,43.9789],[-89.7327,43.9804],[-89.736,43.9819]]]},"properties":{"PROP_NAME":"FORDHAM CREEK-LITTLE ROCHE A CRI CREEK STREAM BANK EASEMENT AREA","ACRES":5.75,"PUBLIC_ACCESS":"Open to Hiking and Fishing Only. Closed to Hunting and Trapping","TRANS_TYPE":2}},{"type":"Feature","geometry":{"type":"MultiPolygon","coordinates":[[[[-88.3208,42.8542],[-88.324,42.8538],[-88.3225,42.8529],[-88.3189,42.8543],[-88.3208,42.8542]]],[[[-88.3223,42.8549],[-88.3234,42.8557],[-88.3236,42.8547],[-88.3223,42.8549]]],[[[-88.326,42.8568],[-88.3271,42.8568],[-88.3263,42.8562],[-88.326,42.8568]]],[[[-88.3231,42.8585],[-88.3277,42.8573],[-88.325,42.8573],[-88.3231,42.8585]]]]},"properties":{"PROP_NAME":"MUKWONAGO RIVER STATE HABITAT AREA","ACRES":17.650000000000002,"PUBLIC_ACCESS":"Open to Hiking Only. Closed to Fishing, Hunting and Trapping","TRANS_TYPE":2}},{"type":"Feature","geometry":{"type":"MultiPolygon","coordinates":[[[[-91.8053,46.6436],[-91.804,46.6479],[-91.8061,46.6444],[-91.7997,46.6425],[-91.8053,46.6436]]],[[[-91.8062,46.6444],[-91.804,46.648],[-91.8068,46.6456],[-91.8062,46.6444]]]]},"properties":{"PROP_NAME":"MIDDLE RIVER SEA LAMPREY BARRIER STATE HABITAT AREA","ACRES":11,"PUBLIC_ACCESS":"Open to Hiking Only. Closed to Fishing, Hunting and Trapping","TRANS_TYPE":2}},{"type":"Feature","geometry":{"type":"Polygon","coordinates":[[[-92.2024,46.6512],[-92.2026,46.6511],[-92.2025,46.651],[-92.2024,46.6512]]]},"properties":{"PROP_NAME":"OLIVER - ST LOUIS RIVER STATE PUBLIC ACCESS","ACRES":0.06,"PUBLIC_ACCESS":"Open to Hiking and Fishing Only. Closed to Hunting and Trapping","TRANS_TYPE":2}},{"type":"Feature","geometry":{"type":"Polygon","coordinates":[[[-91.4764,46.0088],[-91.4759,46.0089],[-91.4764,46.0093],[-91.4764,46.0088]]]},"properties":{"PROP_NAME":"HAYWARD LAKE STATE PUBLIC ACCESS","ACRES":0.41000000000000003,"PUBLIC_ACCESS":"Open to Hiking and Fishing Only. Closed to Hunting and Trapping","TRANS_TYPE":2}},{"type":"Feature","geometry":{"type":"MultiPolygon","coordinates":[[[[-89.7763,45.7873],[-89.7755,45.7947],[-89.7769,45.7981],[-89.7763,45.7873]]],[[[-92.0864,45.4096],[-92.0877,45.4085],[-92.0866,45.4091],[-92.0864,45.4096]]],[[[-91.544,45.7969],[-91.5407,45.7984],[-91.5444,45.7969],[-91.5482,45.7979],[-91.544,45.7969]]],[[[-91.444,45.9155],[-91.4438,45.9188],[-91.444,45.9188],[-91.444,45.9155]]],[[[-89.727,46.2536],[-89.7311,46.2538],[-89.727,46.2531],[-89.727,46.2536]]]]},"properties":{"PROP_NAME":"STATEWIDE PUBLIC ACCESS - NW","ACRES":12.11,"PUBLIC_ACCESS":"Open to Hiking Only. Closed to Fishing, Hunting and Trapping","TRANS_TYPE":2}},{"type":"Feature","geometry":{"type":"Polygon","coordinates":[[[-92.2023,46.6513],[-92.2024,46.6513],[-92.2025,46.6512],[-92.2023,46.6513]]]},"properties":{"PROP_NAME":"OLIVER - ST LOUIS RIVER STATE PUBLIC ACCESS","ACRES":0.03,"PUBLIC_ACCESS":"Open to Hiking Only. Closed to Fishing, Hunting and Trapping","TRANS_TYPE":2}},{"type":"Feature","geometry":{"type":"Polygon","coordinates":[[[-91.6441,46.3076],[-91.6434,46.3062],[-91.643,46.3073],[-91.6441,46.3076]]]},"properties":{"PROP_NAME":"UPPER OX CREEK STATE PUBLIC ACCESS","ACRES":0.34,"PUBLIC_ACCESS":"Open to Hiking Only. Closed to Fishing, Hunting and Trapping","TRANS_TYPE":2}},{"type":"Feature","geometry":{"type":"Polygon","coordinates":[[[-88.4344,42.8551],[-88.4346,42.855],[-88.4337,42.8543],[-88.4344,42.8551]]]},"properties":{"PROP_NAME":"EAGLE SPRINGS LAKE STATE PUBLIC ACCESS","ACRES":0.22,"PUBLIC_ACCESS":"Open to Hiking Only. Closed to Fishing, Hunting and Trapping","TRANS_TYPE":2}},{"type":"Feature","geometry":{"type":"Polygon","coordinates":[[[-89.5068,45.3397],[-89.5088,45.3397],[-89.5088,45.3371],[-89.5068,45.3397]]]},"properties":{"PROP_NAME":"STATEWIDE SPRING PONDS - NW","ACRES":8.84,"PUBLIC_ACCESS":"Open to Hiking and Fishing Only. Closed to Hunting and Trapping","TRANS_TYPE":2}},{"type":"Feature","geometry":{"type":"MultiPolygon","coordinates":[[[[-88.8327,45.1463],[-88.8324,45.1465],[-88.8365,45.1465],[-88.8327,45.1463]]],[[[-88.985,45.1],[-88.9847,45.1011],[-88.9851,45.1],[-88.985,45.1]]],[[[-88.9754,45.1588],[-88.9761,45.1602],[-88.9776,45.1612],[-88.9754,45.1588]]],[[[-88.8718,45.5865],[-88.8718,45.5902],[-88.872,45.5902],[-88.8718,45.5865]]]]},"properties":{"PROP_NAME":"STATEWIDE SPRING PONDS - NW","ACRES":3.5100000000000002,"PUBLIC_ACCESS":"Open to Hiking Only. Closed to Fishing, Hunting and Trapping","TRANS_TYPE":2}},{"type":"Feature","geometry":{"type":"Polygon","coordinates":[[[-91.9365,45.802],[-91.9367,45.802],[-91.9365,45.8002],[-91.9365,45.802]]]},"properties":{"PROP_NAME":"TOZER STATE SPRING PONDS","ACRES":0.5,"PUBLIC_ACCESS":"Open to Hiking Only. Closed to Fishing, Hunting and Trapping","TRANS_TYPE":2}},{"type":"Feature","geometry":{"type":"MultiPolygon","coordinates":[[[[-89.2494,44.8542],[-89.2493,44.8545],[-89.2544,44.8533],[-89.2494,44.8542]]],[[[-89.3619,44.8639],[-89.362,44.8638],[-89.3619,44.8638],[-89.3619,44.8639]]],[[[-89.3619,44.8638],[-89.3619,44.8638],[-89.3619,44.8638],[-89.3619,44.8638]]]]},"properties":{"PROP_NAME":"STATEWIDE SPRING PONDS - WD","ACRES":3.0300000000000002,"PUBLIC_ACCESS":"Open to Hiking Only. Closed to Fishing, Hunting and Trapping","TRANS_TYPE":2}},{"type":"Feature","geometry":{"type":"MultiPolygon","coordinates":[[[[-88.9906,44.863],[-88.9905,44.8637],[-88.991,44.8636],[-88.9906,44.863]]],[[[-89.2212,45.197],[-89.2225,45.1973],[-89.2211,45.1966],[-89.2212,45.197]]],[[[-88.7082,45.2018],[-88.711,45.2012],[-88.7087,45.2018],[-88.7076,45.1972],[-88.7082,45.2018]]],[[[-89.1609,45.2301],[-89.1587,45.2339],[-89.1604,45.2325],[-89.1609,45.2301]]],[[[-91.8253,45.2694],[-91.829,45.2685],[-91.8279,45.2662],[-91.8285,45.2683],[-91.8253,45.2694]]],[[[-91.8266,45.2744],[-91.8296,45.2738],[-91.8253,45.273],[-91.8244,45.2698],[-91.8246,45.2729],[-91.8266,45.2744]]],[[[-91.8328,45.2767],[-91.8361,45.276],[-91.8334,45.2766],[-91.8326,45.275],[-91.8328,45.2767]]],[[[-91.8373,45.2821],[-91.8396,45.281],[-91.8364,45.2809],[-91.8382,45.2771],[-91.8362,45.2786],[-91.8359,45.281],[-91.8373,45.2821]]],[[[-89.7549,45.9248],[-89.7528,45.9283],[-89.7558,45.9254],[-89.7531,45.9246],[-89.7549,45.9248]]]]},"properties":{"PROP_NAME":"STREAMBANK EASEMENT PROGRAM - NW","ACRES":47.19,"PUBLIC_ACCESS":"Open to Hiking and Fishing Only. Closed to Hunting and Trapping","TRANS_TYPE":2}},{"type":"Feature","geometry":{"type":"Polygon","coordinates":[[[-91.8367,45.2827],[-91.8369,45.2821],[-91.8369,45.2821],[-91.8367,45.2827]]]},"properties":{"PROP_NAME":"STREAMBANK EASEMENT PROGRAM - NW","ACRES":0.09,"PUBLIC_ACCESS":"Open to Hiking Only. Closed to Fishing, Hunting and Trapping","TRANS_TYPE":2}},{"type":"Feature","geometry":{"type":"MultiPolygon","coordinates":[[[[-90.8743,43.3936],[-90.8823,43.3913],[-90.8757,43.3931],[-90.8725,43.3913],[-90.8743,43.3936]]],[[[-90.8757,43.3964],[-90.8763,43.3964],[-90.874,43.3947],[-90.8757,43.3964]]],[[[-91.1271,43.4154],[-91.1293,43.414],[-91.1276,43.4094],[-91.1289,43.4085],[-91.127,43.4093],[-91.1288,43.414],[-91.1271,43.4154]]],[[[-91.127,43.4157],[-91.1272,43.4157],[-91.1269,43.4154],[-91.127,43.4157]]],[[[-90.7879,43.457],[-90.7868,43.4583],[-90.7879,43.4578],[-90.7879,43.457]]],[[[-90.744,43.4774],[-90.7486,43.4806],[-90.7441,43.477],[-90.7474,43.4738],[-90.7449,43.476],[-90.7389,43.4759],[-90.7439,43.4755],[-90.744,43.4774]]],[[[-90.7318,43.4819],[-90.7385,43.4775],[-90.7326,43.4803],[-90.7318,43.4819]]],[[[-90.7636,43.4838],[-90.7651,43.4859],[-90.7637,43.4837],[-90.7586,43.484],[-90.7636,43.4838]]],[[[-91.076,43.5095],[-91.077,43.5038],[-91.0755,43.5023],[-91.076,43.5095]]],[[[-91.0696,43.5131],[-91.0681,43.514],[-91.0697,43.5134],[-91.0696,43.5131]]],[[[-91.0749,43.5144],[-91.0779,43.5136],[-91.0697,43.513],[-91.0749,43.5144]]],[[[-91.1431,43.565],[-91.1431,43.5627],[-91.1456,43.5618],[-91.1437,43.5583],[-91.1471,43.5582],[-91.1434,43.5582],[-91.1454,43.5618],[-91.1435,43.5616],[-91.142,43.5651],[-91.1431,43.565]]],[[[-91.1428,43.5651],[-91.1425,43.5653],[-91.1431,43.5653],[-91.1428,43.5651]]],[[[-91.1426,43.5624],[-91.1416,43.5654],[-91.1434,43.5616],[-91.1452,43.5617],[-91.1433,43.5582],[-91.1446,43.5615],[-91.1426,43.5624]]],[[[-90.6541,43.5782],[-90.655,43.5785],[-90.6556,43.5782],[-90.6541,43.5782]]],[[[-90.6602,43.5795],[-90.661,43.5791],[-90.656,43.5774],[-90.6602,43.5795]]],[[[-91.0622,43.589],[-91.0586,43.5911],[-91.0626,43.5891],[-91.0622,43.589]]],[[[-91.043,43.5905],[-91.0427,43.5939],[-91.0435,43.5949],[-91.043,43.5905]]],[[[-91.0256,43.5953],[-91.03,43.5941],[-91.0321,43.5903],[-91.0374,43.592],[-91.0379,43.595],[-91.0386,43.5932],[-91.032,43.5892],[-91.0312,43.5923],[-91.0279,43.5948],[-91.0274,43.5931],[-91.0261,43.5952],[-91.0238,43.5934],[-91.0256,43.5953]],[[-91.0334,43.5903],[-91.0326,43.59],[-91.0336,43.5896],[-91.0334,43.5903]]],[[[-91.0212,43.5969],[-91.0194,43.5987],[-91.0214,43.5963],[-91.0192,43.5968],[-91.0212,43.5969]]],[[[-90.7793,43.6011],[-90.7787,43.6022],[-90.779,43.6022],[-90.7793,43.6011]]],[[[-91.0106,43.6093],[-91.014,43.6088],[-91.0119,43.6078],[-91.0106,43.6093]]],[[[-91.0202,43.6068],[-91.019,43.6108],[-91.0203,43.6116],[-91.0227,43.6101],[-91.0226,43.6059],[-91.019,43.6025],[-91.0192,43.6054],[-91.0207,43.606],[-91.019,43.6065],[-91.0202,43.6068]]],[[[-90.3669,43.8593],[-90.3689,43.8587],[-90.3696,43.8555],[-90.3669,43.8593]]],[[[-90.3646,43.8594],[-90.3616,43.8626],[-90.3665,43.8593],[-90.3646,43.8594]]],[[[-90.3805,43.8714],[-90.3924,43.872],[-90.3924,43.8693],[-90.382,43.8704],[-90.3818,43.8687],[-90.3851,43.8658],[-90.382,43.8659],[-90.3798,43.8696],[-90.3757,43.8684],[-90.3736,43.8715],[-90.3805,43.8714]]],[[[-90.3663,43.8795],[-90.3648,43.8801],[-90.3663,43.8795],[-90.3663,43.8776],[-90.3669,43.8792],[-90.3704,43.8789],[-90.3668,43.8774],[-90.3703,43.8772],[-90.3717,43.8727],[-90.3645,43.8739],[-90.3663,43.8795]]],[[[-90.3718,43.8795],[-90.3719,43.8814],[-90.377,43.8812],[-90.3718,43.8795]]],[[[-91.1254,44.1931],[-91.1258,44.1958],[-91.1262,44.194],[-91.1254,44.1931]]],[[[-91.2356,44.2036],[-91.2358,44.2039],[-91.2373,44.2029],[-91.2356,44.2036]]],[[[-91.1997,44.5114],[-91.2064,44.5109],[-91.2064,44.5098],[-91.1963,44.5098],[-91.1997,44.5114]]],[[[-91.2231,44.5174],[-91.2207,44.5197],[-91.224,44.5208],[-91.2237,44.5173],[-91.2269,44.5168],[-91.2234,44.517],[-91.2208,44.5145],[-91.2221,44.5134],[-91.2205,44.5158],[-91.2183,44.5134],[-91.2131,44.5134],[-91.2231,44.5174]]],[[[-91.2231,44.5255],[-91.2224,44.5281],[-91.227,44.5318],[-91.2242,44.5281],[-91.2248,44.5253],[-91.2229,44.5244],[-91.2231,44.5255]]],[[[-91.2324,44.5356],[-91.2343,44.5391],[-91.236,44.5391],[-91.2324,44.5356]]],[[[-91.265,44.5393],[-91.2632,44.5434],[-91.2657,44.5391],[-91.2683,44.5391],[-91.266,44.539],[-91.2664,44.5354],[-91.2642,44.5354],[-91.265,44.5393]]],[[[-92.1402,44.5746],[-92.142,44.5755],[-92.1415,44.5744],[-92.1402,44.5746]]],[[[-92.1454,44.5787],[-92.1481,44.5791],[-92.1454,44.5783],[-92.1454,44.5787]]],[[[-92.1611,44.5847],[-92.1661,44.5881],[-92.1616,44.5846],[-92.1692,44.5846],[-92.1605,44.5842],[-92.1578,44.5825],[-92.1578,44.5803],[-92.1559,44.5807],[-92.1581,44.5811],[-92.1573,44.5827],[-92.1611,44.5847]]],[[[-92.4444,44.5873],[-92.4466,44.5893],[-92.4466,44.5882],[-92.4444,44.5873]]],[[[-92.1657,44.5937],[-92.166,44.5954],[-92.1649,44.5915],[-92.1672,44.5893],[-92.1667,44.588],[-92.1645,44.5912],[-92.1657,44.5937]]],[[[-92.1784,44.5993],[-92.1802,44.6003],[-92.1761,44.5983],[-92.171,44.5992],[-92.1716,44.5978],[-92.1702,44.5976],[-92.1709,44.5996],[-92.1784,44.5993]]],[[[-91.2684,44.6245],[-91.27,44.6255],[-91.2668,44.623],[-91.2684,44.6245]]],[[[-92.1864,44.6177],[-92.1868,44.6159],[-92.1839,44.6129],[-92.1857,44.611],[-92.1852,44.6056],[-92.181,44.605],[-92.1849,44.6059],[-92.185,44.6115],[-92.1834,44.613],[-92.1864,44.6177]]],[[[-92.1824,44.6192],[-92.1821,44.6196],[-92.1827,44.6196],[-92.1824,44.6192]]],[[[-91.428,44.6323],[-91.4272,44.6333],[-91.4273,44.6359],[-91.428,44.6323]]],[[[-92.438,44.6235],[-92.4407,44.6236],[-92.4419,44.6218],[-92.438,44.6235]]],[[[-91.218,44.6416],[-91.2201,44.6439],[-91.218,44.6401],[-91.2189,44.6376],[-91.2179,44.6414],[-91.2159,44.6414],[-91.218,44.6416]],[[-92.3321,44.6255],[-92.3322,44.6273],[-92.3321,44.6247],[-92.3321,44.6255]]],[[[-91.3975,44.6285],[-91.397,44.6344],[-91.3942,44.6384],[-91.3946,44.6432],[-91.3947,44.6384],[-91.3976,44.6342],[-91.3975,44.6285]]],[[[-91.3952,44.6439],[-91.396,44.6441],[-91.3951,44.6432],[-91.3952,44.6439]]],[[[-91.2233,44.6476],[-91.2262,44.6507],[-91.2243,44.6479],[-91.2233,44.6476]]],[[[-91.4082,44.6486],[-91.4126,44.6508],[-91.4074,44.648],[-91.4082,44.6486]]],[[[-91.4176,44.6523],[-91.4195,44.654],[-91.4187,44.6525],[-91.4176,44.6523]]],[[[-91.4203,44.653],[-91.4208,44.6541],[-91.4228,44.6512],[-91.4257,44.6396],[-91.4203,44.653]]],[[[-92.3272,44.6437],[-92.3272,44.6454],[-92.3277,44.645],[-92.3272,44.6437]]],[[[-91.8169,44.6556],[-91.8224,44.6612],[-91.8213,44.6585],[-91.8169,44.6556]]],[[[-91.444,44.6677],[-91.446,44.6693],[-91.4413,44.6636],[-91.4328,44.6601],[-91.4384,44.6622],[-91.444,44.6677]]],[[[-92.5857,44.6432],[-92.5888,44.6459],[-92.5877,44.6483],[-92.5903,44.6518],[-92.5882,44.6482],[-92.5893,44.6458],[-92.5857,44.6432]]],[[[-91.2432,44.6757],[-91.2487,44.6741],[-91.2491,44.6667],[-91.2431,44.6648],[-91.2444,44.6616],[-91.2414,44.6592],[-91.2406,44.6546],[-91.2409,44.6593],[-91.244,44.6622],[-91.2424,44.6647],[-91.2486,44.6668],[-91.2467,44.6696],[-91.2482,44.6739],[-91.2432,44.6757]],[[-91.2481,44.6692],[-91.2484,44.6713],[-91.2472,44.6696],[-91.2481,44.6692]]],[[[-91.825,44.6659],[-91.826,44.6686],[-91.8242,44.6614],[-91.8226,44.6609],[-91.825,44.6659]]],[[[-91.2415,44.6784],[-91.2426,44.6781],[-91.244,44.6764],[-91.2415,44.6784]]],[[[-91.8274,44.6786],[-91.83,44.6794],[-91.8288,44.6787],[-91.8274,44.6786]]],[[[-92.5898,44.6631],[-92.5892,44.6663],[-92.5903,44.6627],[-92.592,44.662],[-92.5912,44.6554],[-92.5915,44.662],[-92.5898,44.6631]]],[[[-91.8325,44.6794],[-91.8381,44.6832],[-91.8308,44.6773],[-91.8266,44.6686],[-91.8271,44.6726],[-91.8224,44.6713],[-91.8279,44.6733],[-91.8325,44.6794]],[[-91.4625,44.706],[-91.4636,44.7077],[-91.4616,44.7054],[-91.4625,44.706]]],[[[-91.4636,44.7084],[-91.463,44.7091],[-91.4636,44.7091],[-91.4636,44.7084]]],[[[-92.3302,44.6978],[-92.3293,44.6944],[-92.3301,44.6959],[-92.3271,44.698],[-92.3301,44.6965],[-92.3302,44.6978]]],[[[-92.3412,44.7054],[-92.3415,44.707],[-92.3406,44.7027],[-92.3369,44.7029],[-92.3404,44.7028],[-92.3412,44.7054]]],[[[-91.453,44.7232],[-91.4584,44.7188],[-91.4558,44.7195],[-91.453,44.7232]],[[-91.4538,44.7254],[-91.4543,44.7263],[-91.4531,44.725],[-91.4538,44.7254]]],[[[-92.3602,44.7117],[-92.3631,44.7125],[-92.3631,44.712],[-92.3602,44.7117]]],[[[-92.317,44.7139],[-92.3154,44.7157],[-92.3176,44.7136],[-92.317,44.7139]]],[[[-92.5757,44.7192],[-92.5727,44.7175],[-92.5716,44.718],[-92.5757,44.7192]],[[-92.579,44.7198],[-92.5779,44.7204],[-92.5795,44.7193],[-92.579,44.7198]],[[-91.4583,44.7396],[-91.4588,44.7407],[-91.4558,44.7345],[-91.4583,44.7396]]],[[[-92.3939,44.7272],[-92.3933,44.7286],[-92.3941,44.727],[-92.3939,44.7272]]],[[[-92.5802,44.7247],[-92.5773,44.7206],[-92.5774,44.7247],[-92.5802,44.7247]]],[[[-91.4617,44.7455],[-91.4634,44.7452],[-91.4617,44.7452],[-91.4617,44.7455]]],[[[-92.575,44.7284],[-92.5783,44.7293],[-92.5752,44.7283],[-92.575,44.7284]]],[[[-91.1878,44.7555],[-91.1883,44.7568],[-91.1894,44.7555],[-91.1881,44.7544],[-91.1902,44.7517],[-91.1882,44.7527],[-91.1892,44.7533],[-91.1878,44.7555]]],[[[-92.5773,44.7356],[-92.5826,44.7321],[-92.5784,44.7338],[-92.5773,44.7356]]],[[[-92.5638,44.7415],[-92.5636,44.7428],[-92.5654,44.7421],[-92.5643,44.7402],[-92.568,44.7378],[-92.5653,44.7387],[-92.5638,44.7415]],[[-92.5649,44.742],[-92.5649,44.742],[-92.5649,44.742],[-92.5649,44.742]]],[[[-91.4812,44.764],[-91.4829,44.7655],[-91.4795,44.7625],[-91.4686,44.7607],[-91.4698,44.7584],[-91.467,44.7569],[-91.4683,44.7569],[-91.4684,44.7529],[-91.4666,44.7525],[-91.4655,44.7492],[-91.4666,44.751],[-91.4653,44.7513],[-91.4681,44.7536],[-91.4665,44.757],[-91.4693,44.7585],[-91.4677,44.759],[-91.4681,44.7609],[-91.4812,44.764]],[[-91.4685,44.7602],[-91.4684,44.7604],[-91.4684,44.7601],[-91.4685,44.7602]]],[[[-91.519,44.7755],[-91.5215,44.7749],[-91.5157,44.7725],[-91.5157,44.7745],[-91.519,44.7755]]],[[[-91.422,44.7797],[-91.4227,44.7798],[-91.4231,44.7794],[-91.422,44.7797]],[[-92.35,44.7729],[-92.3526,44.7749],[-92.348,44.7721],[-92.35,44.7729]],[[-92.5311,44.7738],[-92.5326,44.774],[-92.5249,44.7739],[-92.5311,44.7738]]],[[[-92.5249,44.7744],[-92.5245,44.7746],[-92.5254,44.7745],[-92.5249,44.7744]]],[[[-92.1477,44.7845],[-92.1515,44.7833],[-92.1483,44.7835],[-92.1477,44.7845]],[[-92.1481,44.7841],[-92.1481,44.7841],[-92.1481,44.784],[-92.1481,44.7841]],[[-92.1489,44.7836],[-92.1489,44.7836],[-92.1488,44.7836],[-92.1489,44.7836]]],[[[-89.2641,44.7983],[-89.2646,44.8031],[-89.2669,44.8054],[-89.2641,44.7983]]],[[[-92.5379,44.776],[-92.5408,44.7796],[-92.5402,44.7771],[-92.5379,44.776]]],[[[-92.1424,44.7905],[-92.1436,44.7906],[-92.1363,44.7898],[-92.1424,44.7905]]],[[[-92.5377,44.7812],[-92.5354,44.7827],[-92.5353,44.7832],[-92.5377,44.7812]]],[[[-92.1816,44.793],[-92.1867,44.7944],[-92.1859,44.7938],[-92.1816,44.793]]],[[[-92.1562,44.798],[-92.1585,44.7994],[-92.1563,44.7976],[-92.1543,44.7988],[-92.151,44.7943],[-92.1465,44.793],[-92.147,44.7943],[-92.1505,44.7945],[-92.1541,44.7991],[-92.1562,44.798]]],[[[-92.3663,44.7942],[-92.366,44.7958],[-92.3667,44.7968],[-92.3663,44.7942]]],[[[-91.6524,44.8093],[-91.654,44.8091],[-91.6525,44.8083],[-91.6524,44.8093]]],[[[-92.0319,44.8077],[-92.0315,44.8114],[-92.0329,44.8102],[-92.0319,44.8077]],[[-91.7687,44.8189],[-91.7696,44.8194],[-91.7673,44.818],[-91.7687,44.8189]]],[[[-92.1989,44.811],[-92.2017,44.8123],[-92.201,44.8115],[-92.1989,44.811]]],[[[-92.0653,44.8172],[-92.0669,44.813],[-92.071,44.8146],[-92.0666,44.8125],[-92.0659,44.8099],[-92.0653,44.8172]]],[[[-92.1654,44.8152],[-92.1665,44.816],[-92.1646,44.8133],[-92.1654,44.8087],[-92.1634,44.8073],[-92.1643,44.8049],[-92.159,44.8],[-92.1638,44.8049],[-92.1641,44.8063],[-92.1622,44.8072],[-92.1632,44.8097],[-92.1632,44.8078],[-92.1649,44.8088],[-92.165,44.8144],[-92.1637,44.8144],[-92.1654,44.8152]]],[[[-92.0296,44.815],[-92.0293,44.8204],[-92.0306,44.8189],[-92.0296,44.815]]],[[[-91.6559,44.8266],[-91.6569,44.827],[-91.6568,44.8267],[-91.6559,44.8266]]],[[[-92.0682,44.8218],[-92.0653,44.8191],[-92.0664,44.821],[-92.0682,44.8218]]],[[[-91.659,44.8287],[-91.6597,44.8289],[-91.6592,44.8285],[-91.659,44.8287]]],[[[-92.1686,44.8182],[-92.1716,44.8209],[-92.1703,44.8192],[-92.1686,44.8182]],[[-92.39,44.815],[-92.3956,44.817],[-92.3891,44.8149],[-92.3876,44.8111],[-92.3818,44.8115],[-92.3822,44.8094],[-92.3815,44.8115],[-92.3874,44.8113],[-92.39,44.815]]],[[[-92.1754,44.8276],[-92.1766,44.8288],[-92.1745,44.8253],[-92.1719,44.8242],[-92.174,44.8227],[-92.1722,44.8216],[-92.1735,44.8226],[-92.1714,44.8244],[-92.1754,44.8276]]],[[[-92.109,44.8337],[-92.111,44.8349],[-92.1049,44.8318],[-92.1001,44.8325],[-92.0957,44.8306],[-92.0989,44.8328],[-92.1037,44.832],[-92.109,44.8337]]],[[[-92.1137,44.8703],[-92.1198,44.8687],[-92.1122,44.8698],[-92.1137,44.8703]]],[[[-92.1111,44.8723],[-92.1129,44.8709],[-92.1111,44.8718],[-92.1111,44.8723]]],[[[-91.9651,44.8814],[-91.9621,44.8808],[-91.962,44.8768],[-91.9592,44.8771],[-91.9583,44.8745],[-91.9566,44.8749],[-91.9563,44.8721],[-91.9564,44.8751],[-91.9581,44.8746],[-91.959,44.8773],[-91.9617,44.8768],[-91.9619,44.8809],[-91.9651,44.8814]],[[-92.6259,44.8739],[-92.6283,44.8727],[-92.627,44.8719],[-92.6286,44.87],[-92.6272,44.8735],[-92.6243,44.8738],[-92.6259,44.8739]]],[[[-91.6322,44.8923],[-91.6319,44.8927],[-91.6328,44.8923],[-91.6322,44.8923]]],[[[-92.0707,44.8869],[-92.0793,44.8848],[-92.0835,44.8862],[-92.0778,44.8845],[-92.0707,44.8869]]],[[[-92.0453,44.8909],[-92.0554,44.8873],[-92.0656,44.8877],[-92.0549,44.8869],[-92.0453,44.8909]]],[[[-92.0771,44.8882],[-92.0795,44.8905],[-92.0794,44.8896],[-92.0771,44.8882]]],[[[-91.6326,44.8981],[-91.6325,44.8989],[-91.633,44.8989],[-91.6326,44.8981]],[[-91.635,44.9071],[-91.641,44.9112],[-91.6308,44.9049],[-91.635,44.9071]],[[-91.6776,44.9139],[-91.6794,44.9149],[-91.6782,44.9176],[-91.6792,44.9142],[-91.6706,44.9135],[-91.6776,44.9139]]],[[[-92.0055,44.9213],[-92.0061,44.9211],[-92.0035,44.9211],[-92.0055,44.9213]]],[[[-92.4935,44.9127],[-92.497,44.9114],[-92.4939,44.9125],[-92.4867,44.9058],[-92.4935,44.9127]]],[[[-91.9897,44.9258],[-91.9956,44.9244],[-91.9963,44.9227],[-91.9913,44.9255],[-91.9863,44.9254],[-91.9848,44.9251],[-91.9851,44.9233],[-91.9829,44.9237],[-91.9806,44.9217],[-91.9827,44.924],[-91.984,44.9236],[-91.9845,44.9254],[-91.9869,44.9256],[-91.9859,44.9262],[-91.9897,44.9258]]],[[[-91.99,44.9255],[-91.9902,44.9256],[-91.9899,44.9255],[-91.99,44.9255]],[[-91.9821,44.9229],[-91.9822,44.9227],[-91.9823,44.9229],[-91.9821,44.9229]]],[[[-92.0049,44.9334],[-92.0012,44.9309],[-92.0019,44.9302],[-91.997,44.9303],[-91.9936,44.927],[-91.9908,44.9269],[-91.9934,44.9272],[-91.9965,44.9307],[-92.0014,44.9304],[-92.0007,44.9315],[-92.0049,44.9334]]],[[[-92.0674,44.9359],[-92.068,44.9339],[-92.0655,44.935],[-92.0674,44.9359]]],[[[-91.6253,44.9433],[-91.6245,44.9466],[-91.6288,44.9562],[-91.6308,44.9575],[-91.625,44.9465],[-91.6253,44.9433]]],[[[-92.0579,44.9578],[-92.0571,44.9558],[-92.0556,44.9557],[-92.0579,44.9578]]],[[[-92.0732,44.959],[-92.0757,44.9587],[-92.0717,44.9586],[-92.0732,44.959]]],[[[-92.066,44.9602],[-92.0688,44.96],[-92.0691,44.9591],[-92.066,44.9602]]],[[[-92.0611,44.9606],[-92.0655,44.9598],[-92.062,44.9606],[-92.0596,44.9591],[-92.0611,44.9606]]],[[[-92.0642,44.9645],[-92.0657,44.9637],[-92.0607,44.9637],[-92.0642,44.9645]],[[-92.0636,44.9642],[-92.0636,44.9642],[-92.0636,44.9642],[-92.0636,44.9642]]],[[[-92.0727,44.9679],[-92.0709,44.9734],[-92.0732,44.9678],[-92.0767,44.9698],[-92.0859,44.971],[-92.0767,44.9694],[-92.0708,44.9658],[-92.0727,44.9679]]],[[[-91.4678,45.051],[-91.4736,45.0455],[-91.4685,45.0488],[-91.4678,45.051]]],[[[-92.166,45.0471],[-92.1755,45.0516],[-92.1674,45.0466],[-92.1569,45.0462],[-92.166,45.0471]],[[-91.9904,45.1169],[-91.9917,45.1177],[-91.9823,45.1152],[-91.9904,45.1169]]],[[[-92.0905,45.1408],[-92.0975,45.1384],[-92.0886,45.1403],[-92.0905,45.1408]]],[[[-92.0996,45.1409],[-92.0999,45.141],[-92.0999,45.1408],[-92.0996,45.1409]]],[[[-91.6771,45.1729],[-91.6786,45.1717],[-91.6763,45.1725],[-91.6771,45.1729]]],[[[-92.1052,45.1666],[-92.1007,45.1672],[-92.1,45.1639],[-92.1004,45.1676],[-92.1052,45.1666]]],[[[-92.1052,45.1666],[-92.1049,45.1681],[-92.106,45.1672],[-92.1052,45.1666]]],[[[-92.1145,45.1792],[-92.1131,45.1771],[-92.11,45.177],[-92.1119,45.1741],[-92.1089,45.1694],[-92.1052,45.1678],[-92.1089,45.17],[-92.1112,45.1739],[-92.1097,45.1773],[-92.1145,45.1792]],[[-92.1128,45.1774],[-92.1128,45.1774],[-92.1128,45.1774],[-92.1128,45.1774]]],[[[-92.1138,45.1806],[-92.1148,45.1811],[-92.1153,45.1797],[-92.1138,45.1806]]],[[[-92.1142,45.1916],[-92.1153,45.1918],[-92.114,45.1911],[-92.1144,45.1893],[-92.1121,45.1882],[-92.1109,45.1848],[-92.1104,45.1863],[-92.1142,45.1916]]],[[[-92.0036,45.1946],[-92.0039,45.1943],[-92.0036,45.1937],[-92.0036,45.1946]]],[[[-92.004,45.197],[-92.0087,45.1957],[-92.005,45.197],[-92.004,45.1959],[-92.0066,45.1939],[-92.004,45.1936],[-92.0052,45.1946],[-92.0036,45.1956],[-92.004,45.197]],[[-92.0057,45.1944],[-92.0058,45.1946],[-92.0056,45.1946],[-92.0057,45.1944]],[[-92.0058,45.1943],[-92.0057,45.1943],[-92.0058,45.1943],[-92.0058,45.1943]],[[-92.1216,45.1972],[-92.1243,45.1991],[-92.1203,45.1968],[-92.1216,45.1972]]],[[[-92.0109,45.2041],[-92.0105,45.2042],[-92.0111,45.2042],[-92.0109,45.2041]]],[[[-92.0057,45.2043],[-92.0082,45.2026],[-92.0105,45.2037],[-92.0082,45.2023],[-92.0055,45.204],[-92.0037,45.2031],[-92.0046,45.2008],[-92.0034,45.2033],[-92.0057,45.2043]]],[[[-92.1199,45.2079],[-92.1236,45.2093],[-92.1204,45.2077],[-92.122,45.2048],[-92.1177,45.2093],[-92.1199,45.2079]]]]},"properties":{"PROP_NAME":"STREAMBANK EASEMENT PROGRAM - WD","ACRES":1401.8,"PUBLIC_ACCESS":"Open to Hiking and Fishing Only. Closed to Hunting and Trapping","TRANS_TYPE":2}},{"type":"Feature","geometry":{"type":"MultiPolygon","coordinates":[[[[-92.399,44.819],[-92.4,44.821],[-92.3997,44.8198],[-92.399,44.819]],[[-92.3989,44.8193],[-92.3995,44.8201],[-92.3985,44.819],[-92.3989,44.8193]]],[[[-92.4028,44.8496],[-92.4029,44.8504],[-92.4041,44.8514],[-92.4028,44.8496]]]]},"properties":{"PROP_NAME":"RUSH RIVER HEADWATERS STREAM BANK EASEMENT AREA","ACRES":1.78,"PUBLIC_ACCESS":"Open to Hiking and Fishing Only. Closed to Hunting and Trapping","TRANS_TYPE":2}},{"type":"Feature","geometry":{"type":"MultiPolygon","coordinates":[[[[-92.55,44.7673],[-92.5518,44.7682],[-92.5504,44.767],[-92.5525,44.7656],[-92.5478,44.7682],[-92.55,44.7673]]],[[[-92.5316,44.787],[-92.5342,44.7868],[-92.5348,44.7857],[-92.5316,44.787]]],[[[-92.5276,44.7985],[-92.529,44.7964],[-92.5328,44.7965],[-92.529,44.7962],[-92.5298,44.794],[-92.5276,44.7985]]]]},"properties":{"PROP_NAME":"TRIMBELLE RIVER HEADWATERS STREAM BANK EASEMENT AREA","ACRES":16.7,"PUBLIC_ACCESS":"Open to Hiking and Fishing Only. Closed to Hunting and Trapping","TRANS_TYPE":2}},{"type":"Feature","geometry":{"type":"MultiPolygon","coordinates":[[[[-90.1669,43.8037],[-90.171,43.8037],[-90.171,43.8022],[-90.1669,43.8016],[-90.1669,43.8037]]],[[[-90.1569,43.8001],[-90.1522,43.8002],[-90.1538,43.8012],[-90.1569,43.8001]]],[[[-90.1582,43.8],[-90.1619,43.8015],[-90.1619,43.8],[-90.1582,43.8]]]]},"properties":{"PROP_NAME":"BREWER CREEK-LEMONWEIR RIVER STREAM BANK EASEMENT AREA","ACRES":32.730000000000004,"PUBLIC_ACCESS":"Open to Hiking and Fishing Only. Closed to Hunting and Trapping","TRANS_TYPE":2}},{"type":"Feature","geometry":{"type":"Polygon","coordinates":[[[-89.8102,43.8617],[-89.8122,43.8615],[-89.8083,43.8618],[-89.8102,43.8617]]]},"properties":{"PROP_NAME":"CAMPBELL CREEK-WHITE CREEK STREAM BANK EASEMENT AREA","ACRES":2.45,"PUBLIC_ACCESS":"Open to Hiking and Fishing Only. Closed to Hunting and Trapping","TRANS_TYPE":2}},{"type":"Feature","geometry":{"type":"MultiPolygon","coordinates":[[[[-89.6031,44.0938],[-89.6081,44.0936],[-89.6081,44.0927],[-89.6031,44.0938]]],[[[-89.6121,44.0934],[-89.6131,44.0922],[-89.6119,44.0924],[-89.6121,44.0934]]]]},"properties":{"PROP_NAME":"CARTER CREEK STREAM BANK EASEMENT AREA","ACRES":12,"PUBLIC_ACCESS":"Open to Hiking and Fishing Only. Closed to Hunting and Trapping","TRANS_TYPE":2}},{"type":"Feature","geometry":{"type":"MultiPolygon","coordinates":[[[[-89.7666,43.9833],[-89.7677,43.9827],[-89.7657,43.9826],[-89.7666,43.9833]],[[-89.7669,43.9832],[-89.767,43.9833],[-89.7669,43.9833],[-89.7669,43.9832]]],[[[-89.7381,43.9875],[-89.741,43.9869],[-89.7427,43.9845],[-89.7377,43.9841],[-89.736,43.9819],[-89.7377,43.9848],[-89.7408,43.9845],[-89.7407,43.9866],[-89.7381,43.9875]]]]},"properties":{"PROP_NAME":"FORDHAM CREEK-LITTLE ROCHE A CRI CREEK STREAM BANK EASEMENT AREA","ACRES":17.55,"PUBLIC_ACCESS":"Open to Hiking and Fishing Only. Closed to Hunting and Trapping","TRANS_TYPE":2}},{"type":"Feature","geometry":{"type":"MultiPolygon","coordinates":[[[[-90.2753,43.8635],[-90.2764,43.8647],[-90.2763,43.8629],[-90.2741,43.8619],[-90.2753,43.8635]]],[[[-90.2694,43.8687],[-90.2727,43.869],[-90.2765,43.8665],[-90.27,43.8684],[-90.2591,43.8618],[-90.2694,43.8687]]],[[[-90.2598,43.8786],[-90.2637,43.8785],[-90.2714,43.8728],[-90.2634,43.8781],[-90.2553,43.8775],[-90.2556,43.8788],[-90.2598,43.8786]]],[[[-90.2537,43.8901],[-90.2615,43.8899],[-90.2616,43.8883],[-90.2537,43.8901]]],[[[-90.2483,43.8931],[-90.2504,43.8929],[-90.2515,43.891],[-90.2483,43.8931]]]]},"properties":{"PROP_NAME":"FOUNTAIN CREEK-LITTLE LEMONWEIR RIVER STREAM BANK EASEMENT AREA","ACRES":76.48,"PUBLIC_ACCESS":"Open to Hiking and Fishing Only. Closed to Hunting and Trapping","TRANS_TYPE":2}},{"type":"Feature","geometry":{"type":"MultiPolygon","coordinates":[[[[-90.3063,43.8796],[-90.3097,43.8794],[-90.3097,43.877],[-90.312,43.8756],[-90.3205,43.8751],[-90.3219,43.8735],[-90.3269,43.8759],[-90.3268,43.8719],[-90.3145,43.8729],[-90.3134,43.8726],[-90.3145,43.8703],[-90.312,43.8704],[-90.3129,43.872],[-90.3114,43.8754],[-90.3091,43.8753],[-90.3093,43.8731],[-90.3066,43.8735],[-90.3071,43.8767],[-90.3049,43.8785],[-90.3063,43.8796]],[[-90.307,43.8749],[-90.3067,43.8745],[-90.307,43.8739],[-90.307,43.8749]]],[[[-90.3468,43.8713],[-90.342,43.8715],[-90.342,43.8732],[-90.3468,43.8713]]],[[[-90.3287,43.8764],[-90.3309,43.8785],[-90.3369,43.8743],[-90.3411,43.8769],[-90.3376,43.8742],[-90.3419,43.8738],[-90.3418,43.8715],[-90.3319,43.8719],[-90.3319,43.8735],[-90.327,43.8722],[-90.327,43.8761],[-90.3287,43.8764]]],[[[-90.3021,43.8784],[-90.302,43.8801],[-90.305,43.8792],[-90.3021,43.8784]]],[[[-90.2945,43.8776],[-90.2929,43.8804],[-90.2971,43.8786],[-90.2971,43.877],[-90.2945,43.8776]],[[-90.2954,43.8823],[-90.297,43.8831],[-90.292,43.8818],[-90.2954,43.8823]]]]},"properties":{"PROP_NAME":"INDIAN CREEK-LITTLE LEMONWEIR RIVER STREAM BANK EASEMENT AREA","ACRES":307.61,"PUBLIC_ACCESS":"Open to Hiking and Fishing Only. Closed to Hunting and Trapping","TRANS_TYPE":2}},{"type":"Feature","geometry":{"type":"MultiPolygon","coordinates":[[[[-90.1469,43.7585],[-90.147,43.7531],[-90.1394,43.7522],[-90.1321,43.7537],[-90.1296,43.7558],[-90.127,43.7539],[-90.1271,43.752],[-90.1241,43.7512],[-90.1221,43.7511],[-90.122,43.7529],[-90.119,43.7546],[-90.1069,43.7543],[-90.1069,43.7565],[-90.1169,43.7565],[-90.122,43.7551],[-90.122,43.753],[-90.1247,43.753],[-90.127,43.7564],[-90.1295,43.757],[-90.1359,43.7557],[-90.137,43.7538],[-90.146,43.7593],[-90.1469,43.7585]]],[[[-90.1469,43.7585],[-90.1498,43.7595],[-90.149,43.7602],[-90.1505,43.7592],[-90.1469,43.7585]]],[[[-90.0869,43.7653],[-90.0969,43.7656],[-90.0969,43.7602],[-90.0929,43.7638],[-90.0869,43.7638],[-90.0869,43.7653]]]]},"properties":{"PROP_NAME":"ONEMILE CREEK STREAM BANK EASEMENT AREA","ACRES":275.3,"PUBLIC_ACCESS":"Open to Hiking and Fishing Only. Closed to Hunting and Trapping","TRANS_TYPE":2}},{"type":"Feature","geometry":{"type":"MultiPolygon","coordinates":[[[[-90.8823,43.3918],[-90.8823,43.3934],[-90.8823,43.3917],[-90.8823,43.3918]]],[[[-91.076,43.5023],[-91.0789,43.5024],[-91.0789,43.5023],[-91.076,43.5023]]],[[[-90.656,43.5774],[-90.6562,43.5751],[-90.656,43.575],[-90.656,43.5774]]],[[[-90.6609,43.5816],[-90.661,43.5796],[-90.6609,43.5795],[-90.6609,43.5816]]],[[[-92.1577,44.5841],[-92.1578,44.5841],[-92.1574,44.5828],[-92.1577,44.5841]]],[[[-92.1663,44.5885],[-92.1664,44.5886],[-92.1664,44.5884],[-92.1663,44.5885]]],[[[-92.1702,44.6006],[-92.1702,44.6007],[-92.1702,44.599],[-92.1702,44.6006]]],[[[-92.1855,44.6083],[-92.1857,44.6083],[-92.1858,44.6083],[-92.1855,44.6083]]],[[[-92.1852,44.612],[-92.1858,44.6122],[-92.1858,44.6119],[-92.1852,44.612]]],[[[-92.5858,44.6431],[-92.5861,44.6431],[-92.5859,44.643],[-92.5858,44.6431]]],[[[-91.2464,44.6761],[-91.2466,44.676],[-91.2464,44.676],[-91.2464,44.6761]]],[[[-91.8266,44.669],[-91.8271,44.6699],[-91.8267,44.6687],[-91.8266,44.669]],[[-92.5914,44.6648],[-92.5902,44.665],[-92.5919,44.6646],[-92.5914,44.6648]]],[[[-92.5724,44.7185],[-92.5726,44.7184],[-92.5724,44.7184],[-92.5724,44.7185]]],[[[-92.5635,44.7375],[-92.564,44.7379],[-92.5654,44.7386],[-92.5635,44.7375]]],[[[-92.5378,44.7761],[-92.538,44.7761],[-92.5377,44.776],[-92.5378,44.7761]]],[[[-89.2669,44.8054],[-89.2698,44.8054],[-89.2668,44.8054],[-89.2669,44.8054]]],[[[-92.1812,44.7934],[-92.1814,44.7934],[-92.1818,44.7931],[-92.1812,44.7934]]],[[[-92.1561,44.7999],[-92.1561,44.7999],[-92.1562,44.798],[-92.1561,44.7999]]],[[[-91.6498,44.81],[-91.6525,44.81],[-91.6498,44.81],[-91.6498,44.81]]],[[[-92.1986,44.8146],[-92.1994,44.8113],[-92.1989,44.811],[-92.1986,44.8146]]],[[[-91.6563,44.8273],[-91.6566,44.8268],[-91.656,44.8271],[-91.6563,44.8273]]],[[[-92.0825,44.8864],[-92.0828,44.8864],[-92.0827,44.8863],[-92.0825,44.8864]]],[[[-92.0552,44.8892],[-92.0554,44.8892],[-92.0554,44.8876],[-92.0552,44.8892]]],[[[-91.983,44.9262],[-91.9837,44.9273],[-91.9829,44.9241],[-91.983,44.9262]]],[[[-91.9965,44.9299],[-91.9964,44.93],[-91.9967,44.9299],[-91.9965,44.9299]]],[[[-92.0585,44.958],[-92.0607,44.9579],[-92.0584,44.9579],[-92.0585,44.958]]],[[[-92.0719,44.9579],[-92.0717,44.958],[-92.0718,44.9586],[-92.0719,44.9579]]],[[[-92.0708,44.9658],[-92.071,44.9642],[-92.0708,44.964],[-92.0708,44.9658]]],[[[-91.4066,45.0965],[-91.407,45.0965],[-91.407,45.0964],[-91.4066,45.0965]]],[[[-92.1051,45.1642],[-92.1057,45.1664],[-92.1052,45.1633],[-92.1051,45.1642]]],[[[-92.1066,45.1695],[-92.105,45.1706],[-92.1069,45.1693],[-92.1066,45.1695]]],[[[-92.1104,45.1789],[-92.1118,45.1779],[-92.1104,45.1787],[-92.1104,45.1789]]],[[[-92.1107,45.1848],[-92.1108,45.1849],[-92.1109,45.1848],[-92.1107,45.1848]]],[[[-92.0063,45.1935],[-92.0086,45.1935],[-92.0086,45.1934],[-92.0063,45.1935]]],[[[-92.0086,45.1957],[-92.0087,45.1957],[-92.0087,45.1955],[-92.0086,45.1957]]]]},"properties":{"PROP_NAME":"STREAMBANK EASEMENT PROGRAM - WD","ACRES":8.6,"PUBLIC_ACCESS":"Open to Hiking Only. Closed to Fishing, Hunting and Trapping","TRANS_TYPE":2}},{"type":"Feature","geometry":{"type":"Polygon","coordinates":[[[-92.4001,44.821],[-92.3993,44.821],[-92.3996,44.8225],[-92.4001,44.821]]]},"properties":{"PROP_NAME":"RUSH RIVER HEADWATERS STREAM BANK EASEMENT AREA","ACRES":2.45,"PUBLIC_ACCESS":"Open to Hiking Only. Closed to Fishing, Hunting and Trapping","TRANS_TYPE":2}},{"type":"Feature","geometry":{"type":"Polygon","coordinates":[[[-90.2616,43.8655],[-90.2646,43.8655],[-90.2645,43.8655],[-90.2616,43.8655]]]},"properties":{"PROP_NAME":"FOUNTAIN CREEK-LITTLE LEMONWEIR RIVER STREAM BANK EASEMENT AREA","ACRES":0.31,"PUBLIC_ACCESS":"Open to Hiking Only. Closed to Fishing, Hunting and Trapping","TRANS_TYPE":2}},{"type":"Feature","geometry":{"type":"MultiPolygon","coordinates":[[[[-89.7652,44.2518],[-89.7654,44.2573],[-89.7651,44.2482],[-89.7652,44.2518]]],[[[-89.8494,44.2584],[-89.8486,44.2593],[-89.851,44.2566],[-89.8494,44.2584]]],[[[-89.8308,44.2601],[-89.8309,44.2637],[-89.8309,44.2601],[-89.8308,44.2601]]],[[[-89.7416,44.2662],[-89.7411,44.2668],[-89.7448,44.2662],[-89.7416,44.2662]]]]},"properties":{"PROP_NAME":"TEN MILE CREEK-NORTH BRANCH STREAM BANK EASEMENT AREA","ACRES":4.01,"PUBLIC_ACCESS":"Open to Hiking Only. Closed to Fishing, Hunting and Trapping","TRANS_TYPE":2}},{"type":"Feature","geometry":{"type":"MultiPolygon","coordinates":[[[[-88.233,43.5648],[-88.2325,43.5653],[-88.2348,43.5721],[-88.233,43.5648]],[[-88.2443,43.5815],[-88.2455,43.5822],[-88.2406,43.5794],[-88.2443,43.5815]]],[[[-89.0739,44.3563],[-89.0742,44.3552],[-89.0727,44.3558],[-89.0739,44.3563]]],[[[-89.1636,44.3793],[-89.168,44.378],[-89.164,44.3783],[-89.1636,44.3793]]],[[[-89.1217,44.6697],[-89.121,44.6686],[-89.1141,44.6683],[-89.1217,44.6697]]],[[[-89.1513,44.7995],[-89.1512,44.8011],[-89.152,44.7996],[-89.1501,44.7986],[-89.1513,44.7995]]],[[[-89.1946,44.804],[-89.1951,44.8052],[-89.1954,44.8033],[-89.1946,44.804]]],[[[-89.2633,44.8515],[-89.2639,44.8515],[-89.2629,44.851],[-89.2633,44.8515]],[[-88.9021,44.8546],[-88.9028,44.8555],[-88.8998,44.8528],[-88.9021,44.8546]]],[[[-88.9147,44.8671],[-88.9152,44.8673],[-88.9152,44.8671],[-88.9147,44.8671]]],[[[-88.9151,44.868],[-88.9143,44.8691],[-88.9152,44.8701],[-88.9151,44.868]]],[[[-89.2087,44.881],[-89.2085,44.8814],[-89.2125,44.8803],[-89.2087,44.881]]],[[[-89.0412,44.9422],[-89.0397,44.9407],[-89.0371,44.9403],[-89.0412,44.9422]]],[[[-89.1932,44.9439],[-89.1899,44.9394],[-89.1909,44.9432],[-89.1932,44.9439]]]]},"properties":{"PROP_NAME":"STREAMBANK EASEMENT PROGRAM - LM","ACRES":58.19,"PUBLIC_ACCESS":"Open to Hiking and Fishing Only. Closed to Hunting and Trapping","TRANS_TYPE":2}},{"type":"Feature","geometry":{"type":"MultiPolygon","coordinates":[[[[-89.1906,44.943],[-89.1906,44.9433],[-89.1911,44.9433],[-89.1906,44.943]]],[[[-89.0741,44.3552],[-89.0747,44.3556],[-89.0748,44.3552],[-89.0741,44.3552]]],[[[-89.1721,44.436],[-89.1722,44.4363],[-89.1722,44.436],[-89.1721,44.436]]]]},"properties":{"PROP_NAME":"STREAMBANK EASEMENT PROGRAM - LM","ACRES":0.36,"PUBLIC_ACCESS":"Open to Hiking Only. Closed to Fishing, Hunting and Trapping","TRANS_TYPE":2}},{"type":"Feature","geometry":{"type":"MultiPolygon","coordinates":[[[[-90.7296,42.904],[-90.7327,42.9018],[-90.7301,42.8987],[-90.7319,42.8978],[-90.7318,42.8956],[-90.7296,42.8941],[-90.7315,42.8966],[-90.7295,42.8987],[-90.7321,42.9013],[-90.7309,42.9037],[-90.7196,42.9036],[-90.7296,42.904]]],[[[-90.7242,42.8868],[-90.7244,42.8869],[-90.7244,42.8867],[-90.7242,42.8868]]],[[[-90.7273,42.8868],[-90.7264,42.8922],[-90.7293,42.894],[-90.7269,42.8921],[-90.7273,42.8868]]]]},"properties":{"PROP_NAME":"BORAH CREEK STREAM BANK EASEMENT AREA","ACRES":35.75,"PUBLIC_ACCESS":"Open to Hiking and Fishing Only. Closed to Hunting and Trapping","TRANS_TYPE":2}},{"type":"Feature","geometry":{"type":"MultiPolygon","coordinates":[[[[-89.9999,42.9413],[-90.0022,42.9443],[-89.9997,42.9403],[-90.0035,42.9301],[-90.0035,42.9249],[-90.0078,42.9275],[-90.0154,42.9361],[-90.0136,42.932],[-90.0038,42.9234],[-90.0019,42.9284],[-89.9956,42.9291],[-90.0032,42.9288],[-90.0011,42.9336],[-89.9955,42.9345],[-90.0008,42.934],[-89.9994,42.937],[-90.0001,42.9409],[-89.9973,42.9441],[-89.9999,42.9413]]],[[[-89.9999,42.9017],[-90.0004,42.9019],[-90.0002,42.9011],[-89.9999,42.9017]]],[[[-89.9858,42.9045],[-89.9882,42.9071],[-89.9878,42.906],[-89.9858,42.9045]]],[[[-89.9934,42.9078],[-89.9956,42.9086],[-89.9872,42.904],[-89.9934,42.9078]]],[[[-90.0291,42.9492],[-90.0302,42.9529],[-90.0287,42.9461],[-90.0304,42.9446],[-90.0272,42.9446],[-90.0291,42.9492]]],[[[-90.035,42.9609],[-90.036,42.9619],[-90.035,42.9603],[-90.035,42.9609]]],[[[-90.0201,42.9623],[-90.0222,42.9647],[-90.021,42.9625],[-90.0201,42.9623]]]]},"properties":{"PROP_NAME":"CONLEY-LEWIS CREEK STREAM BANK EASEMENT AREA","ACRES":113.38,"PUBLIC_ACCESS":"Open to Hiking and Fishing Only. Closed to Hunting and Trapping","TRANS_TYPE":2}},{"type":"Feature","geometry":{"type":"MultiPolygon","coordinates":[[[[-89.8559,42.8137],[-89.8557,42.8149],[-89.857,42.8124],[-89.8559,42.8137]]],[[[-89.8528,42.8549],[-89.8533,42.8547],[-89.8528,42.8546],[-89.8528,42.8549]]],[[[-89.8574,42.8574],[-89.8551,42.8521],[-89.8577,42.8494],[-89.8532,42.8543],[-89.8563,42.8535],[-89.8574,42.8574]]],[[[-89.8574,42.8574],[-89.8572,42.8577],[-89.8577,42.8581],[-89.8574,42.8574]]],[[[-89.861,42.8617],[-89.8627,42.8635],[-89.8613,42.8611],[-89.8594,42.8611],[-89.861,42.8617]]],[[[-89.8656,42.872],[-89.8639,42.8692],[-89.8646,42.8655],[-89.863,42.8647],[-89.8641,42.872],[-89.8656,42.872]]],[[[-89.8656,42.872],[-89.8647,42.8725],[-89.8668,42.876],[-89.8599,42.8786],[-89.86,42.8828],[-89.8614,42.8818],[-89.8604,42.8788],[-89.8673,42.8762],[-89.8667,42.8746],[-89.8704,42.8773],[-89.8656,42.872]]],[[[-89.863,42.9155],[-89.8652,42.9141],[-89.8646,42.9118],[-89.8663,42.9101],[-89.8617,42.9036],[-89.8652,42.9004],[-89.8603,42.8987],[-89.8608,42.8966],[-89.8589,42.8938],[-89.8668,42.8873],[-89.8627,42.8841],[-89.8661,42.8874],[-89.8582,42.8938],[-89.8603,42.8967],[-89.8599,42.8989],[-89.8647,42.9005],[-89.8612,42.9036],[-89.8658,42.9102],[-89.863,42.9155]]],[[[-89.8496,42.9202],[-89.8525,42.9191],[-89.8482,42.9197],[-89.8496,42.9202]]],[[[-89.8433,42.9261],[-89.8444,42.9264],[-89.8433,42.9256],[-89.8433,42.9261]]]]},"properties":{"PROP_NAME":"GORDON CREEK STREAM BANK EASEMENT AREA","ACRES":111.64,"PUBLIC_ACCESS":"Open to Hiking and Fishing Only. Closed to Hunting and Trapping","TRANS_TYPE":2}},{"type":"Feature","geometry":{"type":"MultiPolygon","coordinates":[[[[-89.9205,42.8718],[-89.9211,42.8715],[-89.9206,42.8714],[-89.9205,42.8718]]],[[[-89.921,42.8739],[-89.9202,42.8792],[-89.9218,42.8772],[-89.921,42.8739]]],[[[-89.901,42.8859],[-89.9022,42.8881],[-89.9023,42.8858],[-89.901,42.8859]]],[[[-89.9019,42.8885],[-89.9023,42.8895],[-89.9023,42.8884],[-89.9019,42.8885]]],[[[-89.9023,42.8899],[-89.9021,42.8901],[-89.9023,42.8901],[-89.9023,42.8899]]],[[[-89.8874,42.9987],[-89.8881,42.998],[-89.887,42.9953],[-89.8874,42.9987]]]]},"properties":{"PROP_NAME":"HEADWATERS EAST BRANCH PECATONICA RIVER STREAM BANK EASEMENT AREA","ACRES":17.16,"PUBLIC_ACCESS":"Open to Hiking and Fishing Only. Closed to Hunting and Trapping","TRANS_TYPE":2}},{"type":"Feature","geometry":{"type":"MultiPolygon","coordinates":[[[[-90.442,42.8449],[-90.4409,42.8459],[-90.4468,42.8456],[-90.447,42.842],[-90.4493,42.842],[-90.4484,42.8408],[-90.4501,42.8389],[-90.4578,42.8388],[-90.4655,42.8346],[-90.4765,42.8331],[-90.476,42.8285],[-90.4777,42.825],[-90.4764,42.8245],[-90.4811,42.8234],[-90.4816,42.8201],[-90.482,42.8224],[-90.4759,42.8243],[-90.4757,42.8327],[-90.4727,42.8319],[-90.4696,42.8342],[-90.4601,42.8364],[-90.4577,42.8386],[-90.45,42.8387],[-90.4468,42.8419],[-90.4464,42.8453],[-90.442,42.8449]],[[-90.4765,42.832],[-90.4761,42.8322],[-90.4762,42.8317],[-90.4765,42.832]],[[-90.4489,42.8419],[-90.4483,42.841],[-90.4495,42.8411],[-90.4489,42.8419]],[[-90.475,42.8332],[-90.4695,42.8334],[-90.473,42.832],[-90.4763,42.8329],[-90.475,42.8332]]],[[[-90.4763,42.7838],[-90.4793,42.7817],[-90.4823,42.7749],[-90.485,42.7726],[-90.4841,42.771],[-90.4864,42.7716],[-90.4879,42.7693],[-90.4836,42.7707],[-90.4844,42.7725],[-90.4804,42.7748],[-90.4806,42.7765],[-90.482,42.7766],[-90.4763,42.7838]],[[-90.4827,42.7741],[-90.481,42.7763],[-90.4809,42.775],[-90.4827,42.7741]]],[[[-90.4819,42.8159],[-90.4801,42.8165],[-90.4861,42.8146],[-90.4851,42.8129],[-90.4861,42.8078],[-90.4846,42.8129],[-90.4859,42.8142],[-90.4819,42.8159]]],[[[-90.4849,42.8054],[-90.4861,42.8051],[-90.4826,42.805],[-90.4768,42.8018],[-90.4776,42.7983],[-90.4764,42.799],[-90.4764,42.8021],[-90.4849,42.8054]]],[[[-90.4761,42.7838],[-90.4747,42.7856],[-90.4761,42.7856],[-90.4761,42.7838]]],[[[-90.4799,42.7984],[-90.4802,42.7983],[-90.4794,42.7983],[-90.4799,42.7984]]]]},"properties":{"PROP_NAME":"HEADWATERS LITTLE PLATTE RIVER STREAM BANK EASEMENT AREA","ACRES":118.2,"PUBLIC_ACCESS":"Open to Hiking and Fishing Only. Closed to Hunting and Trapping","TRANS_TYPE":2}},{"type":"Feature","geometry":{"type":"Polygon","coordinates":[[[-89.6514,42.9212],[-89.6505,42.9197],[-89.6471,42.9196],[-89.6514,42.9212]]]},"properties":{"PROP_NAME":"HEADWATERS WEST BRANCH SUGAR RIVER STREAM BANK EASEMENT AREA","ACRES":7.29,"PUBLIC_ACCESS":"Open to Hiking and Fishing Only. Closed to Hunting and Trapping","TRANS_TYPE":2}},{"type":"Feature","geometry":{"type":"MultiPolygon","coordinates":[[[[-90.0348,42.8107],[-90.0355,42.8098],[-90.0323,42.8085],[-90.0181,42.8071],[-90.0322,42.8089],[-90.0348,42.8107]]],[[[-90.0435,42.8137],[-90.0421,42.8116],[-90.0404,42.8108],[-90.0435,42.8137]],[[-90.0452,42.8149],[-90.0453,42.8157],[-90.0437,42.8134],[-90.0452,42.8149]]]]},"properties":{"PROP_NAME":"HEADWATERS YELLOWSTONE RIVER STREAM BANK EASEMENT AREA","ACRES":23.51,"PUBLIC_ACCESS":"Open to Hiking and Fishing Only. Closed to Hunting and Trapping","TRANS_TYPE":2}},{"type":"Feature","geometry":{"type":"MultiPolygon","coordinates":[[[[-89.858,42.8611],[-89.8582,42.8623],[-89.8588,42.8614],[-89.858,42.8611]]],[[[-89.8107,42.861],[-89.8107,42.8645],[-89.8115,42.8646],[-89.8107,42.861]],[[-89.8166,42.8716],[-89.8169,42.872],[-89.8163,42.8714],[-89.8166,42.8716]]],[[[-89.8466,42.8684],[-89.8465,42.8704],[-89.8441,42.872],[-89.8469,42.8706],[-89.8478,42.8675],[-89.8529,42.8697],[-89.8575,42.8651],[-89.8577,42.8625],[-89.8526,42.8695],[-89.8488,42.8672],[-89.8466,42.8684]]],[[[-89.8434,42.8757],[-89.843,42.8774],[-89.8438,42.876],[-89.8434,42.8757]]],[[[-89.7381,42.8797],[-89.7348,42.8809],[-89.7447,42.8787],[-89.7381,42.8797]]],[[[-89.807,42.8926],[-89.8063,42.8937],[-89.808,42.8922],[-89.8064,42.889],[-89.807,42.8926]]]]},"properties":{"PROP_NAME":"KITTLESON VALLEY STREAM BANK EASEMENT AREA","ACRES":46.97,"PUBLIC_ACCESS":"Open to Hiking and Fishing Only. Closed to Hunting and Trapping","TRANS_TYPE":2}},{"type":"Feature","geometry":{"type":"MultiPolygon","coordinates":[[[[-90.8396,42.9109],[-90.8412,42.9107],[-90.8428,42.9056],[-90.8465,42.9012],[-90.8459,42.8976],[-90.8373,42.8934],[-90.8339,42.8901],[-90.8274,42.8884],[-90.8218,42.8901],[-90.8184,42.8884],[-90.8218,42.8905],[-90.8274,42.8888],[-90.8338,42.8905],[-90.8456,42.8979],[-90.846,42.9011],[-90.8396,42.9109]]],[[[-90.8008,42.8654],[-90.8015,42.869],[-90.802,42.8659],[-90.8008,42.8654]]]]},"properties":{"PROP_NAME":"LITTLE GRANT RIVER STREAM BANK EASEMENT AREA","ACRES":56.88,"PUBLIC_ACCESS":"Open to Hiking and Fishing Only. Closed to Hunting and Trapping","TRANS_TYPE":2}},{"type":"Feature","geometry":{"type":"MultiPolygon","coordinates":[[[[-89.924,42.8754],[-89.9236,42.8755],[-89.9247,42.8752],[-89.924,42.8754]],[[-89.923,42.874],[-89.9236,42.8755],[-89.9244,42.8741],[-89.9215,42.873],[-89.9215,42.8742],[-89.923,42.874]],[[-89.9299,42.879],[-89.9321,42.8792],[-89.9272,42.8767],[-89.9308,42.8783],[-89.9299,42.879]]],[[[-89.9308,42.8788],[-89.9302,42.8786],[-89.931,42.8786],[-89.9308,42.8788]],[[-89.9509,42.8827],[-89.9553,42.887],[-89.9557,42.8866],[-89.9509,42.8827]],[[-89.9608,42.8909],[-89.9608,42.8929],[-89.9618,42.8923],[-89.9608,42.8909]],[[-89.9668,42.8933],[-89.9667,42.8934],[-89.9673,42.8934],[-89.9668,42.8933]],[[-89.9727,42.895],[-89.9755,42.8951],[-89.9733,42.895],[-89.9723,42.8922],[-89.9698,42.893],[-89.9695,42.8919],[-89.9726,42.8896],[-89.9758,42.8816],[-89.9734,42.8843],[-89.9721,42.8894],[-89.9676,42.8919],[-89.9675,42.8934],[-89.9683,42.8921],[-89.9693,42.8934],[-89.9719,42.8926],[-89.9727,42.895]]]]},"properties":{"PROP_NAME":"LOWER DODGE BRANCH STREAM BANK EASEMENT AREA","ACRES":62.65,"PUBLIC_ACCESS":"Open to Hiking and Fishing Only. Closed to Hunting and Trapping","TRANS_TYPE":2}},{"type":"Feature","geometry":{"type":"MultiPolygon","coordinates":[[[[-90.8037,42.8837],[-90.7997,42.8883],[-90.7961,42.8885],[-90.7962,42.8939],[-90.7939,42.8944],[-90.7963,42.8943],[-90.8029,42.9004],[-90.8013,42.9022],[-90.8034,42.9054],[-90.8031,42.9086],[-90.8045,42.9092],[-90.8041,42.9138],[-90.8053,42.9109],[-90.8036,42.9085],[-90.8045,42.9055],[-90.8018,42.9022],[-90.8034,42.9003],[-90.7964,42.893],[-90.7975,42.8915],[-90.7965,42.8887],[-90.8,42.8887],[-90.8037,42.8837]]],[[[-90.8038,42.8837],[-90.8058,42.88],[-90.8037,42.8824],[-90.8038,42.8837]]]]},"properties":{"PROP_NAME":"MARTIN BRANCH STREAM BANK EASEMENT AREA","ACRES":57.4,"PUBLIC_ACCESS":"Open to Hiking and Fishing Only. Closed to Hunting and Trapping","TRANS_TYPE":2}},{"type":"Feature","geometry":{"type":"MultiPolygon","coordinates":[[[[-89.9789,42.899],[-89.978,42.9007],[-89.9794,42.8983],[-89.9807,42.899],[-89.9778,42.8961],[-89.9856,42.8935],[-89.9757,42.8959],[-89.9789,42.899]]],[[[-89.9908,42.8859],[-89.9905,42.8881],[-89.9926,42.8827],[-89.9908,42.8859]]],[[[-89.9807,42.8934],[-89.9807,42.8935],[-89.9808,42.8935],[-89.9807,42.8934]]],[[[-89.9925,42.8988],[-89.9955,42.8978],[-89.9914,42.8985],[-89.99,42.8954],[-89.9883,42.8956],[-89.9925,42.8988]]],[[[-90.0136,42.9032],[-90.0154,42.9033],[-90.0145,42.9012],[-90.0144,42.903],[-90.0098,42.9013],[-90.0073,42.9027],[-90.0053,42.902],[-90.0136,42.9032]]],[[[-90.0595,42.9065],[-90.0629,42.9056],[-90.0552,42.9069],[-90.0595,42.9065]]]]},"properties":{"PROP_NAME":"MIDDLE DODGE BRANCH STREAM BANK EASEMENT AREA","ACRES":71.05,"PUBLIC_ACCESS":"Open to Hiking and Fishing Only. Closed to Hunting and Trapping","TRANS_TYPE":2}},{"type":"Feature","geometry":{"type":"Polygon","coordinates":[[[-89.9201,42.8703],[-89.9211,42.8712],[-89.9175,42.8683],[-89.9201,42.8703]],[[-89.9205,42.8718],[-89.9215,42.8741],[-89.9215,42.8726],[-89.9205,42.8718]]]},"properties":{"PROP_NAME":"MIDDLE EAST BRANCH PECATONICA RIVER STREAM BANK EASEMENT AREA","ACRES":7.390000000000001,"PUBLIC_ACCESS":"Open to Hiking and Fishing Only. Closed to Hunting and Trapping","TRANS_TYPE":2}},{"type":"Feature","geometry":{"type":"MultiPolygon","coordinates":[[[[-90.159,42.8196],[-90.1621,42.819],[-90.1572,42.8182],[-90.159,42.8196]]],[[[-90.1653,42.8239],[-90.1648,42.8255],[-90.1693,42.8218],[-90.1653,42.8239]],[[-90.1774,42.838],[-90.1781,42.8391],[-90.1765,42.8377],[-90.1774,42.838]]]]},"properties":{"PROP_NAME":"MINERAL POINT BRANCH STREAM BANK EASEMENT AREA","ACRES":15.17,"PUBLIC_ACCESS":"Open to Hiking and Fishing Only. Closed to Hunting and Trapping","TRANS_TYPE":2}},{"type":"Feature","geometry":{"type":"MultiPolygon","coordinates":[[[[-89.6996,42.9766],[-89.7008,42.9774],[-89.6982,42.9749],[-89.6996,42.9766]]],[[[-89.7014,42.9794],[-89.7028,42.981],[-89.702,42.9794],[-89.7014,42.9794]]],[[[-89.7145,42.9911],[-89.7156,42.9932],[-89.7164,42.9934],[-89.7145,42.9911]]]]},"properties":{"PROP_NAME":"MOUNT VERNON CREEK STREAM BANK EASEMENT AREA","ACRES":9.43,"PUBLIC_ACCESS":"Open to Hiking and Fishing Only. Closed to Hunting and Trapping","TRANS_TYPE":2}},{"type":"Feature","geometry":{"type":"MultiPolygon","coordinates":[[[[-90.075,42.7107],[-90.0771,42.7119],[-90.075,42.7102],[-90.0725,42.7037],[-90.0795,42.6972],[-90.0786,42.6964],[-90.0797,42.695],[-90.0711,42.6894],[-90.068,42.6891],[-90.0689,42.6865],[-90.0659,42.6863],[-90.0656,42.6835],[-90.0638,42.6834],[-90.0644,42.679],[-90.0657,42.6785],[-90.0644,42.6752],[-90.0669,42.6728],[-90.072,42.6716],[-90.0685,42.6716],[-90.0638,42.6753],[-90.0651,42.6786],[-90.0638,42.6788],[-90.0639,42.682],[-90.061,42.6836],[-90.061,42.6881],[-90.0547,42.6974],[-90.0623,42.6869],[-90.061,42.6864],[-90.0617,42.6834],[-90.0648,42.6838],[-90.0654,42.6866],[-90.0687,42.6883],[-90.0672,42.6886],[-90.0678,42.6898],[-90.0708,42.6899],[-90.0791,42.695],[-90.078,42.6965],[-90.079,42.697],[-90.0719,42.7037],[-90.075,42.7107]]],[[[-90.0915,42.7399],[-90.0925,42.7403],[-90.0923,42.7385],[-90.089,42.7357],[-90.0855,42.7348],[-90.0873,42.7303],[-90.0829,42.7238],[-90.0867,42.7303],[-90.0847,42.7348],[-90.0887,42.7361],[-90.0915,42.7399]]],[[[-90.0967,42.7446],[-90.0962,42.7482],[-90.0975,42.747],[-90.0967,42.7446]]],[[[-90.0984,42.7573],[-90.0973,42.7591],[-90.0988,42.7552],[-90.0966,42.7518],[-90.0983,42.7552],[-90.0971,42.757],[-90.0984,42.7573]]]]},"properties":{"PROP_NAME":"OTTER CREEK STREAM BANK EASEMENT AREA","ACRES":166.3,"PUBLIC_ACCESS":"Open to Hiking and Fishing Only. Closed to Hunting and Trapping","TRANS_TYPE":2}},{"type":"Feature","geometry":{"type":"MultiPolygon","coordinates":[[[[-89.9371,42.9454],[-89.9322,42.9449],[-89.9334,42.9461],[-89.9371,42.9454]]],[[[-89.9371,42.9479],[-89.9371,42.9498],[-89.9374,42.9499],[-89.9371,42.9479]]],[[[-89.9372,42.9479],[-89.9372,42.9459],[-89.9401,42.9465],[-89.939,42.95],[-89.9456,42.9518],[-89.9466,42.955],[-89.947,42.9522],[-89.9546,42.9581],[-89.9536,42.9567],[-89.9594,42.9586],[-89.9564,42.9558],[-89.9534,42.9563],[-89.9492,42.9527],[-89.9397,42.9493],[-89.9406,42.947],[-89.9429,42.9477],[-89.9405,42.9463],[-89.9371,42.9454],[-89.9372,42.9479]],[[-89.9413,42.9471],[-89.9413,42.9471],[-89.9413,42.9471],[-89.9413,42.9471]],[[-89.9413,42.9471],[-89.9413,42.9471],[-89.9413,42.9471],[-89.9413,42.9471]]],[[[-89.977,42.9869],[-89.9785,42.9876],[-89.9746,42.9829],[-89.9807,42.9833],[-89.9722,42.9816],[-89.9714,42.9746],[-89.9636,42.9666],[-89.9646,42.9624],[-89.9589,42.9588],[-89.959,42.9602],[-89.9641,42.9625],[-89.9627,42.9675],[-89.9639,42.9695],[-89.9629,42.971],[-89.9563,42.9695],[-89.9628,42.9714],[-89.9612,42.9731],[-89.9631,42.9723],[-89.9646,42.9687],[-89.9705,42.9744],[-89.9712,42.981],[-89.9741,42.983],[-89.9726,42.9836],[-89.977,42.9869]],[[-89.9642,42.9677],[-89.9638,42.9684],[-89.9633,42.9676],[-89.9642,42.9677]]]]},"properties":{"PROP_NAME":"SMITH-CONLEY CREEK STREAM BANK EASEMENT AREA","ACRES":125.45,"PUBLIC_ACCESS":"Open to Hiking and Fishing Only. Closed to Hunting and Trapping","TRANS_TYPE":2}},{"type":"Feature","geometry":{"type":"MultiPolygon","coordinates":[[[[-90.4629,42.6715],[-90.475,42.6678],[-90.4712,42.6679],[-90.4629,42.6715]]],[[[-90.4848,42.6651],[-90.4812,42.6667],[-90.4894,42.6634],[-90.4848,42.6651]]],[[[-90.4543,42.6781],[-90.4604,42.6745],[-90.4628,42.6716],[-90.4543,42.6781]]]]},"properties":{"PROP_NAME":"SNOWDEN BRANCH STREAM BANK EASEMENT AREA","ACRES":33.18,"PUBLIC_ACCESS":"Open to Hiking and Fishing Only. Closed to Hunting and Trapping","TRANS_TYPE":2}},{"type":"Feature","geometry":{"type":"MultiPolygon","coordinates":[[[[-89.6613,42.7466],[-89.6613,42.7451],[-89.6593,42.7453],[-89.6613,42.7442],[-89.6573,42.7442],[-89.6596,42.7444],[-89.6589,42.7455],[-89.6613,42.7466]]],[[[-89.6546,42.7452],[-89.6534,42.7469],[-89.6543,42.746],[-89.6546,42.7452]]],[[[-89.6675,42.753],[-89.67,42.7524],[-89.6666,42.7521],[-89.6675,42.753]]],[[[-89.666,42.7523],[-89.669,42.756],[-89.6698,42.756],[-89.666,42.7523]],[[-89.6809,42.7569],[-89.6818,42.7576],[-89.6768,42.7549],[-89.6809,42.7569]]],[[[-89.7115,42.7862],[-89.7088,42.7889],[-89.7098,42.7885],[-89.7115,42.7862]]],[[[-89.6932,42.7896],[-89.6933,42.7925],[-89.6937,42.7896],[-89.6969,42.7899],[-89.6941,42.7894],[-89.6964,42.7852],[-89.6937,42.7892],[-89.6879,42.788],[-89.6798,42.7837],[-89.6754,42.7778],[-89.6792,42.7841],[-89.6873,42.7888],[-89.6932,42.7896]],[[-89.682,42.7851],[-89.682,42.7851],[-89.6818,42.7851],[-89.682,42.7851]]],[[[-89.7195,42.7991],[-89.719,42.797],[-89.7202,42.7967],[-89.7168,42.7961],[-89.7195,42.7991]]],[[[-89.7125,42.8015],[-89.7118,42.7949],[-89.7166,42.796],[-89.7133,42.7948],[-89.7166,42.7925],[-89.7126,42.7947],[-89.7043,42.7899],[-89.7102,42.7929],[-89.7125,42.8015]]],[[[-89.7124,42.8105],[-89.7136,42.8088],[-89.7168,42.81],[-89.7126,42.8086],[-89.7118,42.8034],[-89.7124,42.8105]]],[[[-89.6027,42.9047],[-89.6027,42.9051],[-89.6031,42.9047],[-89.6027,42.9047]]],[[[-89.6075,42.9052],[-89.6136,42.9084],[-89.6078,42.9049],[-89.604,42.9051],[-89.6075,42.9052]]]]},"properties":{"PROP_NAME":"WEST BRANCH LITTLE SUGAR RIVER STREAM BANK EASEMENT AREA","ACRES":127.56,"PUBLIC_ACCESS":"Open to Hiking and Fishing Only. Closed to Hunting and Trapping","TRANS_TYPE":2}},{"type":"Feature","geometry":{"type":"Polygon","coordinates":[[[-89.789,42.7916],[-89.7933,42.7884],[-89.7892,42.7905],[-89.789,42.7916]]]},"properties":{"PROP_NAME":"SAWMILL-ERICKSON STREAM BANK EASEMENT AREA","ACRES":5.47,"PUBLIC_ACCESS":"Open to Hiking and Fishing Only. Closed to Hunting and Trapping","TRANS_TYPE":2}},{"type":"Feature","geometry":{"type":"Polygon","coordinates":[[[-90.0247,42.674],[-90.0289,42.6709],[-90.0286,42.6694],[-90.0346,42.6665],[-90.0226,42.6706],[-90.0198,42.67],[-90.0285,42.6698],[-90.0247,42.674]]]},"properties":{"PROP_NAME":"COPPER CREEK-PECATONICA RIVER STREAM BANK EASEMENT AREA","ACRES":24.76,"PUBLIC_ACCESS":"Open to Hiking and Fishing Only. Closed to Hunting and Trapping","TRANS_TYPE":2}},{"type":"Feature","geometry":{"type":"Polygon","coordinates":[[[-89.8669,43.585],[-89.8636,43.586],[-89.8622,43.5871],[-89.8669,43.585]],[[-89.8733,43.5479],[-89.8743,43.5487],[-89.8728,43.5476],[-89.8733,43.5479]]]},"properties":{"PROP_NAME":"CAMELS CREEK-DELL CREEK STREAM BANK EASEMENT AREA","ACRES":5.8500000000000005,"PUBLIC_ACCESS":"Open to Hiking and Fishing Only. Closed to Hunting and Trapping","TRANS_TYPE":2}},{"type":"Feature","geometry":{"type":"Polygon","coordinates":[[[-89.9955,42.9045],[-89.9953,42.9046],[-89.9957,42.9046],[-89.9955,42.9045]]]},"properties":{"PROP_NAME":"CONLEY-LEWIS CREEK STREAM BANK EASEMENT AREA","ACRES":0.11,"PUBLIC_ACCESS":"Open to Hiking Only. Closed to Fishing, Hunting and Trapping","TRANS_TYPE":2}},{"type":"Feature","geometry":{"type":"MultiPolygon","coordinates":[[[[-90.7423,42.8761],[-90.7427,42.8758],[-90.7426,42.8758],[-90.7423,42.8761]]],[[[-90.7422,42.8762],[-90.7424,42.8763],[-90.7424,42.8762],[-90.7422,42.8762]]]]},"properties":{"PROP_NAME":"HEADWATERS GRANT RIVER STREAM BANK EASEMENT AREA","ACRES":0.09,"PUBLIC_ACCESS":"Open to Hiking Only. Closed to Fishing, Hunting and Trapping","TRANS_TYPE":2}},{"type":"Feature","geometry":{"type":"Polygon","coordinates":[[[-89.8452,42.8691],[-89.8468,42.869],[-89.8453,42.8689],[-89.8452,42.8691]]]},"properties":{"PROP_NAME":"KITTLESON VALLEY STREAM BANK EASEMENT AREA","ACRES":0.17,"PUBLIC_ACCESS":"Open to Hiking Only. Closed to Fishing, Hunting and Trapping","TRANS_TYPE":2}},{"type":"Feature","geometry":{"type":"Polygon","coordinates":[[[-89.7002,42.9763],[-89.7002,42.9764],[-89.7003,42.9763],[-89.7002,42.9763]]]},"properties":{"PROP_NAME":"MOUNT VERNON CREEK STREAM BANK EASEMENT AREA","ACRES":0.01,"PUBLIC_ACCESS":"Open to Hiking Only. Closed to Fishing, Hunting and Trapping","TRANS_TYPE":2}},{"type":"Feature","geometry":{"type":"Polygon","coordinates":[[[-89.8348,42.7456],[-89.8382,42.7451],[-89.8346,42.7455],[-89.8294,42.7414],[-89.8348,42.7456]]]},"properties":{"PROP_NAME":"SAWMILL-ERICKSON STREAM BANK EASEMENT AREA","ACRES":1.18,"PUBLIC_ACCESS":"Open to Hiking Only. Closed to Fishing, Hunting and Trapping","TRANS_TYPE":2}},{"type":"Feature","geometry":{"type":"MultiPolygon","coordinates":[[[[-88.6358,42.8211],[-88.6401,42.8212],[-88.6401,42.8208],[-88.6358,42.8211]],[[-88.043,43.3374],[-88.0446,43.3381],[-88.0397,43.3367],[-88.043,43.3374]]],[[[-88.0438,43.3383],[-88.0447,43.3385],[-88.0397,43.3371],[-88.0438,43.3383]]],[[[-87.9705,43.3895],[-87.9735,43.3895],[-87.9705,43.3877],[-87.9705,43.3895]]],[[[-87.9675,43.3795],[-87.9668,43.3892],[-87.968,43.3895],[-87.9686,43.3795],[-87.9675,43.3795]]],[[[-87.9764,43.3919],[-87.9763,43.3931],[-87.9771,43.3931],[-87.9764,43.3919]]],[[[-87.9766,43.396],[-87.9789,43.3961],[-87.9767,43.3953],[-87.9766,43.396]]],[[[-87.9763,43.3967],[-87.975,43.3976],[-87.9764,43.3976],[-87.9763,43.3967]]],[[[-88.1499,43.4122],[-88.1501,43.4133],[-88.1508,43.4137],[-88.1499,43.4122]]],[[[-88.146,43.4195],[-88.1476,43.419],[-88.1476,43.4158],[-88.1509,43.4186],[-88.1491,43.416],[-88.1508,43.4148],[-88.147,43.4156],[-88.146,43.4195]]],[[[-88.0943,43.4168],[-88.091,43.4212],[-88.0952,43.4176],[-88.0943,43.4168]]],[[[-88.1143,43.423],[-88.1171,43.4229],[-88.1182,43.4191],[-88.121,43.4166],[-88.1167,43.4146],[-88.121,43.414],[-88.121,43.4119],[-88.1138,43.4138],[-88.114,43.4154],[-88.1206,43.4165],[-88.1179,43.4189],[-88.1166,43.4228],[-88.1111,43.42],[-88.1143,43.423]]],[[[-88.0431,43.4335],[-88.0452,43.4348],[-88.0434,43.4327],[-88.0408,43.4325],[-88.0431,43.4335]]],[[[-88.0518,43.4611],[-88.0557,43.4593],[-88.0521,43.4609],[-88.0507,43.4601],[-88.0518,43.4611]]],[[[-88.1989,43.4706],[-88.1985,43.4715],[-88.2015,43.47],[-88.1989,43.4706]]],[[[-88.0425,43.4714],[-88.0439,43.4714],[-88.0458,43.4703],[-88.0425,43.4714]]],[[[-87.9757,43.4696],[-87.9784,43.4733],[-87.9791,43.4733],[-87.9757,43.4696]],[[-87.9998,43.4737],[-88.0025,43.4749],[-87.9929,43.4721],[-87.9998,43.4737]]],[[[-88.01,43.4745],[-88.0092,43.4758],[-88.0104,43.4741],[-88.01,43.4745]]],[[[-88.0082,43.4762],[-88.0079,43.4771],[-88.0085,43.4759],[-88.0082,43.4762]]],[[[-88.0437,43.4797],[-88.0432,43.48],[-88.0458,43.48],[-88.0437,43.4797]]],[[[-88.0375,43.4807],[-88.0388,43.4805],[-88.0375,43.4804],[-88.0375,43.4807]]],[[[-88.1999,43.4845],[-88.2014,43.4845],[-88.2014,43.4798],[-88.1978,43.4797],[-88.1999,43.4845]]],[[[-88.2789,43.5217],[-88.2789,43.5213],[-88.2778,43.5217],[-88.2789,43.5217]]],[[[-88.2778,43.5217],[-88.2691,43.5256],[-88.2759,43.5288],[-88.2728,43.5252],[-88.276,43.5229],[-88.2813,43.523],[-88.2813,43.5217],[-88.2778,43.5217]]],[[[-88.2757,43.529],[-88.2745,43.5326],[-88.2758,43.5324],[-88.2757,43.529]]],[[[-88.2476,43.5466],[-88.2495,43.5459],[-88.2457,43.5441],[-88.2476,43.5466]]],[[[-88.2545,43.5475],[-88.2556,43.5473],[-88.2524,43.5471],[-88.2518,43.5447],[-88.2494,43.5449],[-88.2545,43.5475]]],[[[-88.2353,43.5595],[-88.2346,43.5611],[-88.2356,43.5611],[-88.2353,43.5595]]],[[[-88.0009,43.7038],[-88.0059,43.7045],[-88.0058,43.7032],[-88.0009,43.7038]]],[[[-87.9839,43.7064],[-87.985,43.7038],[-87.9825,43.705],[-87.9807,43.7038],[-87.9807,43.7053],[-87.9839,43.7064]]],[[[-87.9873,43.7098],[-87.9909,43.7109],[-87.9907,43.7096],[-87.9856,43.7082],[-87.9873,43.7098]]],[[[-87.8512,43.7116],[-87.8491,43.7125],[-87.85,43.715],[-87.8481,43.7159],[-87.8505,43.7151],[-87.8496,43.7126],[-87.855,43.7108],[-87.8553,43.7132],[-87.8576,43.7134],[-87.8605,43.7106],[-87.8571,43.7131],[-87.8557,43.7129],[-87.8551,43.7105],[-87.8512,43.7116]]],[[[-88.2665,43.7773],[-88.2657,43.7794],[-88.2691,43.7769],[-88.2665,43.7773]]]]},"properties":{"PROP_NAME":"STREAMBANK EASEMENT PROGRAM - SE","ACRES":307.34000000000003,"PUBLIC_ACCESS":"Open to Hiking and Fishing Only. Closed to Hunting and Trapping","TRANS_TYPE":2}},{"type":"Feature","geometry":{"type":"Polygon","coordinates":[[[-87.9807,43.7041],[-87.9806,43.7039],[-87.9806,43.7041],[-87.9807,43.7041]]]},"properties":{"PROP_NAME":"STREAMBANK EASEMENT PROGRAM - SE","ACRES":0.05,"PUBLIC_ACCESS":"Open to Hiking Only. Closed to Fishing, Hunting and Trapping","TRANS_TYPE":2}},{"type":"Feature","geometry":{"type":"Polygon","coordinates":[[[-89.7602,44.26],[-89.7653,44.2587],[-89.762,44.2584],[-89.7602,44.26]]]},"properties":{"PROP_NAME":"TEN MILE CREEK STREAMBANK PROTECTION AREA","ACRES":5.98,"PUBLIC_ACCESS":"Open to Hiking and Fishing Only. Closed to Hunting and Trapping","TRANS_TYPE":2}},{"type":"Feature","geometry":{"type":"MultiPolygon","coordinates":[[[[-92.3673,44.7934],[-92.3667,44.7968],[-92.3694,44.7917],[-92.3688,44.7897],[-92.3673,44.7934]]],[[[-92.3222,44.7051],[-92.3219,44.7093],[-92.319,44.7117],[-92.3222,44.7093],[-92.3222,44.7051]]],[[[-92.3224,44.7087],[-92.3195,44.7117],[-92.3224,44.7097],[-92.3224,44.7087]]],[[[-92.374,44.7956],[-92.3749,44.7971],[-92.374,44.795],[-92.3706,44.797],[-92.374,44.7956]]]]},"properties":{"PROP_NAME":"STREAM BANK PROTECTION FEE PROGRAM - WD","ACRES":25.67,"PUBLIC_ACCESS":"Open to Hiking and Fishing Only. Closed to Hunting and Trapping","TRANS_TYPE":2}},{"type":"Feature","geometry":{"type":"Polygon","coordinates":[[[-92.3754,44.7928],[-92.3754,44.7928],[-92.3754,44.7899],[-92.3754,44.7928]]]},"properties":{"PROP_NAME":"STREAM BANK PROTECTION FEE PROGRAM - WD","ACRES":0.4,"PUBLIC_ACCESS":"Open to Hiking Only. Closed to Fishing, Hunting and Trapping","TRANS_TYPE":2}},{"type":"Feature","geometry":{"type":"Polygon","coordinates":[[[-91.019,43.4369],[-91.0204,43.437],[-91.0225,43.4334],[-91.0207,43.4341],[-91.0202,43.4369],[-91.0176,43.4357],[-91.019,43.4369]]]},"properties":{"PROP_NAME":"STREAM BANK PROTECTION FEE PROGRAM - SD","ACRES":4.59,"PUBLIC_ACCESS":"Open to Hiking and Fishing Only. Closed to Hunting and Trapping","TRANS_TYPE":2}},{"type":"Feature","geometry":{"type":"Polygon","coordinates":[[[-90.9066,43.3612],[-90.9115,43.3649],[-90.9144,43.3648],[-90.91,43.3624],[-90.91,43.3607],[-90.9142,43.3576],[-90.9139,43.3558],[-90.9216,43.3557],[-90.9216,43.3576],[-90.9265,43.3575],[-90.9266,43.3543],[-90.9191,43.3539],[-90.9191,43.3503],[-90.9135,43.3508],[-90.9096,43.3525],[-90.9098,43.3576],[-90.9066,43.3577],[-90.9066,43.3612]]]},"properties":{"PROP_NAME":"BLACKHAWK-KICKAPOO W S","ACRES":228.8,"PUBLIC_ACCESS":"Open to Hiking, Fishing and Hunting. Closed to Trapping","TRANS_TYPE":2}},{"type":"Feature","geometry":{"type":"Polygon","coordinates":[[[-89.257,46.0538],[-89.2575,46.054],[-89.2575,46.0538],[-89.257,46.0538]]]},"properties":{"PROP_NAME":"CONOVER STATION","ACRES":0.21,"PUBLIC_ACCESS":"Open to Hiking and Fishing Only. Closed to Hunting and Trapping","TRANS_TYPE":2}},{"type":"Feature","geometry":{"type":"Polygon","coordinates":[[[-88.2374,45.9184],[-88.2386,45.9188],[-88.2374,45.9178],[-88.2374,45.9184]]]},"properties":{"PROP_NAME":"FLORENCE STATION","ACRES":1.1,"PUBLIC_ACCESS":"Open to Hiking and Fishing Only. Closed to Hunting and Trapping","TRANS_TYPE":2}},{"type":"Feature","geometry":{"type":"Polygon","coordinates":[[[-87.9945,45.6178],[-87.9959,45.617],[-87.996,45.6164],[-87.9945,45.6178]]]},"properties":{"PROP_NAME":"PEMBINE STATION","ACRES":0.54,"PUBLIC_ACCESS":"Open to Hiking Only. Closed to Fishing, Hunting and Trapping","TRANS_TYPE":2}},{"type":"Feature","geometry":{"type":"MultiPolygon","coordinates":[[[[-88.2489,43.5838],[-88.2504,43.5858],[-88.2495,43.5834],[-88.2455,43.5816],[-88.2489,43.5838]]],[[[-88.3194,43.6698],[-88.3202,43.6708],[-88.3202,43.6695],[-88.3228,43.6696],[-88.3228,43.6672],[-88.3203,43.6672],[-88.3194,43.6698]]],[[[-88.273,43.9119],[-88.2818,43.9109],[-88.273,43.9104],[-88.273,43.9119]]],[[[-88.2957,43.9177],[-88.2979,43.9182],[-88.2979,43.9157],[-88.2902,43.9157],[-88.2883,43.9129],[-88.2849,43.9127],[-88.2887,43.9138],[-88.2879,43.9174],[-88.2957,43.9177]]],[[[-88.308,43.9712],[-88.3116,43.9719],[-88.3116,43.9704],[-88.308,43.9712]]],[[[-88.2886,43.9782],[-88.2912,43.9783],[-88.2926,43.9763],[-88.2886,43.9782]]],[[[-87.7868,43.9801],[-87.7915,43.9793],[-87.788,43.9792],[-87.7868,43.9801]]],[[[-87.7833,43.9828],[-87.7815,43.9838],[-87.7834,43.9838],[-87.7833,43.9828]]],[[[-87.7929,43.9864],[-87.7965,43.9864],[-87.7965,43.9849],[-87.7928,43.9855],[-87.7915,43.985],[-87.7915,43.9819],[-87.7865,43.9819],[-87.7904,43.9828],[-87.7904,43.9853],[-87.7929,43.9864]]],[[[-87.7371,44.0123],[-87.7331,44.0125],[-87.7331,44.0144],[-87.7415,44.012],[-87.7371,44.0123]]],[[[-87.6883,44.0291],[-87.6874,44.0306],[-87.6949,44.027],[-87.6883,44.0291]]],[[[-87.8936,44.1967],[-87.8921,44.1972],[-87.8921,44.1976],[-87.8936,44.1967]]],[[[-87.8921,44.1991],[-87.8972,44.1983],[-87.8921,44.1986],[-87.8921,44.1991]]],[[[-87.8965,44.2159],[-87.8956,44.2179],[-87.8971,44.2208],[-87.8994,44.2149],[-87.8967,44.2147],[-87.8969,44.2128],[-87.8999,44.2131],[-87.8971,44.2097],[-87.8938,44.2145],[-87.8965,44.2159]]],[[[-87.8261,44.4548],[-87.8267,44.4558],[-87.8287,44.4539],[-87.8338,44.4548],[-87.8261,44.4515],[-87.8279,44.4537],[-87.8261,44.4548]]]]},"properties":{"PROP_NAME":"STATEWIDE NONPOINT EASEMENT PROGRAM-NER","ACRES":243.75,"PUBLIC_ACCESS":"Open to Hiking and Fishing Only. Closed to Hunting and Trapping","TRANS_TYPE":2}},{"type":"Feature","geometry":{"type":"MultiPolygon","coordinates":[[[[-91.6,46.6315],[-91.6001,46.6315],[-91.6001,46.6306],[-91.6,46.6315]]],[[[-91.5942,46.6404],[-91.5946,46.6402],[-91.5946,46.6402],[-91.5942,46.6404]]]]},"properties":{"PROP_NAME":"BRULE RIVER STATE FOREST","ACRES":0.17,"PUBLIC_ACCESS":"Open to Hiking Only. Closed to Fishing, Hunting and Trapping","TRANS_TYPE":2}},{"type":"Feature","geometry":{"type":"MultiPolygon","coordinates":[[[[-91.5007,45.9941],[-91.5019,45.993],[-91.5019,45.9906],[-91.5007,45.9941]]],[[[-91.5016,45.9945],[-91.5018,45.9941],[-91.5016,45.9941],[-91.5016,45.9945]]]]},"properties":{"PROP_NAME":"HAYWARD NURSERY","ACRES":1.8900000000000001,"PUBLIC_ACCESS":"Open to Hiking Only. Closed to Fishing, Hunting and Trapping","TRANS_TYPE":2}},{"type":"Feature","geometry":{"type":"Polygon","coordinates":[[[-89.8291,45.6385],[-89.8288,45.6426],[-89.831,45.645],[-89.829,45.6425],[-89.8291,45.6385]]]},"properties":{"PROP_NAME":"FOREST LEGACY PROGRAM","ACRES":3.1,"PUBLIC_ACCESS":"Open to Hiking Only. Closed to Fishing, Hunting and Trapping","TRANS_TYPE":2}},{"type":"Feature","geometry":{"type":"Polygon","coordinates":[[[-91.8659,45.8074],[-91.8674,45.8145],[-91.8674,45.8095],[-91.8659,45.8074]]]},"properties":{"PROP_NAME":"BEAVER BROOK WILDLIFE AREA","ACRES":4.2700000000000005,"PUBLIC_ACCESS":"Open to Hiking Only. Closed to Fishing, Hunting and Trapping","TRANS_TYPE":2}},{"type":"Feature","geometry":{"type":"MultiPolygon","coordinates":[[[[-89.4948,42.8637],[-89.4985,42.8636],[-89.4948,42.8636],[-89.4948,42.8637]]],[[[-89.4673,42.8636],[-89.4675,42.8636],[-89.4675,42.8635],[-89.4673,42.8636]]],[[[-89.4917,42.8759],[-89.4936,42.876],[-89.4936,42.8759],[-89.4917,42.8759]]]]},"properties":{"PROP_NAME":"BROOKLYN WILDLIFE AREA","ACRES":1.1400000000000001,"PUBLIC_ACCESS":"Open to Hiking Only. Closed to Fishing, Hunting and Trapping","TRANS_TYPE":2}},{"type":"Feature","geometry":{"type":"Polygon","coordinates":[[[-92.304,45.1978],[-92.3091,45.1978],[-92.3091,45.1942],[-92.304,45.1942],[-92.304,45.1978]]]},"properties":{"PROP_NAME":"CYLON WILDLIFE AREA","ACRES":39.69,"PUBLIC_ACCESS":"Open to Hiking Only. Closed to Fishing, Hunting and Trapping","TRANS_TYPE":2}},{"type":"Feature","geometry":{"type":"MultiPolygon","coordinates":[[[[-89.9074,43.602],[-89.9077,43.602],[-89.9073,43.5983],[-89.9074,43.602]]],[[[-89.877,43.5489],[-89.8773,43.5489],[-89.8773,43.5475],[-89.877,43.5489]]]]},"properties":{"PROP_NAME":"DELL CREEK WILDLIFE AREA","ACRES":2.81,"PUBLIC_ACCESS":"Open to Hiking Only. Closed to Fishing, Hunting and Trapping","TRANS_TYPE":2}},{"type":"Feature","geometry":{"type":"Polygon","coordinates":[[[-89.2871,42.756],[-89.2843,42.7559],[-89.2843,42.756],[-89.2871,42.756]]]},"properties":{"PROP_NAME":"EVANSVILLE WILDLIFE AREA","ACRES":0.5700000000000001,"PUBLIC_ACCESS":"Open to Hiking Only. Closed to Fishing, Hunting and Trapping","TRANS_TYPE":2}},{"type":"Feature","geometry":{"type":"Polygon","coordinates":[[[-88.0055,44.7139],[-87.9879,44.7139],[-88.009,44.714],[-88.0055,44.7139]]]},"properties":{"PROP_NAME":"GREEN BAY WEST SHORES WILDLIFE AREA","ACRES":2.41,"PUBLIC_ACCESS":"Open to Hiking, Hunting and Trapping Only. Closed to Fishing","TRANS_TYPE":2}},{"type":"Feature","geometry":{"type":"MultiPolygon","coordinates":[[[[-87.5721,44.4871],[-87.5724,44.4871],[-87.5721,44.4851],[-87.5721,44.4871]]],[[[-87.6384,44.4727],[-87.6437,44.4728],[-87.6437,44.4728],[-87.6384,44.4727]]]]},"properties":{"PROP_NAME":"C.D. (BUZZ) BESADNY FISH AND WILDLIFE AREA","ACRES":1.67,"PUBLIC_ACCESS":"Open to Hiking Only. Closed to Fishing, Hunting and Trapping","TRANS_TYPE":2}},{"type":"Feature","geometry":{"type":"MultiPolygon","coordinates":[[[[-90.8936,43.1351],[-90.8981,43.1372],[-90.8989,43.1344],[-90.9009,43.1349],[-90.9014,43.1368],[-90.9027,43.1368],[-90.9027,43.135],[-90.9125,43.135],[-90.9125,43.1331],[-90.9174,43.1331],[-90.9175,43.1295],[-90.9224,43.1295],[-90.9225,43.1223],[-90.9175,43.1223],[-90.9175,43.1186],[-90.9223,43.1186],[-90.9223,43.1154],[-90.9273,43.1155],[-90.9273,43.1118],[-90.9322,43.1119],[-90.9322,43.0974],[-90.9273,43.0974],[-90.9273,43.101],[-90.9175,43.101],[-90.9175,43.099],[-90.914,43.0974],[-90.9028,43.0974],[-90.9028,43.0952],[-90.8976,43.092],[-90.8849,43.0985],[-90.8833,43.1047],[-90.8865,43.1044],[-90.8859,43.1029],[-90.8883,43.1023],[-90.8911,43.098],[-90.8944,43.0983],[-90.8943,43.0949],[-90.898,43.0943],[-90.9004,43.0983],[-90.9026,43.0985],[-90.9013,43.1013],[-90.9032,43.1009],[-90.905,43.1028],[-90.9041,43.1053],[-90.907,43.1053],[-90.9062,43.1062],[-90.9114,43.1096],[-90.9097,43.1111],[-90.9129,43.1146],[-90.9076,43.1192],[-90.9073,43.1241],[-90.9046,43.1235],[-90.9039,43.1273],[-90.895,43.1285],[-90.8906,43.1267],[-90.8851,43.1281],[-90.8861,43.1295],[-90.885,43.1311],[-90.8815,43.1296],[-90.8854,43.1355],[-90.8904,43.1338],[-90.8911,43.1353],[-90.8936,43.1351]]],[[[-90.8827,43.129],[-90.8853,43.1309],[-90.8849,43.128],[-90.8886,43.1278],[-90.8885,43.126],[-90.8836,43.126],[-90.8835,43.1224],[-90.8786,43.1224],[-90.8787,43.126],[-90.8737,43.1261],[-90.8738,43.1297],[-90.8827,43.129]]],[[[-90.9174,43.1393],[-90.9223,43.1403],[-90.9224,43.1367],[-90.9174,43.1367],[-90.9174,43.1393]]],[[[-90.9027,43.1548],[-90.9273,43.1547],[-90.9273,43.1511],[-90.9287,43.1511],[-90.9275,43.1488],[-90.9223,43.1475],[-90.9223,43.1511],[-90.9027,43.1512],[-90.9027,43.1548]]],[[[-90.889,43.1658],[-90.889,43.1695],[-90.8989,43.1692],[-90.8989,43.1657],[-90.9077,43.1656],[-90.9077,43.1584],[-90.8921,43.1585],[-90.8923,43.1604],[-90.8891,43.1604],[-90.8908,43.1623],[-90.8891,43.1623],[-90.889,43.1658]]]]},"properties":{"PROP_NAME":"KICKAPOO WILDLIFE AREA-WAUZEKA UNIT","ACRES":2737.27,"PUBLIC_ACCESS":"Open to activities associated with Fishing and Hunting. Closed to Trapping and Passive Use such as hiking and foraging","TRANS_TYPE":2}},{"type":"Feature","geometry":{"type":"MultiPolygon","coordinates":[[[[-90.5928,45.7381],[-90.5936,45.7388],[-90.5946,45.7389],[-90.5928,45.7381]]],[[[-90.5932,45.738],[-90.5958,45.7389],[-90.5883,45.7357],[-90.5813,45.7386],[-90.5871,45.7366],[-90.5889,45.7387],[-90.588,45.7365],[-90.5932,45.738]]]]},"properties":{"PROP_NAME":"KIMBERLY CLARK WILDLIFE AREA","ACRES":27.060000000000002,"PUBLIC_ACCESS":"Open to Hiking and Fishing Only. Closed to Hunting and Trapping","TRANS_TYPE":2}},{"type":"Feature","geometry":{"type":"Polygon","coordinates":[[[-90.5935,45.7383],[-90.5948,45.7389],[-90.5892,45.7387],[-90.5935,45.7383]],[[-90.593,45.7752],[-90.5958,45.7752],[-90.593,45.7748],[-90.5958,45.7725],[-90.593,45.7752]]]},"properties":{"PROP_NAME":"KIMBERLY CLARK WILDLIFE AREA","ACRES":3.0300000000000002,"PUBLIC_ACCESS":"Open to Hiking Only. Closed to Fishing, Hunting and Trapping","TRANS_TYPE":2}},{"type":"Feature","geometry":{"type":"Polygon","coordinates":[[[-91.5296,46.012],[-91.5301,46.0124],[-91.5301,46.012],[-91.5296,46.012]]]},"properties":{"PROP_NAME":"KISSICK SWAMP WILDLIFE AREA","ACRES":0.23,"PUBLIC_ACCESS":"Open to Hiking Only. Closed to Fishing, Hunting and Trapping","TRANS_TYPE":2}},{"type":"Feature","geometry":{"type":"MultiPolygon","coordinates":[[[[-90.6361,43.2486],[-90.6363,43.2378],[-90.646,43.2377],[-90.6459,43.2305],[-90.6362,43.2306],[-90.6363,43.2342],[-90.6279,43.2343],[-90.628,43.2377],[-90.6254,43.2355],[-90.6266,43.2314],[-90.6166,43.2307],[-90.6153,43.2379],[-90.6166,43.2379],[-90.6165,43.2451],[-90.6263,43.2451],[-90.6261,43.2487],[-90.6361,43.2486]],[[-90.6276,43.2388],[-90.6284,43.2403],[-90.6267,43.24],[-90.6276,43.2388]]],[[[-90.6312,43.2196],[-90.639,43.2196],[-90.6411,43.2053],[-90.6362,43.2053],[-90.636,43.2088],[-90.6311,43.2089],[-90.6311,43.2124],[-90.6237,43.2125],[-90.6238,43.2161],[-90.6262,43.2161],[-90.6263,43.2196],[-90.6312,43.2196]]],[[[-90.6263,43.2196],[-90.6214,43.2197],[-90.6214,43.2233],[-90.6264,43.2233],[-90.6263,43.2196]]]]},"properties":{"PROP_NAME":"KNAPP CREEK WILDLIFE AREA","ACRES":1172.09,"PUBLIC_ACCESS":"Open to activities associated with Fishing, Hunting and Trapping. Closed to Passive Use such as hiking and foraging","TRANS_TYPE":2}},{"type":"Feature","geometry":{"type":"MultiPolygon","coordinates":[[[[-90.6272,43.2343],[-90.6363,43.2342],[-90.636,43.2196],[-90.6263,43.2196],[-90.6272,43.2343]]],[[[-90.6116,43.2415],[-90.6116,43.2469],[-90.6213,43.2469],[-90.6214,43.2451],[-90.6165,43.2451],[-90.6166,43.2379],[-90.6116,43.2379],[-90.6116,43.2415]]]]},"properties":{"PROP_NAME":"KNAPP CREEK WILDLIFE AREA","ACRES":431.72,"PUBLIC_ACCESS":"Open to activities associated with Fishing and Hunting. Closed to Trapping and Passive Use such as hiking and foraging","TRANS_TYPE":2}},{"type":"Feature","geometry":{"type":"Polygon","coordinates":[[[-91.2668,44.2777],[-91.267,44.2768],[-91.2667,44.2759],[-91.2668,44.2777]]]},"properties":{"PROP_NAME":"LAKES COULEE WILDLIFE AREA","ACRES":0.26,"PUBLIC_ACCESS":"Open to Hiking Only. Closed to Fishing, Hunting and Trapping","TRANS_TYPE":2}},{"type":"Feature","geometry":{"type":"Polygon","coordinates":[[[-92.1021,45.4565],[-92.1048,45.4565],[-92.1048,45.4564],[-92.1021,45.4565]]]},"properties":{"PROP_NAME":"LOON LAKE WILDLIFE AREA","ACRES":0.52,"PUBLIC_ACCESS":"Open to Hiking Only. Closed to Fishing, Hunting and Trapping","TRANS_TYPE":2}},{"type":"Feature","geometry":{"type":"MultiPolygon","coordinates":[[[[-89.6694,43.3722],[-89.6692,43.3725],[-89.6701,43.3728],[-89.6694,43.3722]]],[[[-90.3015,43.2168],[-90.3013,43.2169],[-90.3015,43.2169],[-90.3015,43.2168]]]]},"properties":{"PROP_NAME":"LOWER WISCONSIN STATE RIVERWAY","ACRES":0.55,"PUBLIC_ACCESS":"Open to Hiking and Fishing Only. Closed to Hunting and Trapping","TRANS_TYPE":2}},{"type":"Feature","geometry":{"type":"MultiPolygon","coordinates":[[[[-90.9676,43.0504],[-90.9719,43.0469],[-90.967,43.0469],[-90.9676,43.0504]]],[[[-90.5183,43.2012],[-90.5183,43.1994],[-90.5134,43.1993],[-90.5134,43.2011],[-90.5183,43.2012]]],[[[-90.9719,43.0505],[-90.9719,43.0539],[-90.9764,43.0505],[-90.9719,43.0505]]],[[[-90.9719,43.0473],[-90.968,43.0505],[-90.9719,43.0505],[-90.9719,43.0473]]],[[[-90.9427,43.0783],[-90.9446,43.0798],[-90.9426,43.0828],[-90.9441,43.0861],[-90.9429,43.0828],[-90.9448,43.0794],[-90.9424,43.078],[-90.9355,43.078],[-90.9427,43.0783]]],[[[-90.9714,43.0541],[-90.967,43.0541],[-90.967,43.0557],[-90.9714,43.0541]]],[[[-89.8776,43.1653],[-89.8767,43.1693],[-89.8779,43.1691],[-89.8778,43.1617],[-89.8776,43.1653]]],[[[-90.5283,43.216],[-90.5277,43.2152],[-90.5281,43.2197],[-90.5283,43.216]]],[[[-89.8922,43.1895],[-89.8918,43.1898],[-89.9008,43.1863],[-89.8922,43.1895]]],[[[-90.3418,43.1835],[-90.3406,43.1895],[-90.3418,43.1912],[-90.3407,43.1875],[-90.342,43.1834],[-90.3436,43.1834],[-90.3418,43.1835]]],[[[-90.2914,43.2133],[-90.2916,43.2169],[-90.2916,43.2133],[-90.2914,43.2133]]],[[[-90.6811,43.1488],[-90.6811,43.1546],[-90.682,43.1566],[-90.6811,43.1488]]],[[[-89.7995,43.2372],[-89.7999,43.2372],[-89.7995,43.2364],[-89.7995,43.2372]]],[[[-90.1654,43.1764],[-90.1643,43.1764],[-90.1649,43.1768],[-90.1654,43.1764]]],[[[-90.1929,43.173],[-90.1925,43.1733],[-90.1933,43.1731],[-90.1929,43.173]]],[[[-90.2081,43.1816],[-90.2052,43.1816],[-90.2081,43.1816],[-90.2081,43.1816]]],[[[-89.7346,43.2348],[-89.7343,43.2348],[-89.7343,43.2349],[-89.7346,43.2348]]],[[[-89.824,43.1984],[-89.8239,43.1983],[-89.8239,43.1984],[-89.824,43.1984]]]]},"properties":{"PROP_NAME":"LOWER WISCONSIN STATE RIVERWAY","ACRES":112.25,"PUBLIC_ACCESS":"Open to Hiking Only. Closed to Fishing, Hunting and Trapping","TRANS_TYPE":2}},{"type":"Feature","geometry":{"type":"Polygon","coordinates":[[[-87.0865,45.1127],[-87.0856,45.1128],[-87.087,45.1128],[-87.0865,45.1127]]]},"properties":{"PROP_NAME":"MUD LAKE WILDLIFE AREA-DOOR","ACRES":0.23,"PUBLIC_ACCESS":"Open to Hiking Only. Closed to Fishing, Hunting and Trapping","TRANS_TYPE":2}},{"type":"Feature","geometry":{"type":"Polygon","coordinates":[[[-88.2238,42.5789],[-88.2231,42.5785],[-88.2237,42.579],[-88.2238,42.5789]]]},"properties":{"PROP_NAME":"NEW MUNSTER WILDLIFE AREA","ACRES":0.14,"PUBLIC_ACCESS":"Open to Hiking Only. Closed to Fishing, Hunting and Trapping","TRANS_TYPE":2}},{"type":"Feature","geometry":{"type":"Polygon","coordinates":[[[-88.0332,43.6888],[-88.0329,43.6897],[-88.0337,43.6897],[-88.0332,43.6888]]]},"properties":{"PROP_NAME":"NICHOLS CREEK WILDLIFE AREA","ACRES":0.96,"PUBLIC_ACCESS":"Open to Hiking and Fishing Only. Closed to Hunting and Trapping","TRANS_TYPE":2}},{"type":"Feature","geometry":{"type":"MultiPolygon","coordinates":[[[[-92.4635,44.5856],[-92.4637,44.5856],[-92.4636,44.5846],[-92.4635,44.5856]]],[[[-92.4606,44.5845],[-92.4617,44.5843],[-92.4602,44.5842],[-92.4606,44.5845]]]]},"properties":{"PROP_NAME":"PIERCE CO ISLANDS WILDLIFE AREA","ACRES":0.41000000000000003,"PUBLIC_ACCESS":"Open to Hiking Only. Closed to Fishing, Hunting and Trapping","TRANS_TYPE":2}},{"type":"Feature","geometry":{"type":"MultiPolygon","coordinates":[[[[-91.0869,44.3617],[-91.09,44.3636],[-91.0855,44.3608],[-91.0869,44.3617]]],[[[-91.0397,44.3921],[-91.0393,44.3928],[-91.0402,44.3933],[-91.0397,44.3921]]]]},"properties":{"PROP_NAME":"SCATTERED WILDLIFE - WD","ACRES":4.08,"PUBLIC_ACCESS":"Open to Hiking and Fishing Only. Closed to Hunting and Trapping","TRANS_TYPE":2}},{"type":"Feature","geometry":{"type":"Polygon","coordinates":[[[-89.4818,42.7917],[-89.4817,42.7918],[-89.4867,42.7917],[-89.4818,42.7917]]]},"properties":{"PROP_NAME":"STATEWIDE WILDLIFE HABITAT - SD","ACRES":0.51,"PUBLIC_ACCESS":"Open to Hiking Only. Closed to Fishing, Hunting and Trapping","TRANS_TYPE":2}},{"type":"Feature","geometry":{"type":"Polygon","coordinates":[[[-90.9811,45.6396],[-90.9731,45.6446],[-90.9712,45.6488],[-90.968,45.6493],[-90.9672,45.657],[-90.9681,45.6493],[-90.9712,45.6489],[-90.9732,45.6447],[-90.9811,45.6396]]]},"properties":{"PROP_NAME":"SILVERNAIL WILDLIFE AREA","ACRES":6.3500000000000005,"PUBLIC_ACCESS":"Open to Hiking Only. Closed to Fishing, Hunting and Trapping","TRANS_TYPE":2}},{"type":"Feature","geometry":{"type":"MultiPolygon","coordinates":[[[[-88.2876,42.93],[-88.2927,42.93],[-88.2879,42.9299],[-88.2876,42.9257],[-88.2876,42.93]]],[[[-88.2925,42.9332],[-88.2934,42.9333],[-88.2934,42.9332],[-88.2925,42.9332]]]]},"properties":{"PROP_NAME":"VERNON WILDLIFE AREA","ACRES":3.22,"PUBLIC_ACCESS":"Open to Hiking Only. Closed to Fishing, Hunting and Trapping","TRANS_TYPE":2}},{"type":"Feature","geometry":{"type":"Polygon","coordinates":[[[-92.3919,45.1623],[-92.4003,45.1623],[-92.3919,45.1621],[-92.3919,45.1623]]]},"properties":{"PROP_NAME":"ODEN STATE HABITAT AREA-WESTERN PRAIRIE HABITAT RESTORATION AREA","ACRES":3.2800000000000002,"PUBLIC_ACCESS":"Open to Hiking Only. Closed to Fishing, Hunting and Trapping","TRANS_TYPE":2}},{"type":"Feature","geometry":{"type":"Polygon","coordinates":[[[-92.4129,44.8983],[-92.4152,44.8981],[-92.4129,44.8981],[-92.4129,44.8983]]]},"properties":{"PROP_NAME":"RUSH RIVER STATE HABITAT AREA-WESTERN PRAIRIE HABITAT RESTORATION AREA","ACRES":0.9,"PUBLIC_ACCESS":"Open to Hiking Only. Closed to Fishing, Hunting and Trapping","TRANS_TYPE":2}},{"type":"Feature","geometry":{"type":"Polygon","coordinates":[[[-90.8279,46.5048],[-90.8275,46.5053],[-90.8327,46.5029],[-90.8279,46.5048]]]},"properties":{"PROP_NAME":"WHITE RIVER WILDLIFE AREA-ASHLAND","ACRES":2.68,"PUBLIC_ACCESS":"Open to Hiking Only. Closed to Fishing, Hunting and Trapping","TRANS_TYPE":2}},{"type":"Feature","geometry":{"type":"MultiPolygon","coordinates":[[[[-90.0088,42.7615],[-90.0061,42.7625],[-90.0082,42.7623],[-90.0088,42.7615]]],[[[-90.0066,42.7645],[-90.0062,42.7647],[-90.0075,42.7644],[-90.0066,42.7645]]]]},"properties":{"PROP_NAME":"YELLOWSTONE WILDLIFE AREA","ACRES":0.56,"PUBLIC_ACCESS":"Open to Hiking Only. Closed to Fishing, Hunting and Trapping","TRANS_TYPE":2}},{"type":"Feature","geometry":{"type":"MultiPolygon","coordinates":[[[[-87.5113,44.4629],[-87.5165,44.4692],[-87.5148,44.4652],[-87.5113,44.4629]]],[[[-87.5169,44.4753],[-87.5182,44.4765],[-87.5173,44.4729],[-87.5173,44.4752],[-87.5115,44.4729],[-87.5169,44.4753]]],[[[-87.3756,44.8063],[-87.3745,44.8098],[-87.3749,44.8098],[-87.3756,44.8063]],[[-87.3473,44.8292],[-87.3465,44.8301],[-87.3481,44.8279],[-87.3473,44.8292]]],[[[-87.3465,44.8313],[-87.3463,44.8349],[-87.347,44.8313],[-87.3465,44.8313]]]]},"properties":{"PROP_NAME":"AHNAPEE STATE TRAIL","ACRES":22.79,"PUBLIC_ACCESS":"Open to Hiking Only. Closed to Fishing, Hunting and Trapping","TRANS_TYPE":2}},{"type":"Feature","geometry":{"type":"Polygon","coordinates":[[[-89.7407,45.6259],[-89.7361,45.6287],[-89.7374,45.6282],[-89.7407,45.6259]]]},"properties":{"PROP_NAME":"BEARSKIN STATE TRAIL","ACRES":1.82,"PUBLIC_ACCESS":"Open to Hiking and Fishing Only. Closed to Hunting and Trapping","TRANS_TYPE":2}},{"type":"Feature","geometry":{"type":"MultiPolygon","coordinates":[[[[-89.6935,45.5959],[-89.6935,45.6141],[-89.7039,45.6143],[-89.6937,45.614],[-89.6937,45.5924],[-89.7092,45.5926],[-89.6935,45.5923],[-89.6935,45.5959]]],[[[-89.7247,45.5888],[-89.7244,45.5889],[-89.7251,45.5889],[-89.7247,45.5888]]],[[[-89.7192,45.5881],[-89.7174,45.589],[-89.7196,45.5889],[-89.7192,45.5881]]],[[[-89.7431,45.6252],[-89.7407,45.626],[-89.7454,45.6253],[-89.7457,45.6238],[-89.7407,45.6192],[-89.7456,45.6239],[-89.7431,45.6252]]],[[[-89.7149,45.6363],[-89.7357,45.636],[-89.7387,45.6339],[-89.7379,45.6299],[-89.7361,45.6287],[-89.7377,45.6299],[-89.7383,45.635],[-89.7149,45.6363]]],[[[-89.7069,45.6366],[-89.7075,45.6367],[-89.7057,45.6362],[-89.7069,45.6366]]],[[[-89.7008,45.6382],[-89.7022,45.6392],[-89.7033,45.6382],[-89.7008,45.6382]]],[[[-89.7316,45.8493],[-89.7315,45.85],[-89.7317,45.8491],[-89.7316,45.8493]]],[[[-89.721,45.8667],[-89.7202,45.8678],[-89.7198,45.8686],[-89.721,45.8667]]]]},"properties":{"PROP_NAME":"BEARSKIN STATE TRAIL","ACRES":40.75,"PUBLIC_ACCESS":"Open to Hiking Only. Closed to Fishing, Hunting and Trapping","TRANS_TYPE":2}},{"type":"Feature","geometry":{"type":"MultiPolygon","coordinates":[[[[-91.8319,46.3383],[-91.8357,46.3508],[-91.8201,46.3876],[-91.8199,46.3959],[-91.8202,46.3876],[-91.8358,46.3508],[-91.8305,46.3347],[-91.8319,46.3383]]],[[[-91.7987,46.1856],[-91.7985,46.1886],[-91.799,46.1831],[-91.7987,46.1856]]],[[[-91.7969,46.2091],[-91.7967,46.2143],[-91.7994,46.2191],[-91.7995,46.2387],[-91.7994,46.2191],[-91.7968,46.2143],[-91.7969,46.2091]]],[[[-91.7999,46.2558],[-91.8122,46.2881],[-91.8001,46.2553],[-91.7999,46.2558]]]]},"properties":{"PROP_NAME":"WILD RIVERS STATE TRAIL","ACRES":22.38,"PUBLIC_ACCESS":"Open to Hiking Only. Closed to Fishing, Hunting and Trapping","TRANS_TYPE":2}},{"type":"Feature","geometry":{"type":"MultiPolygon","coordinates":[[[[-87.9042,44.8845],[-87.9038,44.8856],[-87.9054,44.8852],[-87.9042,44.8845]]],[[[-87.9051,44.8842],[-87.905,44.8843],[-87.9053,44.8842],[-87.9051,44.8842]]]]},"properties":{"PROP_NAME":"COPPER CULTURE MOUNDS STATE PARK","ACRES":3.49,"PUBLIC_ACCESS":"Open to Hiking and Fishing Only. Closed to Hunting and Trapping","TRANS_TYPE":2}},{"type":"Feature","geometry":{"type":"Polygon","coordinates":[[[-90.6383,46.3601],[-90.6388,46.3592],[-90.6389,46.3585],[-90.6383,46.3601]]]},"properties":{"PROP_NAME":"COPPER FALLS STATE PARK","ACRES":0.54,"PUBLIC_ACCESS":"Open to Hiking Only. Closed to Fishing, Hunting and Trapping","TRANS_TYPE":2}},{"type":"Feature","geometry":{"type":"MultiPolygon","coordinates":[[[[-89.7717,43.4095],[-89.7717,43.4093],[-89.7708,43.4093],[-89.7717,43.4095]]],[[[-89.7376,43.4162],[-89.7378,43.416],[-89.7377,43.416],[-89.7376,43.4162]]],[[[-89.7375,43.4163],[-89.7374,43.4164],[-89.7375,43.4163],[-89.7375,43.4163]]]]},"properties":{"PROP_NAME":"DEVILS LAKE STATE PARK-IANSR","ACRES":0.21,"PUBLIC_ACCESS":"Open to Hiking Only. Closed to Fishing, Hunting and Trapping","TRANS_TYPE":2}},{"type":"Feature","geometry":{"type":"Polygon","coordinates":[[[-90.3712,43.7947],[-90.3716,43.7952],[-90.3723,43.7953],[-90.3712,43.7947]]]},"properties":{"PROP_NAME":"ELROY-SPARTA STATE TRAIL","ACRES":0.79,"PUBLIC_ACCESS":"Open to Hiking and Fishing Only. Closed to Hunting and Trapping","TRANS_TYPE":2}},{"type":"Feature","geometry":{"type":"MultiPolygon","coordinates":[[[[-90.0075,43.53],[-90.0077,43.53],[-90.0076,43.53],[-90.0075,43.53]]],[[[-90.0077,43.5301],[-90.0077,43.5302],[-90.0078,43.5301],[-90.0077,43.5301]]]]},"properties":{"PROP_NAME":"THE 400 STATE TRAIL","ACRES":0.03,"PUBLIC_ACCESS":"Open to Hiking Only. Closed to Fishing, Hunting and Trapping","TRANS_TYPE":2}},{"type":"Feature","geometry":{"type":"Polygon","coordinates":[[[-89.2144,44.8729],[-89.2137,44.8742],[-89.2159,44.8727],[-89.2195,44.8738],[-89.2137,44.8706],[-89.2144,44.8729]],[[-89.2148,44.8717],[-89.2164,44.8725],[-89.2149,44.8727],[-89.2148,44.8717]]]},"properties":{"PROP_NAME":"MOUNTAIN-BAY STATE TRAIL","ACRES":8.16,"PUBLIC_ACCESS":"Open to Hiking Only. Closed to Fishing, Hunting and Trapping","TRANS_TYPE":2}},{"type":"Feature","geometry":{"type":"Polygon","coordinates":[[[-87.9656,43.0242],[-87.9676,43.0244],[-87.9584,43.0242],[-87.9656,43.0242]],[[-87.9568,43.0246],[-87.9577,43.0246],[-87.9577,43.0245],[-87.9568,43.0246]],[[-87.9441,43.0323],[-87.9391,43.0326],[-87.9444,43.0324],[-87.9441,43.0323]],[[-87.9303,43.0325],[-87.9329,43.0324],[-87.9302,43.0317],[-87.9303,43.0325]]]},"properties":{"PROP_NAME":"HANK AARON STATE TRAIL","ACRES":4.74,"PUBLIC_ACCESS":"Open to Hiking Only. Closed to Fishing, Hunting and Trapping","TRANS_TYPE":2}},{"type":"Feature","geometry":{"type":"MultiPolygon","coordinates":[[[[-90.0147,45.2986],[-90.0121,45.296],[-90.0091,45.295],[-90.0147,45.2986]]],[[[-90.0147,45.2986],[-90.0213,45.302],[-90.0226,45.3019],[-90.0147,45.2986]]],[[[-90.029,45.3111],[-90.0284,45.3129],[-90.0315,45.31],[-90.029,45.3111]]],[[[-90.0362,45.3325],[-90.038,45.3386],[-90.038,45.3339],[-90.036,45.3301],[-90.0292,45.3299],[-90.0271,45.3312],[-90.0198,45.3277],[-90.024,45.3234],[-90.0224,45.3204],[-90.025,45.3195],[-90.0244,45.3173],[-90.0266,45.3153],[-90.024,45.3168],[-90.0243,45.3192],[-90.0225,45.3187],[-90.0212,45.3207],[-90.0231,45.323],[-90.0208,45.3266],[-90.0178,45.3277],[-90.0269,45.3318],[-90.0353,45.3304],[-90.0362,45.3325]]],[[[-90.0452,45.3429],[-90.0461,45.3421],[-90.0406,45.3405],[-90.0452,45.3429]]],[[[-90.1382,45.3608],[-90.1454,45.3611],[-90.1467,45.3599],[-90.1382,45.3608]]],[[[-92.4429,45.6197],[-92.4481,45.6198],[-92.4429,45.6197],[-92.4429,45.6197]]]]},"properties":{"PROP_NAME":"STATE ICE AGE TRAIL AREA","ACRES":121.35000000000001,"PUBLIC_ACCESS":"Open to Hiking Only. Closed to Fishing, Hunting and Trapping","TRANS_TYPE":2}},{"type":"Feature","geometry":{"type":"MultiPolygon","coordinates":[[[[-89.2498,44.2799],[-89.2498,44.2904],[-89.25,44.2796],[-89.2498,44.2799]]],[[[-89.2485,44.5545],[-89.2488,44.5472],[-89.2475,44.5472],[-89.2485,44.5545]]],[[[-89.3822,44.8967],[-89.3829,44.9004],[-89.3826,44.8966],[-89.3761,44.8962],[-89.3725,44.8919],[-89.3725,44.8893],[-89.3688,44.8864],[-89.3722,44.8893],[-89.3745,44.8953],[-89.3822,44.8967]]],[[[-89.367,44.9232],[-89.3672,44.9246],[-89.3672,44.9227],[-89.367,44.9232]]]]},"properties":{"PROP_NAME":"STATE ICE AGE TRAIL AREA","ACRES":35.25,"PUBLIC_ACCESS":"Open to Hiking Only. Closed to Fishing, Hunting and Trapping","TRANS_TYPE":2}},{"type":"Feature","geometry":{"type":"MultiPolygon","coordinates":[[[[-87.6656,44.2701],[-87.6647,44.2768],[-87.6678,44.2721],[-87.6664,44.2695],[-87.6638,44.2695],[-87.6656,44.2701]]],[[[-87.6658,44.2778],[-87.6647,44.2804],[-87.6667,44.2768],[-87.6658,44.2778]]]]},"properties":{"PROP_NAME":"STATE ICE AGE TRAIL AREA","ACRES":25.92,"PUBLIC_ACCESS":"Open to Hiking and Fishing Only. Closed to Hunting and Trapping","TRANS_TYPE":2}},{"type":"Feature","geometry":{"type":"MultiPolygon","coordinates":[[[[-87.612,44.3383],[-87.611,44.342],[-87.6229,44.3293],[-87.62,44.3295],[-87.6205,44.3275],[-87.618,44.3337],[-87.612,44.3383]]],[[[-87.6661,44.2769],[-87.6663,44.2769],[-87.6663,44.2768],[-87.6661,44.2769]]]]},"properties":{"PROP_NAME":"STATE ICE AGE TRAIL AREA","ACRES":54.97,"PUBLIC_ACCESS":"Open to Hiking Only. Closed to Fishing, Hunting and Trapping","TRANS_TYPE":2}},{"type":"Feature","geometry":{"type":"Polygon","coordinates":[[[-88.0402,43.0549],[-88.0405,43.0529],[-88.0398,43.0529],[-88.0402,43.0549]]]},"properties":{"PROP_NAME":"FOREST EXPLORATION CENTER","ACRES":2.36,"PUBLIC_ACCESS":"Open to Hiking and Fishing Only. Closed to Hunting and Trapping","TRANS_TYPE":2}},{"type":"Feature","geometry":{"type":"MultiPolygon","coordinates":[[[[-88.1776,43.6272],[-88.1776,43.6273],[-88.1805,43.6273],[-88.1776,43.6272]]],[[[-88.1805,43.6485],[-88.1813,43.648],[-88.178,43.6471],[-88.1805,43.6485]],[[-88.0567,43.772],[-88.0624,43.7746],[-88.056,43.7723],[-88.0567,43.772]]]]},"properties":{"PROP_NAME":"KETTLE MORAINE STATE FOREST-NORTHERN UNIT-IANSR","ACRES":2.2,"PUBLIC_ACCESS":"Open to Hiking Only. Closed to Fishing, Hunting and Trapping","TRANS_TYPE":2}},{"type":"Feature","geometry":{"type":"MultiPolygon","coordinates":[[[[-88.4834,42.8935],[-88.4834,42.9006],[-88.4836,42.9006],[-88.4834,42.8935]]],[[[-88.6802,42.8025],[-88.6801,42.8064],[-88.6803,42.8028],[-88.6802,42.8025]]],[[[-88.6736,42.8028],[-88.6735,42.8078],[-88.6737,42.8028],[-88.6736,42.8028]]],[[[-88.6353,42.8203],[-88.6353,42.8211],[-88.6354,42.8211],[-88.6353,42.8203]]],[[[-88.6251,42.8351],[-88.6251,42.8354],[-88.6252,42.8355],[-88.6251,42.8351]]],[[[-88.6311,42.8392],[-88.6372,42.8392],[-88.63,42.8386],[-88.6311,42.8392]]]]},"properties":{"PROP_NAME":"KETTLE MORAINE STATE FOREST-SOUTHERN UNIT","ACRES":4.58,"PUBLIC_ACCESS":"Open to Hiking Only. Closed to Fishing, Hunting and Trapping","TRANS_TYPE":2}},{"type":"Feature","geometry":{"type":"MultiPolygon","coordinates":[[[[-87.8976,43.0333],[-87.8975,43.0346],[-87.8982,43.0328],[-87.8999,43.0331],[-87.8982,43.0328],[-87.8987,43.0303],[-87.8962,43.029],[-87.8964,43.0267],[-87.9014,43.0257],[-87.896,43.0259],[-87.896,43.029],[-87.8981,43.0301],[-87.8976,43.0333]]],[[[-87.8972,43.0365],[-87.8974,43.0373],[-87.8972,43.0362],[-87.8972,43.0365]]]]},"properties":{"PROP_NAME":"LAKESHORE STATE PARK","ACRES":11.450000000000001,"PUBLIC_ACCESS":"Open to Hiking Only. Closed to Fishing, Hunting and Trapping","TRANS_TYPE":2}},{"type":"Feature","geometry":{"type":"MultiPolygon","coordinates":[[[[-89.8943,43.0165],[-89.8944,43.0165],[-89.8959,43.0156],[-89.8943,43.0165]]],[[[-89.8962,43.0154],[-89.8971,43.0149],[-89.8971,43.0149],[-89.8962,43.0154]],[[-89.8932,43.0172],[-89.8929,43.0174],[-89.894,43.0167],[-89.8932,43.0172]]]]},"properties":{"PROP_NAME":"MILITARY RIDGE STATE TRAIL","ACRES":0.27,"PUBLIC_ACCESS":"Open to Hiking Only. Closed to Fishing, Hunting and Trapping","TRANS_TYPE":2}},{"type":"Feature","geometry":{"type":"Polygon","coordinates":[[[-92.1333,46.5475],[-92.1352,46.5473],[-92.1333,46.5473],[-92.1333,46.5475]]]},"properties":{"PROP_NAME":"BLACK RIVER STATE NORTH COUNTRY TRAIL AREA","ACRES":0.55,"PUBLIC_ACCESS":"Open to Hiking Only. Closed to Fishing, Hunting and Trapping","TRANS_TYPE":2}},{"type":"Feature","geometry":{"type":"Polygon","coordinates":[[[-90.559,46.4123],[-90.5649,46.4112],[-90.5655,46.4089],[-90.5716,46.4066],[-90.5799,46.4103],[-90.5852,46.4107],[-90.5852,46.4068],[-90.5902,46.4067],[-90.585,46.4066],[-90.5851,46.4104],[-90.5799,46.4102],[-90.5716,46.4065],[-90.5654,46.4088],[-90.5647,46.4111],[-90.5595,46.4122],[-90.5489,46.4112],[-90.559,46.4123]]]},"properties":{"PROP_NAME":"COPPER FALLS STATE NORTH COUNTRY TRAIL AREA","ACRES":16.9,"PUBLIC_ACCESS":"Open to Hiking Only. Closed to Fishing, Hunting and Trapping","TRANS_TYPE":2}},{"type":"Feature","geometry":{"type":"MultiPolygon","coordinates":[[[[-92.2459,46.5501],[-92.2468,46.552],[-92.2438,46.554],[-92.247,46.552],[-92.2461,46.5499],[-92.2431,46.5501],[-92.2383,46.5472],[-92.2306,46.5468],[-92.235,46.5482],[-92.2383,46.5474],[-92.243,46.5503],[-92.2459,46.5501]]],[[[-92.2002,46.5564],[-92.2043,46.5547],[-92.2059,46.5523],[-92.2058,46.5541],[-92.2123,46.5533],[-92.2116,46.5522],[-92.2272,46.547],[-92.2114,46.5521],[-92.2122,46.5532],[-92.2059,46.5539],[-92.2058,46.5521],[-92.2028,46.5554],[-92.1976,46.556],[-92.2002,46.5564]]],[[[-92.2636,46.5562],[-92.2659,46.5575],[-92.2637,46.556],[-92.2634,46.5574],[-92.2636,46.5562]]],[[[-92.2602,46.5605],[-92.2589,46.5579],[-92.2448,46.5546],[-92.2587,46.558],[-92.2602,46.5605]]],[[[-92.1715,46.5687],[-92.175,46.5689],[-92.1775,46.5676],[-92.1774,46.5662],[-92.1799,46.5664],[-92.185,46.5627],[-92.1924,46.5616],[-92.1846,46.5622],[-92.1797,46.5659],[-92.1767,46.5659],[-92.1746,46.5684],[-92.1706,46.5675],[-92.1706,46.5659],[-92.1684,46.5648],[-92.1715,46.5687]]]]},"properties":{"PROP_NAME":"NEMADJI RIVER STATE NORTH COUNTRY TRAIL AREA","ACRES":78.74,"PUBLIC_ACCESS":"Open to Hiking Only. Closed to Fishing, Hunting and Trapping","TRANS_TYPE":2}},{"type":"Feature","geometry":{"type":"MultiPolygon","coordinates":[[[[-91.8181,46.3598],[-91.8164,46.3634],[-91.8185,46.3598],[-91.8181,46.3598]]],[[[-91.8201,46.3336],[-91.8199,46.3347],[-91.8195,46.3315],[-91.8219,46.3301],[-91.8202,46.3286],[-91.8237,46.3284],[-91.8255,46.3253],[-91.8247,46.324],[-91.8236,46.3284],[-91.8201,46.3286],[-91.8218,46.3301],[-91.8194,46.3315],[-91.8201,46.3336]]],[[[-91.7913,46.3958],[-91.7947,46.3929],[-91.7921,46.3939],[-91.7922,46.3957],[-91.7893,46.3957],[-91.7913,46.3958]]]]},"properties":{"PROP_NAME":"SOLON SPRINGS STATE NORTH COUNTRY TRAIL AREA","ACRES":6.86,"PUBLIC_ACCESS":"Open to Hiking Only. Closed to Fishing, Hunting and Trapping","TRANS_TYPE":2}},{"type":"Feature","geometry":{"type":"MultiPolygon","coordinates":[[[[-89.3086,44.4694],[-89.3129,44.4691],[-89.2982,44.4669],[-89.3086,44.4694]]],[[[-89.5178,44.4571],[-89.519,44.4571],[-89.5178,44.4571],[-89.5178,44.4571]]],[[[-89.5236,44.4571],[-89.5236,44.4572],[-89.5286,44.4571],[-89.5236,44.4571]]]]},"properties":{"PROP_NAME":"TOMORROW RIVER STATE TRAIL","ACRES":2.12,"PUBLIC_ACCESS":"Open to Hiking Only. Closed to Fishing, Hunting and Trapping","TRANS_TYPE":2}},{"type":"Feature","geometry":{"type":"Polygon","coordinates":[[[-89.7558,45.6809],[-89.7579,45.6809],[-89.757,45.6768],[-89.7585,45.6737],[-89.7555,45.6736],[-89.7558,45.6809]]]},"properties":{"PROP_NAME":"WILLOW FLOWAGE SCENIC WATERS AREA","ACRES":29.650000000000002,"PUBLIC_ACCESS":"Open to Hiking and Fishing Only. Closed to Hunting and Trapping","TRANS_TYPE":2}},{"type":"Feature","geometry":{"type":"Polygon","coordinates":[[[-89.9106,45.762],[-89.9145,45.7615],[-89.9157,45.764],[-89.9146,45.7612],[-89.9106,45.762]]]},"properties":{"PROP_NAME":"WILLOW FLOWAGE SCENIC WATERS AREA","ACRES":1.29,"PUBLIC_ACCESS":"Open to Hiking Only. Closed to Fishing, Hunting and Trapping","TRANS_TYPE":2}},{"type":"Feature","geometry":{"type":"MultiPolygon","coordinates":[[[[-90.6414,45.9099],[-90.6227,45.9129],[-90.6424,45.9098],[-90.6414,45.9099]]],[[[-91.1907,45.7766],[-91.1898,45.7771],[-91.1931,45.7755],[-91.1907,45.7766]]],[[[-91.1911,45.7784],[-91.1893,45.7793],[-91.194,45.7781],[-91.1944,45.7758],[-91.1969,45.7739],[-91.1943,45.7758],[-91.1939,45.7781],[-91.1911,45.7784]]],[[[-91.0118,45.8223],[-91.0121,45.8222],[-91.0115,45.8221],[-91.0118,45.8223]]]]},"properties":{"PROP_NAME":"TUSCOBIA STATE TRAIL","ACRES":6.32,"PUBLIC_ACCESS":"Open to Hiking Only. Closed to Fishing, Hunting and Trapping","TRANS_TYPE":2}},{"type":"Feature","geometry":{"type":"Polygon","coordinates":[[[-90.5553,43.693],[-90.5543,43.696],[-90.5525,43.6967],[-90.5545,43.6961],[-90.5572,43.6903],[-90.5553,43.693]]]},"properties":{"PROP_NAME":"WILDCAT MOUNTAIN STATE PARK","ACRES":4.42,"PUBLIC_ACCESS":"Open to Hiking and Fishing Only. Closed to Hunting and Trapping","TRANS_TYPE":2}},{"type":"Feature","geometry":{"type":"Polygon","coordinates":[[[-90.5524,43.7148],[-90.5522,43.718],[-90.5524,43.718],[-90.5524,43.7148]]]},"properties":{"PROP_NAME":"WILDCAT MOUNTAIN STATE PARK","ACRES":1.16,"PUBLIC_ACCESS":"Open to Hiking Only. Closed to Fishing, Hunting and Trapping","TRANS_TYPE":2}},{"type":"Feature","geometry":{"type":"MultiPolygon","coordinates":[[[[-89.9822,42.781],[-89.9849,42.7809],[-89.9821,42.7809],[-89.9822,42.7775],[-89.9809,42.7773],[-89.9821,42.7775],[-89.9822,42.781]]],[[[-89.9801,42.7773],[-89.9802,42.7767],[-89.9801,42.7767],[-89.9801,42.7773]]]]},"properties":{"PROP_NAME":"YELLOWSTONE LAKE STATE PARK","ACRES":1.36,"PUBLIC_ACCESS":"Open to Hiking Only. Closed to Fishing, Hunting and Trapping","TRANS_TYPE":2}},{"type":"Feature","geometry":{"type":"Polygon","coordinates":[[[-92.0107,46.7034],[-92.0114,46.7033],[-92.0121,46.703],[-92.0107,46.7034]]]},"properties":{"PROP_NAME":"STATE NATURAL AREA - NW","ACRES":0.17,"PUBLIC_ACCESS":"Open to Hiking Only. Closed to Fishing, Hunting and Trapping","TRANS_TYPE":2}},{"type":"Feature","geometry":{"type":"Polygon","coordinates":[[[-90.8959,46.7812],[-90.8996,46.7807],[-90.8908,46.7802],[-90.8959,46.7812]]]},"properties":{"PROP_NAME":"NOURSE SUGARBUSH STATE NATURAL AREA","ACRES":1.6500000000000001,"PUBLIC_ACCESS":"Open to Hiking Only. Closed to Fishing, Hunting and Trapping","TRANS_TYPE":2}},{"type":"Feature","geometry":{"type":"Polygon","coordinates":[[[-90.8624,43.7382],[-90.8625,43.7375],[-90.8612,43.7386],[-90.8624,43.7382]]]},"properties":{"PROP_NAME":"EUREKA MAPLE WOODS STATE NATURAL AREA","ACRES":0.48,"PUBLIC_ACCESS":"Open to Hiking Only. Closed to Fishing, Hunting and Trapping","TRANS_TYPE":2}},{"type":"Feature","geometry":{"type":"Polygon","coordinates":[[[-91.8398,45.0926],[-91.8399,45.0963],[-91.8401,45.0891],[-91.8398,45.0926]]]},"properties":{"PROP_NAME":"OTTER CREEK OAK BARRENS STATE NATURAL AREA","ACRES":1.99,"PUBLIC_ACCESS":"Open to Hiking Only. Closed to Fishing, Hunting and Trapping","TRANS_TYPE":2}},{"type":"Feature","geometry":{"type":"Polygon","coordinates":[[[-89.0524,43.8591],[-89.0278,43.8621],[-89.0574,43.8586],[-89.0524,43.8591]]]},"properties":{"PROP_NAME":"SNAKE CREEK FEN STATE NATURAL AREA","ACRES":11.11,"PUBLIC_ACCESS":"Open to Hiking Only. Closed to Fishing, Hunting and Trapping","TRANS_TYPE":2}},{"type":"Feature","geometry":{"type":"MultiPolygon","coordinates":[[[[-89.3073,44.026],[-89.3073,44.026],[-89.3124,44.026],[-89.3073,44.026]]],[[[-89.3074,44.0317],[-89.3075,44.0311],[-89.3074,44.0311],[-89.3074,44.0317]]]]},"properties":{"PROP_NAME":"LUNCH CREEK WETLANDS STATE NATURAL AREA","ACRES":0.58,"PUBLIC_ACCESS":"Open to Hiking Only. Closed to Fishing, Hunting and Trapping","TRANS_TYPE":2}},{"type":"Feature","geometry":{"type":"Polygon","coordinates":[[[-89.3546,43.4606],[-89.3548,43.4606],[-89.3547,43.4592],[-89.3546,43.4606]]]},"properties":{"PROP_NAME":"ROCKY RUN OAK SAVANNA STATE NATURAL AREA","ACRES":0.43,"PUBLIC_ACCESS":"Open to Hiking Only. Closed to Fishing, Hunting and Trapping","TRANS_TYPE":2}},{"type":"Feature","geometry":{"type":"MultiPolygon","coordinates":[[[[-88.3657,42.952],[-88.3707,42.952],[-88.3707,42.952],[-88.3657,42.952]]],[[[-88.3657,42.952],[-88.3624,42.9519],[-88.3624,42.952],[-88.3657,42.952]]]]},"properties":{"PROP_NAME":"GENESEE OAK OPENING AND FEN STATE NATURAL AREA","ACRES":0.51,"PUBLIC_ACCESS":"Open to Hiking Only. Closed to Fishing, Hunting and Trapping","TRANS_TYPE":2}},{"type":"Feature","geometry":{"type":"Polygon","coordinates":[[[-89.8232,43.4022],[-89.8232,43.3985],[-89.8182,43.3985],[-89.8183,43.4021],[-89.8232,43.4022]]]},"properties":{"PROP_NAME":"NATURAL AREA - DEDICATION","ACRES":39.980000000000004,"PUBLIC_ACCESS":"Open to Hiking and Fishing Only. Closed to Hunting and Trapping","TRANS_TYPE":2}},{"type":"Feature","geometry":{"type":"Polygon","coordinates":[[[-91.287,45.7037],[-91.2936,45.7027],[-91.2943,45.7004],[-91.2966,45.6998],[-91.294,45.7001],[-91.2933,45.7024],[-91.287,45.7037]]]},"properties":{"PROP_NAME":"GIFT LANDS - NW","ACRES":11.01,"PUBLIC_ACCESS":"Open to Hiking and Fishing Only. Closed to Hunting and Trapping","TRANS_TYPE":2}},{"type":"Feature","geometry":{"type":"MultiPolygon","coordinates":[[[[-89.8033,43.6664],[-89.8007,43.6708],[-89.8033,43.6671],[-89.8033,43.6664]]],[[[-89.7737,43.6448],[-89.7688,43.6451],[-89.7787,43.6446],[-89.7737,43.6448]]],[[[-89.7869,43.6618],[-89.7878,43.6612],[-89.782,43.6613],[-89.7869,43.6618]]],[[[-89.7855,43.6629],[-89.786,43.6628],[-89.7834,43.6629],[-89.7855,43.6629]]],[[[-89.7834,43.6629],[-89.7831,43.6629],[-89.7831,43.6629],[-89.7834,43.6629]]]]},"properties":{"PROP_NAME":"DELLS OF THE WISCONSIN RIVER STATE NATURAL AREA","ACRES":3.65,"PUBLIC_ACCESS":"Open to Hiking Only. Closed to Fishing, Hunting and Trapping","TRANS_TYPE":2}},{"type":"Feature","geometry":{"type":"Polygon","coordinates":[[[-90.5064,44.1752],[-90.5062,44.1715],[-90.5063,44.1752],[-90.5064,44.1752]]]},"properties":{"PROP_NAME":"JAY CREEK PINE FOREST STATE NATURAL AREA","ACRES":0.99,"PUBLIC_ACCESS":"Open to Hiking Only. Closed to Fishing, Hunting and Trapping","TRANS_TYPE":2}},{"type":"Feature","geometry":{"type":"Polygon","coordinates":[[[-89.1334,44.4936],[-89.1333,44.4936],[-89.1333,44.4937],[-89.1334,44.4936]]]},"properties":{"PROP_NAME":"MYKLEBUST LAKE STATE NATURAL AREA","ACRES":0.01,"PUBLIC_ACCESS":"Open to Hiking Only. Closed to Fishing, Hunting and Trapping","TRANS_TYPE":2}},{"type":"Feature","geometry":{"type":"Polygon","coordinates":[[[-89.8375,43.8582],[-89.8394,43.8549],[-89.8424,43.8547],[-89.8393,43.8548],[-89.8375,43.8582]]]},"properties":{"PROP_NAME":"QUINCY BLUFF AND WETLANDS STATE NATURAL AREA","ACRES":1.62,"PUBLIC_ACCESS":"Open to Hiking Only. Closed to Fishing, Hunting and Trapping","TRANS_TYPE":2}},{"type":"Feature","geometry":{"type":"MultiPolygon","coordinates":[[[[-90.0107,42.9952],[-90.0191,42.9953],[-90.0203,42.9968],[-90.0193,42.9951],[-90.0107,42.9952]]],[[[-89.9899,43.0129],[-89.9912,43.0128],[-89.9898,43.0128],[-89.9899,43.0129]]]]},"properties":{"PROP_NAME":"RIDGEWAY PINE RELICT STATE NATURAL AREA","ACRES":4.55,"PUBLIC_ACCESS":"Open to Hiking Only. Closed to Fishing, Hunting and Trapping","TRANS_TYPE":2}},{"type":"Feature","geometry":{"type":"MultiPolygon","coordinates":[[[[-91.1229,43.372],[-91.1236,43.3724],[-91.1214,43.3706],[-91.1229,43.372]]],[[[-91.1059,43.3802],[-91.106,43.38],[-91.1058,43.3798],[-91.1059,43.3802]]],[[[-91.1191,43.3818],[-91.1186,43.3832],[-91.1197,43.3814],[-91.1191,43.3818]]],[[[-91.107,43.3843],[-91.1071,43.3849],[-91.1085,43.3849],[-91.107,43.3843]]],[[[-91.1634,43.3866],[-91.1641,43.3857],[-91.1633,43.3866],[-91.1634,43.3866]]],[[[-91.1589,43.3879],[-91.1638,43.3868],[-91.1491,43.3877],[-91.1589,43.3879]]],[[[-91.1527,43.3911],[-91.1493,43.3924],[-91.1502,43.3975],[-91.1493,43.3924],[-91.1618,43.3903],[-91.1479,43.3903],[-91.1527,43.3911]]],[[[-91.1039,43.4026],[-91.1044,43.4033],[-91.1072,43.4051],[-91.1039,43.4026]]]]},"properties":{"PROP_NAME":"RUSH CREEK STATE NATURAL AREA","ACRES":11.64,"PUBLIC_ACCESS":"Open to Hiking Only. Closed to Fishing, Hunting and Trapping","TRANS_TYPE":2}},{"type":"Feature","geometry":{"type":"MultiPolygon","coordinates":[[[[-91.8215,46.2846],[-91.8219,46.2918],[-91.8271,46.2918],[-91.8273,46.299],[-91.8324,46.299],[-91.8324,46.2972],[-91.8349,46.2972],[-91.8289,46.2967],[-91.8283,46.2946],[-91.8305,46.2933],[-91.8375,46.2963],[-91.8377,46.3026],[-91.8222,46.3026],[-91.8224,46.3133],[-91.8275,46.3133],[-91.8276,46.3168],[-91.8326,46.3168],[-91.8326,46.3133],[-91.8428,46.3133],[-91.8428,46.3026],[-91.8531,46.3026],[-91.8531,46.299],[-91.8634,46.299],[-91.8634,46.3025],[-91.874,46.3026],[-91.8734,46.2738],[-91.8472,46.2739],[-91.8474,46.2775],[-91.8421,46.2775],[-91.842,46.2739],[-91.8367,46.2739],[-91.8374,46.2883],[-91.8269,46.2882],[-91.8268,46.2846],[-91.832,46.2846],[-91.8318,46.281],[-91.8214,46.281],[-91.8215,46.2846]],[[-91.8528,46.2847],[-91.8527,46.2811],[-91.8631,46.281],[-91.8632,46.2882],[-91.8529,46.2883],[-91.853,46.2918],[-91.8478,46.2919],[-91.8477,46.2883],[-91.8529,46.2883],[-91.8528,46.2847]]],[[[-91.8214,46.281],[-91.821,46.2738],[-91.8075,46.2737],[-91.8099,46.2809],[-91.8214,46.281]]]]},"properties":{"PROP_NAME":"DOUGLAS COUNTY WILDLIFE AREA","ACRES":2936.01,"PUBLIC_ACCESS":"Open to activities associated with Fishing, Hunting and Trapping. Closed to Passive Use such as hiking and foraging","TRANS_TYPE":5}},{"type":"Feature","geometry":{"type":"Polygon","coordinates":[[[-91.6039,46.5168],[-91.606,46.5167],[-91.6034,46.5168],[-91.6039,46.5168]]]},"properties":{"PROP_NAME":"STATEWIDE PUBLIC ACCESS - NW","ACRES":0.59,"PUBLIC_ACCESS":"Open to Hiking Only. Closed to Fishing, Hunting and Trapping","TRANS_TYPE":7}}]}