{"type":"FeatureCollection","features":[{"type":"Feature","geometry":{"type":"Point","coordinates":[-89.1971,44.212]},"properties":{"PARKING_LOT_NAME":"CTY Rd K Lot 1","LOCATION_DESC":null}},{"type":"Feature","geometry":{"type":"Point","coordinates":[-89.2762,44.0435]},"properties":{"PARKING_LOT_NAME":"Cottonville Ln Lot 3","LOCATION_DESC":null}},{"type":"Feature","geometry":{"type":"Point","coordinates":[-91.6315,44.8951]},"properties":{"PARKING_LOT_NAME":"20th St","LOCATION_DESC":null}},{"type":"Feature","geometry":{"type":"Point","coordinates":[-91.4607,45.8097]},"properties":{"PARKING_LOT_NAME":null,"LOCATION_DESC":null}},{"type":"Feature","geometry":{"type":"Point","coordinates":[-89.422,43.9707]},"properties":{"PARKING_LOT_NAME":"Dakota Rd","LOCATION_DESC":null}},{"type":"Feature","geometry":{"type":"Point","coordinates":[-89.4384,43.997]},"properties":{"PARKING_LOT_NAME":"CTY Rd B Lot 1","LOCATION_DESC":null}},{"type":"Feature","geometry":{"type":"Point","coordinates":[-88.8398,45.2765]},"properties":{"PARKING_LOT_NAME":"Wolf River Landing","LOCATION_DESC":null}},{"type":"Feature","geometry":{"type":"Point","coordinates":[-89.4306,43.9928]},"properties":{"PARKING_LOT_NAME":"Czech Rd","LOCATION_DESC":null}},{"type":"Feature","geometry":{"type":"Point","coordinates":[-89.2987,42.7555]},"properties":{"PARKING_LOT_NAME":"Hwy-59 Middle (Eastside)","LOCATION_DESC":null}},{"type":"Feature","geometry":{"type":"Point","coordinates":[-90.0252,45.1332]},"properties":{"PARKING_LOT_NAME":"Silver Fox Rd","LOCATION_DESC":null}},{"type":"Feature","geometry":{"type":"Point","coordinates":[-87.6243,44.509]},"properties":{"PARKING_LOT_NAME":"Hill Rd","LOCATION_DESC":null}},{"type":"Feature","geometry":{"type":"Point","coordinates":[-92.3445,45.1656]},"properties":{"PARKING_LOT_NAME":"210th Ave (dog training parking lot)","LOCATION_DESC":null}},{"type":"Feature","geometry":{"type":"Point","coordinates":[-89.2708,45.0003]},"properties":{"PARKING_LOT_NAME":"Sportsman Dr","LOCATION_DESC":null}},{"type":"Feature","geometry":{"type":"Point","coordinates":[-89.536,43.297]},"properties":{"PARKING_LOT_NAME":"N545 Riddle Rd","LOCATION_DESC":null}},{"type":"Feature","geometry":{"type":"Point","coordinates":[-89.4066,44.0198]},"properties":{"PARKING_LOT_NAME":"Cumberland Rd Lot 2","LOCATION_DESC":null}},{"type":"Feature","geometry":{"type":"Point","coordinates":[-89.4676,42.86]},"properties":{"PARKING_LOT_NAME":"Tipperary Rd (S)","LOCATION_DESC":null}},{"type":"Feature","geometry":{"type":"Point","coordinates":[-89.2167,44.38]},"properties":{"PARKING_LOT_NAME":"Foley Dr","LOCATION_DESC":null}},{"type":"Feature","geometry":{"type":"Point","coordinates":[-89.2782,44.5919]},"properties":{"PARKING_LOT_NAME":"Flume Road - Portage County","LOCATION_DESC":null}},{"type":"Feature","geometry":{"type":"Point","coordinates":[-89.3811,44.0077]},"properties":{"PARKING_LOT_NAME":"Cypress Rd Lot 1","LOCATION_DESC":null}},{"type":"Feature","geometry":{"type":"Point","coordinates":[-90.9763,43.722]},"properties":{"PARKING_LOT_NAME":"CTH P","LOCATION_DESC":null}},{"type":"Feature","geometry":{"type":"Point","coordinates":[-87.6293,44.5149]},"properties":{"PARKING_LOT_NAME":"Hwy A West","LOCATION_DESC":null}},{"type":"Feature","geometry":{"type":"Point","coordinates":[-91.2668,45.7079]},"properties":{"PARKING_LOT_NAME":"North Polish Road 2","LOCATION_DESC":null}},{"type":"Feature","geometry":{"type":"Point","coordinates":[-89.1939,44.1415]},"properties":{"PARKING_LOT_NAME":"Beechnut Ave Lot 1","LOCATION_DESC":null}},{"type":"Feature","geometry":{"type":"Point","coordinates":[-91.8695,45.8008]},"properties":{"PARKING_LOT_NAME":"Wildlife Rd. - End Lot","LOCATION_DESC":null}},{"type":"Feature","geometry":{"type":"Point","coordinates":[-89.581,43.8944]},"properties":{"PARKING_LOT_NAME":"Eagle Ave Lot 2","LOCATION_DESC":null}},{"type":"Feature","geometry":{"type":"Point","coordinates":[-89.2268,44.2047]},"properties":{"PARKING_LOT_NAME":"19th Rd Lot 1","LOCATION_DESC":null}},{"type":"Feature","geometry":{"type":"Point","coordinates":[-89.2674,44.044]},"properties":{"PARKING_LOT_NAME":"Cottonville Ln Lot 4","LOCATION_DESC":null}},{"type":"Feature","geometry":{"type":"Point","coordinates":[-89.9999,42.7747]},"properties":{"PARKING_LOT_NAME":"CR-F (Middle)","LOCATION_DESC":null}},{"type":"Feature","geometry":{"type":"Point","coordinates":[-90.2952,43.0295]},"properties":{"PARKING_LOT_NAME":"Sunny Ridge Rd","LOCATION_DESC":null}},{"type":"Feature","geometry":{"type":"Point","coordinates":[-88.0947,45.1689]},"properties":{"PARKING_LOT_NAME":"#4-33rd Rd West","LOCATION_DESC":null}},{"type":"Feature","geometry":{"type":"Point","coordinates":[-91.0394,42.9977]},"properties":{"PARKING_LOT_NAME":"CTH C","LOCATION_DESC":null}},{"type":"Feature","geometry":{"type":"Point","coordinates":[-91.211,44.589]},"properties":{"PARKING_LOT_NAME":"CTH NN","LOCATION_DESC":null}},{"type":"Feature","geometry":{"type":"Point","coordinates":[-89.299,44.6418]},"properties":{"PARKING_LOT_NAME":"Hansen Road","LOCATION_DESC":null}},{"type":"Feature","geometry":{"type":"Point","coordinates":[-89.9343,45.2995]},"properties":{"PARKING_LOT_NAME":"Conservation Ave 7","LOCATION_DESC":null}},{"type":"Feature","geometry":{"type":"Point","coordinates":[-91.1156,44.1456]},"properties":{"PARKING_LOT_NAME":"Lee School Rd (Hwy D)","LOCATION_DESC":null}},{"type":"Feature","geometry":{"type":"Point","coordinates":[-90.8458,43.0347]},"properties":{"PARKING_LOT_NAME":"Hwy133 (N)","LOCATION_DESC":null}},{"type":"Feature","geometry":{"type":"Point","coordinates":[-89.885,43.5766]},"properties":{"PARKING_LOT_NAME":"South Ave","LOCATION_DESC":null}},{"type":"Feature","geometry":{"type":"Point","coordinates":[-89.4954,42.8141]},"properties":{"PARKING_LOT_NAME":"Pernot Ln","LOCATION_DESC":null}},{"type":"Feature","geometry":{"type":"Point","coordinates":[-91.0609,46.4138]},"properties":{"PARKING_LOT_NAME":"Bibon Swamp Northeast Parking Lot","LOCATION_DESC":null}},{"type":"Feature","geometry":{"type":"Point","coordinates":[-90.3552,43.5425]},"properties":{"PARKING_LOT_NAME":"STH 80","LOCATION_DESC":null}},{"type":"Feature","geometry":{"type":"Point","coordinates":[-89.9998,43.0427]},"properties":{"PARKING_LOT_NAME":"Dugway Rd (W)","LOCATION_DESC":null}},{"type":"Feature","geometry":{"type":"Point","coordinates":[-90.2811,43.004]},"properties":{"PARKING_LOT_NAME":"Mt Hope Rd (W) - Cedar lot","LOCATION_DESC":null}},{"type":"Feature","geometry":{"type":"Point","coordinates":[-88.447,45.0389]},"properties":{"PARKING_LOT_NAME":"Spruce Rd","LOCATION_DESC":null}},{"type":"Feature","geometry":{"type":"Point","coordinates":[-88.0219,44.6338]},"properties":{"PARKING_LOT_NAME":"Sunset Beach Rd - Sensiba Unit","LOCATION_DESC":null}},{"type":"Feature","geometry":{"type":"Point","coordinates":[-89.2018,44.5218]},"properties":{"PARKING_LOT_NAME":"Trout Creek Rd","LOCATION_DESC":null}},{"type":"Feature","geometry":{"type":"Point","coordinates":[-89.3249,43.4594]},"properties":{"PARKING_LOT_NAME":"STH 22","LOCATION_DESC":null}},{"type":"Feature","geometry":{"type":"Point","coordinates":[-89.0581,44.0478]},"properties":{"PARKING_LOT_NAME":"28th Rd","LOCATION_DESC":null}},{"type":"Feature","geometry":{"type":"Point","coordinates":[-90.6524,43.1985]},"properties":{"PARKING_LOT_NAME":"STH 60","LOCATION_DESC":null}},{"type":"Feature","geometry":{"type":"Point","coordinates":[-90.9053,44.1346]},"properties":{"PARKING_LOT_NAME":"Acorn Ave","LOCATION_DESC":null}},{"type":"Feature","geometry":{"type":"Point","coordinates":[-89.9179,43.6257]},"properties":{"PARKING_LOT_NAME":"Lupine","LOCATION_DESC":null}},{"type":"Feature","geometry":{"type":"Point","coordinates":[-91.8728,44.7104]},"properties":{"PARKING_LOT_NAME":null,"LOCATION_DESC":null}},{"type":"Feature","geometry":{"type":"Point","coordinates":[-88.8237,45.2757]},"properties":{"PARKING_LOT_NAME":"Wolf Rd","LOCATION_DESC":null}},{"type":"Feature","geometry":{"type":"Point","coordinates":[-90.7392,43.9887]},"properties":{"PARKING_LOT_NAME":"Hwy 21 (Back Lot)","LOCATION_DESC":null}},{"type":"Feature","geometry":{"type":"Point","coordinates":[-89.1954,44.2135]},"properties":{"PARKING_LOT_NAME":"CTY Rd K lot 2","LOCATION_DESC":null}},{"type":"Feature","geometry":{"type":"Point","coordinates":[-89.0803,44.1394]},"properties":{"PARKING_LOT_NAME":"Beechnut Ave ","LOCATION_DESC":null}},{"type":"Feature","geometry":{"type":"Point","coordinates":[-91.9429,45.7616]},"properties":{"PARKING_LOT_NAME":"DNR Rd. Parking Lot","LOCATION_DESC":null}},{"type":"Feature","geometry":{"type":"Point","coordinates":[-91.3112,46.4554]},"properties":{"PARKING_LOT_NAME":"W Delta Rd","LOCATION_DESC":null}},{"type":"Feature","geometry":{"type":"Point","coordinates":[-89.4364,43.9918]},"properties":{"PARKING_LOT_NAME":"CTY Rd B Lot 2","LOCATION_DESC":null}},{"type":"Feature","geometry":{"type":"Point","coordinates":[-92.0761,45.7123]},"properties":{"PARKING_LOT_NAME":"Heart Lake Rd. center P. Lot","LOCATION_DESC":null}},{"type":"Feature","geometry":{"type":"Point","coordinates":[-89.3898,44.0087]},"properties":{"PARKING_LOT_NAME":"11th Rd Lot 2","LOCATION_DESC":null}},{"type":"Feature","geometry":{"type":"Point","coordinates":[-89.1747,44.2875]},"properties":{"PARKING_LOT_NAME":"State HWY 22 Lot 4","LOCATION_DESC":null}},{"type":"Feature","geometry":{"type":"Point","coordinates":[-89.2647,44.3089]},"properties":{"PARKING_LOT_NAME":"Fountain Lake Ave Lot 1","LOCATION_DESC":null}},{"type":"Feature","geometry":{"type":"Point","coordinates":[-89.2143,44.264]},"properties":{"PARKING_LOT_NAME":"West Rd","LOCATION_DESC":null}},{"type":"Feature","geometry":{"type":"Point","coordinates":[-91.4393,45.1878]},"properties":{"PARKING_LOT_NAME":"STH 40","LOCATION_DESC":null}},{"type":"Feature","geometry":{"type":"Point","coordinates":[-89.6641,42.955]},"properties":{"PARKING_LOT_NAME":"STH 92 Lot 1","LOCATION_DESC":null}},{"type":"Feature","geometry":{"type":"Point","coordinates":[-88.2189,42.5604]},"properties":{"PARKING_LOT_NAME":"80th/337th","LOCATION_DESC":null}},{"type":"Feature","geometry":{"type":"Point","coordinates":[-89.4707,44.0512]},"properties":{"PARKING_LOT_NAME":"CTY Rd GG Ice Age ","LOCATION_DESC":null}},{"type":"Feature","geometry":{"type":"Point","coordinates":[-91.7154,45.9178]},"properties":{"PARKING_LOT_NAME":"Willers Road Parking Lot","LOCATION_DESC":null}},{"type":"Feature","geometry":{"type":"Point","coordinates":[-89.542,44.1702]},"properties":{"PARKING_LOT_NAME":"4th Ave Lot 1","LOCATION_DESC":null}},{"type":"Feature","geometry":{"type":"Point","coordinates":[-90.4708,43.8659]},"properties":{"PARKING_LOT_NAME":"Kiln Ave","LOCATION_DESC":null}},{"type":"Feature","geometry":{"type":"Point","coordinates":[-87.0825,45.0961]},"properties":{"PARKING_LOT_NAME":"CTH Q South","LOCATION_DESC":null}},{"type":"Feature","geometry":{"type":"Point","coordinates":[-89.6986,44.0958]},"properties":{"PARKING_LOT_NAME":"6th Ave","LOCATION_DESC":null}},{"type":"Feature","geometry":{"type":"Point","coordinates":[-91.8699,44.7064]},"properties":{"PARKING_LOT_NAME":"Dunnville Rd bridge","LOCATION_DESC":null}},{"type":"Feature","geometry":{"type":"Point","coordinates":[-91.5745,44.9458]},"properties":{"PARKING_LOT_NAME":"CTY HWY N","LOCATION_DESC":null}},{"type":"Feature","geometry":{"type":"Point","coordinates":[-91.8721,45.9836]},"properties":{"PARKING_LOT_NAME":"CTH F P. Lot","LOCATION_DESC":null}},{"type":"Feature","geometry":{"type":"Point","coordinates":[-88.874,45.1531]},"properties":{"PARKING_LOT_NAME":"Clubhouse Lake Rd","LOCATION_DESC":null}},{"type":"Feature","geometry":{"type":"Point","coordinates":[-90.5925,43.1776]},"properties":{"PARKING_LOT_NAME":"Chezik Rd","LOCATION_DESC":null}},{"type":"Feature","geometry":{"type":"Point","coordinates":[-91.2843,44.286]},"properties":{"PARKING_LOT_NAME":"Elias Rd","LOCATION_DESC":null}},{"type":"Feature","geometry":{"type":"Point","coordinates":[-89.1352,44.0943]},"properties":{"PARKING_LOT_NAME":"Brown Deer Ave","LOCATION_DESC":null}},{"type":"Feature","geometry":{"type":"Point","coordinates":[-91.4792,44.4623]},"properties":{"PARKING_LOT_NAME":"Espeseth Valley Rd.","LOCATION_DESC":null}},{"type":"Feature","geometry":{"type":"Point","coordinates":[-90.2864,43.0073]},"properties":{"PARKING_LOT_NAME":"Cave Hollow Rd (W)","LOCATION_DESC":null}},{"type":"Feature","geometry":{"type":"Point","coordinates":[-89.2292,44.6029]},"properties":{"PARKING_LOT_NAME":"Cedar Rd S","LOCATION_DESC":null}},{"type":"Feature","geometry":{"type":"Point","coordinates":[-89.997,43.0306]},"properties":{"PARKING_LOT_NAME":"CR-H","LOCATION_DESC":null}},{"type":"Feature","geometry":{"type":"Point","coordinates":[-89.0361,44.5865]},"properties":{"PARKING_LOT_NAME":"CTY Rd G lot 2","LOCATION_DESC":null}},{"type":"Feature","geometry":{"type":"Point","coordinates":[-88.9382,45.1465]},"properties":{"PARKING_LOT_NAME":null,"LOCATION_DESC":null}},{"type":"Feature","geometry":{"type":"Point","coordinates":[-88.0331,43.6885]},"properties":{"PARKING_LOT_NAME":"Cty Hwy N","LOCATION_DESC":null}},{"type":"Feature","geometry":{"type":"Point","coordinates":[-89.2601,44.2816]},"properties":{"PARKING_LOT_NAME":"2nd Ave Lot 3","LOCATION_DESC":null}},{"type":"Feature","geometry":{"type":"Point","coordinates":[-89.4551,45.3802]},"properties":{"PARKING_LOT_NAME":"R & H Road (West)","LOCATION_DESC":null}},{"type":"Feature","geometry":{"type":"Point","coordinates":[-89.3884,44.0038]},"properties":{"PARKING_LOT_NAME":"CTY Rd JJ Lot 3","LOCATION_DESC":null}},{"type":"Feature","geometry":{"type":"Point","coordinates":[-91.8889,45.5096]},"properties":{"PARKING_LOT_NAME":"1","LOCATION_DESC":null}},{"type":"Feature","geometry":{"type":"Point","coordinates":[-91.6814,45.1694]},"properties":{"PARKING_LOT_NAME":"1342nd St.","LOCATION_DESC":null}},{"type":"Feature","geometry":{"type":"Point","coordinates":[-89.4519,43.3924]},"properties":{"PARKING_LOT_NAME":"CTH CS","LOCATION_DESC":null}},{"type":"Feature","geometry":{"type":"Point","coordinates":[-90.8499,44.0927]},"properties":{"PARKING_LOT_NAME":"Basswood Rd","LOCATION_DESC":null}},{"type":"Feature","geometry":{"type":"Point","coordinates":[-89.3185,43.9438]},"properties":{"PARKING_LOT_NAME":"State HWY 22 Lot 2","LOCATION_DESC":null}},{"type":"Feature","geometry":{"type":"Point","coordinates":[-92.1328,45.7538]},"properties":{"PARKING_LOT_NAME":"Hwy B West Parking Lot","LOCATION_DESC":null}},{"type":"Feature","geometry":{"type":"Point","coordinates":[-89.0406,44.5904]},"properties":{"PARKING_LOT_NAME":"Boelter Rd","LOCATION_DESC":null}},{"type":"Feature","geometry":{"type":"Point","coordinates":[-89.3838,43.9538]},"properties":{"PARKING_LOT_NAME":"CTY Rd Z Lot 2","LOCATION_DESC":null}},{"type":"Feature","geometry":{"type":"Point","coordinates":[-89.394,43.3869]},"properties":{"PARKING_LOT_NAME":"USH 51","LOCATION_DESC":null}},{"type":"Feature","geometry":{"type":"Point","coordinates":[-89.1636,44.6729]},"properties":{"PARKING_LOT_NAME":"Helgeson Rd Lot 1","LOCATION_DESC":null}},{"type":"Feature","geometry":{"type":"Point","coordinates":[-91.5099,45.197]},"properties":{"PARKING_LOT_NAME":"242nd Ave","LOCATION_DESC":null}},{"type":"Feature","geometry":{"type":"Point","coordinates":[-90.7536,44.0589]},"properties":{"PARKING_LOT_NAME":"Delaware Ave","LOCATION_DESC":null}},{"type":"Feature","geometry":{"type":"Point","coordinates":[-91.4546,44.1625]},"properties":{"PARKING_LOT_NAME":"West Tamarack Creek","LOCATION_DESC":null}},{"type":"Feature","geometry":{"type":"Point","coordinates":[-89.6702,45.6443]},"properties":{"PARKING_LOT_NAME":"County Hwy K Parking Area","LOCATION_DESC":null}},{"type":"Feature","geometry":{"type":"Point","coordinates":[-91.4795,44.4455]},"properties":{"PARKING_LOT_NAME":"Bolstad Rd","LOCATION_DESC":null}},{"type":"Feature","geometry":{"type":"Point","coordinates":[-91.4795,44.4455]},"properties":{"PARKING_LOT_NAME":"Bolstad Rd","LOCATION_DESC":null}},{"type":"Feature","geometry":{"type":"Point","coordinates":[-89.9512,45.3022]},"properties":{"PARKING_LOT_NAME":"Conservation Ave 3","LOCATION_DESC":null}},{"type":"Feature","geometry":{"type":"Point","coordinates":[-90.285,43.0003]},"properties":{"PARKING_LOT_NAME":"Union Valley Rd","LOCATION_DESC":null}},{"type":"Feature","geometry":{"type":"Point","coordinates":[-89.2719,43.9103]},"properties":{"PARKING_LOT_NAME":"Duck Creek Rd Lot 1","LOCATION_DESC":null}},{"type":"Feature","geometry":{"type":"Point","coordinates":[-88.9078,45.1417]},"properties":{"PARKING_LOT_NAME":null,"LOCATION_DESC":null}},{"type":"Feature","geometry":{"type":"Point","coordinates":[-89.5382,43.3283]},"properties":{"PARKING_LOT_NAME":"CTH J","LOCATION_DESC":null}},{"type":"Feature","geometry":{"type":"Point","coordinates":[-90.9238,44.3474]},"properties":{"PARKING_LOT_NAME":"Charcoal Rd","LOCATION_DESC":null}},{"type":"Feature","geometry":{"type":"Point","coordinates":[-89.3544,45.1463]},"properties":{"PARKING_LOT_NAME":"Lot 7","LOCATION_DESC":null}},{"type":"Feature","geometry":{"type":"Point","coordinates":[-89.3095,44.0125]},"properties":{"PARKING_LOT_NAME":"State HWY 22 ","LOCATION_DESC":null}},{"type":"Feature","geometry":{"type":"Point","coordinates":[-89.4609,44.0542]},"properties":{"PARKING_LOT_NAME":"Cottonville Ave","LOCATION_DESC":null}},{"type":"Feature","geometry":{"type":"Point","coordinates":[-87.5279,44.4785]},"properties":{"PARKING_LOT_NAME":"Hwy E Boat Launch (Coho Ponds)","LOCATION_DESC":null}},{"type":"Feature","geometry":{"type":"Point","coordinates":[-89.3348,44.5336]},"properties":{"PARKING_LOT_NAME":"North River Rd Lot 1","LOCATION_DESC":null}},{"type":"Feature","geometry":{"type":"Point","coordinates":[-91.8679,45.5024]},"properties":{"PARKING_LOT_NAME":"20 1/2 Ave","LOCATION_DESC":null}},{"type":"Feature","geometry":{"type":"Point","coordinates":[-91.2924,45.7968]},"properties":{"PARKING_LOT_NAME":"STH 27","LOCATION_DESC":null}},{"type":"Feature","geometry":{"type":"Point","coordinates":[-92.0954,44.8847]},"properties":{"PARKING_LOT_NAME":"CTH Q","LOCATION_DESC":null}},{"type":"Feature","geometry":{"type":"Point","coordinates":[-91.1576,46.4317]},"properties":{"PARKING_LOT_NAME":"Bibon Swamp Goldberg Road Parking Lot","LOCATION_DESC":null}},{"type":"Feature","geometry":{"type":"Point","coordinates":[-89.5192,44.4749]},"properties":{"PARKING_LOT_NAME":"Airline Road","LOCATION_DESC":null}},{"type":"Feature","geometry":{"type":"Point","coordinates":[-90.7742,44.0589]},"properties":{"PARKING_LOT_NAME":"Delaware Ave","LOCATION_DESC":null}},{"type":"Feature","geometry":{"type":"Point","coordinates":[-89.4275,43.4128]},"properties":{"PARKING_LOT_NAME":"Mc Millan Rd","LOCATION_DESC":null}},{"type":"Feature","geometry":{"type":"Point","coordinates":[-89.5359,45.294]},"properties":{"PARKING_LOT_NAME":"CTH J by Bloomville","LOCATION_DESC":null}},{"type":"Feature","geometry":{"type":"Point","coordinates":[-89.5793,43.9048]},"properties":{"PARKING_LOT_NAME":"Dyke Ct ","LOCATION_DESC":null}},{"type":"Feature","geometry":{"type":"Point","coordinates":[-87.8416,44.896]},"properties":{"PARKING_LOT_NAME":"Oconto Marsh","LOCATION_DESC":null}},{"type":"Feature","geometry":{"type":"Point","coordinates":[-92.0853,45.6836]},"properties":{"PARKING_LOT_NAME":"Highway J","LOCATION_DESC":null}},{"type":"Feature","geometry":{"type":"Point","coordinates":[-89.2776,44.048]},"properties":{"PARKING_LOT_NAME":"17th Dr","LOCATION_DESC":null}},{"type":"Feature","geometry":{"type":"Point","coordinates":[-87.6359,44.5016]},"properties":{"PARKING_LOT_NAME":"RYAN RADIO RD","LOCATION_DESC":null}},{"type":"Feature","geometry":{"type":"Point","coordinates":[-89.1866,44.145]},"properties":{"PARKING_LOT_NAME":"22nd Ave lot 1","LOCATION_DESC":null}},{"type":"Feature","geometry":{"type":"Point","coordinates":[-91.1847,45.9812]},"properties":{"PARKING_LOT_NAME":"Moss Creek PARKING LOT","LOCATION_DESC":null}},{"type":"Feature","geometry":{"type":"Point","coordinates":[-89.592,43.8944]},"properties":{"PARKING_LOT_NAME":"Eagle Ave Lot 3","LOCATION_DESC":null}},{"type":"Feature","geometry":{"type":"Point","coordinates":[-91.4324,45.1748]},"properties":{"PARKING_LOT_NAME":"227th Ave","LOCATION_DESC":null}},{"type":"Feature","geometry":{"type":"Point","coordinates":[-89.3498,44.5341]},"properties":{"PARKING_LOT_NAME":"Echo Rd","LOCATION_DESC":null}},{"type":"Feature","geometry":{"type":"Point","coordinates":[-89.3232,42.8968]},"properties":{"PARKING_LOT_NAME":"CTH A","LOCATION_DESC":null}},{"type":"Feature","geometry":{"type":"Point","coordinates":[-89.1621,43.4645]},"properties":{"PARKING_LOT_NAME":"Doyle Rd","LOCATION_DESC":null}},{"type":"Feature","geometry":{"type":"Point","coordinates":[-89.3467,43.9495]},"properties":{"PARKING_LOT_NAME":"14th Ave Lot 2","LOCATION_DESC":null}},{"type":"Feature","geometry":{"type":"Point","coordinates":[-90.5815,43.4975]},"properties":{"PARKING_LOT_NAME":"STH 56","LOCATION_DESC":null}},{"type":"Feature","geometry":{"type":"Point","coordinates":[-88.4761,45.0597]},"properties":{"PARKING_LOT_NAME":"S Branch Rd","LOCATION_DESC":null}},{"type":"Feature","geometry":{"type":"Point","coordinates":[-89.2764,43.9089]},"properties":{"PARKING_LOT_NAME":"Bridge Access Rd Lot 1","LOCATION_DESC":null}},{"type":"Feature","geometry":{"type":"Point","coordinates":[-91.0279,44.3639]},"properties":{"PARKING_LOT_NAME":"Green Acres Rd","LOCATION_DESC":null}},{"type":"Feature","geometry":{"type":"Point","coordinates":[-89.0192,45.3644]},"properties":{"PARKING_LOT_NAME":"HWY T Access","LOCATION_DESC":null}},{"type":"Feature","geometry":{"type":"Point","coordinates":[-89.2294,44.4824]},"properties":{"PARKING_LOT_NAME":"Isaacson Rd","LOCATION_DESC":null}},{"type":"Feature","geometry":{"type":"Point","coordinates":[-89.3971,43.9572]},"properties":{"PARKING_LOT_NAME":"11th Ct","LOCATION_DESC":null}},{"type":"Feature","geometry":{"type":"Point","coordinates":[-90.8859,44.1038]},"properties":{"PARKING_LOT_NAME":"Balloon Ave","LOCATION_DESC":null}},{"type":"Feature","geometry":{"type":"Point","coordinates":[-89.4931,43.9809]},"properties":{"PARKING_LOT_NAME":"Dakota Ave Lot 4","LOCATION_DESC":null}},{"type":"Feature","geometry":{"type":"Point","coordinates":[-89.5175,44.4741]},"properties":{"PARKING_LOT_NAME":"Bluebird Lane","LOCATION_DESC":null}},{"type":"Feature","geometry":{"type":"Point","coordinates":[-88.9303,45.1491]},"properties":{"PARKING_LOT_NAME":"Polar-Evergreen Rd","LOCATION_DESC":null}},{"type":"Feature","geometry":{"type":"Point","coordinates":[-92.093,45.7166]},"properties":{"PARKING_LOT_NAME":"CTH H 2nd lot North of Hwy EE","LOCATION_DESC":null}},{"type":"Feature","geometry":{"type":"Point","coordinates":[-91.8802,45.06]},"properties":{"PARKING_LOT_NAME":"Cty N","LOCATION_DESC":null}},{"type":"Feature","geometry":{"type":"Point","coordinates":[-92.4096,45.2621]},"properties":{"PARKING_LOT_NAME":"35th Ave","LOCATION_DESC":null}},{"type":"Feature","geometry":{"type":"Point","coordinates":[-90.4658,43.0315]},"properties":{"PARKING_LOT_NAME":"Bowers Rd","LOCATION_DESC":null}},{"type":"Feature","geometry":{"type":"Point","coordinates":[-89.3033,43.9068]},"properties":{"PARKING_LOT_NAME":"Eagle Rd Lot 4","LOCATION_DESC":null}},{"type":"Feature","geometry":{"type":"Point","coordinates":[-91.1267,44.1482]},"properties":{"PARKING_LOT_NAME":"Bucholz Rd","LOCATION_DESC":null}},{"type":"Feature","geometry":{"type":"Point","coordinates":[-89.3583,43.989]},"properties":{"PARKING_LOT_NAME":"CTY Rd JJ Lot 5","LOCATION_DESC":null}},{"type":"Feature","geometry":{"type":"Point","coordinates":[-91.7726,44.8823]},"properties":{"PARKING_LOT_NAME":null,"LOCATION_DESC":null}},{"type":"Feature","geometry":{"type":"Point","coordinates":[-90.8459,43.031]},"properties":{"PARKING_LOT_NAME":"Hwy133 (S)","LOCATION_DESC":null}},{"type":"Feature","geometry":{"type":"Point","coordinates":[-89.9324,45.2995]},"properties":{"PARKING_LOT_NAME":"Conservation Ave 8","LOCATION_DESC":null}},{"type":"Feature","geometry":{"type":"Point","coordinates":[-89.9298,45.2994]},"properties":{"PARKING_LOT_NAME":"Conservation Ave 9","LOCATION_DESC":null}},{"type":"Feature","geometry":{"type":"Point","coordinates":[-91.7624,44.8636]},"properties":{"PARKING_LOT_NAME":"520th Ave","LOCATION_DESC":null}},{"type":"Feature","geometry":{"type":"Point","coordinates":[-89.5226,43.9929]},"properties":{"PARKING_LOT_NAME":"CTY Rd CH Lot 1","LOCATION_DESC":null}},{"type":"Feature","geometry":{"type":"Point","coordinates":[-91.3851,46.0943]},"properties":{"PARKING_LOT_NAME":"USH 63","LOCATION_DESC":null}},{"type":"Feature","geometry":{"type":"Point","coordinates":[-89.1991,44.1838]},"properties":{"PARKING_LOT_NAME":"CTY Rd A Lot 1","LOCATION_DESC":null}},{"type":"Feature","geometry":{"type":"Point","coordinates":[-89.9987,42.7802]},"properties":{"PARKING_LOT_NAME":"English Hollow Rd","LOCATION_DESC":null}},{"type":"Feature","geometry":{"type":"Point","coordinates":[-90.8288,44.0757]},"properties":{"PARKING_LOT_NAME":"CTH B","LOCATION_DESC":null}},{"type":"Feature","geometry":{"type":"Point","coordinates":[-89.3923,45.4232]},"properties":{"PARKING_LOT_NAME":"Pine Road","LOCATION_DESC":null}},{"type":"Feature","geometry":{"type":"Point","coordinates":[-88.2227,42.5784]},"properties":{"PARKING_LOT_NAME":"Fire Department","LOCATION_DESC":null}},{"type":"Feature","geometry":{"type":"Point","coordinates":[-89.4168,45.1477]},"properties":{"PARKING_LOT_NAME":"Lot 2","LOCATION_DESC":null}},{"type":"Feature","geometry":{"type":"Point","coordinates":[-89.2218,44.2583]},"properties":{"PARKING_LOT_NAME":"State HWY 22 Lot 2","LOCATION_DESC":null}},{"type":"Feature","geometry":{"type":"Point","coordinates":[-89.3915,44.0079]},"properties":{"PARKING_LOT_NAME":"11th Rd Lot 1 ","LOCATION_DESC":null}},{"type":"Feature","geometry":{"type":"Point","coordinates":[-90.4562,43.0192]},"properties":{"PARKING_LOT_NAME":"Snow Bottom Rd","LOCATION_DESC":null}},{"type":"Feature","geometry":{"type":"Point","coordinates":[-89.259,44.6791]},"properties":{"PARKING_LOT_NAME":"Wigwam Rd Lot 1","LOCATION_DESC":null}},{"type":"Feature","geometry":{"type":"Point","coordinates":[-89.658,44.2046]},"properties":{"PARKING_LOT_NAME":"CTH W","LOCATION_DESC":null}},{"type":"Feature","geometry":{"type":"Point","coordinates":[-88.9318,44.1124]},"properties":{"PARKING_LOT_NAME":"Blackhawk Ave Lot 2","LOCATION_DESC":null}},{"type":"Feature","geometry":{"type":"Point","coordinates":[-89.4157,44.015]},"properties":{"PARKING_LOT_NAME":"CTY Rd JJ Lot 4","LOCATION_DESC":null}},{"type":"Feature","geometry":{"type":"Point","coordinates":[-89.939,45.2994]},"properties":{"PARKING_LOT_NAME":"Conservation Ave 6","LOCATION_DESC":null}},{"type":"Feature","geometry":{"type":"Point","coordinates":[-89.3121,44.0485]},"properties":{"PARKING_LOT_NAME":"Cottonville Dr Lot 3","LOCATION_DESC":null}},{"type":"Feature","geometry":{"type":"Point","coordinates":[-89.4345,45.3951]},"properties":{"PARKING_LOT_NAME":"Hanson Road","LOCATION_DESC":null}},{"type":"Feature","geometry":{"type":"Point","coordinates":[-91.3679,45.7722]},"properties":{"PARKING_LOT_NAME":null,"LOCATION_DESC":null}},{"type":"Feature","geometry":{"type":"Point","coordinates":[-89.3853,44.0024]},"properties":{"PARKING_LOT_NAME":"CTY Rd JJ Lot 2","LOCATION_DESC":null}},{"type":"Feature","geometry":{"type":"Point","coordinates":[-92.6218,44.8752]},"properties":{"PARKING_LOT_NAME":"Hwy 35","LOCATION_DESC":null}},{"type":"Feature","geometry":{"type":"Point","coordinates":[-89.4616,43.9814]},"properties":{"PARKING_LOT_NAME":"CTY Rd JJ","LOCATION_DESC":null}},{"type":"Feature","geometry":{"type":"Point","coordinates":[-87.5998,44.8005]},"properties":{"PARKING_LOT_NAME":"Gravel Pit Rd","LOCATION_DESC":null}},{"type":"Feature","geometry":{"type":"Point","coordinates":[-88.1149,45.1708]},"properties":{"PARKING_LOT_NAME":"#2- 37th Rd, Walker Creek","LOCATION_DESC":null}},{"type":"Feature","geometry":{"type":"Point","coordinates":[-92.1672,45.6827]},"properties":{"PARKING_LOT_NAME":"330th Ave","LOCATION_DESC":null}},{"type":"Feature","geometry":{"type":"Point","coordinates":[-88.981,44.5609]},"properties":{"PARKING_LOT_NAME":"Swamp Rd","LOCATION_DESC":null}},{"type":"Feature","geometry":{"type":"Point","coordinates":[-89.2042,44.2764]},"properties":{"PARKING_LOT_NAME":"Suhs Rd Lot 3","LOCATION_DESC":null}},{"type":"Feature","geometry":{"type":"Point","coordinates":[-89.3745,43.9666]},"properties":{"PARKING_LOT_NAME":"Deerborn Ave","LOCATION_DESC":null}},{"type":"Feature","geometry":{"type":"Point","coordinates":[-89.3653,43.9979]},"properties":{"PARKING_LOT_NAME":"Cypress Rd Lot 2","LOCATION_DESC":null}},{"type":"Feature","geometry":{"type":"Point","coordinates":[-88.0556,45.1489]},"properties":{"PARKING_LOT_NAME":"#7 - 25th Road: Spruce lane","LOCATION_DESC":null}},{"type":"Feature","geometry":{"type":"Point","coordinates":[-88.0659,45.4508]},"properties":{"PARKING_LOT_NAME":null,"LOCATION_DESC":null}},{"type":"Feature","geometry":{"type":"Point","coordinates":[-89.904,43.602]},"properties":{"PARKING_LOT_NAME":"CTH H","LOCATION_DESC":null}},{"type":"Feature","geometry":{"type":"Point","coordinates":[-89.1937,44.2029]},"properties":{"PARKING_LOT_NAME":"Aniwa Rd Lot 1","LOCATION_DESC":null}},{"type":"Feature","geometry":{"type":"Point","coordinates":[-89.1631,44.2897]},"properties":{"PARKING_LOT_NAME":"Dayton Rd","LOCATION_DESC":null}},{"type":"Feature","geometry":{"type":"Point","coordinates":[-89.4256,44.0223]},"properties":{"PARKING_LOT_NAME":"Cumberland Rd Lot 3","LOCATION_DESC":null}},{"type":"Feature","geometry":{"type":"Point","coordinates":[-89.2137,44.2764]},"properties":{"PARKING_LOT_NAME":"Suhs Rd Lot 1","LOCATION_DESC":null}},{"type":"Feature","geometry":{"type":"Point","coordinates":[-89.3661,43.9492]},"properties":{"PARKING_LOT_NAME":"CTY Rd Y Lot 1","LOCATION_DESC":null}},{"type":"Feature","geometry":{"type":"Point","coordinates":[-89.3951,44.0439]},"properties":{"PARKING_LOT_NAME":"11th Dr","LOCATION_DESC":null}},{"type":"Feature","geometry":{"type":"Point","coordinates":[-89.4677,42.8638]},"properties":{"PARKING_LOT_NAME":"Tipperary Rd (N)","LOCATION_DESC":null}},{"type":"Feature","geometry":{"type":"Point","coordinates":[-92.0956,44.8902]},"properties":{"PARKING_LOT_NAME":"CTH Q","LOCATION_DESC":null}},{"type":"Feature","geometry":{"type":"Point","coordinates":[-90.8723,44.104]},"properties":{"PARKING_LOT_NAME":"Barrel Rd","LOCATION_DESC":null}},{"type":"Feature","geometry":{"type":"Point","coordinates":[-89.1305,44.0944]},"properties":{"PARKING_LOT_NAME":"24th Rd Lot 2","LOCATION_DESC":null}},{"type":"Feature","geometry":{"type":"Point","coordinates":[-89.2498,44.2629]},"properties":{"PARKING_LOT_NAME":"1st Ave","LOCATION_DESC":null}},{"type":"Feature","geometry":{"type":"Point","coordinates":[-90.6046,45.7407]},"properties":{"PARKING_LOT_NAME":"High Dike Flowage Road","LOCATION_DESC":null}},{"type":"Feature","geometry":{"type":"Point","coordinates":[-91.7688,44.8866]},"properties":{"PARKING_LOT_NAME":null,"LOCATION_DESC":null}},{"type":"Feature","geometry":{"type":"Point","coordinates":[-91.439,45.1828]},"properties":{"PARKING_LOT_NAME":"STH 40","LOCATION_DESC":null}},{"type":"Feature","geometry":{"type":"Point","coordinates":[-88.0946,45.1723]},"properties":{"PARKING_LOT_NAME":"#5 - 33rd road; End","LOCATION_DESC":null}},{"type":"Feature","geometry":{"type":"Point","coordinates":[-89.2901,44.0458]},"properties":{"PARKING_LOT_NAME":"Cottonville Ln Lot 1","LOCATION_DESC":null}},{"type":"Feature","geometry":{"type":"Point","coordinates":[-89.3618,44.0873]},"properties":{"PARKING_LOT_NAME":"Lake Dr","LOCATION_DESC":null}},{"type":"Feature","geometry":{"type":"Point","coordinates":[-89.4761,43.9117]},"properties":{"PARKING_LOT_NAME":"7th Ct","LOCATION_DESC":null}},{"type":"Feature","geometry":{"type":"Point","coordinates":[-90.6557,45.7604]},"properties":{"PARKING_LOT_NAME":"Price Lake Road - Gravel Pit","LOCATION_DESC":null}},{"type":"Feature","geometry":{"type":"Point","coordinates":[-89.1792,44.274]},"properties":{"PARKING_LOT_NAME":"Radley Rd Lot 2","LOCATION_DESC":null}},{"type":"Feature","geometry":{"type":"Point","coordinates":[-89.4923,43.9176]},"properties":{"PARKING_LOT_NAME":"CTY Rd CH","LOCATION_DESC":null}},{"type":"Feature","geometry":{"type":"Point","coordinates":[-89.1902,44.1408]},"properties":{"PARKING_LOT_NAME":"Beechnut Ave Lot 3","LOCATION_DESC":null}},{"type":"Feature","geometry":{"type":"Point","coordinates":[-89.3261,44.6387]},"properties":{"PARKING_LOT_NAME":"CTY Rd I","LOCATION_DESC":null}},{"type":"Feature","geometry":{"type":"Point","coordinates":[-91.5101,45.1231]},"properties":{"PARKING_LOT_NAME":"85th St","LOCATION_DESC":null}},{"type":"Feature","geometry":{"type":"Point","coordinates":[-90.6639,46.0698]},"properties":{"PARKING_LOT_NAME":"Kenyon Rd","LOCATION_DESC":null}},{"type":"Feature","geometry":{"type":"Point","coordinates":[-88.8123,45.3483]},"properties":{"PARKING_LOT_NAME":null,"LOCATION_DESC":null}},{"type":"Feature","geometry":{"type":"Point","coordinates":[-91.2135,46.0636]},"properties":{"PARKING_LOT_NAME":"STH 77","LOCATION_DESC":null}},{"type":"Feature","geometry":{"type":"Point","coordinates":[-92.5677,45.3393]},"properties":{"PARKING_LOT_NAME":"90th Ave","LOCATION_DESC":null}},{"type":"Feature","geometry":{"type":"Point","coordinates":[-90.2774,43.0283]},"properties":{"PARKING_LOT_NAME":"Plank Rd - Dam Lot","LOCATION_DESC":null}},{"type":"Feature","geometry":{"type":"Point","coordinates":[-92.1641,45.6979]},"properties":{"PARKING_LOT_NAME":"340th Ave","LOCATION_DESC":null}},{"type":"Feature","geometry":{"type":"Point","coordinates":[-92.0656,45.7122]},"properties":{"PARKING_LOT_NAME":"Heart Lake Road East","LOCATION_DESC":null}},{"type":"Feature","geometry":{"type":"Point","coordinates":[-87.6001,44.7853]},"properties":{"PARKING_LOT_NAME":"Four Corners Rd","LOCATION_DESC":null}},{"type":"Feature","geometry":{"type":"Point","coordinates":[-87.9617,45.5861]},"properties":{"PARKING_LOT_NAME":"Miscauno Ln","LOCATION_DESC":null}},{"type":"Feature","geometry":{"type":"Point","coordinates":[-89.696,43.1213]},"properties":{"PARKING_LOT_NAME":"HWY 14","LOCATION_DESC":null}},{"type":"Feature","geometry":{"type":"Point","coordinates":[-89.446,44.0403]},"properties":{"PARKING_LOT_NAME":"9th Ave Lot 3","LOCATION_DESC":null}},{"type":"Feature","geometry":{"type":"Point","coordinates":[-89.2699,44.0877]},"properties":{"PARKING_LOT_NAME":"Swamp Rd Lot 4","LOCATION_DESC":null}},{"type":"Feature","geometry":{"type":"Point","coordinates":[-89.2448,45.0183]},"properties":{"PARKING_LOT_NAME":"Highland Dr","LOCATION_DESC":null}},{"type":"Feature","geometry":{"type":"Point","coordinates":[-89.2759,44.0855]},"properties":{"PARKING_LOT_NAME":"Swamp Rd Lot 2","LOCATION_DESC":null}},{"type":"Feature","geometry":{"type":"Point","coordinates":[-89.1706,43.4683]},"properties":{"PARKING_LOT_NAME":"Ludwig Rd","LOCATION_DESC":null}},{"type":"Feature","geometry":{"type":"Point","coordinates":[-90.9376,43.692]},"properties":{"PARKING_LOT_NAME":"Spring Coulee Creek","LOCATION_DESC":null}},{"type":"Feature","geometry":{"type":"Point","coordinates":[-88.0793,45.1615]},"properties":{"PARKING_LOT_NAME":"#6: 20th Road","LOCATION_DESC":null}},{"type":"Feature","geometry":{"type":"Point","coordinates":[-89.2958,44.5848]},"properties":{"PARKING_LOT_NAME":"CTH OO","LOCATION_DESC":null}},{"type":"Feature","geometry":{"type":"Point","coordinates":[-89.3332,44.0563]},"properties":{"PARKING_LOT_NAME":"CTY RD Y Lot 1","LOCATION_DESC":null}},{"type":"Feature","geometry":{"type":"Point","coordinates":[-91.0035,44.4503]},"properties":{"PARKING_LOT_NAME":"Hixton Levis Rd","LOCATION_DESC":null}},{"type":"Feature","geometry":{"type":"Point","coordinates":[-92.5304,44.9137]},"properties":{"PARKING_LOT_NAME":"CTH J","LOCATION_DESC":null}},{"type":"Feature","geometry":{"type":"Point","coordinates":[-89.4332,43.41]},"properties":{"PARKING_LOT_NAME":"Kent Rd","LOCATION_DESC":null}},{"type":"Feature","geometry":{"type":"Point","coordinates":[-90.9391,43.0391]},"properties":{"PARKING_LOT_NAME":"Winkers Ln","LOCATION_DESC":null}},{"type":"Feature","geometry":{"type":"Point","coordinates":[-91.1811,44.5561]},"properties":{"PARKING_LOT_NAME":"Myhres Rd","LOCATION_DESC":null}},{"type":"Feature","geometry":{"type":"Point","coordinates":[-91.6169,45.9308]},"properties":{"PARKING_LOT_NAME":"Fire Ln Rd","LOCATION_DESC":null}},{"type":"Feature","geometry":{"type":"Point","coordinates":[-91.141,44.1361]},"properties":{"PARKING_LOT_NAME":"CTH D","LOCATION_DESC":null}},{"type":"Feature","geometry":{"type":"Point","coordinates":[-89.3475,43.9498]},"properties":{"PARKING_LOT_NAME":"14th Ave Lot 1","LOCATION_DESC":null}},{"type":"Feature","geometry":{"type":"Point","coordinates":[-92.1015,45.7153]},"properties":{"PARKING_LOT_NAME":"Hwy EE East","LOCATION_DESC":null}},{"type":"Feature","geometry":{"type":"Point","coordinates":[-89.3451,44.078]},"properties":{"PARKING_LOT_NAME":"CTY Rd C","LOCATION_DESC":null}},{"type":"Feature","geometry":{"type":"Point","coordinates":[-92.1299,45.7505]},"properties":{"PARKING_LOT_NAME":"Hwy B East parking lot","LOCATION_DESC":null}},{"type":"Feature","geometry":{"type":"Point","coordinates":[-91.2841,46.4413]},"properties":{"PARKING_LOT_NAME":"Rocky Run Rd","LOCATION_DESC":null}},{"type":"Feature","geometry":{"type":"Point","coordinates":[-90.9341,43.0368]},"properties":{"PARKING_LOT_NAME":"CTH C","LOCATION_DESC":null}},{"type":"Feature","geometry":{"type":"Point","coordinates":[-90.9391,43.1339]},"properties":{"PARKING_LOT_NAME":"Plum Creek Rd","LOCATION_DESC":null}},{"type":"Feature","geometry":{"type":"Point","coordinates":[-89.178,44.5689]},"properties":{"PARKING_LOT_NAME":"Roosevelt Rd","LOCATION_DESC":null}},{"type":"Feature","geometry":{"type":"Point","coordinates":[-89.5976,43.8974]},"properties":{"PARKING_LOT_NAME":"1st Ave ","LOCATION_DESC":null}},{"type":"Feature","geometry":{"type":"Point","coordinates":[-89.4675,44.0604]},"properties":{"PARKING_LOT_NAME":"CTY Rd GG Lot 1","LOCATION_DESC":null}},{"type":"Feature","geometry":{"type":"Point","coordinates":[-90.9,44.1337]},"properties":{"PARKING_LOT_NAME":"Acorn Ave","LOCATION_DESC":null}},{"type":"Feature","geometry":{"type":"Point","coordinates":[-89.5419,43.2868]},"properties":{"PARKING_LOT_NAME":"7840 Lodi-Springfield Rd ","LOCATION_DESC":null}},{"type":"Feature","geometry":{"type":"Point","coordinates":[-89.3454,44.0405]},"properties":{"PARKING_LOT_NAME":"CTY Rd Y Lot 2","LOCATION_DESC":null}},{"type":"Feature","geometry":{"type":"Point","coordinates":[-89.1891,44.1508]},"properties":{"PARKING_LOT_NAME":"22nd Ave Lot 3","LOCATION_DESC":null}},{"type":"Feature","geometry":{"type":"Point","coordinates":[-87.6231,44.5124]},"properties":{"PARKING_LOT_NAME":"Hwy A / Hill Road","LOCATION_DESC":null}},{"type":"Feature","geometry":{"type":"Point","coordinates":[-88.1185,45.1937]},"properties":{"PARKING_LOT_NAME":"#1-37th Rd/Williston Springs","LOCATION_DESC":null}},{"type":"Feature","geometry":{"type":"Point","coordinates":[-91.4866,44.4566]},"properties":{"PARKING_LOT_NAME":"CTH V - Middle","LOCATION_DESC":null}},{"type":"Feature","geometry":{"type":"Point","coordinates":[-89.3278,43.9634]},"properties":{"PARKING_LOT_NAME":"Deerborn Dr Lot 1","LOCATION_DESC":null}},{"type":"Feature","geometry":{"type":"Point","coordinates":[-89.9259,45.2991]},"properties":{"PARKING_LOT_NAME":"Ica Age Trail South","LOCATION_DESC":null}},{"type":"Feature","geometry":{"type":"Point","coordinates":[-89.6114,44.1776]},"properties":{"PARKING_LOT_NAME":"Archer Dr","LOCATION_DESC":null}},{"type":"Feature","geometry":{"type":"Point","coordinates":[-91.5358,46.0407]},"properties":{"PARKING_LOT_NAME":null,"LOCATION_DESC":null}},{"type":"Feature","geometry":{"type":"Point","coordinates":[-89.2156,44.2088]},"properties":{"PARKING_LOT_NAME":"Aniwa Dr Lot 2","LOCATION_DESC":null}},{"type":"Feature","geometry":{"type":"Point","coordinates":[-89.1863,44.2138]},"properties":{"PARKING_LOT_NAME":"CTY Rd K Lot 3","LOCATION_DESC":null}},{"type":"Feature","geometry":{"type":"Point","coordinates":[-91.2975,46.4415]},"properties":{"PARKING_LOT_NAME":null,"LOCATION_DESC":null}},{"type":"Feature","geometry":{"type":"Point","coordinates":[-89.0369,44.5956]},"properties":{"PARKING_LOT_NAME":"CTY Rd G Lot 3","LOCATION_DESC":null}},{"type":"Feature","geometry":{"type":"Point","coordinates":[-89.1569,44.297]},"properties":{"PARKING_LOT_NAME":"Stratton Lake Rd Lot 1","LOCATION_DESC":null}},{"type":"Feature","geometry":{"type":"Point","coordinates":[-89.4422,43.9752]},"properties":{"PARKING_LOT_NAME":"CTY Rd B Lot 3","LOCATION_DESC":null}},{"type":"Feature","geometry":{"type":"Point","coordinates":[-90.699,43.1713]},"properties":{"PARKING_LOT_NAME":null,"LOCATION_DESC":null}},{"type":"Feature","geometry":{"type":"Point","coordinates":[-90.761,43.9788]},"properties":{"PARKING_LOT_NAME":"Hwy I","LOCATION_DESC":null}},{"type":"Feature","geometry":{"type":"Point","coordinates":[-87.5665,44.4637]},"properties":{"PARKING_LOT_NAME":"Hickory Ln","LOCATION_DESC":null}},{"type":"Feature","geometry":{"type":"Point","coordinates":[-90.5493,45.7527]},"properties":{"PARKING_LOT_NAME":null,"LOCATION_DESC":null}},{"type":"Feature","geometry":{"type":"Point","coordinates":[-88.0932,45.1658]},"properties":{"PARKING_LOT_NAME":"#3- 33rd Road East: Hatchery","LOCATION_DESC":null}},{"type":"Feature","geometry":{"type":"Point","coordinates":[-89.2398,44.1559]},"properties":{"PARKING_LOT_NAME":"Badger Ave","LOCATION_DESC":null}},{"type":"Feature","geometry":{"type":"Point","coordinates":[-89.4769,42.8566]},"properties":{"PARKING_LOT_NAME":"Alpine Rd","LOCATION_DESC":null}},{"type":"Feature","geometry":{"type":"Point","coordinates":[-91.956,45.7777]},"properties":{"PARKING_LOT_NAME":null,"LOCATION_DESC":null}},{"type":"Feature","geometry":{"type":"Point","coordinates":[-89.2335,44.6439]},"properties":{"PARKING_LOT_NAME":"Hill Rd","LOCATION_DESC":null}},{"type":"Feature","geometry":{"type":"Point","coordinates":[-89.319,44.052]},"properties":{"PARKING_LOT_NAME":"Cottonville Ave Lot 1","LOCATION_DESC":null}},{"type":"Feature","geometry":{"type":"Point","coordinates":[-89.2276,44.1996]},"properties":{"PARKING_LOT_NAME":"19th Rd Lot 3","LOCATION_DESC":null}},{"type":"Feature","geometry":{"type":"Point","coordinates":[-89.4526,45.3803]},"properties":{"PARKING_LOT_NAME":"R & H Road (East)","LOCATION_DESC":null}},{"type":"Feature","geometry":{"type":"Point","coordinates":[-89.916,43.6088]},"properties":{"PARKING_LOT_NAME":"Perpetually Falling Willow","LOCATION_DESC":null}},{"type":"Feature","geometry":{"type":"Point","coordinates":[-89.1822,44.2743]},"properties":{"PARKING_LOT_NAME":"Radley Rd Lot 1","LOCATION_DESC":null}},{"type":"Feature","geometry":{"type":"Point","coordinates":[-89.5217,43.9284]},"properties":{"PARKING_LOT_NAME":"5th Ave","LOCATION_DESC":null}},{"type":"Feature","geometry":{"type":"Point","coordinates":[-90.9932,44.4245]},"properties":{"PARKING_LOT_NAME":"N Branch Rd","LOCATION_DESC":null}},{"type":"Feature","geometry":{"type":"Point","coordinates":[-89.2986,42.7475]},"properties":{"PARKING_LOT_NAME":"Hwy-59 S (Eastside)","LOCATION_DESC":null}},{"type":"Feature","geometry":{"type":"Point","coordinates":[-90.9566,43.0358]},"properties":{"PARKING_LOT_NAME":"CTH C","LOCATION_DESC":null}},{"type":"Feature","geometry":{"type":"Point","coordinates":[-91.488,44.4496]},"properties":{"PARKING_LOT_NAME":"CTH V - South","LOCATION_DESC":null}},{"type":"Feature","geometry":{"type":"Point","coordinates":[-89.1809,44.2101]},"properties":{"PARKING_LOT_NAME":"22nd Drive ","LOCATION_DESC":null}},{"type":"Feature","geometry":{"type":"Point","coordinates":[-89.2773,43.9067]},"properties":{"PARKING_LOT_NAME":"Bridge Access Lot Rd Lot 2","LOCATION_DESC":null}},{"type":"Feature","geometry":{"type":"Point","coordinates":[-89.2041,44.5741]},"properties":{"PARKING_LOT_NAME":"Pleasant Hill Rd","LOCATION_DESC":null}},{"type":"Feature","geometry":{"type":"Point","coordinates":[-89.4455,44.0379]},"properties":{"PARKING_LOT_NAME":"9th Ave Lot 2","LOCATION_DESC":null}},{"type":"Feature","geometry":{"type":"Point","coordinates":[-89.5275,45.3337]},"properties":{"PARKING_LOT_NAME":"Dudley Road West","LOCATION_DESC":null}},{"type":"Feature","geometry":{"type":"Point","coordinates":[-89.4054,43.9701]},"properties":{"PARKING_LOT_NAME":"Dakota Rd Lot 2 ","LOCATION_DESC":null}},{"type":"Feature","geometry":{"type":"Point","coordinates":[-89.9423,45.2992]},"properties":{"PARKING_LOT_NAME":"Conservation Ave 5","LOCATION_DESC":null}},{"type":"Feature","geometry":{"type":"Point","coordinates":[-89.9475,45.2994]},"properties":{"PARKING_LOT_NAME":"Conservation Ave 4","LOCATION_DESC":null}},{"type":"Feature","geometry":{"type":"Point","coordinates":[-89.443,43.9711]},"properties":{"PARKING_LOT_NAME":"CTY Rd B Lot 4","LOCATION_DESC":null}},{"type":"Feature","geometry":{"type":"Point","coordinates":[-89.0704,44.591]},"properties":{"PARKING_LOT_NAME":"Boelter Rd SNA","LOCATION_DESC":null}},{"type":"Feature","geometry":{"type":"Point","coordinates":[-89.2408,44.255]},"properties":{"PARKING_LOT_NAME":"State HWY 22 Lot 1A","LOCATION_DESC":null}},{"type":"Feature","geometry":{"type":"Point","coordinates":[-89.5217,43.9877]},"properties":{"PARKING_LOT_NAME":"CTY Rd CH Lot 2","LOCATION_DESC":null}},{"type":"Feature","geometry":{"type":"Point","coordinates":[-89.1396,44.0859]},"properties":{"PARKING_LOT_NAME":"24th Rd Lot 1","LOCATION_DESC":null}},{"type":"Feature","geometry":{"type":"Point","coordinates":[-91.2779,46.4537]},"properties":{"PARKING_LOT_NAME":null,"LOCATION_DESC":null}},{"type":"Feature","geometry":{"type":"Point","coordinates":[-90.9943,44.4106]},"properties":{"PARKING_LOT_NAME":"Branch Rd N","LOCATION_DESC":null}},{"type":"Feature","geometry":{"type":"Point","coordinates":[-90.4173,43.0781]},"properties":{"PARKING_LOT_NAME":"Big Springs Rd (N)","LOCATION_DESC":null}},{"type":"Feature","geometry":{"type":"Point","coordinates":[-89.2313,44.3051]},"properties":{"PARKING_LOT_NAME":"Emmons Creek Rd Lot 2","LOCATION_DESC":null}},{"type":"Feature","geometry":{"type":"Point","coordinates":[-90.8524,43.7469]},"properties":{"PARKING_LOT_NAME":"Oakdale Ave","LOCATION_DESC":null}},{"type":"Feature","geometry":{"type":"Point","coordinates":[-88.0555,45.4784]},"properties":{"PARKING_LOT_NAME":"Mathis Rd","LOCATION_DESC":null}},{"type":"Feature","geometry":{"type":"Point","coordinates":[-91.0897,46.377]},"properties":{"PARKING_LOT_NAME":"Bibon Swamp Matts Ln Parking Lot","LOCATION_DESC":null}},{"type":"Feature","geometry":{"type":"Point","coordinates":[-89.1126,45.0523]},"properties":{"PARKING_LOT_NAME":"Christie Rd","LOCATION_DESC":null}},{"type":"Feature","geometry":{"type":"Point","coordinates":[-89.2786,44.0434]},"properties":{"PARKING_LOT_NAME":"South White River Rd","LOCATION_DESC":null}},{"type":"Feature","geometry":{"type":"Point","coordinates":[-88.9393,44.669]},"properties":{"PARKING_LOT_NAME":"CTY Rd S","LOCATION_DESC":null}},{"type":"Feature","geometry":{"type":"Point","coordinates":[-89.208,44.2736]},"properties":{"PARKING_LOT_NAME":"Suhs Road Lot 2","LOCATION_DESC":null}},{"type":"Feature","geometry":{"type":"Point","coordinates":[-89.5163,45.3085]},"properties":{"PARKING_LOT_NAME":"Prairie Forks North (Coral)","LOCATION_DESC":null}},{"type":"Feature","geometry":{"type":"Point","coordinates":[-89.3727,43.3774]},"properties":{"PARKING_LOT_NAME":"Loveland Rd (2)","LOCATION_DESC":null}},{"type":"Feature","geometry":{"type":"Point","coordinates":[-89.9463,43.048]},"properties":{"PARKING_LOT_NAME":"CR-T (N)","LOCATION_DESC":null}},{"type":"Feature","geometry":{"type":"Point","coordinates":[-89.1531,44.1816]},"properties":{"PARKING_LOT_NAME":"CTY Rd A Lot 4","LOCATION_DESC":null}},{"type":"Feature","geometry":{"type":"Point","coordinates":[-89.3031,44.0492]},"properties":{"PARKING_LOT_NAME":"Cottonville Dr Lot 2","LOCATION_DESC":null}},{"type":"Feature","geometry":{"type":"Point","coordinates":[-89.4154,43.3816]},"properties":{"PARKING_LOT_NAME":"CTH CS","LOCATION_DESC":null}},{"type":"Feature","geometry":{"type":"Point","coordinates":[-89.3251,44.5583]},"properties":{"PARKING_LOT_NAME":"CTY Rd ZZ","LOCATION_DESC":null}},{"type":"Feature","geometry":{"type":"Point","coordinates":[-88.931,44.127]},"properties":{"PARKING_LOT_NAME":"Beechnut Rd","LOCATION_DESC":null}},{"type":"Feature","geometry":{"type":"Point","coordinates":[-90.5981,45.7408]},"properties":{"PARKING_LOT_NAME":"Up River Road - Main Road","LOCATION_DESC":null}},{"type":"Feature","geometry":{"type":"Point","coordinates":[-90.021,45.1201]},"properties":{"PARKING_LOT_NAME":"Silver Fox Rd","LOCATION_DESC":null}},{"type":"Feature","geometry":{"type":"Point","coordinates":[-89.4528,43.9787]},"properties":{"PARKING_LOT_NAME":"Dakota Ave Lot 1","LOCATION_DESC":null}},{"type":"Feature","geometry":{"type":"Point","coordinates":[-89.2339,44.6753]},"properties":{"PARKING_LOT_NAME":"Wigwam Rd Lot 2","LOCATION_DESC":null}},{"type":"Feature","geometry":{"type":"Point","coordinates":[-88.0844,45.5285]},"properties":{"PARKING_LOT_NAME":"Town Corner - Apple Tree Lane","LOCATION_DESC":null}},{"type":"Feature","geometry":{"type":"Point","coordinates":[-89.8866,43.5739]},"properties":{"PARKING_LOT_NAME":"Simpson Prairie","LOCATION_DESC":null}},{"type":"Feature","geometry":{"type":"Point","coordinates":[-91.8833,45.0854]},"properties":{"PARKING_LOT_NAME":null,"LOCATION_DESC":null}},{"type":"Feature","geometry":{"type":"Point","coordinates":[-88.2431,42.7974]},"properties":{"PARKING_LOT_NAME":"Marsh Road (South) Hilltop","LOCATION_DESC":null}},{"type":"Feature","geometry":{"type":"Point","coordinates":[-89.1594,44.1815]},"properties":{"PARKING_LOT_NAME":"CTY Rd A Lot 3","LOCATION_DESC":null}},{"type":"Feature","geometry":{"type":"Point","coordinates":[-89.307,44.9576]},"properties":{"PARKING_LOT_NAME":"Pineview Rd","LOCATION_DESC":null}},{"type":"Feature","geometry":{"type":"Point","coordinates":[-89.2754,44.9867]},"properties":{"PARKING_LOT_NAME":"Cty Highway Z","LOCATION_DESC":null}},{"type":"Feature","geometry":{"type":"Point","coordinates":[-91.2355,45.6678]},"properties":{"PARKING_LOT_NAME":"Klinger Rd","LOCATION_DESC":null}},{"type":"Feature","geometry":{"type":"Point","coordinates":[-89.8487,43.5611]},"properties":{"PARKING_LOT_NAME":"Dellwood Rd","LOCATION_DESC":null}},{"type":"Feature","geometry":{"type":"Point","coordinates":[-89.4815,42.8288]},"properties":{"PARKING_LOT_NAME":" Hwy 92","LOCATION_DESC":null}},{"type":"Feature","geometry":{"type":"Point","coordinates":[-92.1597,45.8219]},"properties":{"PARKING_LOT_NAME":null,"LOCATION_DESC":null}},{"type":"Feature","geometry":{"type":"Point","coordinates":[-89.165,44.6711]},"properties":{"PARKING_LOT_NAME":"Kluck Rd","LOCATION_DESC":null}},{"type":"Feature","geometry":{"type":"Point","coordinates":[-90.971,43.7217]},"properties":{"PARKING_LOT_NAME":"CTH P","LOCATION_DESC":null}},{"type":"Feature","geometry":{"type":"Point","coordinates":[-91.1055,44.5026]},"properties":{"PARKING_LOT_NAME":"Telemarken Rd","LOCATION_DESC":null}},{"type":"Feature","geometry":{"type":"Point","coordinates":[-89.9179,43.6207]},"properties":{"PARKING_LOT_NAME":"Town Hall Rd West","LOCATION_DESC":null}},{"type":"Feature","geometry":{"type":"Point","coordinates":[-91.748,45.1397]},"properties":{"PARKING_LOT_NAME":"STH 64","LOCATION_DESC":null}},{"type":"Feature","geometry":{"type":"Point","coordinates":[-89.2876,44.09]},"properties":{"PARKING_LOT_NAME":"Brown Deer Dr Lot 2","LOCATION_DESC":null}},{"type":"Feature","geometry":{"type":"Point","coordinates":[-89.3408,43.9941]},"properties":{"PARKING_LOT_NAME":"Czech Ct","LOCATION_DESC":null}},{"type":"Feature","geometry":{"type":"Point","coordinates":[-89.3264,43.952]},"properties":{"PARKING_LOT_NAME":"Dixie Ave Lot 1","LOCATION_DESC":null}},{"type":"Feature","geometry":{"type":"Point","coordinates":[-90.8961,44.133]},"properties":{"PARKING_LOT_NAME":"Acorn Ave","LOCATION_DESC":null}},{"type":"Feature","geometry":{"type":"Point","coordinates":[-91.2624,45.7113]},"properties":{"PARKING_LOT_NAME":"North Polish Road 1","LOCATION_DESC":null}},{"type":"Feature","geometry":{"type":"Point","coordinates":[-92.1201,45.7342]},"properties":{"PARKING_LOT_NAME":"Rockaway Ln","LOCATION_DESC":null}},{"type":"Feature","geometry":{"type":"Point","coordinates":[-92.1045,44.8737]},"properties":{"PARKING_LOT_NAME":"110th St","LOCATION_DESC":null}},{"type":"Feature","geometry":{"type":"Point","coordinates":[-89.1522,44.2963]},"properties":{"PARKING_LOT_NAME":"Stratton Lake Rd Lot 2","LOCATION_DESC":null}},{"type":"Feature","geometry":{"type":"Point","coordinates":[-89.947,43.6339]},"properties":{"PARKING_LOT_NAME":"DNR Rd","LOCATION_DESC":null}},{"type":"Feature","geometry":{"type":"Point","coordinates":[-90.8298,43.2923]},"properties":{"PARKING_LOT_NAME":"Sand Creek Rd","LOCATION_DESC":null}},{"type":"Feature","geometry":{"type":"Point","coordinates":[-88.4169,45.0224]},"properties":{"PARKING_LOT_NAME":"STH 32","LOCATION_DESC":null}},{"type":"Feature","geometry":{"type":"Point","coordinates":[-89.2625,44.174]},"properties":{"PARKING_LOT_NAME":"CTY Rd A Lot 5","LOCATION_DESC":null}},{"type":"Feature","geometry":{"type":"Point","coordinates":[-89.3178,43.949]},"properties":{"PARKING_LOT_NAME":"State HWY 22 Lot 1","LOCATION_DESC":null}},{"type":"Feature","geometry":{"type":"Point","coordinates":[-88.9139,45.1429]},"properties":{"PARKING_LOT_NAME":null,"LOCATION_DESC":null}},{"type":"Feature","geometry":{"type":"Point","coordinates":[-91.5301,46.0125]},"properties":{"PARKING_LOT_NAME":null,"LOCATION_DESC":null}},{"type":"Feature","geometry":{"type":"Point","coordinates":[-88.921,44.1023]},"properties":{"PARKING_LOT_NAME":"35th Ln Boat Launch","LOCATION_DESC":null}},{"type":"Feature","geometry":{"type":"Point","coordinates":[-91.7162,45.9072]},"properties":{"PARKING_LOT_NAME":"Hwy E far west end","LOCATION_DESC":null}},{"type":"Feature","geometry":{"type":"Point","coordinates":[-90.7895,44.0967]},"properties":{"PARKING_LOT_NAME":"Rathbone","LOCATION_DESC":null}},{"type":"Feature","geometry":{"type":"Point","coordinates":[-89.3642,44.0623]},"properties":{"PARKING_LOT_NAME":"State HWY 21 Lot 2","LOCATION_DESC":null}},{"type":"Feature","geometry":{"type":"Point","coordinates":[-91.5351,46.0122]},"properties":{"PARKING_LOT_NAME":null,"LOCATION_DESC":null}},{"type":"Feature","geometry":{"type":"Point","coordinates":[-89.9755,43.0349]},"properties":{"PARKING_LOT_NAME":"Dugway Rd (E)","LOCATION_DESC":null}},{"type":"Feature","geometry":{"type":"Point","coordinates":[-89.1334,44.6208]},"properties":{"PARKING_LOT_NAME":"Wolf River Rd Lot 1","LOCATION_DESC":null}},{"type":"Feature","geometry":{"type":"Point","coordinates":[-91.9455,45.7846]},"properties":{"PARKING_LOT_NAME":"Sawyer Creek Rd","LOCATION_DESC":null}},{"type":"Feature","geometry":{"type":"Point","coordinates":[-89.3201,42.8885]},"properties":{"PARKING_LOT_NAME":"Oak Ridge Rd","LOCATION_DESC":null}},{"type":"Feature","geometry":{"type":"Point","coordinates":[-89.8579,43.5481]},"properties":{"PARKING_LOT_NAME":"STH 23-Shooting Range","LOCATION_DESC":null}},{"type":"Feature","geometry":{"type":"Point","coordinates":[-89.4007,44.019]},"properties":{"PARKING_LOT_NAME":"Cumberland Rd Lot 1","LOCATION_DESC":null}},{"type":"Feature","geometry":{"type":"Point","coordinates":[-88.321,43.3802]},"properties":{"PARKING_LOT_NAME":"Wildlife Rd S-5173 Wildlife Rd.","LOCATION_DESC":null}},{"type":"Feature","geometry":{"type":"Point","coordinates":[-89.9447,43.6446]},"properties":{"PARKING_LOT_NAME":"Zajackowski ","LOCATION_DESC":null}},{"type":"Feature","geometry":{"type":"Point","coordinates":[-89.371,43.4559]},"properties":{"PARKING_LOT_NAME":"Dunning Rd","LOCATION_DESC":null}},{"type":"Feature","geometry":{"type":"Point","coordinates":[-89.9501,43.6461]},"properties":{"PARKING_LOT_NAME":"Dore Rd West","LOCATION_DESC":null}},{"type":"Feature","geometry":{"type":"Point","coordinates":[-92.1376,45.7402]},"properties":{"PARKING_LOT_NAME":"Sand Rd west parking lot","LOCATION_DESC":null}},{"type":"Feature","geometry":{"type":"Point","coordinates":[-91.2275,46.4539]},"properties":{"PARKING_LOT_NAME":null,"LOCATION_DESC":null}},{"type":"Feature","geometry":{"type":"Point","coordinates":[-89.0697,44.5839]},"properties":{"PARKING_LOT_NAME":"CTY Rd G Lot 1","LOCATION_DESC":null}},{"type":"Feature","geometry":{"type":"Point","coordinates":[-89.5719,43.898]},"properties":{"PARKING_LOT_NAME":"2nd Dr ","LOCATION_DESC":null}},{"type":"Feature","geometry":{"type":"Point","coordinates":[-89.4559,43.947]},"properties":{"PARKING_LOT_NAME":"8th Dr","LOCATION_DESC":null}},{"type":"Feature","geometry":{"type":"Point","coordinates":[-92.0315,45.7026]},"properties":{"PARKING_LOT_NAME":"Spring Lake Road","LOCATION_DESC":null}},{"type":"Feature","geometry":{"type":"Point","coordinates":[-89.2914,44.0578]},"properties":{"PARKING_LOT_NAME":"Chicago Rd","LOCATION_DESC":null}},{"type":"Feature","geometry":{"type":"Point","coordinates":[-89.4103,43.9612]},"properties":{"PARKING_LOT_NAME":"10th Ln","LOCATION_DESC":null}},{"type":"Feature","geometry":{"type":"Point","coordinates":[-89.4733,45.3211]},"properties":{"PARKING_LOT_NAME":"HWY 17 Baker Barns","LOCATION_DESC":null}},{"type":"Feature","geometry":{"type":"Point","coordinates":[-90.9631,44.5026]},"properties":{"PARKING_LOT_NAME":"Old Stage Rd","LOCATION_DESC":null}},{"type":"Feature","geometry":{"type":"Point","coordinates":[-89.4824,44.0108]},"properties":{"PARKING_LOT_NAME":"Cypress Rd Lot 3","LOCATION_DESC":null}},{"type":"Feature","geometry":{"type":"Point","coordinates":[-89.3752,43.9519]},"properties":{"PARKING_LOT_NAME":"CTY Rd Z Lot 1","LOCATION_DESC":null}},{"type":"Feature","geometry":{"type":"Point","coordinates":[-87.943,45.5859]},"properties":{"PARKING_LOT_NAME":"CTH Z","LOCATION_DESC":null}},{"type":"Feature","geometry":{"type":"Point","coordinates":[-89.1462,44.0755]},"properties":{"PARKING_LOT_NAME":"CTY Rd S Lot 1","LOCATION_DESC":null}},{"type":"Feature","geometry":{"type":"Point","coordinates":[-89.1022,44.6412]},"properties":{"PARKING_LOT_NAME":"Mud Lake Rd","LOCATION_DESC":null}},{"type":"Feature","geometry":{"type":"Point","coordinates":[-89.3527,44.0813]},"properties":{"PARKING_LOT_NAME":"CTY Rd T","LOCATION_DESC":null}},{"type":"Feature","geometry":{"type":"Point","coordinates":[-89.9419,43.6447]},"properties":{"PARKING_LOT_NAME":"Dore Rd East ","LOCATION_DESC":null}},{"type":"Feature","geometry":{"type":"Point","coordinates":[-88.3308,43.3902]},"properties":{"PARKING_LOT_NAME":"Williams Rd- 5485 Williams Rd.","LOCATION_DESC":null}},{"type":"Feature","geometry":{"type":"Point","coordinates":[-92.0934,45.6987]},"properties":{"PARKING_LOT_NAME":"CTH H 1st lot South of Hwy EE","LOCATION_DESC":null}},{"type":"Feature","geometry":{"type":"Point","coordinates":[-89.361,43.4481]},"properties":{"PARKING_LOT_NAME":"Dunning Rd","LOCATION_DESC":null}},{"type":"Feature","geometry":{"type":"Point","coordinates":[-89.0725,44.6191]},"properties":{"PARKING_LOT_NAME":"CTY Rd J","LOCATION_DESC":null}},{"type":"Feature","geometry":{"type":"Point","coordinates":[-89.2871,44.5924]},"properties":{"PARKING_LOT_NAME":"CTY Rd A- Lot 2","LOCATION_DESC":null}},{"type":"Feature","geometry":{"type":"Point","coordinates":[-89.3399,44.0687]},"properties":{"PARKING_LOT_NAME":"State HWY 21 Lot 1","LOCATION_DESC":null}},{"type":"Feature","geometry":{"type":"Point","coordinates":[-89.6085,43.7909]},"properties":{"PARKING_LOT_NAME":"CTH EE","LOCATION_DESC":null}},{"type":"Feature","geometry":{"type":"Point","coordinates":[-89.4893,42.8206]},"properties":{"PARKING_LOT_NAME":"CR-X (S) Story Creek","LOCATION_DESC":null}},{"type":"Feature","geometry":{"type":"Point","coordinates":[-89.3394,43.9527]},"properties":{"PARKING_LOT_NAME":"Dixie Ave Lot 2","LOCATION_DESC":null}},{"type":"Feature","geometry":{"type":"Point","coordinates":[-90.8622,44.0932]},"properties":{"PARKING_LOT_NAME":"Canyon Ave","LOCATION_DESC":null}},{"type":"Feature","geometry":{"type":"Point","coordinates":[-91.6129,45.9216]},"properties":{"PARKING_LOT_NAME":"Nobel Road P. Lot","LOCATION_DESC":null}},{"type":"Feature","geometry":{"type":"Point","coordinates":[-89.2905,44.5886]},"properties":{"PARKING_LOT_NAME":"CTY Rd A Lot-1","LOCATION_DESC":null}},{"type":"Feature","geometry":{"type":"Point","coordinates":[-89.9283,43.0275]},"properties":{"PARKING_LOT_NAME":"CR-T (S)","LOCATION_DESC":null}},{"type":"Feature","geometry":{"type":"Point","coordinates":[-91.5892,45.9307]},"properties":{"PARKING_LOT_NAME":"Hwy E far East P. Lot","LOCATION_DESC":null}},{"type":"Feature","geometry":{"type":"Point","coordinates":[-89.2772,44.1812]},"properties":{"PARKING_LOT_NAME":"17th Dr","LOCATION_DESC":null}},{"type":"Feature","geometry":{"type":"Point","coordinates":[-89.2093,44.4283]},"properties":{"PARKING_LOT_NAME":"N Foley Rd","LOCATION_DESC":null}},{"type":"Feature","geometry":{"type":"Point","coordinates":[-89.2284,44.1664]},"properties":{"PARKING_LOT_NAME":"CTY Rd G","LOCATION_DESC":null}},{"type":"Feature","geometry":{"type":"Point","coordinates":[-92.1206,45.1403]},"properties":{"PARKING_LOT_NAME":"CTH Q- Bolen Creek","LOCATION_DESC":null}},{"type":"Feature","geometry":{"type":"Point","coordinates":[-89.2795,44.9918]},"properties":{"PARKING_LOT_NAME":"Toten Springs","LOCATION_DESC":null}},{"type":"Feature","geometry":{"type":"Point","coordinates":[-89.1851,44.1463]},"properties":{"PARKING_LOT_NAME":"22nd Ave Lot 2","LOCATION_DESC":null}},{"type":"Feature","geometry":{"type":"Point","coordinates":[-89.3304,43.9594]},"properties":{"PARKING_LOT_NAME":"Deerborn Dr Lot 2","LOCATION_DESC":null}},{"type":"Feature","geometry":{"type":"Point","coordinates":[-89.2213,44.2065]},"properties":{"PARKING_LOT_NAME":"Aniwa Dr Lot 1","LOCATION_DESC":null}},{"type":"Feature","geometry":{"type":"Point","coordinates":[-89.1855,44.3743]},"properties":{"PARKING_LOT_NAME":"Cobbtown Rd","LOCATION_DESC":null}},{"type":"Feature","geometry":{"type":"Point","coordinates":[-89.1421,44.0641]},"properties":{"PARKING_LOT_NAME":"CTY Rd S Lot 2 ","LOCATION_DESC":null}},{"type":"Feature","geometry":{"type":"Point","coordinates":[-89.4561,43.9781]},"properties":{"PARKING_LOT_NAME":"Dakota Ave Lot 2","LOCATION_DESC":null}},{"type":"Feature","geometry":{"type":"Point","coordinates":[-89.3178,44.0537]},"properties":{"PARKING_LOT_NAME":"Cottonville Ave Lot 2","LOCATION_DESC":null}},{"type":"Feature","geometry":{"type":"Point","coordinates":[-89.1891,44.1408]},"properties":{"PARKING_LOT_NAME":"Beechnut Ave Lot 4","LOCATION_DESC":null}},{"type":"Feature","geometry":{"type":"Point","coordinates":[-89.2712,44.0857]},"properties":{"PARKING_LOT_NAME":"Swamp Rd Lot 3","LOCATION_DESC":null}},{"type":"Feature","geometry":{"type":"Point","coordinates":[-90.8855,44.4701]},"properties":{"PARKING_LOT_NAME":"Sand Road","LOCATION_DESC":null}},{"type":"Feature","geometry":{"type":"Point","coordinates":[-89.4616,44.0054]},"properties":{"PARKING_LOT_NAME":"Cypress Rd Lot 4","LOCATION_DESC":null}},{"type":"Feature","geometry":{"type":"Point","coordinates":[-90.8591,43.2822]},"properties":{"PARKING_LOT_NAME":"CTH S","LOCATION_DESC":null}},{"type":"Feature","geometry":{"type":"Point","coordinates":[-90.418,43.077]},"properties":{"PARKING_LOT_NAME":"Big Springs Rd (S)","LOCATION_DESC":null}},{"type":"Feature","geometry":{"type":"Point","coordinates":[-91.691,44.7115]},"properties":{"PARKING_LOT_NAME":"CTH H","LOCATION_DESC":null}},{"type":"Feature","geometry":{"type":"Point","coordinates":[-89.07,44.0864]},"properties":{"PARKING_LOT_NAME":"CTY Rd Q lot 1","LOCATION_DESC":null}},{"type":"Feature","geometry":{"type":"Point","coordinates":[-89.2532,44.1632]},"properties":{"PARKING_LOT_NAME":"18th Rd","LOCATION_DESC":null}},{"type":"Feature","geometry":{"type":"Point","coordinates":[-89.2246,44.2567]},"properties":{"PARKING_LOT_NAME":"State HWY 22 Lot 1","LOCATION_DESC":null}},{"type":"Feature","geometry":{"type":"Point","coordinates":[-89.2954,44.4897]},"properties":{"PARKING_LOT_NAME":"County Road SS","LOCATION_DESC":null}},{"type":"Feature","geometry":{"type":"Point","coordinates":[-89.5465,43.2833]},"properties":{"PARKING_LOT_NAME":"7771 Lodi-Springfield Rd ","LOCATION_DESC":null}},{"type":"Feature","geometry":{"type":"Point","coordinates":[-89.6172,43.8908]},"properties":{"PARKING_LOT_NAME":"South Eagle Ave (in Adams County)","LOCATION_DESC":null}},{"type":"Feature","geometry":{"type":"Point","coordinates":[-89.1632,44.2921]},"properties":{"PARKING_LOT_NAME":"Schrock Road","LOCATION_DESC":null}},{"type":"Feature","geometry":{"type":"Point","coordinates":[-89.0669,44.0871]},"properties":{"PARKING_LOT_NAME":"CTY Rd Q Lot 2","LOCATION_DESC":null}},{"type":"Feature","geometry":{"type":"Point","coordinates":[-89.3651,43.9495]},"properties":{"PARKING_LOT_NAME":"CTY Rd Y Lot 2","LOCATION_DESC":null}},{"type":"Feature","geometry":{"type":"Point","coordinates":[-91.8467,45.7789]},"properties":{"PARKING_LOT_NAME":"Cranberry Dr. NW","LOCATION_DESC":null}},{"type":"Feature","geometry":{"type":"Point","coordinates":[-89.0927,44.1352]},"properties":{"PARKING_LOT_NAME":"26th Ln","LOCATION_DESC":null}},{"type":"Feature","geometry":{"type":"Point","coordinates":[-91.278,45.7255]},"properties":{"PARKING_LOT_NAME":"West Majka Lane","LOCATION_DESC":null}},{"type":"Feature","geometry":{"type":"Point","coordinates":[-90.8298,43.2891]},"properties":{"PARKING_LOT_NAME":"STH 131 - Bell Center","LOCATION_DESC":null}},{"type":"Feature","geometry":{"type":"Point","coordinates":[-89.4131,43.9826]},"properties":{"PARKING_LOT_NAME":"Dakota Ave Lot 5","LOCATION_DESC":null}},{"type":"Feature","geometry":{"type":"Point","coordinates":[-88.9357,44.1196]},"properties":{"PARKING_LOT_NAME":"Bighorn Dr","LOCATION_DESC":null}},{"type":"Feature","geometry":{"type":"Point","coordinates":[-92.5841,44.8995]},"properties":{"PARKING_LOT_NAME":"Hwy 65","LOCATION_DESC":null}},{"type":"Feature","geometry":{"type":"Point","coordinates":[-91.9634,45.1179]},"properties":{"PARKING_LOT_NAME":null,"LOCATION_DESC":null}},{"type":"Feature","geometry":{"type":"Point","coordinates":[-91.1279,44.5354]},"properties":{"PARKING_LOT_NAME":"CTH B","LOCATION_DESC":null}},{"type":"Feature","geometry":{"type":"Point","coordinates":[-89.1633,44.6696]},"properties":{"PARKING_LOT_NAME":"Helgeson Rd Lot 2","LOCATION_DESC":null}},{"type":"Feature","geometry":{"type":"Point","coordinates":[-89.4634,45.3653]},"properties":{"PARKING_LOT_NAME":"Lawless Lane (Neuwirth Road)","LOCATION_DESC":null}},{"type":"Feature","geometry":{"type":"Point","coordinates":[-89.2827,42.7622]},"properties":{"PARKING_LOT_NAME":"Marsh Rd ","LOCATION_DESC":null}},{"type":"Feature","geometry":{"type":"Point","coordinates":[-89.3401,42.8962]},"properties":{"PARKING_LOT_NAME":"CTH A","LOCATION_DESC":null}},{"type":"Feature","geometry":{"type":"Point","coordinates":[-89.0341,45.1175]},"properties":{"PARKING_LOT_NAME":null,"LOCATION_DESC":null}},{"type":"Feature","geometry":{"type":"Point","coordinates":[-89.3561,44.5552]},"properties":{"PARKING_LOT_NAME":"CTY Rd I","LOCATION_DESC":null}},{"type":"Feature","geometry":{"type":"Point","coordinates":[-88.0164,44.63]},"properties":{"PARKING_LOT_NAME":"Riverside Dr","LOCATION_DESC":null}},{"type":"Feature","geometry":{"type":"Point","coordinates":[-89.2154,44.1676]},"properties":{"PARKING_LOT_NAME":"Little Silver Creek Lake Rd","LOCATION_DESC":null}},{"type":"Feature","geometry":{"type":"Point","coordinates":[-89.9198,45.2972]},"properties":{"PARKING_LOT_NAME":"Conservation Ave 11","LOCATION_DESC":null}},{"type":"Feature","geometry":{"type":"Point","coordinates":[-87.0825,45.0963]},"properties":{"PARKING_LOT_NAME":"CTH Q North","LOCATION_DESC":null}},{"type":"Feature","geometry":{"type":"Point","coordinates":[-89.2045,44.5254]},"properties":{"PARKING_LOT_NAME":"Wasrud Rd","LOCATION_DESC":null}},{"type":"Feature","geometry":{"type":"Point","coordinates":[-89.2087,44.2172]},"properties":{"PARKING_LOT_NAME":"21st Ave","LOCATION_DESC":null}},{"type":"Feature","geometry":{"type":"Point","coordinates":[-89.1661,44.2901]},"properties":{"PARKING_LOT_NAME":"State HWY 22 Lot 5","LOCATION_DESC":null}},{"type":"Feature","geometry":{"type":"Point","coordinates":[-89.5729,43.8941]},"properties":{"PARKING_LOT_NAME":"Eagle Ave Lot 1","LOCATION_DESC":null}},{"type":"Feature","geometry":{"type":"Point","coordinates":[-89.5173,43.9961]},"properties":{"PARKING_LOT_NAME":"Czech Ave Lot 1","LOCATION_DESC":null}},{"type":"Feature","geometry":{"type":"Point","coordinates":[-92.5372,44.9201]},"properties":{"PARKING_LOT_NAME":"Old Cemetery Rd- Potton","LOCATION_DESC":null}},{"type":"Feature","geometry":{"type":"Point","coordinates":[-89.2853,44.0442]},"properties":{"PARKING_LOT_NAME":"Cottonville Ln Lot 2","LOCATION_DESC":null}},{"type":"Feature","geometry":{"type":"Point","coordinates":[-90.7997,43.1035]},"properties":{"PARKING_LOT_NAME":"Woodman Lake Ln","LOCATION_DESC":null}},{"type":"Feature","geometry":{"type":"Point","coordinates":[-92.6648,45.896]},"properties":{"PARKING_LOT_NAME":"Ekdahl Fire marker","LOCATION_DESC":null}},{"type":"Feature","geometry":{"type":"Point","coordinates":[-92.6568,45.8891]},"properties":{"PARKING_LOT_NAME":"Buggert Lake","LOCATION_DESC":null}},{"type":"Feature","geometry":{"type":"Point","coordinates":[-87.2086,44.9221]},"properties":{"PARKING_LOT_NAME":"FISHERMAN'S LOT","LOCATION_DESC":null}},{"type":"Feature","geometry":{"type":"Point","coordinates":[-92.1138,45.7295]},"properties":{"PARKING_LOT_NAME":"Townhall Road","LOCATION_DESC":null}},{"type":"Feature","geometry":{"type":"Point","coordinates":[-88.7341,45.186]},"properties":{"PARKING_LOT_NAME":"Riverview Dr","LOCATION_DESC":null}},{"type":"Feature","geometry":{"type":"Point","coordinates":[-90.9744,44.4025]},"properties":{"PARKING_LOT_NAME":"STH 95","LOCATION_DESC":null}},{"type":"Feature","geometry":{"type":"Point","coordinates":[-89.6345,42.9343]},"properties":{"PARKING_LOT_NAME":"STH 92 Lot 3","LOCATION_DESC":null}},{"type":"Feature","geometry":{"type":"Point","coordinates":[-89.3645,45.1465]},"properties":{"PARKING_LOT_NAME":"County East","LOCATION_DESC":null}},{"type":"Feature","geometry":{"type":"Point","coordinates":[-89.9251,43.6133]},"properties":{"PARKING_LOT_NAME":"White Cedar Parking Lot","LOCATION_DESC":null}},{"type":"Feature","geometry":{"type":"Point","coordinates":[-89.3298,44.5392]},"properties":{"PARKING_LOT_NAME":" North River Rd Lot 2","LOCATION_DESC":null}},{"type":"Feature","geometry":{"type":"Point","coordinates":[-89.4224,43.9703]},"properties":{"PARKING_LOT_NAME":"Dakota Rd Lot 1","LOCATION_DESC":null}},{"type":"Feature","geometry":{"type":"Point","coordinates":[-89.186,44.141]},"properties":{"PARKING_LOT_NAME":"Beechnut Ave Lot 5","LOCATION_DESC":null}},{"type":"Feature","geometry":{"type":"Point","coordinates":[-89.3651,43.952]},"properties":{"PARKING_LOT_NAME":"CTY Rd Y Lot 3","LOCATION_DESC":null}},{"type":"Feature","geometry":{"type":"Point","coordinates":[-89.4645,43.9971]},"properties":{"PARKING_LOT_NAME":"Czech Ave Lot 3","LOCATION_DESC":null}},{"type":"Feature","geometry":{"type":"Point","coordinates":[-89.3176,44.0898]},"properties":{"PARKING_LOT_NAME":"Brown Deer Dr Lot 1","LOCATION_DESC":null}},{"type":"Feature","geometry":{"type":"Point","coordinates":[-89.5078,44.4718]},"properties":{"PARKING_LOT_NAME":"County Road R","LOCATION_DESC":null}},{"type":"Feature","geometry":{"type":"Point","coordinates":[-92.6808,45.6866]},"properties":{"PARKING_LOT_NAME":"CTH O - Knute Creek","LOCATION_DESC":null}},{"type":"Feature","geometry":{"type":"Point","coordinates":[-89.3649,44.055]},"properties":{"PARKING_LOT_NAME":"State HWY 21 Lot 3","LOCATION_DESC":null}},{"type":"Feature","geometry":{"type":"Point","coordinates":[-89.1727,44.6228]},"properties":{"PARKING_LOT_NAME":"Ness Rd","LOCATION_DESC":null}},{"type":"Feature","geometry":{"type":"Point","coordinates":[-89.9611,43.0707]},"properties":{"PARKING_LOT_NAME":"CR-T (Church)","LOCATION_DESC":null}},{"type":"Feature","geometry":{"type":"Point","coordinates":[-89.4685,44.0565]},"properties":{"PARKING_LOT_NAME":"Boat Launch Chicago Rd","LOCATION_DESC":null}},{"type":"Feature","geometry":{"type":"Point","coordinates":[-88.4412,45.0293]},"properties":{"PARKING_LOT_NAME":"Hill Rd South side","LOCATION_DESC":null}},{"type":"Feature","geometry":{"type":"Point","coordinates":[-90.9054,43.7256]},"properties":{"PARKING_LOT_NAME":"Oakdale Ave","LOCATION_DESC":null}},{"type":"Feature","geometry":{"type":"Point","coordinates":[-89.2492,44.2799]},"properties":{"PARKING_LOT_NAME":"2nd Ave Lot 1 Ice Age ","LOCATION_DESC":null}},{"type":"Feature","geometry":{"type":"Point","coordinates":[-89.5673,43.2744]},"properties":{"PARKING_LOT_NAME":"7482 Lee Rd.","LOCATION_DESC":null}},{"type":"Feature","geometry":{"type":"Point","coordinates":[-89.3833,43.4627]},"properties":{"PARKING_LOT_NAME":"W7669 Phillips Rd.","LOCATION_DESC":null}},{"type":"Feature","geometry":{"type":"Point","coordinates":[-89.4646,43.4031]},"properties":{"PARKING_LOT_NAME":"CTY J","LOCATION_DESC":null}},{"type":"Feature","geometry":{"type":"Point","coordinates":[-89.4222,43.3909]},"properties":{"PARKING_LOT_NAME":"McMillan Rd.","LOCATION_DESC":null}},{"type":"Feature","geometry":{"type":"Point","coordinates":[-89.5596,43.3374]},"properties":{"PARKING_LOT_NAME":"HWY 113","LOCATION_DESC":null}},{"type":"Feature","geometry":{"type":"Point","coordinates":[-87.1854,45.1475]},"properties":{"PARKING_LOT_NAME":"DRIVING RANGE","LOCATION_DESC":null}},{"type":"Feature","geometry":{"type":"Point","coordinates":[-88.0143,43.7038]},"properties":{"PARKING_LOT_NAME":"Cty. U - West","LOCATION_DESC":null}},{"type":"Feature","geometry":{"type":"Point","coordinates":[-88.0432,43.7091]},"properties":{"PARKING_LOT_NAME":"Silver Spring Lane Eastern Lot","LOCATION_DESC":null}},{"type":"Feature","geometry":{"type":"Point","coordinates":[-88.0264,43.7334]},"properties":{"PARKING_LOT_NAME":"Cty. ZZ South Lot","LOCATION_DESC":null}},{"type":"Feature","geometry":{"type":"Point","coordinates":[-88.0255,43.7396]},"properties":{"PARKING_LOT_NAME":"Cty. ZZ North Lot","LOCATION_DESC":null}},{"type":"Feature","geometry":{"type":"Point","coordinates":[-88.0401,43.7078]},"properties":{"PARKING_LOT_NAME":"Cty. S South Lot","LOCATION_DESC":null}},{"type":"Feature","geometry":{"type":"Point","coordinates":[-88.0109,43.704]},"properties":{"PARKING_LOT_NAME":"Cty U - East","LOCATION_DESC":null}},{"type":"Feature","geometry":{"type":"Point","coordinates":[-88.0413,43.7105]},"properties":{"PARKING_LOT_NAME":"Cty. S North Lot","LOCATION_DESC":null}},{"type":"Feature","geometry":{"type":"Point","coordinates":[-88.2074,42.5835]},"properties":{"PARKING_LOT_NAME":"HWY W  North Parking Lot","LOCATION_DESC":null}},{"type":"Feature","geometry":{"type":"Point","coordinates":[-91.176,46.3767]},"properties":{"PARKING_LOT_NAME":"Bergman Ln.","LOCATION_DESC":null}},{"type":"Feature","geometry":{"type":"Point","coordinates":[-91.2703,46.467]},"properties":{"PARKING_LOT_NAME":"Delta Drummond Road South","LOCATION_DESC":null}},{"type":"Feature","geometry":{"type":"Point","coordinates":[-91.2703,46.467]},"properties":{"PARKING_LOT_NAME":"Delta Drummond Road North","LOCATION_DESC":null}},{"type":"Feature","geometry":{"type":"Point","coordinates":[-91.2702,46.4646]},"properties":{"PARKING_LOT_NAME":"Delta Drummond Road South","LOCATION_DESC":null}},{"type":"Feature","geometry":{"type":"Point","coordinates":[-89.2239,44.2121]},"properties":{"PARKING_LOT_NAME":"20th Ct.","LOCATION_DESC":null}},{"type":"Feature","geometry":{"type":"Point","coordinates":[-89.2272,44.2019]},"properties":{"PARKING_LOT_NAME":"19th Rd Lot 2","LOCATION_DESC":null}},{"type":"Feature","geometry":{"type":"Point","coordinates":[-89.2575,44.181]},"properties":{"PARKING_LOT_NAME":"CTY Rd AA","LOCATION_DESC":null}},{"type":"Feature","geometry":{"type":"Point","coordinates":[-89.1987,44.155]},"properties":{"PARKING_LOT_NAME":"21st Dr","LOCATION_DESC":null}},{"type":"Feature","geometry":{"type":"Point","coordinates":[-89.1146,44.1321]},"properties":{"PARKING_LOT_NAME":"CTY Rd EE","LOCATION_DESC":null}},{"type":"Feature","geometry":{"type":"Point","coordinates":[-89.1077,44.1307]},"properties":{"PARKING_LOT_NAME":"Beechnut Ln ","LOCATION_DESC":null}},{"type":"Feature","geometry":{"type":"Point","coordinates":[-89.1988,44.2044]},"properties":{"PARKING_LOT_NAME":"Aniwa Rd Lot 2","LOCATION_DESC":null}},{"type":"Feature","geometry":{"type":"Point","coordinates":[-89.1969,44.1835]},"properties":{"PARKING_LOT_NAME":"CTY RD A Lot 2","LOCATION_DESC":null}},{"type":"Feature","geometry":{"type":"Point","coordinates":[-89.2008,44.6531]},"properties":{"PARKING_LOT_NAME":"Myers Rd","LOCATION_DESC":null}},{"type":"Feature","geometry":{"type":"Point","coordinates":[-89.1658,44.6208]},"properties":{"PARKING_LOT_NAME":"West River Hill Rd","LOCATION_DESC":null}},{"type":"Feature","geometry":{"type":"Point","coordinates":[-89.0638,44.6054]},"properties":{"PARKING_LOT_NAME":"Kitzman Rd.","LOCATION_DESC":null}},{"type":"Feature","geometry":{"type":"Point","coordinates":[-89.1884,44.4463]},"properties":{"PARKING_LOT_NAME":"Gilman Rd.","LOCATION_DESC":null}},{"type":"Feature","geometry":{"type":"Point","coordinates":[-89.1689,44.5683]},"properties":{"PARKING_LOT_NAME":"Anderson Ln.","LOCATION_DESC":null}},{"type":"Feature","geometry":{"type":"Point","coordinates":[-90.5932,43.1827]},"properties":{"PARKING_LOT_NAME":"Hwy 133","LOCATION_DESC":null}},{"type":"Feature","geometry":{"type":"Point","coordinates":[-88.2772,42.9188]},"properties":{"PARKING_LOT_NAME":"Benson Access - Southern Lot","LOCATION_DESC":null}},{"type":"Feature","geometry":{"type":"Point","coordinates":[-88.2717,42.9231]},"properties":{"PARKING_LOT_NAME":"Benson Access - Northern Lot","LOCATION_DESC":null}},{"type":"Feature","geometry":{"type":"Point","coordinates":[-91.9015,44.6784]},"properties":{"PARKING_LOT_NAME":"Nine Mile Parking Lot 3","LOCATION_DESC":null}},{"type":"Feature","geometry":{"type":"Point","coordinates":[-87.9926,43.8191]},"properties":{"PARKING_LOT_NAME":"Garton Rd","LOCATION_DESC":null}},{"type":"Feature","geometry":{"type":"Point","coordinates":[-87.9804,43.8335]},"properties":{"PARKING_LOT_NAME":"Cty A","LOCATION_DESC":null}},{"type":"Feature","geometry":{"type":"Point","coordinates":[-87.9765,43.8403]},"properties":{"PARKING_LOT_NAME":"Keystone Rd","LOCATION_DESC":null}},{"type":"Feature","geometry":{"type":"Point","coordinates":[-88.0475,45.4916]},"properties":{"PARKING_LOT_NAME":"Nutt Road","LOCATION_DESC":null}},{"type":"Feature","geometry":{"type":"Point","coordinates":[-92.344,45.183]},"properties":{"PARKING_LOT_NAME":"230th St. (red gate parking lot)","LOCATION_DESC":null}},{"type":"Feature","geometry":{"type":"Point","coordinates":[-88.0585,44.5644]},"properties":{"PARKING_LOT_NAME":"Riverview Dr - Peats Lake Unit","LOCATION_DESC":null}},{"type":"Feature","geometry":{"type":"Point","coordinates":[-91.8935,45.4993]},"properties":{"PARKING_LOT_NAME":"4","LOCATION_DESC":null}},{"type":"Feature","geometry":{"type":"Point","coordinates":[-89.8442,43.0288]},"properties":{"PARKING_LOT_NAME":null,"LOCATION_DESC":null}},{"type":"Feature","geometry":{"type":"Point","coordinates":[-89.8549,43.0274]},"properties":{"PARKING_LOT_NAME":"West Mound","LOCATION_DESC":null}},{"type":"Feature","geometry":{"type":"Point","coordinates":[-91.596,46.5549]},"properties":{"PARKING_LOT_NAME":"Afterhours Trail Lot","LOCATION_DESC":null}},{"type":"Feature","geometry":{"type":"Point","coordinates":[-91.5897,46.5507]},"properties":{"PARKING_LOT_NAME":"Hwy 2 Landing Lot","LOCATION_DESC":null}},{"type":"Feature","geometry":{"type":"Point","coordinates":[-91.5858,46.5498]},"properties":{"PARKING_LOT_NAME":"Wayside Lot","LOCATION_DESC":null}},{"type":"Feature","geometry":{"type":"Point","coordinates":[-91.5937,46.5396]},"properties":{"PARKING_LOT_NAME":"Bois Landing Lot","LOCATION_DESC":null}},{"type":"Feature","geometry":{"type":"Point","coordinates":[-91.5938,46.537]},"properties":{"PARKING_LOT_NAME":"Ranger Station","LOCATION_DESC":null}},{"type":"Feature","geometry":{"type":"Point","coordinates":[-91.5742,46.5421]},"properties":{"PARKING_LOT_NAME":"Snowmobile Lot","LOCATION_DESC":null}},{"type":"Feature","geometry":{"type":"Point","coordinates":[-91.581,46.5233]},"properties":{"PARKING_LOT_NAME":"North Country Trail Lot","LOCATION_DESC":null}},{"type":"Feature","geometry":{"type":"Point","coordinates":[-91.6749,46.4345]},"properties":{"PARKING_LOT_NAME":"Stones Bridge Lot","LOCATION_DESC":null}},{"type":"Feature","geometry":{"type":"Point","coordinates":[-91.7145,46.4197]},"properties":{"PARKING_LOT_NAME":"Stone Chimney Lot","LOCATION_DESC":null}},{"type":"Feature","geometry":{"type":"Point","coordinates":[-91.7616,46.4006]},"properties":{"PARKING_LOT_NAME":"Hwy P Landing Lot","LOCATION_DESC":null}},{"type":"Feature","geometry":{"type":"Point","coordinates":[-91.779,46.3787]},"properties":{"PARKING_LOT_NAME":"Lk. St. Croix Lot","LOCATION_DESC":null}},{"type":"Feature","geometry":{"type":"Point","coordinates":[-89.7912,45.2922]},"properties":{"PARKING_LOT_NAME":"Hwy 107 6","LOCATION_DESC":null}},{"type":"Feature","geometry":{"type":"Point","coordinates":[-88.0207,43.8029]},"properties":{"PARKING_LOT_NAME":"Crystal Lake Boat Parking","LOCATION_DESC":null}},{"type":"Feature","geometry":{"type":"Point","coordinates":[-88.053,43.7124]},"properties":{"PARKING_LOT_NAME":"Silver Spring Ln. Western Lot","LOCATION_DESC":null}},{"type":"Feature","geometry":{"type":"Point","coordinates":[-88.1208,45.6289]},"properties":{"PARKING_LOT_NAME":"3- Mile","LOCATION_DESC":null}},{"type":"Feature","geometry":{"type":"Point","coordinates":[-88.1122,45.6074]},"properties":{"PARKING_LOT_NAME":"Twin Lake Road","LOCATION_DESC":null}},{"type":"Feature","geometry":{"type":"Point","coordinates":[-88.109,45.6123]},"properties":{"PARKING_LOT_NAME":"Lily Lake Road North","LOCATION_DESC":null}},{"type":"Feature","geometry":{"type":"Point","coordinates":[-88.1134,45.5991]},"properties":{"PARKING_LOT_NAME":"Lily Lake Road Middle","LOCATION_DESC":null}},{"type":"Feature","geometry":{"type":"Point","coordinates":[-88.1095,45.5668]},"properties":{"PARKING_LOT_NAME":"Lily Lake South","LOCATION_DESC":null}},{"type":"Feature","geometry":{"type":"Point","coordinates":[-88.1037,45.5688]},"properties":{"PARKING_LOT_NAME":"Kuehl Lane","LOCATION_DESC":null}},{"type":"Feature","geometry":{"type":"Point","coordinates":[-88.0582,45.5664]},"properties":{"PARKING_LOT_NAME":"Johnson Road","LOCATION_DESC":null}},{"type":"Feature","geometry":{"type":"Point","coordinates":[-88.0646,45.5692]},"properties":{"PARKING_LOT_NAME":"County L West","LOCATION_DESC":null}},{"type":"Feature","geometry":{"type":"Point","coordinates":[-88.0466,45.569]},"properties":{"PARKING_LOT_NAME":"Cty Hwy L East","LOCATION_DESC":null}},{"type":"Feature","geometry":{"type":"Point","coordinates":[-88.0383,45.5662]},"properties":{"PARKING_LOT_NAME":"Park Street","LOCATION_DESC":null}},{"type":"Feature","geometry":{"type":"Point","coordinates":[-88.0281,45.5696]},"properties":{"PARKING_LOT_NAME":"Smeester School Road","LOCATION_DESC":null}},{"type":"Feature","geometry":{"type":"Point","coordinates":[-88.0032,45.5433]},"properties":{"PARKING_LOT_NAME":"Town Corner Lake Road","LOCATION_DESC":null}},{"type":"Feature","geometry":{"type":"Point","coordinates":[-88.0081,45.558]},"properties":{"PARKING_LOT_NAME":"Paradise Rd North","LOCATION_DESC":null}},{"type":"Feature","geometry":{"type":"Point","coordinates":[-88.0668,45.5121]},"properties":{"PARKING_LOT_NAME":"Smiley Road PR21","LOCATION_DESC":null}},{"type":"Feature","geometry":{"type":"Point","coordinates":[-88.0617,45.5053]},"properties":{"PARKING_LOT_NAME":"Smiley Road South","LOCATION_DESC":null}},{"type":"Feature","geometry":{"type":"Point","coordinates":[-88.0561,45.4913]},"properties":{"PARKING_LOT_NAME":"Mathis Road Lot","LOCATION_DESC":null}},{"type":"Feature","geometry":{"type":"Point","coordinates":[-88.0408,45.4971]},"properties":{"PARKING_LOT_NAME":"NBC Lane ","LOCATION_DESC":null}},{"type":"Feature","geometry":{"type":"Point","coordinates":[-88.0189,45.5048]},"properties":{"PARKING_LOT_NAME":"Dow Dam Middle","LOCATION_DESC":null}},{"type":"Feature","geometry":{"type":"Point","coordinates":[-88.0176,45.5116]},"properties":{"PARKING_LOT_NAME":"Rocky Lane ","LOCATION_DESC":null}},{"type":"Feature","geometry":{"type":"Point","coordinates":[-87.9839,45.4973]},"properties":{"PARKING_LOT_NAME":"Hwy 141 East ","LOCATION_DESC":null}},{"type":"Feature","geometry":{"type":"Point","coordinates":[-88.0238,43.7177]},"properties":{"PARKING_LOT_NAME":"Sumac Road","LOCATION_DESC":null}},{"type":"Feature","geometry":{"type":"Point","coordinates":[-92.697,44.825]},"properties":{"PARKING_LOT_NAME":"Cty FF","LOCATION_DESC":null}},{"type":"Feature","geometry":{"type":"Point","coordinates":[-90.711,43.1489]},"properties":{"PARKING_LOT_NAME":"HWY 60","LOCATION_DESC":null}},{"type":"Feature","geometry":{"type":"Point","coordinates":[-89.8494,43.0282]},"properties":{"PARKING_LOT_NAME":"East Mound","LOCATION_DESC":null}},{"type":"Feature","geometry":{"type":"Point","coordinates":[-91.6081,46.7475]},"properties":{"PARKING_LOT_NAME":"Mouth of Brule Lot","LOCATION_DESC":null}},{"type":"Feature","geometry":{"type":"Point","coordinates":[-91.5994,46.7246]},"properties":{"PARKING_LOT_NAME":"Saari's Lot","LOCATION_DESC":null}},{"type":"Feature","geometry":{"type":"Point","coordinates":[-91.6007,46.7173]},"properties":{"PARKING_LOT_NAME":"Lyon's Lot","LOCATION_DESC":null}},{"type":"Feature","geometry":{"type":"Point","coordinates":[-91.5993,46.7135]},"properties":{"PARKING_LOT_NAME":"Old Cloverland Dump Lot","LOCATION_DESC":null}},{"type":"Feature","geometry":{"type":"Point","coordinates":[-91.607,46.7046]},"properties":{"PARKING_LOT_NAME":"McNeil's West Lot","LOCATION_DESC":null}},{"type":"Feature","geometry":{"type":"Point","coordinates":[-91.6029,46.7057]},"properties":{"PARKING_LOT_NAME":"McNeil's Lot East","LOCATION_DESC":null}},{"type":"Feature","geometry":{"type":"Point","coordinates":[-91.5904,46.6892]},"properties":{"PARKING_LOT_NAME":"Loveland Lot (Drews)","LOCATION_DESC":null}},{"type":"Feature","geometry":{"type":"Point","coordinates":[-91.5949,46.6794]},"properties":{"PARKING_LOT_NAME":"Highway 13 Canoe Landing Lot","LOCATION_DESC":null}},{"type":"Feature","geometry":{"type":"Point","coordinates":[-91.5945,46.6529]},"properties":{"PARKING_LOT_NAME":"Bachelor's Lot","LOCATION_DESC":null}},{"type":"Feature","geometry":{"type":"Point","coordinates":[-91.5959,46.6399]},"properties":{"PARKING_LOT_NAME":"Mays Lot","LOCATION_DESC":null}},{"type":"Feature","geometry":{"type":"Point","coordinates":[-91.5984,46.6324]},"properties":{"PARKING_LOT_NAME":"FF Lot","LOCATION_DESC":null}},{"type":"Feature","geometry":{"type":"Point","coordinates":[-91.5898,46.6292]},"properties":{"PARKING_LOT_NAME":"Red Gate Lot","LOCATION_DESC":null}},{"type":"Feature","geometry":{"type":"Point","coordinates":[-91.5825,46.6149]},"properties":{"PARKING_LOT_NAME":"Pine Tree Lot","LOCATION_DESC":null}},{"type":"Feature","geometry":{"type":"Point","coordinates":[-91.5837,46.6109]},"properties":{"PARKING_LOT_NAME":"Co-Op Lot","LOCATION_DESC":null}},{"type":"Feature","geometry":{"type":"Point","coordinates":[-91.5838,46.6074]},"properties":{"PARKING_LOT_NAME":"High Landing Lot","LOCATION_DESC":null}},{"type":"Feature","geometry":{"type":"Point","coordinates":[-91.6152,46.6123]},"properties":{"PARKING_LOT_NAME":"Bayfield Trail Lot","LOCATION_DESC":null}},{"type":"Feature","geometry":{"type":"Point","coordinates":[-91.5766,46.5949]},"properties":{"PARKING_LOT_NAME":"Black's Landing Lot","LOCATION_DESC":null}},{"type":"Feature","geometry":{"type":"Point","coordinates":[-91.5749,46.5772]},"properties":{"PARKING_LOT_NAME":"Rocky Run Lot","LOCATION_DESC":null}},{"type":"Feature","geometry":{"type":"Point","coordinates":[-91.5769,46.5657]},"properties":{"PARKING_LOT_NAME":"Brady's Hole Lot","LOCATION_DESC":null}},{"type":"Feature","geometry":{"type":"Point","coordinates":[-88.3668,42.8625]},"properties":{"PARKING_LOT_NAME":"LO Parking Lot -East","LOCATION_DESC":null}},{"type":"Feature","geometry":{"type":"Point","coordinates":[-88.3773,42.8613]},"properties":{"PARKING_LOT_NAME":"LO Parking Lot-West","LOCATION_DESC":null}},{"type":"Feature","geometry":{"type":"Point","coordinates":[-91.4844,46.7474]},"properties":{"PARKING_LOT_NAME":"Orienta Dam Site","LOCATION_DESC":null}},{"type":"Feature","geometry":{"type":"Point","coordinates":[-91.3737,46.7821]},"properties":{"PARKING_LOT_NAME":"Flag River Hwy 13","LOCATION_DESC":null}},{"type":"Feature","geometry":{"type":"Point","coordinates":[-91.3272,46.7607]},"properties":{"PARKING_LOT_NAME":"Flagg River River Rd West lot","LOCATION_DESC":null}},{"type":"Feature","geometry":{"type":"Point","coordinates":[-92.0488,46.0782]},"properties":{"PARKING_LOT_NAME":"County Line Rd P. Lot","LOCATION_DESC":null}},{"type":"Feature","geometry":{"type":"Point","coordinates":[-92.329,45.0921]},"properties":{"PARKING_LOT_NAME":"160th Ave","LOCATION_DESC":null}},{"type":"Feature","geometry":{"type":"Point","coordinates":[-92.5545,45.0701]},"properties":{"PARKING_LOT_NAME":"120th St.","LOCATION_DESC":null}},{"type":"Feature","geometry":{"type":"Point","coordinates":[-92.4055,45.1585]},"properties":{"PARKING_LOT_NAME":"200th St.","LOCATION_DESC":null}},{"type":"Feature","geometry":{"type":"Point","coordinates":[-92.5575,45.0588]},"properties":{"PARKING_LOT_NAME":"120th St.","LOCATION_DESC":null}},{"type":"Feature","geometry":{"type":"Point","coordinates":[-87.5822,44.8057]},"properties":{"PARKING_LOT_NAME":"Pickeral Rd","LOCATION_DESC":null}},{"type":"Feature","geometry":{"type":"Point","coordinates":[-91.8719,45.7983]},"properties":{"PARKING_LOT_NAME":"Wildlife Rd.- Harrison Lake","LOCATION_DESC":null}},{"type":"Feature","geometry":{"type":"Point","coordinates":[-91.8416,45.7722]},"properties":{"PARKING_LOT_NAME":"Cranberry Dr. SE","LOCATION_DESC":null}},{"type":"Feature","geometry":{"type":"Point","coordinates":[-91.8764,45.7967]},"properties":{"PARKING_LOT_NAME":"Wildlife Rd. - Lot 1","LOCATION_DESC":null}},{"type":"Feature","geometry":{"type":"Point","coordinates":[-88.0931,45.4236]},"properties":{"PARKING_LOT_NAME":"Wausaukee River FA","LOCATION_DESC":null}},{"type":"Feature","geometry":{"type":"Point","coordinates":[-91.6154,46.7358]},"properties":{"PARKING_LOT_NAME":"Hunter Lot 6","LOCATION_DESC":null}},{"type":"Feature","geometry":{"type":"Point","coordinates":[-91.6157,46.7088]},"properties":{"PARKING_LOT_NAME":"Hunter Lot 7","LOCATION_DESC":null}},{"type":"Feature","geometry":{"type":"Point","coordinates":[-91.6156,46.7038]},"properties":{"PARKING_LOT_NAME":"Hunter Lot 8","LOCATION_DESC":null}},{"type":"Feature","geometry":{"type":"Point","coordinates":[-87.1873,45.1459]},"properties":{"PARKING_LOT_NAME":"Short Course Parking Lot","LOCATION_DESC":null}},{"type":"Feature","geometry":{"type":"Point","coordinates":[-88.4264,42.8424]},"properties":{"PARKING_LOT_NAME":"Lulu Lake County Road E North Parking Lot","LOCATION_DESC":null}},{"type":"Feature","geometry":{"type":"Point","coordinates":[-88.4077,42.8481]},"properties":{"PARKING_LOT_NAME":null,"LOCATION_DESC":null}},{"type":"Feature","geometry":{"type":"Point","coordinates":[-91.4589,45.7652]},"properties":{"PARKING_LOT_NAME":"Benson Creek Fishery Area 3","LOCATION_DESC":null}},{"type":"Feature","geometry":{"type":"Point","coordinates":[-87.9848,45.4952]},"properties":{"PARKING_LOT_NAME":"141 and K ","LOCATION_DESC":null}},{"type":"Feature","geometry":{"type":"Point","coordinates":[-87.9764,45.4973]},"properties":{"PARKING_LOT_NAME":"HWY K West","LOCATION_DESC":null}},{"type":"Feature","geometry":{"type":"Point","coordinates":[-90.9983,46.7134]},"properties":{"PARKING_LOT_NAME":"Fourmile Hwy C north lot","LOCATION_DESC":null}},{"type":"Feature","geometry":{"type":"Point","coordinates":[-90.9067,46.7269]},"properties":{"PARKING_LOT_NAME":"Little Sioux River Access","LOCATION_DESC":null}},{"type":"Feature","geometry":{"type":"Point","coordinates":[-89.9,43.5913]},"properties":{"PARKING_LOT_NAME":"CTH P","LOCATION_DESC":null}},{"type":"Feature","geometry":{"type":"Point","coordinates":[-87.9977,45.5544]},"properties":{"PARKING_LOT_NAME":"Pike- Beecher pole building 2","LOCATION_DESC":null}},{"type":"Feature","geometry":{"type":"Point","coordinates":[-92.4972,44.9567]},"properties":{"PARKING_LOT_NAME":"150th St.","LOCATION_DESC":null}},{"type":"Feature","geometry":{"type":"Point","coordinates":[-92.5071,44.9493]},"properties":{"PARKING_LOT_NAME":"60th Ave","LOCATION_DESC":null}},{"type":"Feature","geometry":{"type":"Point","coordinates":[-92.4862,44.8977]},"properties":{"PARKING_LOT_NAME":"Pleasant Valley Parking Lot","LOCATION_DESC":null}},{"type":"Feature","geometry":{"type":"Point","coordinates":[-88.2173,42.5567]},"properties":{"PARKING_LOT_NAME":"336th/82nd street","LOCATION_DESC":null}},{"type":"Feature","geometry":{"type":"Point","coordinates":[-88.235,42.5509]},"properties":{"PARKING_LOT_NAME":"KD Lot 2","LOCATION_DESC":null}},{"type":"Feature","geometry":{"type":"Point","coordinates":[-88.2312,42.5503]},"properties":{"PARKING_LOT_NAME":"KD Lot 3","LOCATION_DESC":null}},{"type":"Feature","geometry":{"type":"Point","coordinates":[-88.0344,44.635]},"properties":{"PARKING_LOT_NAME":"Suamico River - Co. Rd. J","LOCATION_DESC":null}},{"type":"Feature","geometry":{"type":"Point","coordinates":[-87.5423,44.4619]},"properties":{"PARKING_LOT_NAME":"HWY C BRIDGE","LOCATION_DESC":null}},{"type":"Feature","geometry":{"type":"Point","coordinates":[-87.545,44.4609]},"properties":{"PARKING_LOT_NAME":"Park Lane Boat Launch","LOCATION_DESC":null}},{"type":"Feature","geometry":{"type":"Point","coordinates":[-87.5344,44.4631]},"properties":{"PARKING_LOT_NAME":"Hwy C Ahnapee Trail","LOCATION_DESC":null}},{"type":"Feature","geometry":{"type":"Point","coordinates":[-87.5886,44.5162]},"properties":{"PARKING_LOT_NAME":"Clyde Hill Road / Cedar Valley Road","LOCATION_DESC":null}},{"type":"Feature","geometry":{"type":"Point","coordinates":[-87.6097,44.5135]},"properties":{"PARKING_LOT_NAME":"Hwy A / Hwy C","LOCATION_DESC":null}},{"type":"Feature","geometry":{"type":"Point","coordinates":[-87.6285,44.5134]},"properties":{"PARKING_LOT_NAME":"Hwy A/Scarboro Creek","LOCATION_DESC":null}},{"type":"Feature","geometry":{"type":"Point","coordinates":[-87.5597,44.4645]},"properties":{"PARKING_LOT_NAME":"Ransom Moore Lane (Anadromus Fish Facility )","LOCATION_DESC":null}},{"type":"Feature","geometry":{"type":"Point","coordinates":[-89.1016,45.3717]},"properties":{"PARKING_LOT_NAME":"Blue Springs Parking Lot","LOCATION_DESC":null}},{"type":"Feature","geometry":{"type":"Point","coordinates":[-91.1988,46.4447]},"properties":{"PARKING_LOT_NAME":"White River Road East Angler Access","LOCATION_DESC":null}},{"type":"Feature","geometry":{"type":"Point","coordinates":[-90.9776,46.7015]},"properties":{"PARKING_LOT_NAME":"Fourmile Hwy C south lot","LOCATION_DESC":null}},{"type":"Feature","geometry":{"type":"Point","coordinates":[-90.9894,46.6765]},"properties":{"PARKING_LOT_NAME":"Church Corner Rd","LOCATION_DESC":null}},{"type":"Feature","geometry":{"type":"Point","coordinates":[-90.9654,46.6998]},"properties":{"PARKING_LOT_NAME":"Old C Rd Access Lot","LOCATION_DESC":null}},{"type":"Feature","geometry":{"type":"Point","coordinates":[-90.8805,46.738]},"properties":{"PARKING_LOT_NAME":"Friendly Valley Beach","LOCATION_DESC":null}},{"type":"Feature","geometry":{"type":"Point","coordinates":[-90.878,46.7311]},"properties":{"PARKING_LOT_NAME":"Sioux River Access","LOCATION_DESC":null}},{"type":"Feature","geometry":{"type":"Point","coordinates":[-91.063,46.549]},"properties":{"PARKING_LOT_NAME":"Old US 2 Pine Creek","LOCATION_DESC":null}},{"type":"Feature","geometry":{"type":"Point","coordinates":[-91.1289,46.5355]},"properties":{"PARKING_LOT_NAME":"Sportsman Road Access","LOCATION_DESC":null}},{"type":"Feature","geometry":{"type":"Point","coordinates":[-90.9532,46.6824]},"properties":{"PARKING_LOT_NAME":"Scholl Road Access","LOCATION_DESC":null}},{"type":"Feature","geometry":{"type":"Point","coordinates":[-91.7203,45.2011]},"properties":{"PARKING_LOT_NAME":"Upper Pine/ Red Cedar River Parking Lot","LOCATION_DESC":null}},{"type":"Feature","geometry":{"type":"Point","coordinates":[-90.9416,46.6922]},"properties":{"PARKING_LOT_NAME":"Arenson Road Access","LOCATION_DESC":null}},{"type":"Feature","geometry":{"type":"Point","coordinates":[-90.9306,46.7155]},"properties":{"PARKING_LOT_NAME":"Finn Hole Access","LOCATION_DESC":null}},{"type":"Feature","geometry":{"type":"Point","coordinates":[-90.9452,46.588]},"properties":{"PARKING_LOT_NAME":"Long Bridge Access","LOCATION_DESC":null}},{"type":"Feature","geometry":{"type":"Point","coordinates":[-88.467,45.0502]},"properties":{"PARKING_LOT_NAME":"So. Branch Oconto East side","LOCATION_DESC":null}},{"type":"Feature","geometry":{"type":"Point","coordinates":[-87.9514,45.5107]},"properties":{"PARKING_LOT_NAME":"Marquis Rd","LOCATION_DESC":null}},{"type":"Feature","geometry":{"type":"Point","coordinates":[-87.8751,45.4753]},"properties":{"PARKING_LOT_NAME":"YELLOW BRIDGE","LOCATION_DESC":null}},{"type":"Feature","geometry":{"type":"Point","coordinates":[-87.896,45.4764]},"properties":{"PARKING_LOT_NAME":"Barker Road North West parking area","LOCATION_DESC":null}},{"type":"Feature","geometry":{"type":"Point","coordinates":[-87.9036,45.4958]},"properties":{"PARKING_LOT_NAME":"Hwy K East","LOCATION_DESC":null}},{"type":"Feature","geometry":{"type":"Point","coordinates":[-87.8848,45.4471]},"properties":{"PARKING_LOT_NAME":"Squaw Creek Trail","LOCATION_DESC":null}},{"type":"Feature","geometry":{"type":"Point","coordinates":[-87.8991,45.5144]},"properties":{"PARKING_LOT_NAME":"Hardwoods Rd","LOCATION_DESC":null}},{"type":"Feature","geometry":{"type":"Point","coordinates":[-88.022,45.504]},"properties":{"PARKING_LOT_NAME":"Dow Dam Road West","LOCATION_DESC":null}},{"type":"Feature","geometry":{"type":"Point","coordinates":[-88.0024,45.5064]},"properties":{"PARKING_LOT_NAME":"Dow Dam Rd East","LOCATION_DESC":null}},{"type":"Feature","geometry":{"type":"Point","coordinates":[-91.2687,46.8325]},"properties":{"PARKING_LOT_NAME":"Mouth of Cranberry","LOCATION_DESC":null}},{"type":"Feature","geometry":{"type":"Point","coordinates":[-91.3432,46.7714]},"properties":{"PARKING_LOT_NAME":"Flag River at East White Birch Rd","LOCATION_DESC":null}},{"type":"Feature","geometry":{"type":"Point","coordinates":[-92.3826,45.3885]},"properties":{"PARKING_LOT_NAME":null,"LOCATION_DESC":null}},{"type":"Feature","geometry":{"type":"Point","coordinates":[-91.2245,45.5817]},"properties":{"PARKING_LOT_NAME":"Chippewa River Access","LOCATION_DESC":null}},{"type":"Feature","geometry":{"type":"Point","coordinates":[-92.3061,45.6398]},"properties":{"PARKING_LOT_NAME":"10MC","LOCATION_DESC":null}},{"type":"Feature","geometry":{"type":"Point","coordinates":[-88.9443,45.168]},"properties":{"PARKING_LOT_NAME":"Parking Lot","LOCATION_DESC":null}},{"type":"Feature","geometry":{"type":"Point","coordinates":[-88.8867,45.1418]},"properties":{"PARKING_LOT_NAME":"McGee Lake","LOCATION_DESC":null}},{"type":"Feature","geometry":{"type":"Point","coordinates":[-88.881,45.1412]},"properties":{"PARKING_LOT_NAME":"McGee Lake","LOCATION_DESC":null}},{"type":"Feature","geometry":{"type":"Point","coordinates":[-88.8049,45.1733]},"properties":{"PARKING_LOT_NAME":"Townline Springs","LOCATION_DESC":null}},{"type":"Feature","geometry":{"type":"Point","coordinates":[-88.7854,45.1234]},"properties":{"PARKING_LOT_NAME":"Murray Lane South","LOCATION_DESC":null}},{"type":"Feature","geometry":{"type":"Point","coordinates":[-88.7935,45.1279]},"properties":{"PARKING_LOT_NAME":"Murray Lane North","LOCATION_DESC":null}},{"type":"Feature","geometry":{"type":"Point","coordinates":[-88.8064,45.1315]},"properties":{"PARKING_LOT_NAME":"HWY P Parking Lot","LOCATION_DESC":null}},{"type":"Feature","geometry":{"type":"Point","coordinates":[-88.802,45.1578]},"properties":{"PARKING_LOT_NAME":"Stamper Road Parking Lot","LOCATION_DESC":null}},{"type":"Feature","geometry":{"type":"Point","coordinates":[-89.0648,45.2938]},"properties":{"PARKING_LOT_NAME":"Crystal Springs Parking","LOCATION_DESC":null}},{"type":"Feature","geometry":{"type":"Point","coordinates":[-89.0368,45.1116]},"properties":{"PARKING_LOT_NAME":"Maxwell Springs Parking Lot","LOCATION_DESC":null}},{"type":"Feature","geometry":{"type":"Point","coordinates":[-89.0835,45.0848]},"properties":{"PARKING_LOT_NAME":"Perch Lake Parking Lot","LOCATION_DESC":null}},{"type":"Feature","geometry":{"type":"Point","coordinates":[-89.0843,45.0932]},"properties":{"PARKING_LOT_NAME":"Trout Springs Parking Lot","LOCATION_DESC":null}},{"type":"Feature","geometry":{"type":"Point","coordinates":[-92.4128,45.2594]},"properties":{"PARKING_LOT_NAME":"1PPC","LOCATION_DESC":null}},{"type":"Feature","geometry":{"type":"Point","coordinates":[-90.0235,45.1238]},"properties":{"PARKING_LOT_NAME":"Silver Fox Road Parking Lot","LOCATION_DESC":null}},{"type":"Feature","geometry":{"type":"Point","coordinates":[-90.1061,45.2173]},"properties":{"PARKING_LOT_NAME":"Hetland Avenue Parking Lot","LOCATION_DESC":null}},{"type":"Feature","geometry":{"type":"Point","coordinates":[-90.1329,45.2375]},"properties":{"PARKING_LOT_NAME":"Tower Avenue Parking Lot","LOCATION_DESC":null}},{"type":"Feature","geometry":{"type":"Point","coordinates":[-89.0684,45.2864]},"properties":{"PARKING_LOT_NAME":"Shadick Springs Parking Lot","LOCATION_DESC":null}},{"type":"Feature","geometry":{"type":"Point","coordinates":[-89.0721,45.2811]},"properties":{"PARKING_LOT_NAME":"HWY A Parking Lot","LOCATION_DESC":null}},{"type":"Feature","geometry":{"type":"Point","coordinates":[-90.1319,45.3756]},"properties":{"PARKING_LOT_NAME":"Spirit Lake Public Access","LOCATION_DESC":null}},{"type":"Feature","geometry":{"type":"Point","coordinates":[-90.1319,45.375]},"properties":{"PARKING_LOT_NAME":"Spirit Lake Public Access","LOCATION_DESC":null}},{"type":"Feature","geometry":{"type":"Point","coordinates":[-89.6131,45.2482]},"properties":{"PARKING_LOT_NAME":"Prairie Road - Coduto","LOCATION_DESC":null}},{"type":"Feature","geometry":{"type":"Point","coordinates":[-89.1368,45.3968]},"properties":{"PARKING_LOT_NAME":"Rice Bed Road West","LOCATION_DESC":null}},{"type":"Feature","geometry":{"type":"Point","coordinates":[-89.1351,45.3945]},"properties":{"PARKING_LOT_NAME":"Rice Bed Road - South","LOCATION_DESC":null}},{"type":"Feature","geometry":{"type":"Point","coordinates":[-89.1281,45.3944]},"properties":{"PARKING_LOT_NAME":"River Avenue Parking","LOCATION_DESC":null}},{"type":"Feature","geometry":{"type":"Point","coordinates":[-89.063,45.3765]},"properties":{"PARKING_LOT_NAME":"Field Road North Access","LOCATION_DESC":null}},{"type":"Feature","geometry":{"type":"Point","coordinates":[-89.0671,45.3728]},"properties":{"PARKING_LOT_NAME":"Field Road South Access","LOCATION_DESC":null}},{"type":"Feature","geometry":{"type":"Point","coordinates":[-89.0598,45.3754]},"properties":{"PARKING_LOT_NAME":"Field Road Parking","LOCATION_DESC":null}},{"type":"Feature","geometry":{"type":"Point","coordinates":[-89.0197,45.3766]},"properties":{"PARKING_LOT_NAME":"Goose Island Road","LOCATION_DESC":null}},{"type":"Feature","geometry":{"type":"Point","coordinates":[-89.0324,45.3709]},"properties":{"PARKING_LOT_NAME":"CTH T South","LOCATION_DESC":null}},{"type":"Feature","geometry":{"type":"Point","coordinates":[-88.9805,45.3466]},"properties":{"PARKING_LOT_NAME":"HWY A Access Road","LOCATION_DESC":null}},{"type":"Feature","geometry":{"type":"Point","coordinates":[-88.9687,45.342]},"properties":{"PARKING_LOT_NAME":"Monnot Drive","LOCATION_DESC":null}},{"type":"Feature","geometry":{"type":"Point","coordinates":[-88.7362,45.1907]},"properties":{"PARKING_LOT_NAME":"Place Road Parking","LOCATION_DESC":null}},{"type":"Feature","geometry":{"type":"Point","coordinates":[-88.7439,45.192]},"properties":{"PARKING_LOT_NAME":"Howard Lane","LOCATION_DESC":null}},{"type":"Feature","geometry":{"type":"Point","coordinates":[-90.9977,43.7099]},"properties":{"PARKING_LOT_NAME":"CTH P","LOCATION_DESC":null}},{"type":"Feature","geometry":{"type":"Point","coordinates":[-90.8824,46.8029]},"properties":{"PARKING_LOT_NAME":"Star Route Rd West","LOCATION_DESC":null}},{"type":"Feature","geometry":{"type":"Point","coordinates":[-90.9943,43.4873]},"properties":{"PARKING_LOT_NAME":"Hornby Creek","LOCATION_DESC":null}},{"type":"Feature","geometry":{"type":"Point","coordinates":[-92.5987,44.8838]},"properties":{"PARKING_LOT_NAME":"Quarry Rd","LOCATION_DESC":null}},{"type":"Feature","geometry":{"type":"Point","coordinates":[-92.5733,44.851]},"properties":{"PARKING_LOT_NAME":"HWY 29","LOCATION_DESC":null}},{"type":"Feature","geometry":{"type":"Point","coordinates":[-90.888,43.44]},"properties":{"PARKING_LOT_NAME":"Tainter Creek","LOCATION_DESC":null}},{"type":"Feature","geometry":{"type":"Point","coordinates":[-92.0993,45.4676]},"properties":{"PARKING_LOT_NAME":"2LL","LOCATION_DESC":null}},{"type":"Feature","geometry":{"type":"Point","coordinates":[-89.4807,45.3533]},"properties":{"PARKING_LOT_NAME":"Echo Lake Parking","LOCATION_DESC":null}},{"type":"Feature","geometry":{"type":"Point","coordinates":[-89.1939,45.2195]},"properties":{"PARKING_LOT_NAME":"Bluebell Road Parking Lot","LOCATION_DESC":null}},{"type":"Feature","geometry":{"type":"Point","coordinates":[-89.2159,45.2038]},"properties":{"PARKING_LOT_NAME":"Hwy I Parking Lot North","LOCATION_DESC":null}},{"type":"Feature","geometry":{"type":"Point","coordinates":[-89.2155,45.2016]},"properties":{"PARKING_LOT_NAME":"HWY I Parking Lot South","LOCATION_DESC":null}},{"type":"Feature","geometry":{"type":"Point","coordinates":[-89.2232,45.2029]},"properties":{"PARKING_LOT_NAME":"River Road Parking Lot","LOCATION_DESC":null}},{"type":"Feature","geometry":{"type":"Point","coordinates":[-88.8109,45.3476]},"properties":{"PARKING_LOT_NAME":"Arndt Road Parking Lot","LOCATION_DESC":null}},{"type":"Feature","geometry":{"type":"Point","coordinates":[-88.822,45.3492]},"properties":{"PARKING_LOT_NAME":"Parking Lot","LOCATION_DESC":null}},{"type":"Feature","geometry":{"type":"Point","coordinates":[-88.8363,45.1469]},"properties":{"PARKING_LOT_NAME":"Shepherd Road Parking Lot","LOCATION_DESC":null}},{"type":"Feature","geometry":{"type":"Point","coordinates":[-88.975,45.1505]},"properties":{"PARKING_LOT_NAME":"Seasonal Parking Lot","LOCATION_DESC":null}},{"type":"Feature","geometry":{"type":"Point","coordinates":[-89.6411,45.2283]},"properties":{"PARKING_LOT_NAME":"Deer Trail Parking Lot","LOCATION_DESC":null}},{"type":"Feature","geometry":{"type":"Point","coordinates":[-88.7366,45.1773]},"properties":{"PARKING_LOT_NAME":"MARCHESE ROAD, T. WOLF RIVER","LOCATION_DESC":null}},{"type":"Feature","geometry":{"type":"Point","coordinates":[-88.7334,45.177]},"properties":{"PARKING_LOT_NAME":"ROCKY RIPPS ROAD","LOCATION_DESC":null}},{"type":"Feature","geometry":{"type":"Point","coordinates":[-88.8609,45.3281]},"properties":{"PARKING_LOT_NAME":"SYLVAN ACRES & HWY 55","LOCATION_DESC":null}},{"type":"Feature","geometry":{"type":"Point","coordinates":[-88.8586,45.3074]},"properties":{"PARKING_LOT_NAME":"HWY 52 & LILY","LOCATION_DESC":null}},{"type":"Feature","geometry":{"type":"Point","coordinates":[-88.7589,45.2128]},"properties":{"PARKING_LOT_NAME":"HWY 55, TOWN OF WOLF RIVER (BUS PARKING)","LOCATION_DESC":null}},{"type":"Feature","geometry":{"type":"Point","coordinates":[-88.8185,45.273]},"properties":{"PARKING_LOT_NAME":"WOLF ROAD EAST, TOWN OF LANGLADE","LOCATION_DESC":null}},{"type":"Feature","geometry":{"type":"Point","coordinates":[-88.7931,45.2437]},"properties":{"PARKING_LOT_NAME":"HWY 55, TOWN OF WOLF RIVER","LOCATION_DESC":null}},{"type":"Feature","geometry":{"type":"Point","coordinates":[-89.1293,45.0088]},"properties":{"PARKING_LOT_NAME":"County Z","LOCATION_DESC":null}},{"type":"Feature","geometry":{"type":"Point","coordinates":[-89.1327,44.841]},"properties":{"PARKING_LOT_NAME":"Birch Ln","LOCATION_DESC":null}},{"type":"Feature","geometry":{"type":"Point","coordinates":[-89.1354,44.8479]},"properties":{"PARKING_LOT_NAME":"Maple Rd","LOCATION_DESC":null}},{"type":"Feature","geometry":{"type":"Point","coordinates":[-92.0813,45.1071]},"properties":{"PARKING_LOT_NAME":"Chimney Rock Parking Area","LOCATION_DESC":null}},{"type":"Feature","geometry":{"type":"Point","coordinates":[-88.6639,45.1254]},"properties":{"PARKING_LOT_NAME":"HWY M & SUNNY WATERS LANE","LOCATION_DESC":null}},{"type":"Feature","geometry":{"type":"Point","coordinates":[-88.3497,45.8538]},"properties":{"PARKING_LOT_NAME":"Hwy 101 & Pine River Parking Lot","LOCATION_DESC":null}},{"type":"Feature","geometry":{"type":"Point","coordinates":[-88.2289,45.8322]},"properties":{"PARKING_LOT_NAME":"Massey Wayside","LOCATION_DESC":null}},{"type":"Feature","geometry":{"type":"Point","coordinates":[-88.4119,45.8978]},"properties":{"PARKING_LOT_NAME":"Bull Falls South Parking Lot","LOCATION_DESC":null}},{"type":"Feature","geometry":{"type":"Point","coordinates":[-88.4334,45.8987]},"properties":{"PARKING_LOT_NAME":"Meyer's Falls South Parking Lot","LOCATION_DESC":null}},{"type":"Feature","geometry":{"type":"Point","coordinates":[-92.4847,45.5756]},"properties":{"PARKING_LOT_NAME":"Luck Lot","LOCATION_DESC":null}},{"type":"Feature","geometry":{"type":"Point","coordinates":[-92.4955,45.3066]},"properties":{"PARKING_LOT_NAME":"Wanderoos Lot","LOCATION_DESC":null}},{"type":"Feature","geometry":{"type":"Point","coordinates":[-90.974,43.7256]},"properties":{"PARKING_LOT_NAME":"CTH G - Bohemian Valley Lot","LOCATION_DESC":null}},{"type":"Feature","geometry":{"type":"Point","coordinates":[-91.1276,43.423]},"properties":{"PARKING_LOT_NAME":null,"LOCATION_DESC":null}},{"type":"Feature","geometry":{"type":"Point","coordinates":[-89.2994,42.7452]},"properties":{"PARKING_LOT_NAME":"Hwy-59 S (Westside)","LOCATION_DESC":null}},{"type":"Feature","geometry":{"type":"Point","coordinates":[-89.2993,42.7528]},"properties":{"PARKING_LOT_NAME":"Hwy-59 N (Westside)","LOCATION_DESC":null}},{"type":"Feature","geometry":{"type":"Point","coordinates":[-90.9579,44.0713]},"properties":{"PARKING_LOT_NAME":"South side parking lot","LOCATION_DESC":null}},{"type":"Feature","geometry":{"type":"Point","coordinates":[-90.9638,44.0854]},"properties":{"PARKING_LOT_NAME":"North side parking lot","LOCATION_DESC":null}},{"type":"Feature","geometry":{"type":"Point","coordinates":[-91.0195,43.3216]},"properties":{"PARKING_LOT_NAME":"Copper Creek parking lot.","LOCATION_DESC":null}},{"type":"Feature","geometry":{"type":"Point","coordinates":[-90.9351,43.1337]},"properties":{"PARKING_LOT_NAME":"Plum Creek","LOCATION_DESC":null}},{"type":"Feature","geometry":{"type":"Point","coordinates":[-90.7455,43.2167]},"properties":{"PARKING_LOT_NAME":"Richland Creek","LOCATION_DESC":null}},{"type":"Feature","geometry":{"type":"Point","coordinates":[-92.5832,44.8482]},"properties":{"PARKING_LOT_NAME":"900th St Parking Lot","LOCATION_DESC":null}},{"type":"Feature","geometry":{"type":"Point","coordinates":[-92.5631,44.8504]},"properties":{"PARKING_LOT_NAME":"Hamilton Shed Parking Area","LOCATION_DESC":null}},{"type":"Feature","geometry":{"type":"Point","coordinates":[-92.6137,44.8864]},"properties":{"PARKING_LOT_NAME":"Hwy 65 Parking Lot","LOCATION_DESC":null}},{"type":"Feature","geometry":{"type":"Point","coordinates":[-92.2742,45.4538]},"properties":{"PARKING_LOT_NAME":"9RB","LOCATION_DESC":null}},{"type":"Feature","geometry":{"type":"Point","coordinates":[-92.2605,45.4878]},"properties":{"PARKING_LOT_NAME":"8RB","LOCATION_DESC":null}},{"type":"Feature","geometry":{"type":"Point","coordinates":[-92.2643,45.4902]},"properties":{"PARKING_LOT_NAME":"7RB","LOCATION_DESC":null}},{"type":"Feature","geometry":{"type":"Point","coordinates":[-92.2696,45.49]},"properties":{"PARKING_LOT_NAME":"6RB","LOCATION_DESC":null}},{"type":"Feature","geometry":{"type":"Point","coordinates":[-92.2637,45.4965]},"properties":{"PARKING_LOT_NAME":"4RB","LOCATION_DESC":null}},{"type":"Feature","geometry":{"type":"Point","coordinates":[-92.2494,45.4963]},"properties":{"PARKING_LOT_NAME":"3RB","LOCATION_DESC":null}},{"type":"Feature","geometry":{"type":"Point","coordinates":[-92.3004,45.6826]},"properties":{"PARKING_LOT_NAME":"1MC","LOCATION_DESC":null}},{"type":"Feature","geometry":{"type":"Point","coordinates":[-92.2838,45.6731]},"properties":{"PARKING_LOT_NAME":"2MC","LOCATION_DESC":null}},{"type":"Feature","geometry":{"type":"Point","coordinates":[-92.2583,45.6568]},"properties":{"PARKING_LOT_NAME":"3MC","LOCATION_DESC":null}},{"type":"Feature","geometry":{"type":"Point","coordinates":[-92.2581,45.6483]},"properties":{"PARKING_LOT_NAME":"4MC","LOCATION_DESC":null}},{"type":"Feature","geometry":{"type":"Point","coordinates":[-92.2583,45.6407]},"properties":{"PARKING_LOT_NAME":"5MC","LOCATION_DESC":null}},{"type":"Feature","geometry":{"type":"Point","coordinates":[-92.2593,45.6395]},"properties":{"PARKING_LOT_NAME":"6MC","LOCATION_DESC":null}},{"type":"Feature","geometry":{"type":"Point","coordinates":[-92.2742,45.6507]},"properties":{"PARKING_LOT_NAME":"7MC","LOCATION_DESC":null}},{"type":"Feature","geometry":{"type":"Point","coordinates":[-92.2839,45.6401]},"properties":{"PARKING_LOT_NAME":"8MC","LOCATION_DESC":null}},{"type":"Feature","geometry":{"type":"Point","coordinates":[-92.2924,45.6401]},"properties":{"PARKING_LOT_NAME":"9MC","LOCATION_DESC":null}},{"type":"Feature","geometry":{"type":"Point","coordinates":[-92.3038,45.6124]},"properties":{"PARKING_LOT_NAME":"11MC","LOCATION_DESC":null}},{"type":"Feature","geometry":{"type":"Point","coordinates":[-87.0822,45.0967]},"properties":{"PARKING_LOT_NAME":"Hwy Q Canoe Launch","LOCATION_DESC":null}},{"type":"Feature","geometry":{"type":"Point","coordinates":[-90.005,45.0967]},"properties":{"PARKING_LOT_NAME":"Meridian Road","LOCATION_DESC":null}},{"type":"Feature","geometry":{"type":"Point","coordinates":[-90.0207,45.1191]},"properties":{"PARKING_LOT_NAME":"County Line Parking Lot","LOCATION_DESC":null}},{"type":"Feature","geometry":{"type":"Point","coordinates":[-88.4371,45.9002]},"properties":{"PARKING_LOT_NAME":"Meyer's Falls North Parking Lot","LOCATION_DESC":null}},{"type":"Feature","geometry":{"type":"Point","coordinates":[-88.4207,45.903]},"properties":{"PARKING_LOT_NAME":"Pine River Access North","LOCATION_DESC":null}},{"type":"Feature","geometry":{"type":"Point","coordinates":[-88.408,45.8995]},"properties":{"PARKING_LOT_NAME":"Bull Falls North Parking Lot","LOCATION_DESC":null}},{"type":"Feature","geometry":{"type":"Point","coordinates":[-88.6675,45.1205]},"properties":{"PARKING_LOT_NAME":"Sunny Waters Access","LOCATION_DESC":null}},{"type":"Feature","geometry":{"type":"Point","coordinates":[-88.7349,45.1889]},"properties":{"PARKING_LOT_NAME":"LANGLADE RANGER STATION, T. WOLF RIVER","LOCATION_DESC":null}},{"type":"Feature","geometry":{"type":"Point","coordinates":[-90.7334,43.9872]},"properties":{"PARKING_LOT_NAME":"Hwy 21 (Front Lot)","LOCATION_DESC":null}},{"type":"Feature","geometry":{"type":"Point","coordinates":[-89.6564,43.7457]},"properties":{"PARKING_LOT_NAME":"Jordan Lake Boat Launch Parking","LOCATION_DESC":null}},{"type":"Feature","geometry":{"type":"Point","coordinates":[-89.2299,44.2999]},"properties":{"PARKING_LOT_NAME":"Stratton Lake Rd Lot 3","LOCATION_DESC":null}},{"type":"Feature","geometry":{"type":"Point","coordinates":[-89.2428,44.3013]},"properties":{"PARKING_LOT_NAME":"Stratton Lake Rd Lot 1 Ice Age ","LOCATION_DESC":null}},{"type":"Feature","geometry":{"type":"Point","coordinates":[-89.2037,44.3124]},"properties":{"PARKING_LOT_NAME":"West Rd","LOCATION_DESC":null}},{"type":"Feature","geometry":{"type":"Point","coordinates":[-89.3258,44.5695]},"properties":{"PARKING_LOT_NAME":"County Road Z","LOCATION_DESC":null}},{"type":"Feature","geometry":{"type":"Point","coordinates":[-89.308,44.4906]},"properties":{"PARKING_LOT_NAME":"Welton Rd","LOCATION_DESC":null}},{"type":"Feature","geometry":{"type":"Point","coordinates":[-89.3282,44.5131]},"properties":{"PARKING_LOT_NAME":"Rolling Hills Rd ","LOCATION_DESC":null}},{"type":"Feature","geometry":{"type":"Point","coordinates":[-89.9648,43.6356]},"properties":{"PARKING_LOT_NAME":"Woefl Rd.","LOCATION_DESC":null}},{"type":"Feature","geometry":{"type":"Point","coordinates":[-89.9176,43.6172]},"properties":{"PARKING_LOT_NAME":"Town Hall Rd East Parking Lot","LOCATION_DESC":null}},{"type":"Feature","geometry":{"type":"Point","coordinates":[-88.4096,44.9156]},"properties":{"PARKING_LOT_NAME":"Patzer Park, Hintz","LOCATION_DESC":null}},{"type":"Feature","geometry":{"type":"Point","coordinates":[-92.7321,44.8347]},"properties":{"PARKING_LOT_NAME":"Prairie Picnic Lot","LOCATION_DESC":null}},{"type":"Feature","geometry":{"type":"Point","coordinates":[-92.7371,44.8352]},"properties":{"PARKING_LOT_NAME":"Vulture's Peak","LOCATION_DESC":null}},{"type":"Feature","geometry":{"type":"Point","coordinates":[-92.7513,44.8339]},"properties":{"PARKING_LOT_NAME":"Kinnickinnic Overlook Lot","LOCATION_DESC":null}},{"type":"Feature","geometry":{"type":"Point","coordinates":[-92.7431,44.8353]},"properties":{"PARKING_LOT_NAME":"Valley Picnic Lot","LOCATION_DESC":null}},{"type":"Feature","geometry":{"type":"Point","coordinates":[-89.4615,45.3739]},"properties":{"PARKING_LOT_NAME":"HACKBARTH ROAD","LOCATION_DESC":null}},{"type":"Feature","geometry":{"type":"Point","coordinates":[-89.3589,44.8707]},"properties":{"PARKING_LOT_NAME":"Konkol Lot","LOCATION_DESC":null}},{"type":"Feature","geometry":{"type":"Point","coordinates":[-89.5271,45.326]},"properties":{"PARKING_LOT_NAME":"AXEN ROAD PARKING LOT","LOCATION_DESC":null}},{"type":"Feature","geometry":{"type":"Point","coordinates":[-89.4646,45.3361]},"properties":{"PARKING_LOT_NAME":"CCC PARKING LOT WEST","LOCATION_DESC":null}},{"type":"Feature","geometry":{"type":"Point","coordinates":[-89.5608,45.3533]},"properties":{"PARKING_LOT_NAME":"PAY SPRINGS PARKING LOT","LOCATION_DESC":null}},{"type":"Feature","geometry":{"type":"Point","coordinates":[-89.542,45.294]},"properties":{"PARKING_LOT_NAME":"HWY J (Barn) PARKING LOT","LOCATION_DESC":null}},{"type":"Feature","geometry":{"type":"Point","coordinates":[-89.6449,45.2269]},"properties":{"PARKING_LOT_NAME":"DEER TRAIL ROAD RIVER ACCESS","LOCATION_DESC":null}},{"type":"Feature","geometry":{"type":"Point","coordinates":[-89.6081,45.248]},"properties":{"PARKING_LOT_NAME":"YANKEE RAPIDS TRAIL","LOCATION_DESC":null}},{"type":"Feature","geometry":{"type":"Point","coordinates":[-89.6145,45.2644]},"properties":{"PARKING_LOT_NAME":"SPRING LAKE LOT #1","LOCATION_DESC":null}},{"type":"Feature","geometry":{"type":"Point","coordinates":[-89.6043,45.2645]},"properties":{"PARKING_LOT_NAME":"SPRING LAKE LOT #2","LOCATION_DESC":null}},{"type":"Feature","geometry":{"type":"Point","coordinates":[-89.7377,44.0028]},"properties":{"PARKING_LOT_NAME":"Little Roche-A-Cri Creek 8th Ave","LOCATION_DESC":null}},{"type":"Feature","geometry":{"type":"Point","coordinates":[-89.4656,45.3542]},"properties":{"PARKING_LOT_NAME":"Gross Lane","LOCATION_DESC":null}},{"type":"Feature","geometry":{"type":"Point","coordinates":[-92.4272,45.6122]},"properties":{"PARKING_LOT_NAME":"230th and 180th","LOCATION_DESC":null}},{"type":"Feature","geometry":{"type":"Point","coordinates":[-90.8235,43.2942]},"properties":{"PARKING_LOT_NAME":"Sand Creek Rd","LOCATION_DESC":null}},{"type":"Feature","geometry":{"type":"Point","coordinates":[-90.2726,43.0215]},"properties":{"PARKING_LOT_NAME":"Plank Road (N) - East Side Prairie Lot","LOCATION_DESC":null}},{"type":"Feature","geometry":{"type":"Point","coordinates":[-89.8788,43.5665]},"properties":{"PARKING_LOT_NAME":"Peacock Lane Parking Lot","LOCATION_DESC":null}},{"type":"Feature","geometry":{"type":"Point","coordinates":[-87.6257,45.0441]},"properties":{"PARKING_LOT_NAME":"Little River Landing Statewide Public Access","LOCATION_DESC":null}},{"type":"Feature","geometry":{"type":"Point","coordinates":[-88.4085,45.8]},"properties":{"PARKING_LOT_NAME":"Big Bull Falls","LOCATION_DESC":null}},{"type":"Feature","geometry":{"type":"Point","coordinates":[-88.2874,45.8212]},"properties":{"PARKING_LOT_NAME":"Lasalle Falls Parking Lot","LOCATION_DESC":null}},{"type":"Feature","geometry":{"type":"Point","coordinates":[-88.173,45.8649]},"properties":{"PARKING_LOT_NAME":"Overlook Road Parking Lot","LOCATION_DESC":null}},{"type":"Feature","geometry":{"type":"Point","coordinates":[-88.1844,45.8191]},"properties":{"PARKING_LOT_NAME":"Winchester Parking Lot","LOCATION_DESC":null}},{"type":"Feature","geometry":{"type":"Point","coordinates":[-88.3207,43.3983]},"properties":{"PARKING_LOT_NAME":"Wildlife rd N","LOCATION_DESC":null}},{"type":"Feature","geometry":{"type":"Point","coordinates":[-88.3398,45.839]},"properties":{"PARKING_LOT_NAME":"Jutra Lake Rd. Parking Lot","LOCATION_DESC":null}},{"type":"Feature","geometry":{"type":"Point","coordinates":[-88.4629,45.7639]},"properties":{"PARKING_LOT_NAME":"Morgan Lake Rd. Access Parking Lot","LOCATION_DESC":null}},{"type":"Feature","geometry":{"type":"Point","coordinates":[-89.8773,44.2608]},"properties":{"PARKING_LOT_NAME":null,"LOCATION_DESC":null}},{"type":"Feature","geometry":{"type":"Point","coordinates":[-89.811,44.2609]},"properties":{"PARKING_LOT_NAME":"Parking lot by HWY 13","LOCATION_DESC":null}},{"type":"Feature","geometry":{"type":"Point","coordinates":[-89.6149,43.794]},"properties":{"PARKING_LOT_NAME":"1st Lane Parking Area","LOCATION_DESC":null}},{"type":"Feature","geometry":{"type":"Point","coordinates":[-89.6348,43.8255]},"properties":{"PARKING_LOT_NAME":"Parking off of CTH A","LOCATION_DESC":null}},{"type":"Feature","geometry":{"type":"Point","coordinates":[-87.7819,43.932]},"properties":{"PARKING_LOT_NAME":"S. Union Road","LOCATION_DESC":null}},{"type":"Feature","geometry":{"type":"Point","coordinates":[-89.5591,45.3524]},"properties":{"PARKING_LOT_NAME":"Alta Springs IAT Parking","LOCATION_DESC":null}},{"type":"Feature","geometry":{"type":"Point","coordinates":[-89.719,42.8944]},"properties":{"PARKING_LOT_NAME":"SWGSCA Perry Primrose BCA ","LOCATION_DESC":null}},{"type":"Feature","geometry":{"type":"Point","coordinates":[-89.7905,45.2804]},"properties":{"PARKING_LOT_NAME":"Hwy 107 7","LOCATION_DESC":null}},{"type":"Feature","geometry":{"type":"Point","coordinates":[-90.6204,44.0757]},"properties":{"PARKING_LOT_NAME":"Cty E @ Ft. McCoy","LOCATION_DESC":null}},{"type":"Feature","geometry":{"type":"Point","coordinates":[-87.7169,43.6673]},"properties":{"PARKING_LOT_NAME":"NATURE CENTER LOT","LOCATION_DESC":null}},{"type":"Feature","geometry":{"type":"Point","coordinates":[-87.7204,43.6835]},"properties":{"PARKING_LOT_NAME":"BLACK RIVER TRAIL LOT","LOCATION_DESC":null}},{"type":"Feature","geometry":{"type":"Point","coordinates":[-87.7179,43.6719]},"properties":{"PARKING_LOT_NAME":"PARK OFFICE LOT","LOCATION_DESC":null}},{"type":"Feature","geometry":{"type":"Point","coordinates":[-87.7132,43.6726]},"properties":{"PARKING_LOT_NAME":"NORTH BEACH","LOCATION_DESC":null}},{"type":"Feature","geometry":{"type":"Point","coordinates":[-89.2511,44.1924]},"properties":{"PARKING_LOT_NAME":"Visitor Center North Lot","LOCATION_DESC":null}},{"type":"Feature","geometry":{"type":"Point","coordinates":[-89.251,44.1918]},"properties":{"PARKING_LOT_NAME":"Historic Hatchery Visitor Parking","LOCATION_DESC":null}},{"type":"Feature","geometry":{"type":"Point","coordinates":[-89.2486,44.1919]},"properties":{"PARKING_LOT_NAME":"Upper Office Parking","LOCATION_DESC":null}},{"type":"Feature","geometry":{"type":"Point","coordinates":[-89.249,44.1918]},"properties":{"PARKING_LOT_NAME":"Lower Office Parking","LOCATION_DESC":null}},{"type":"Feature","geometry":{"type":"Point","coordinates":[-89.2506,44.196]},"properties":{"PARKING_LOT_NAME":"Coldwater Delivery Lot","LOCATION_DESC":null}},{"type":"Feature","geometry":{"type":"Point","coordinates":[-89.5248,43.4776]},"properties":{"PARKING_LOT_NAME":"Lost Lake Parking Lot","LOCATION_DESC":null}},{"type":"Feature","geometry":{"type":"Point","coordinates":[-92.7333,44.8315]},"properties":{"PARKING_LOT_NAME":"Angler's Lot","LOCATION_DESC":null}},{"type":"Feature","geometry":{"type":"Point","coordinates":[-92.7621,44.8193]},"properties":{"PARKING_LOT_NAME":"Hunter's West Lot","LOCATION_DESC":null}},{"type":"Feature","geometry":{"type":"Point","coordinates":[-92.7459,44.8195]},"properties":{"PARKING_LOT_NAME":"Hunter's East Lot","LOCATION_DESC":null}},{"type":"Feature","geometry":{"type":"Point","coordinates":[-89.8368,43.5562]},"properties":{"PARKING_LOT_NAME":"ML Road Lot","LOCATION_DESC":null}},{"type":"Feature","geometry":{"type":"Point","coordinates":[-90.8148,44.2776]},"properties":{"PARKING_LOT_NAME":"7TH ST ATV LOT","LOCATION_DESC":null}},{"type":"Feature","geometry":{"type":"Point","coordinates":[-90.6346,44.198]},"properties":{"PARKING_LOT_NAME":"NORTH SETTLEMENT RD ATV LOT","LOCATION_DESC":null}},{"type":"Feature","geometry":{"type":"Point","coordinates":[-90.6618,44.2001]},"properties":{"PARKING_LOT_NAME":"HWY 12 ATV LOT","LOCATION_DESC":null}},{"type":"Feature","geometry":{"type":"Point","coordinates":[-90.5804,44.2441]},"properties":{"PARKING_LOT_NAME":"WILDCAT TRAILS","LOCATION_DESC":null}},{"type":"Feature","geometry":{"type":"Point","coordinates":[-90.617,44.2137]},"properties":{"PARKING_LOT_NAME":"PIGEON CREEK FLOWAGE LOT","LOCATION_DESC":null}},{"type":"Feature","geometry":{"type":"Point","coordinates":[-90.616,44.2149]},"properties":{"PARKING_LOT_NAME":"PIGEON CREEK CAMPGROUND 1","LOCATION_DESC":null}},{"type":"Feature","geometry":{"type":"Point","coordinates":[-90.6171,44.2145]},"properties":{"PARKING_LOT_NAME":"PIGEON CREEK CAMPGROUND 2","LOCATION_DESC":null}},{"type":"Feature","geometry":{"type":"Point","coordinates":[-90.6169,44.2143]},"properties":{"PARKING_LOT_NAME":"PIGEON CREEK CAMPGROUND 3","LOCATION_DESC":null}},{"type":"Feature","geometry":{"type":"Point","coordinates":[-90.8292,44.2838]},"properties":{"PARKING_LOT_NAME":"CASTLE MOUND OFFICE","LOCATION_DESC":null}},{"type":"Feature","geometry":{"type":"Point","coordinates":[-90.8283,44.2831]},"properties":{"PARKING_LOT_NAME":"CASTLE MOUND PICNIC","LOCATION_DESC":null}},{"type":"Feature","geometry":{"type":"Point","coordinates":[-90.8288,44.2828]},"properties":{"PARKING_LOT_NAME":"CASTLE MOUND TRAILS","LOCATION_DESC":null}},{"type":"Feature","geometry":{"type":"Point","coordinates":[-90.7858,44.3591]},"properties":{"PARKING_LOT_NAME":"HALLS CREEK 1","LOCATION_DESC":null}},{"type":"Feature","geometry":{"type":"Point","coordinates":[-90.7848,44.3591]},"properties":{"PARKING_LOT_NAME":"HALLS CREEK 2","LOCATION_DESC":null}},{"type":"Feature","geometry":{"type":"Point","coordinates":[-90.6522,43.5049]},"properties":{"PARKING_LOT_NAME":"V1","LOCATION_DESC":null}},{"type":"Feature","geometry":{"type":"Point","coordinates":[-92.4569,45.1214]},"properties":{"PARKING_LOT_NAME":"V127b","LOCATION_DESC":null}},{"type":"Feature","geometry":{"type":"Point","coordinates":[-92.4518,45.1227]},"properties":{"PARKING_LOT_NAME":"V127c","LOCATION_DESC":null}},{"type":"Feature","geometry":{"type":"Point","coordinates":[-92.436,45.1267]},"properties":{"PARKING_LOT_NAME":"V127d","LOCATION_DESC":null}},{"type":"Feature","geometry":{"type":"Point","coordinates":[-92.4575,45.1014]},"properties":{"PARKING_LOT_NAME":"Schmit","LOCATION_DESC":null}},{"type":"Feature","geometry":{"type":"Point","coordinates":[-92.5919,44.7318]},"properties":{"PARKING_LOT_NAME":"V147a","LOCATION_DESC":null}},{"type":"Feature","geometry":{"type":"Point","coordinates":[-92.415,44.9038]},"properties":{"PARKING_LOT_NAME":"V161","LOCATION_DESC":null}},{"type":"Feature","geometry":{"type":"Point","coordinates":[-89.2643,45.0513]},"properties":{"PARKING_LOT_NAME":"V182","LOCATION_DESC":null}},{"type":"Feature","geometry":{"type":"Point","coordinates":[-91.0372,46.5673]},"properties":{"PARKING_LOT_NAME":"Karaba Road Access (west)","LOCATION_DESC":null}},{"type":"Feature","geometry":{"type":"Point","coordinates":[-91.0327,46.5674]},"properties":{"PARKING_LOT_NAME":"Karaba Road Access (east)","LOCATION_DESC":null}},{"type":"Feature","geometry":{"type":"Point","coordinates":[-90.8633,46.7911]},"properties":{"PARKING_LOT_NAME":"Birch Run Access","LOCATION_DESC":null}},{"type":"Feature","geometry":{"type":"Point","coordinates":[-91.3214,46.7607]},"properties":{"PARKING_LOT_NAME":"Flagg River Road (east)","LOCATION_DESC":null}},{"type":"Feature","geometry":{"type":"Point","coordinates":[-92.2793,46.5953]},"properties":{"PARKING_LOT_NAME":"CTH W Access","LOCATION_DESC":null}},{"type":"Feature","geometry":{"type":"Point","coordinates":[-89.6582,44.0776]},"properties":{"PARKING_LOT_NAME":"4th Ave","LOCATION_DESC":null}},{"type":"Feature","geometry":{"type":"Point","coordinates":[-91.6552,45.9756]},"properties":{"PARKING_LOT_NAME":"North Springbrook Landing Lot","LOCATION_DESC":null}},{"type":"Feature","geometry":{"type":"Point","coordinates":[-91.619,45.9146]},"properties":{"PARKING_LOT_NAME":"Hwy E Lot east of Firelane Rd","LOCATION_DESC":null}},{"type":"Feature","geometry":{"type":"Point","coordinates":[-91.6425,45.9032]},"properties":{"PARKING_LOT_NAME":"Lester Rd P. Lot","LOCATION_DESC":null}},{"type":"Feature","geometry":{"type":"Point","coordinates":[-91.6614,45.8998]},"properties":{"PARKING_LOT_NAME":"Hwy M P. Lot","LOCATION_DESC":null}},{"type":"Feature","geometry":{"type":"Point","coordinates":[-91.134,46.8573]},"properties":{"PARKING_LOT_NAME":"Lost Creek Bog","LOCATION_DESC":null}},{"type":"Feature","geometry":{"type":"Point","coordinates":[-91.824,45.7514]},"properties":{"PARKING_LOT_NAME":null,"LOCATION_DESC":null}},{"type":"Feature","geometry":{"type":"Point","coordinates":[-91.8828,45.8048]},"properties":{"PARKING_LOT_NAME":null,"LOCATION_DESC":null}},{"type":"Feature","geometry":{"type":"Point","coordinates":[-91.8686,45.5241]},"properties":{"PARKING_LOT_NAME":"Hickey Creek 80","LOCATION_DESC":null}},{"type":"Feature","geometry":{"type":"Point","coordinates":[-91.3066,45.7951]},"properties":{"PARKING_LOT_NAME":"Town of Couderay Lot","LOCATION_DESC":null}},{"type":"Feature","geometry":{"type":"Point","coordinates":[-91.8026,45.9539]},"properties":{"PARKING_LOT_NAME":"Lakeside Rd Parking Lot","LOCATION_DESC":null}},{"type":"Feature","geometry":{"type":"Point","coordinates":[-90.8625,46.7864]},"properties":{"PARKING_LOT_NAME":"Salmo Trail Parking Lot","LOCATION_DESC":null}},{"type":"Feature","geometry":{"type":"Point","coordinates":[-88.2433,42.8009]},"properties":{"PARKING_LOT_NAME":"Marsh Road (Middle) Circle Lot","LOCATION_DESC":null}},{"type":"Feature","geometry":{"type":"Point","coordinates":[-91.8075,45.9495]},"properties":{"PARKING_LOT_NAME":"Jacobson Rd Parking Lot","LOCATION_DESC":null}},{"type":"Feature","geometry":{"type":"Point","coordinates":[-92.674,45.0172]},"properties":{"PARKING_LOT_NAME":"Willow Falls South","LOCATION_DESC":null}},{"type":"Feature","geometry":{"type":"Point","coordinates":[-92.6801,45.0125]},"properties":{"PARKING_LOT_NAME":"Orange Trail Lot with 20'x75' approach","LOCATION_DESC":null}},{"type":"Feature","geometry":{"type":"Point","coordinates":[-92.6673,45.0283]},"properties":{"PARKING_LOT_NAME":"RIVER ROAD LOT, PLUS 28'X24' APPROACH","LOCATION_DESC":null}},{"type":"Feature","geometry":{"type":"Point","coordinates":[-92.7052,45.0131]},"properties":{"PARKING_LOT_NAME":"BEACH LOT","LOCATION_DESC":null}},{"type":"Feature","geometry":{"type":"Point","coordinates":[-92.6982,45.0134]},"properties":{"PARKING_LOT_NAME":"BOAT LAUNCH LOT","LOCATION_DESC":null}},{"type":"Feature","geometry":{"type":"Point","coordinates":[-92.7053,45.0153]},"properties":{"PARKING_LOT_NAME":"DAM LOT","LOCATION_DESC":null}},{"type":"Feature","geometry":{"type":"Point","coordinates":[-92.69,45.0144]},"properties":{"PARKING_LOT_NAME":"FLUSH TOILET LOT","LOCATION_DESC":null}},{"type":"Feature","geometry":{"type":"Point","coordinates":[-92.6492,45.029]},"properties":{"PARKING_LOT_NAME":"MOUND LOT, PLUS 128'X24' APPROACH","LOCATION_DESC":null}},{"type":"Feature","geometry":{"type":"Point","coordinates":[-92.7052,45.0126]},"properties":{"PARKING_LOT_NAME":"NATURE CENTER LOT","LOCATION_DESC":null}},{"type":"Feature","geometry":{"type":"Point","coordinates":[-92.7081,45.0229]},"properties":{"PARKING_LOT_NAME":"NELSON FARM ROAD, PLUS 30'X24' APPROACH","LOCATION_DESC":null}},{"type":"Feature","geometry":{"type":"Point","coordinates":[-92.679,45.0125]},"properties":{"PARKING_LOT_NAME":"OFFICE LOT","LOCATION_DESC":null}},{"type":"Feature","geometry":{"type":"Point","coordinates":[-92.6388,45.0356]},"properties":{"PARKING_LOT_NAME":"RATTLEBRIDGE LOT, PLUS 450'X24' APPROACH","LOCATION_DESC":null}},{"type":"Feature","geometry":{"type":"Point","coordinates":[-92.705,45.0136]},"properties":{"PARKING_LOT_NAME":"RV LOT","LOCATION_DESC":null}},{"type":"Feature","geometry":{"type":"Point","coordinates":[-92.6829,45.012]},"properties":{"PARKING_LOT_NAME":"SHOP LOT","LOCATION_DESC":null}},{"type":"Feature","geometry":{"type":"Point","coordinates":[-92.7203,45.0023]},"properties":{"PARKING_LOT_NAME":"TROUTBROOK RACE LOT","LOCATION_DESC":null}},{"type":"Feature","geometry":{"type":"Point","coordinates":[-92.7207,45.0038]},"properties":{"PARKING_LOT_NAME":"TROUTBROOK WILLOW LOT, PLUS 38'X24' APPROACH","LOCATION_DESC":null}},{"type":"Feature","geometry":{"type":"Point","coordinates":[-92.6739,45.0172]},"properties":{"PARKING_LOT_NAME":"WILLOW FALLS LOT, PLUS 80'X24' APPROCH","LOCATION_DESC":null}},{"type":"Feature","geometry":{"type":"Point","coordinates":[-92.6567,45.0254]},"properties":{"PARKING_LOT_NAME":"WILLOWBY LOT, PLUS 46'X24' APPROACH","LOCATION_DESC":null}},{"type":"Feature","geometry":{"type":"Point","coordinates":[-92.7217,45.0046]},"properties":{"PARKING_LOT_NAME":"WOLKOFF LOT","LOCATION_DESC":null}},{"type":"Feature","geometry":{"type":"Point","coordinates":[-92.684,45.014]},"properties":{"PARKING_LOT_NAME":"200 Campground Lot","LOCATION_DESC":null}},{"type":"Feature","geometry":{"type":"Point","coordinates":[-92.6786,45.015]},"properties":{"PARKING_LOT_NAME":"100 Campground Shower Lot","LOCATION_DESC":null}},{"type":"Feature","geometry":{"type":"Point","coordinates":[-92.6851,45.0137]},"properties":{"PARKING_LOT_NAME":"200 Lower Loop Lot","LOCATION_DESC":null}},{"type":"Feature","geometry":{"type":"Point","coordinates":[-92.679,45.0152]},"properties":{"PARKING_LOT_NAME":"100 Lower Overflow Lot","LOCATION_DESC":null}},{"type":"Feature","geometry":{"type":"Point","coordinates":[-92.6781,45.0158]},"properties":{"PARKING_LOT_NAME":"100 Upper Overflow Lot","LOCATION_DESC":null}},{"type":"Feature","geometry":{"type":"Point","coordinates":[-92.6796,45.0158]},"properties":{"PARKING_LOT_NAME":"100 Vault Toilet Lot","LOCATION_DESC":null}},{"type":"Feature","geometry":{"type":"Point","coordinates":[-92.6788,45.0123]},"properties":{"PARKING_LOT_NAME":"Office Staff Parking Lot","LOCATION_DESC":null}},{"type":"Feature","geometry":{"type":"Point","coordinates":[-92.7398,44.8361]},"properties":{"PARKING_LOT_NAME":"Shop Lot","LOCATION_DESC":null}},{"type":"Feature","geometry":{"type":"Point","coordinates":[-89.834,43.5478]},"properties":{"PARKING_LOT_NAME":"Shady Ln Prairie","LOCATION_DESC":null}},{"type":"Feature","geometry":{"type":"Point","coordinates":[-89.8383,43.563]},"properties":{"PARKING_LOT_NAME":"Canoe Launch","LOCATION_DESC":null}},{"type":"Feature","geometry":{"type":"Point","coordinates":[-89.4962,42.8143]},"properties":{"PARKING_LOT_NAME":"CR-X (N) Story Creek","LOCATION_DESC":null}},{"type":"Feature","geometry":{"type":"Point","coordinates":[-88.4507,43.112]},"properties":{"PARKING_LOT_NAME":null,"LOCATION_DESC":null}},{"type":"Feature","geometry":{"type":"Point","coordinates":[-88.4352,42.8553]},"properties":{"PARKING_LOT_NAME":null,"LOCATION_DESC":null}},{"type":"Feature","geometry":{"type":"Point","coordinates":[-88.3859,45.8327]},"properties":{"PARKING_LOT_NAME":null,"LOCATION_DESC":null}},{"type":"Feature","geometry":{"type":"Point","coordinates":[-92.5888,44.8942]},"properties":{"PARKING_LOT_NAME":"River Drive- North","LOCATION_DESC":null}},{"type":"Feature","geometry":{"type":"Point","coordinates":[-92.618,44.8763]},"properties":{"PARKING_LOT_NAME":"QUARRY ROAD PARKING LOT","LOCATION_DESC":null}},{"type":"Feature","geometry":{"type":"Point","coordinates":[-91.2798,44.2951]},"properties":{"PARKING_LOT_NAME":"DOT Lot","LOCATION_DESC":null}},{"type":"Feature","geometry":{"type":"Point","coordinates":[-91.287,44.2976]},"properties":{"PARKING_LOT_NAME":"Cty. N","LOCATION_DESC":null}},{"type":"Feature","geometry":{"type":"Point","coordinates":[-92.6761,45.3455]},"properties":{"PARKING_LOT_NAME":"Osceola Hatchery Visitor Parking","LOCATION_DESC":null}},{"type":"Feature","geometry":{"type":"Point","coordinates":[-92.6824,45.3489]},"properties":{"PARKING_LOT_NAME":"HATCHERY PARKING LOT (COUNTY S)","LOCATION_DESC":null}},{"type":"Feature","geometry":{"type":"Point","coordinates":[-92.6823,45.3496]},"properties":{"PARKING_LOT_NAME":"HATCHERY PARKING LOT","LOCATION_DESC":null}},{"type":"Feature","geometry":{"type":"Point","coordinates":[-89.8145,44.0021]},"properties":{"PARKING_LOT_NAME":"CAMP TOILET 1","LOCATION_DESC":null}},{"type":"Feature","geometry":{"type":"Point","coordinates":[-89.8164,44.0026]},"properties":{"PARKING_LOT_NAME":"CAMP TOILET 2","LOCATION_DESC":null}},{"type":"Feature","geometry":{"type":"Point","coordinates":[-89.8171,43.9962]},"properties":{"PARKING_LOT_NAME":"CZECH","LOCATION_DESC":null}},{"type":"Feature","geometry":{"type":"Point","coordinates":[-89.8201,44.0016]},"properties":{"PARKING_LOT_NAME":"HISTORIC MARKER","LOCATION_DESC":null}},{"type":"Feature","geometry":{"type":"Point","coordinates":[-89.821,44.004]},"properties":{"PARKING_LOT_NAME":"KIOSK","LOCATION_DESC":null}},{"type":"Feature","geometry":{"type":"Point","coordinates":[-89.8183,44.0049]},"properties":{"PARKING_LOT_NAME":"MOUND TRAIL","LOCATION_DESC":null}},{"type":"Feature","geometry":{"type":"Point","coordinates":[-89.8135,44.0]},"properties":{"PARKING_LOT_NAME":"OFFICE","LOCATION_DESC":null}},{"type":"Feature","geometry":{"type":"Point","coordinates":[-89.8132,44.0022]},"properties":{"PARKING_LOT_NAME":"OVERFLOW 1","LOCATION_DESC":null}},{"type":"Feature","geometry":{"type":"Point","coordinates":[-89.8136,44.0013]},"properties":{"PARKING_LOT_NAME":"OVERFLOW 2","LOCATION_DESC":null}},{"type":"Feature","geometry":{"type":"Point","coordinates":[-89.8182,44.0003]},"properties":{"PARKING_LOT_NAME":"PETROGLYPH","LOCATION_DESC":null}},{"type":"Feature","geometry":{"type":"Point","coordinates":[-89.8175,44.0007]},"properties":{"PARKING_LOT_NAME":"PETROGLYPH ACCESSIBLE SPOT","LOCATION_DESC":null}},{"type":"Feature","geometry":{"type":"Point","coordinates":[-89.8085,44.0098]},"properties":{"PARKING_LOT_NAME":"Cypress Ave","LOCATION_DESC":null}},{"type":"Feature","geometry":{"type":"Point","coordinates":[-90.8789,46.8048]},"properties":{"PARKING_LOT_NAME":"Star Route Road East","LOCATION_DESC":null}},{"type":"Feature","geometry":{"type":"Point","coordinates":[-87.9662,45.5837]},"properties":{"PARKING_LOT_NAME":"Miscuano - end of access road","LOCATION_DESC":null}},{"type":"Feature","geometry":{"type":"Point","coordinates":[-91.1949,46.4293]},"properties":{"PARKING_LOT_NAME":"Sutherland","LOCATION_DESC":null}},{"type":"Feature","geometry":{"type":"Point","coordinates":[-92.5584,44.9015]},"properties":{"PARKING_LOT_NAME":"Red Cabin Site","LOCATION_DESC":null}},{"type":"Feature","geometry":{"type":"Point","coordinates":[-92.5335,44.928]},"properties":{"PARKING_LOT_NAME":"Old Cemetery Road- Ross","LOCATION_DESC":null}},{"type":"Feature","geometry":{"type":"Point","coordinates":[-89.4707,42.8787]},"properties":{"PARKING_LOT_NAME":" Bell Brook Rd (E)","LOCATION_DESC":null}},{"type":"Feature","geometry":{"type":"Point","coordinates":[-92.0935,45.6962]},"properties":{"PARKING_LOT_NAME":"Hwy H 2nd lot South of Hwy EE","LOCATION_DESC":null}},{"type":"Feature","geometry":{"type":"Point","coordinates":[-92.0935,45.6933]},"properties":{"PARKING_LOT_NAME":"Hwy H 3 Lot South of Hwy EE","LOCATION_DESC":null}},{"type":"Feature","geometry":{"type":"Point","coordinates":[-92.0935,45.7142]},"properties":{"PARKING_LOT_NAME":"Hwy H 1st Lot North of Hwy EE","LOCATION_DESC":null}},{"type":"Feature","geometry":{"type":"Point","coordinates":[-92.0931,45.7176]},"properties":{"PARKING_LOT_NAME":"Hwy H 3rd Lot North of Hwy EE","LOCATION_DESC":null}},{"type":"Feature","geometry":{"type":"Point","coordinates":[-92.1099,45.7126]},"properties":{"PARKING_LOT_NAME":"Hwy EE west parking lot","LOCATION_DESC":null}},{"type":"Feature","geometry":{"type":"Point","coordinates":[-92.1279,45.7403]},"properties":{"PARKING_LOT_NAME":"Sand Rd East Parking Lot","LOCATION_DESC":null}},{"type":"Feature","geometry":{"type":"Point","coordinates":[-92.0815,45.7122]},"properties":{"PARKING_LOT_NAME":"Heart Lake Rd West Parking Lot","LOCATION_DESC":null}},{"type":"Feature","geometry":{"type":"Point","coordinates":[-89.5133,44.4648]},"properties":{"PARKING_LOT_NAME":"Rooseveldt Drive","LOCATION_DESC":null}},{"type":"Feature","geometry":{"type":"Point","coordinates":[-89.8772,44.2609]},"properties":{"PARKING_LOT_NAME":"Ten Mile Ave ","LOCATION_DESC":null}},{"type":"Feature","geometry":{"type":"Point","coordinates":[-89.6277,44.1774]},"properties":{"PARKING_LOT_NAME":"Archer Dr","LOCATION_DESC":null}},{"type":"Feature","geometry":{"type":"Point","coordinates":[-89.7891,43.6744]},"properties":{"PARKING_LOT_NAME":"CRANDALL PINES LOT","LOCATION_DESC":null}},{"type":"Feature","geometry":{"type":"Point","coordinates":[-88.8196,45.3857]},"properties":{"PARKING_LOT_NAME":"Bog Brook Access","LOCATION_DESC":null}},{"type":"Feature","geometry":{"type":"Point","coordinates":[-89.6373,42.9346]},"properties":{"PARKING_LOT_NAME":"STH 92 Lot 2","LOCATION_DESC":null}},{"type":"Feature","geometry":{"type":"Point","coordinates":[-88.7011,42.8043]},"properties":{"PARKING_LOT_NAME":"Millis Rd","LOCATION_DESC":null}},{"type":"Feature","geometry":{"type":"Point","coordinates":[-91.0992,44.2142]},"properties":{"PARKING_LOT_NAME":null,"LOCATION_DESC":null}},{"type":"Feature","geometry":{"type":"Point","coordinates":[-91.4571,44.1678]},"properties":{"PARKING_LOT_NAME":"County Road F","LOCATION_DESC":null}},{"type":"Feature","geometry":{"type":"Point","coordinates":[-88.1256,45.5707]},"properties":{"PARKING_LOT_NAME":"Trout Haven Lane","LOCATION_DESC":null}},{"type":"Feature","geometry":{"type":"Point","coordinates":[-88.101,45.5223]},"properties":{"PARKING_LOT_NAME":"Dolan Lake Rd","LOCATION_DESC":null}},{"type":"Feature","geometry":{"type":"Point","coordinates":[-88.1159,45.5679]},"properties":{"PARKING_LOT_NAME":"Rugeville Rd","LOCATION_DESC":null}},{"type":"Feature","geometry":{"type":"Point","coordinates":[-88.0786,45.5668]},"properties":{"PARKING_LOT_NAME":"Holsopple Ln","LOCATION_DESC":null}},{"type":"Feature","geometry":{"type":"Point","coordinates":[-88.4352,42.8553]},"properties":{"PARKING_LOT_NAME":"Eagle Spring Lake Public Access","LOCATION_DESC":null}},{"type":"Feature","geometry":{"type":"Point","coordinates":[-89.9127,43.6249]},"properties":{"PARKING_LOT_NAME":"Adamski Rd","LOCATION_DESC":null}},{"type":"Feature","geometry":{"type":"Point","coordinates":[-89.9105,43.6128]},"properties":{"PARKING_LOT_NAME":"North Ave. East","LOCATION_DESC":null}},{"type":"Feature","geometry":{"type":"Point","coordinates":[-89.5124,43.9958]},"properties":{"PARKING_LOT_NAME":"Czech Ave Lot 2","LOCATION_DESC":null}},{"type":"Feature","geometry":{"type":"Point","coordinates":[-89.2761,44.0843]},"properties":{"PARKING_LOT_NAME":"Swamp Rd Lot 1","LOCATION_DESC":null}},{"type":"Feature","geometry":{"type":"Point","coordinates":[-89.4639,43.9091]},"properties":{"PARKING_LOT_NAME":"Dyke Ave","LOCATION_DESC":null}},{"type":"Feature","geometry":{"type":"Point","coordinates":[-89.6438,44.3371]},"properties":{"PARKING_LOT_NAME":"Historical Kiosk","LOCATION_DESC":null}},{"type":"Feature","geometry":{"type":"Point","coordinates":[-89.4169,45.1485]},"properties":{"PARKING_LOT_NAME":"Lot 1","LOCATION_DESC":null}},{"type":"Feature","geometry":{"type":"Point","coordinates":[-89.3542,45.1432]},"properties":{"PARKING_LOT_NAME":"Lot 8","LOCATION_DESC":null}},{"type":"Feature","geometry":{"type":"Point","coordinates":[-91.8901,44.679]},"properties":{"PARKING_LOT_NAME":"Nine Mile Parking lot 2","LOCATION_DESC":null}},{"type":"Feature","geometry":{"type":"Point","coordinates":[-91.8721,44.6988]},"properties":{"PARKING_LOT_NAME":"Lower Chippewa River Whole tree lot","LOCATION_DESC":null}},{"type":"Feature","geometry":{"type":"Point","coordinates":[-91.8603,44.6981]},"properties":{"PARKING_LOT_NAME":"Lower Chippewa River Pine Ridge lot","LOCATION_DESC":null}},{"type":"Feature","geometry":{"type":"Point","coordinates":[-91.8799,44.684]},"properties":{"PARKING_LOT_NAME":"Nine Mile Lot 1 by County Road M & MM","LOCATION_DESC":null}},{"type":"Feature","geometry":{"type":"Point","coordinates":[-89.9128,43.6249]},"properties":{"PARKING_LOT_NAME":"Adamski Rd","LOCATION_DESC":null}},{"type":"Feature","geometry":{"type":"Point","coordinates":[-89.5974,44.1755]},"properties":{"PARKING_LOT_NAME":"1st Ave","LOCATION_DESC":null}},{"type":"Feature","geometry":{"type":"Point","coordinates":[-89.5973,44.1756]},"properties":{"PARKING_LOT_NAME":"1st Ave","LOCATION_DESC":null}},{"type":"Feature","geometry":{"type":"Point","coordinates":[-88.9341,44.1127]},"properties":{"PARKING_LOT_NAME":"Blackhawk Ave","LOCATION_DESC":null}},{"type":"Feature","geometry":{"type":"Point","coordinates":[-89.1289,44.6171]},"properties":{"PARKING_LOT_NAME":"Wolf River Rd Lot 2","LOCATION_DESC":null}},{"type":"Feature","geometry":{"type":"Point","coordinates":[-87.8888,45.4468]},"properties":{"PARKING_LOT_NAME":"Holmes Creek Rd","LOCATION_DESC":null}},{"type":"Feature","geometry":{"type":"Point","coordinates":[-89.5697,44.3962]},"properties":{"PARKING_LOT_NAME":"Marsh Rd","LOCATION_DESC":null}},{"type":"Feature","geometry":{"type":"Point","coordinates":[-89.6382,44.3187]},"properties":{"PARKING_LOT_NAME":"Quarry Rd","LOCATION_DESC":null}},{"type":"Feature","geometry":{"type":"Point","coordinates":[-88.0346,43.0545]},"properties":{"PARKING_LOT_NAME":"Main Parking lot","LOCATION_DESC":null}},{"type":"Feature","geometry":{"type":"Point","coordinates":[-89.7508,45.614]},"properties":{"PARKING_LOT_NAME":"Lower Tomahawk River Pines SNA","LOCATION_DESC":null}},{"type":"Feature","geometry":{"type":"Point","coordinates":[-89.2358,44.2999]},"properties":{"PARKING_LOT_NAME":"Stratton Lake Road Lot 2","LOCATION_DESC":null}},{"type":"Feature","geometry":{"type":"Point","coordinates":[-91.676,44.7576]},"properties":{"PARKING_LOT_NAME":"Lower Chippewa River Highway H Parking Lot","LOCATION_DESC":null}},{"type":"Feature","geometry":{"type":"Point","coordinates":[-89.3672,43.9939]},"properties":{"PARKING_LOT_NAME":"CTY Rd JJ Lot 1","LOCATION_DESC":null}},{"type":"Feature","geometry":{"type":"Point","coordinates":[-88.203,43.6037]},"properties":{"PARKING_LOT_NAME":"AUBURN LAKE BOAT LAUNCH PARKING LOT","LOCATION_DESC":null}},{"type":"Feature","geometry":{"type":"Point","coordinates":[-88.0351,43.7966]},"properties":{"PARKING_LOT_NAME":"HIGHWAY P - ICE AGE TRAIL PARKING LOT","LOCATION_DESC":null}},{"type":"Feature","geometry":{"type":"Point","coordinates":[-88.0432,43.7869]},"properties":{"PARKING_LOT_NAME":"HIGHWAY S - BRINDLE TRAIL PARKING LOT","LOCATION_DESC":null}},{"type":"Feature","geometry":{"type":"Point","coordinates":[-88.1309,43.7108]},"properties":{"PARKING_LOT_NAME":"Pretty Penny Hwy 67 Lot","LOCATION_DESC":null}},{"type":"Feature","geometry":{"type":"Point","coordinates":[-88.1309,43.7108]},"properties":{"PARKING_LOT_NAME":"Pretty Penny Hwy 67 Lot","LOCATION_DESC":null}},{"type":"Feature","geometry":{"type":"Point","coordinates":[-88.1324,43.7172]},"properties":{"PARKING_LOT_NAME":"Watercress Rd Deadend","LOCATION_DESC":null}},{"type":"Feature","geometry":{"type":"Point","coordinates":[-92.0709,44.8879]},"properties":{"PARKING_LOT_NAME":"Hwy 29 South","LOCATION_DESC":null}},{"type":"Feature","geometry":{"type":"Point","coordinates":[-92.1056,45.1664]},"properties":{"PARKING_LOT_NAME":"1330th Ave","LOCATION_DESC":null}},{"type":"Feature","geometry":{"type":"Point","coordinates":[-91.983,44.925]},"properties":{"PARKING_LOT_NAME":"State Hwy 12","LOCATION_DESC":null}},{"type":"Feature","geometry":{"type":"Point","coordinates":[-92.0527,44.5241]},"properties":{"PARKING_LOT_NAME":"SWEDE RAMBLE SECTION 34 FRANKFORT","LOCATION_DESC":null}},{"type":"Feature","geometry":{"type":"Point","coordinates":[-90.14,43.0186]},"properties":{"PARKING_LOT_NAME":"BACK OFFICE PARKING  300X10","LOCATION_DESC":null}},{"type":"Feature","geometry":{"type":"Point","coordinates":[-90.0866,43.032]},"properties":{"PARKING_LOT_NAME":"TWIN VALLEY BOAT LANDING  190X90","LOCATION_DESC":null}},{"type":"Feature","geometry":{"type":"Point","coordinates":[-90.0897,43.0323]},"properties":{"PARKING_LOT_NAME":"TWIN VALLEY BEACH  210X129 (ENTRANCE LOT)","LOCATION_DESC":null}},{"type":"Feature","geometry":{"type":"Point","coordinates":[-90.09,43.0325]},"properties":{"PARKING_LOT_NAME":"TWIN VALLEY BEACH  210X63 (LOT 2)","LOCATION_DESC":null}},{"type":"Feature","geometry":{"type":"Point","coordinates":[-90.1395,43.0182]},"properties":{"PARKING_LOT_NAME":"OFFICE  182X43","LOCATION_DESC":null}},{"type":"Feature","geometry":{"type":"Point","coordinates":[-90.1392,43.0186]},"properties":{"PARKING_LOT_NAME":"OFFICE  210X27","LOCATION_DESC":null}},{"type":"Feature","geometry":{"type":"Point","coordinates":[-90.0902,43.0326]},"properties":{"PARKING_LOT_NAME":"TWIN VALLEY BEACH  210X63 (LOT 3)","LOCATION_DESC":null}},{"type":"Feature","geometry":{"type":"Point","coordinates":[-90.1402,43.0219]},"properties":{"PARKING_LOT_NAME":"SHOP  86X148","LOCATION_DESC":null}},{"type":"Feature","geometry":{"type":"Point","coordinates":[-89.0686,45.2833]},"properties":{"PARKING_LOT_NAME":"Balsam","LOCATION_DESC":null}},{"type":"Feature","geometry":{"type":"Point","coordinates":[-89.0652,45.285]},"properties":{"PARKING_LOT_NAME":"Main Parking Lot","LOCATION_DESC":null}},{"type":"Feature","geometry":{"type":"Point","coordinates":[-89.0648,45.2778]},"properties":{"PARKING_LOT_NAME":"Scotch Pine","LOCATION_DESC":null}},{"type":"Feature","geometry":{"type":"Point","coordinates":[-90.007,43.5295]},"properties":{"PARKING_LOT_NAME":"REEDSBURG (DEPOT EAST)","LOCATION_DESC":null}},{"type":"Feature","geometry":{"type":"Point","coordinates":[-90.0077,43.5299]},"properties":{"PARKING_LOT_NAME":"REEDSBURG (DEPOT WEST)","LOCATION_DESC":null}},{"type":"Feature","geometry":{"type":"Point","coordinates":[-90.0073,43.5301]},"properties":{"PARKING_LOT_NAME":"REEDSBURG DEPOT EMPLOYEE LOT","LOCATION_DESC":null}},{"type":"Feature","geometry":{"type":"Point","coordinates":[-90.2241,43.654]},"properties":{"PARKING_LOT_NAME":"WONEWOC","LOCATION_DESC":null}},{"type":"Feature","geometry":{"type":"Point","coordinates":[-90.2632,43.6825]},"properties":{"PARKING_LOT_NAME":"UNION CENTER","LOCATION_DESC":null}},{"type":"Feature","geometry":{"type":"Point","coordinates":[-90.2792,43.7468]},"properties":{"PARKING_LOT_NAME":"ELROY (HWY 71 LOT)","LOCATION_DESC":null}},{"type":"Feature","geometry":{"type":"Point","coordinates":[-90.3687,43.7932]},"properties":{"PARKING_LOT_NAME":"KENDALL DEPOT (EAST)","LOCATION_DESC":null}},{"type":"Feature","geometry":{"type":"Point","coordinates":[-90.3696,43.7938]},"properties":{"PARKING_LOT_NAME":"KENDALL DEPOT (WEST)","LOCATION_DESC":null}},{"type":"Feature","geometry":{"type":"Point","coordinates":[-90.371,43.7942]},"properties":{"PARKING_LOT_NAME":"KENDALL DEPOT (VILLAGE)","LOCATION_DESC":null}},{"type":"Feature","geometry":{"type":"Point","coordinates":[-90.6213,43.8332]},"properties":{"PARKING_LOT_NAME":"NORWALK","LOCATION_DESC":null}},{"type":"Feature","geometry":{"type":"Point","coordinates":[-90.7886,43.9263]},"properties":{"PARKING_LOT_NAME":"SPARTA CAMPGROUND","LOCATION_DESC":null}},{"type":"Feature","geometry":{"type":"Point","coordinates":[-90.8087,43.932]},"properties":{"PARKING_LOT_NAME":"SPARTA DEPOT - EAST","LOCATION_DESC":null}},{"type":"Feature","geometry":{"type":"Point","coordinates":[-90.8095,43.932]},"properties":{"PARKING_LOT_NAME":"SPARTA DEPOT - EMPLOYEE LOT","LOCATION_DESC":null}},{"type":"Feature","geometry":{"type":"Point","coordinates":[-90.81,43.9319]},"properties":{"PARKING_LOT_NAME":"SPARTA DEPOT - WEST","LOCATION_DESC":null}},{"type":"Feature","geometry":{"type":"Point","coordinates":[-90.9859,43.8896]},"properties":{"PARKING_LOT_NAME":"BANGOR","LOCATION_DESC":null}},{"type":"Feature","geometry":{"type":"Point","coordinates":[-90.5791,43.7018]},"properties":{"PARKING_LOT_NAME":"OBSERVATION POINT","LOCATION_DESC":null}},{"type":"Feature","geometry":{"type":"Point","coordinates":[-90.5796,43.7033]},"properties":{"PARKING_LOT_NAME":"UPPER PICNIC #1 (UPPER)","LOCATION_DESC":null}},{"type":"Feature","geometry":{"type":"Point","coordinates":[-90.5793,43.703]},"properties":{"PARKING_LOT_NAME":"UPPER PICNIC #2 (LOWER)","LOCATION_DESC":null}},{"type":"Feature","geometry":{"type":"Point","coordinates":[-90.5733,43.6999]},"properties":{"PARKING_LOT_NAME":"SHOWER","LOCATION_DESC":null}},{"type":"Feature","geometry":{"type":"Point","coordinates":[-90.5812,43.6915]},"properties":{"PARKING_LOT_NAME":"LOWER PICNIC","LOCATION_DESC":null}},{"type":"Feature","geometry":{"type":"Point","coordinates":[-90.5753,43.699]},"properties":{"PARKING_LOT_NAME":"FAMILY CAMP 1 (SITE 4)","LOCATION_DESC":null}},{"type":"Feature","geometry":{"type":"Point","coordinates":[-90.5742,43.697]},"properties":{"PARKING_LOT_NAME":"FAMILY CAMP 2 (SITE 12)","LOCATION_DESC":null}},{"type":"Feature","geometry":{"type":"Point","coordinates":[-90.5688,43.6883]},"properties":{"PARKING_LOT_NAME":"ICE CAVE ","LOCATION_DESC":null}},{"type":"Feature","geometry":{"type":"Point","coordinates":[-90.7065,45.8103]},"properties":{"PARKING_LOT_NAME":"Mason/Evergreen Parking Lot","LOCATION_DESC":null}},{"type":"Feature","geometry":{"type":"Point","coordinates":[-89.4566,45.3654]},"properties":{"PARKING_LOT_NAME":"Dagis Road East","LOCATION_DESC":null}},{"type":"Feature","geometry":{"type":"Point","coordinates":[-89.4585,45.3655]},"properties":{"PARKING_LOT_NAME":"Dagis Road West","LOCATION_DESC":null}},{"type":"Feature","geometry":{"type":"Point","coordinates":[-89.4022,45.4211]},"properties":{"PARKING_LOT_NAME":"HWY H North Access","LOCATION_DESC":null}},{"type":"Feature","geometry":{"type":"Point","coordinates":[-89.9239,45.3267]},"properties":{"PARKING_LOT_NAME":"Whiskey Bill North","LOCATION_DESC":null}},{"type":"Feature","geometry":{"type":"Point","coordinates":[-89.9238,45.3243]},"properties":{"PARKING_LOT_NAME":"Whiskey Bill South","LOCATION_DESC":null}},{"type":"Feature","geometry":{"type":"Point","coordinates":[-89.9847,45.3266]},"properties":{"PARKING_LOT_NAME":"Camp 26 Road NW","LOCATION_DESC":null}},{"type":"Feature","geometry":{"type":"Point","coordinates":[-89.9712,45.2947]},"properties":{"PARKING_LOT_NAME":"Million Dollar Road South","LOCATION_DESC":null}},{"type":"Feature","geometry":{"type":"Point","coordinates":[-91.4615,45.7609]},"properties":{"PARKING_LOT_NAME":"Benson Creek Fishery Area 1","LOCATION_DESC":null}},{"type":"Feature","geometry":{"type":"Point","coordinates":[-91.9393,44.8753]},"properties":{"PARKING_LOT_NAME":"DEPOT LOT","LOCATION_DESC":null}},{"type":"Feature","geometry":{"type":"Point","coordinates":[-91.9546,44.8365]},"properties":{"PARKING_LOT_NAME":"IRVINGTON LOT","LOCATION_DESC":null}},{"type":"Feature","geometry":{"type":"Point","coordinates":[-91.939,44.8759]},"properties":{"PARKING_LOT_NAME":"JUNCTION TRAIL LOT","LOCATION_DESC":null}},{"type":"Feature","geometry":{"type":"Point","coordinates":[-89.9908,43.0139]},"properties":{"PARKING_LOT_NAME":"Highway H SNA & FA","LOCATION_DESC":null}},{"type":"Feature","geometry":{"type":"Point","coordinates":[-91.8983,45.1031]},"properties":{"PARKING_LOT_NAME":"OC1","LOCATION_DESC":null}},{"type":"Feature","geometry":{"type":"Point","coordinates":[-91.8915,45.1029]},"properties":{"PARKING_LOT_NAME":"OC2","LOCATION_DESC":null}},{"type":"Feature","geometry":{"type":"Point","coordinates":[-91.8942,45.1048]},"properties":{"PARKING_LOT_NAME":"OC3","LOCATION_DESC":null}},{"type":"Feature","geometry":{"type":"Point","coordinates":[-89.4757,45.3212]},"properties":{"PARKING_LOT_NAME":"HWY 17 Baker Barns 2","LOCATION_DESC":null}},{"type":"Feature","geometry":{"type":"Point","coordinates":[-89.4795,45.316]},"properties":{"PARKING_LOT_NAME":"HWY 17 Access","LOCATION_DESC":null}},{"type":"Feature","geometry":{"type":"Point","coordinates":[-91.1368,43.3741]},"properties":{"PARKING_LOT_NAME":"rush crk rd south","LOCATION_DESC":null}},{"type":"Feature","geometry":{"type":"Point","coordinates":[-91.065,44.5411]},"properties":{"PARKING_LOT_NAME":"HWY T Parking Lot","LOCATION_DESC":null}},{"type":"Feature","geometry":{"type":"Point","coordinates":[-90.7153,45.7826]},"properties":{"PARKING_LOT_NAME":null,"LOCATION_DESC":null}},{"type":"Feature","geometry":{"type":"Point","coordinates":[-88.8055,45.2482]},"properties":{"PARKING_LOT_NAME":"West Hollister Access","LOCATION_DESC":null}},{"type":"Feature","geometry":{"type":"Point","coordinates":[-91.1289,44.5863]},"properties":{"PARKING_LOT_NAME":"HWY 10 Parking Lot","LOCATION_DESC":null}},{"type":"Feature","geometry":{"type":"Point","coordinates":[-90.2856,43.0074]},"properties":{"PARKING_LOT_NAME":"Cave Hollow Rd (E) - Canoe Launch Lot","LOCATION_DESC":null}},{"type":"Feature","geometry":{"type":"Point","coordinates":[-90.5318,43.0513]},"properties":{"PARKING_LOT_NAME":"Snow Bottom Cedar Rock Rd Parking Lot","LOCATION_DESC":null}},{"type":"Feature","geometry":{"type":"Point","coordinates":[-92.083,44.8865]},"properties":{"PARKING_LOT_NAME":"STH 29 Parking Lot West","LOCATION_DESC":null}},{"type":"Feature","geometry":{"type":"Point","coordinates":[-92.1651,44.8144]},"properties":{"PARKING_LOT_NAME":"Cady Parking lot north","LOCATION_DESC":null}},{"type":"Feature","geometry":{"type":"Point","coordinates":[-92.0654,44.9599]},"properties":{"PARKING_LOT_NAME":"County Hwy O","LOCATION_DESC":null}},{"type":"Feature","geometry":{"type":"Point","coordinates":[-90.9719,44.6024]},"properties":{"PARKING_LOT_NAME":"FAIRCHILD LOT","LOCATION_DESC":null}},{"type":"Feature","geometry":{"type":"Point","coordinates":[-91.6571,44.5667]},"properties":{"PARKING_LOT_NAME":"MONDOVI LOT","LOCATION_DESC":null}},{"type":"Feature","geometry":{"type":"Point","coordinates":[-90.5412,43.0463]},"properties":{"PARKING_LOT_NAME":"CR-Q","LOCATION_DESC":null}},{"type":"Feature","geometry":{"type":"Point","coordinates":[-88.9353,44.1126]},"properties":{"PARKING_LOT_NAME":"Blackhawk Ave Lot 1","LOCATION_DESC":null}},{"type":"Feature","geometry":{"type":"Point","coordinates":[-90.4999,44.1717]},"properties":{"PARKING_LOT_NAME":"Jay crk 1","LOCATION_DESC":null}},{"type":"Feature","geometry":{"type":"Point","coordinates":[-92.1976,45.0496]},"properties":{"PARKING_LOT_NAME":"V454","LOCATION_DESC":null}},{"type":"Feature","geometry":{"type":"Point","coordinates":[-90.7684,43.8131]},"properties":{"PARKING_LOT_NAME":"STH 27 Little La Crosse Parking Area","LOCATION_DESC":null}},{"type":"Feature","geometry":{"type":"Point","coordinates":[-90.8066,43.5452]},"properties":{"PARKING_LOT_NAME":"Deaver LN - Bishop Branch Lot","LOCATION_DESC":null}},{"type":"Feature","geometry":{"type":"Point","coordinates":[-90.8202,43.549]},"properties":{"PARKING_LOT_NAME":"STH 56/Maple Dale Lot","LOCATION_DESC":null}},{"type":"Feature","geometry":{"type":"Point","coordinates":[-90.8238,43.5549]},"properties":{"PARKING_LOT_NAME":"Maple Dale RD - South Lot","LOCATION_DESC":null}},{"type":"Feature","geometry":{"type":"Point","coordinates":[-90.8272,43.5591]},"properties":{"PARKING_LOT_NAME":"Maple Dale Rd - North Lot","LOCATION_DESC":null}},{"type":"Feature","geometry":{"type":"Point","coordinates":[-90.6405,43.4518]},"properties":{"PARKING_LOT_NAME":"Elk Creek Rd Lot","LOCATION_DESC":null}},{"type":"Feature","geometry":{"type":"Point","coordinates":[-90.7985,45.736]},"properties":{"PARKING_LOT_NAME":"West Lane East hunter walking trail","LOCATION_DESC":null}},{"type":"Feature","geometry":{"type":"Point","coordinates":[-91.5826,45.195]},"properties":{"PARKING_LOT_NAME":null,"LOCATION_DESC":null}},{"type":"Feature","geometry":{"type":"Point","coordinates":[-91.4069,45.0965]},"properties":{"PARKING_LOT_NAME":null,"LOCATION_DESC":null}},{"type":"Feature","geometry":{"type":"Point","coordinates":[-91.8265,44.6688]},"properties":{"PARKING_LOT_NAME":null,"LOCATION_DESC":null}},{"type":"Feature","geometry":{"type":"Point","coordinates":[-92.6674,45.8957]},"properties":{"PARKING_LOT_NAME":"West Of Ekdahl Church","LOCATION_DESC":null}},{"type":"Feature","geometry":{"type":"Point","coordinates":[-87.9311,45.2677]},"properties":{"PARKING_LOT_NAME":"Lake Noquebay Boat Landing","LOCATION_DESC":null}},{"type":"Feature","geometry":{"type":"Point","coordinates":[-88.9049,45.6607]},"properties":{"PARKING_LOT_NAME":"Forest Cty Hwy N","LOCATION_DESC":null}},{"type":"Feature","geometry":{"type":"Point","coordinates":[-88.2365,42.5512]},"properties":{"PARKING_LOT_NAME":"KD Lot 1","LOCATION_DESC":null}},{"type":"Feature","geometry":{"type":"Point","coordinates":[-88.2195,42.5676]},"properties":{"PARKING_LOT_NAME":"75th / 337th lot","LOCATION_DESC":null}},{"type":"Feature","geometry":{"type":"Point","coordinates":[-90.832,46.5068]},"properties":{"PARKING_LOT_NAME":"White River Wildlife Area Parking","LOCATION_DESC":null}},{"type":"Feature","geometry":{"type":"Point","coordinates":[-92.6795,45.69]},"properties":{"PARKING_LOT_NAME":"County O Disabled Hunter Blind","LOCATION_DESC":null}},{"type":"Feature","geometry":{"type":"Point","coordinates":[-89.8095,43.6281]},"properties":{"PARKING_LOT_NAME":"Old Hwy 12 Parking Lot","LOCATION_DESC":null}},{"type":"Feature","geometry":{"type":"Point","coordinates":[-89.9218,42.8718]},"properties":{"PARKING_LOT_NAME":"East Branch Pecatonica River SBE","LOCATION_DESC":null}},{"type":"Feature","geometry":{"type":"Point","coordinates":[-89.2158,44.3255]},"properties":{"PARKING_LOT_NAME":"ALLEN LAKE","LOCATION_DESC":null}},{"type":"Feature","geometry":{"type":"Point","coordinates":[-89.2021,44.3239]},"properties":{"PARKING_LOT_NAME":"BEACH LOT","LOCATION_DESC":null}},{"type":"Feature","geometry":{"type":"Point","coordinates":[-89.1889,44.3253]},"properties":{"PARKING_LOT_NAME":"WHISPERING PINES","LOCATION_DESC":null}},{"type":"Feature","geometry":{"type":"Point","coordinates":[-89.2102,44.3231]},"properties":{"PARKING_LOT_NAME":"HARTMAN LAKE PARKING LOT","LOCATION_DESC":null}},{"type":"Feature","geometry":{"type":"Point","coordinates":[-89.2177,44.3231]},"properties":{"PARKING_LOT_NAME":"CAMPGROUND OVERFLOW LOT","LOCATION_DESC":null}},{"type":"Feature","geometry":{"type":"Point","coordinates":[-89.2137,44.3288]},"properties":{"PARKING_LOT_NAME":"OFFICE/SHOP","LOCATION_DESC":null}},{"type":"Feature","geometry":{"type":"Point","coordinates":[-89.6366,43.4098]},"properties":{"PARKING_LOT_NAME":"PARKING LOT","LOCATION_DESC":null}},{"type":"Feature","geometry":{"type":"Point","coordinates":[-92.1659,44.5883]},"properties":{"PARKING_LOT_NAME":"Plum Creek 145th Ave Parking Lot","LOCATION_DESC":null}},{"type":"Feature","geometry":{"type":"Point","coordinates":[-92.1006,44.8769]},"properties":{"PARKING_LOT_NAME":"Gilbert Creek Headwaters Parking lot #2","LOCATION_DESC":null}},{"type":"Feature","geometry":{"type":"Point","coordinates":[-89.2458,44.1961]},"properties":{"PARKING_LOT_NAME":"State Road 22 - South of Habitat Shop","LOCATION_DESC":null}},{"type":"Feature","geometry":{"type":"Point","coordinates":[-89.1892,44.2764]},"properties":{"PARKING_LOT_NAME":"State HWY 22 Lot 3","LOCATION_DESC":null}},{"type":"Feature","geometry":{"type":"Point","coordinates":[-89.2987,42.7613]},"properties":{"PARKING_LOT_NAME":"Hwy-59 N (Eastside)","LOCATION_DESC":null}},{"type":"Feature","geometry":{"type":"Point","coordinates":[-89.5657,42.9732]},"properties":{"PARKING_LOT_NAME":"Valley Rd Parking Lot","LOCATION_DESC":null}},{"type":"Feature","geometry":{"type":"Point","coordinates":[-90.3604,43.4099]},"properties":{"PARKING_LOT_NAME":null,"LOCATION_DESC":null}},{"type":"Feature","geometry":{"type":"Point","coordinates":[-91.1426,43.8713]},"properties":{"PARKING_LOT_NAME":"North Kinney Coulee Road","LOCATION_DESC":null}},{"type":"Feature","geometry":{"type":"Point","coordinates":[-88.2136,42.5803]},"properties":{"PARKING_LOT_NAME":"HWY 50","LOCATION_DESC":null}},{"type":"Feature","geometry":{"type":"Point","coordinates":[-87.7207,43.9399]},"properties":{"PARKING_LOT_NAME":null,"LOCATION_DESC":null}},{"type":"Feature","geometry":{"type":"Point","coordinates":[-88.0531,44.4633]},"properties":{"PARKING_LOT_NAME":null,"LOCATION_DESC":null}},{"type":"Feature","geometry":{"type":"Point","coordinates":[-88.0979,44.5568]},"properties":{"PARKING_LOT_NAME":"MAIN PARKING LOT","LOCATION_DESC":null}},{"type":"Feature","geometry":{"type":"Point","coordinates":[-89.6932,43.5208]},"properties":{"PARKING_LOT_NAME":"CTY RD T lot","LOCATION_DESC":null}},{"type":"Feature","geometry":{"type":"Point","coordinates":[-89.6932,43.5208]},"properties":{"PARKING_LOT_NAME":"CTY RD T lot","LOCATION_DESC":null}},{"type":"Feature","geometry":{"type":"Point","coordinates":[-89.3432,44.0861]},"properties":{"PARKING_LOT_NAME":"Master Planning ??","LOCATION_DESC":null}},{"type":"Feature","geometry":{"type":"Point","coordinates":[-89.2516,44.3011]},"properties":{"PARKING_LOT_NAME":"3rd Ave Ice Age ","LOCATION_DESC":null}},{"type":"Feature","geometry":{"type":"Point","coordinates":[-89.9884,45.4525]},"properties":{"PARKING_LOT_NAME":"Spirit Falls East Lot","LOCATION_DESC":null}}]}