{"type":"FeatureCollection","features":[{"type":"Feature","geometry":{"type":"LineString","coordinates":[[-92.1734,45.0494],[-92.1676,45.0479]]},"properties":{}},{"type":"Feature","geometry":{"type":"LineString","coordinates":[[-92.1676,45.0479],[-92.1662,45.0471]]},"properties":{}},{"type":"Feature","geometry":{"type":"LineString","coordinates":[[-92.1662,45.0471],[-92.1641,45.0473]]},"properties":{}},{"type":"Feature","geometry":{"type":"LineString","coordinates":[[-92.1641,45.0473],[-92.1647,45.0468]]},"properties":{}},{"type":"Feature","geometry":{"type":"LineString","coordinates":[[-92.1647,45.0468],[-92.1645,45.0464]]},"properties":{}},{"type":"Feature","geometry":{"type":"LineString","coordinates":[[-92.1612,45.0462],[-92.1598,45.0465]]},"properties":{}},{"type":"Feature","geometry":{"type":"LineString","coordinates":[[-92.438,44.6238],[-92.4386,44.6234]]},"properties":{}},{"type":"Feature","geometry":{"type":"LineString","coordinates":[[-92.4386,44.6234],[-92.4403,44.6238]]},"properties":{}},{"type":"Feature","geometry":{"type":"LineString","coordinates":[[-92.4403,44.6238],[-92.4407,44.6231]]},"properties":{}},{"type":"Feature","geometry":{"type":"LineString","coordinates":[[-92.4407,44.6231],[-92.4405,44.6226]]},"properties":{}},{"type":"Feature","geometry":{"type":"LineString","coordinates":[[-92.4405,44.6226],[-92.4421,44.6216]]},"properties":{}},{"type":"Feature","geometry":{"type":"LineString","coordinates":[[-92.446,44.5889],[-92.4466,44.5884]]},"properties":{}},{"type":"Feature","geometry":{"type":"LineString","coordinates":[[-92.4466,44.5884],[-92.4446,44.5875]]},"properties":{}},{"type":"Feature","geometry":{"type":"LineString","coordinates":[[-92.4041,44.8518],[-92.4018,44.8488]]},"properties":{}},{"type":"Feature","geometry":{"type":"LineString","coordinates":[[-92.3998,44.8229],[-92.3996,44.8201]]},"properties":{}},{"type":"Feature","geometry":{"type":"LineString","coordinates":[[-92.3996,44.8201],[-92.3981,44.8175]]},"properties":{}},{"type":"Feature","geometry":{"type":"LineString","coordinates":[[-92.3743,44.7955],[-92.3732,44.7955]]},"properties":{}},{"type":"Feature","geometry":{"type":"LineString","coordinates":[[-92.3732,44.7955],[-92.3699,44.7982]]},"properties":{}},{"type":"Feature","geometry":{"type":"LineString","coordinates":[[-92.3669,44.7971],[-92.3662,44.7955]]},"properties":{}},{"type":"Feature","geometry":{"type":"LineString","coordinates":[[-92.3662,44.7955],[-92.3663,44.7944]]},"properties":{}},{"type":"Feature","geometry":{"type":"LineString","coordinates":[[-92.3663,44.7944],[-92.3682,44.7931]]},"properties":{}},{"type":"Feature","geometry":{"type":"LineString","coordinates":[[-92.3682,44.7931],[-92.3682,44.7924]]},"properties":{}},{"type":"Feature","geometry":{"type":"LineString","coordinates":[[-92.3682,44.7924],[-92.369,44.7917]]},"properties":{}},{"type":"Feature","geometry":{"type":"LineString","coordinates":[[-92.369,44.7917],[-92.3689,44.7901]]},"properties":{}},{"type":"Feature","geometry":{"type":"LineString","coordinates":[[-92.3689,44.7901],[-92.3672,44.7892]]},"properties":{}},{"type":"Feature","geometry":{"type":"LineString","coordinates":[[-92.316,44.7148],[-92.318,44.7134]]},"properties":{}},{"type":"Feature","geometry":{"type":"LineString","coordinates":[[-92.3198,44.7112],[-92.3222,44.71]]},"properties":{}},{"type":"Feature","geometry":{"type":"LineString","coordinates":[[-92.3275,44.6982],[-92.3288,44.697]]},"properties":{}},{"type":"Feature","geometry":{"type":"LineString","coordinates":[[-92.3288,44.697],[-92.3302,44.6968]]},"properties":{}},{"type":"Feature","geometry":{"type":"LineString","coordinates":[[-92.3302,44.6968],[-92.3295,44.6943]]},"properties":{}},{"type":"Feature","geometry":{"type":"LineString","coordinates":[[-92.3895,44.7281],[-92.3938,44.7275]]},"properties":{}},{"type":"Feature","geometry":{"type":"LineString","coordinates":[[-92.3938,44.7275],[-92.3939,44.7269]]},"properties":{}},{"type":"Feature","geometry":{"type":"LineString","coordinates":[[-92.3643,44.7124],[-92.3583,44.7116]]},"properties":{}},{"type":"Feature","geometry":{"type":"LineString","coordinates":[[-92.3418,44.7077],[-92.3405,44.7028]]},"properties":{}},{"type":"Feature","geometry":{"type":"LineString","coordinates":[[-92.3405,44.7028],[-92.3343,44.703]]},"properties":{}},{"type":"Feature","geometry":{"type":"LineString","coordinates":[[-92.1079,44.833],[-92.1035,44.8318]]},"properties":{}},{"type":"Feature","geometry":{"type":"LineString","coordinates":[[-92.0998,44.8329],[-92.0994,44.8323]]},"properties":{}},{"type":"Feature","geometry":{"type":"LineString","coordinates":[[-92.0994,44.8323],[-92.0989,44.8326]]},"properties":{}},{"type":"Feature","geometry":{"type":"LineString","coordinates":[[-92.0989,44.8326],[-92.0948,44.8302]]},"properties":{}},{"type":"Feature","geometry":{"type":"LineString","coordinates":[[-92.0854,44.9709],[-92.0766,44.9696]]},"properties":{}},{"type":"Feature","geometry":{"type":"LineString","coordinates":[[-92.0766,44.9696],[-92.071,44.966]]},"properties":{}},{"type":"Feature","geometry":{"type":"LineString","coordinates":[[-92.071,44.966],[-92.07,44.9663]]},"properties":{}},{"type":"Feature","geometry":{"type":"LineString","coordinates":[[-92.0648,44.9645],[-92.0638,44.9642]]},"properties":{}},{"type":"Feature","geometry":{"type":"LineString","coordinates":[[-92.0638,44.9642],[-92.0638,44.9638]]},"properties":{}},{"type":"Feature","geometry":{"type":"LineString","coordinates":[[-92.0638,44.9638],[-92.0632,44.9643]]},"properties":{}},{"type":"Feature","geometry":{"type":"LineString","coordinates":[[-91.6383,45.8878],[-91.6417,45.8913]]},"properties":{}},{"type":"Feature","geometry":{"type":"LineString","coordinates":[[-91.6417,45.8913],[-91.6415,45.8919]]},"properties":{}},{"type":"Feature","geometry":{"type":"LineString","coordinates":[[-91.6399,45.8938],[-91.6403,45.8942]]},"properties":{}},{"type":"Feature","geometry":{"type":"LineString","coordinates":[[-91.2776,44.5762],[-91.2784,44.5762]]},"properties":{}},{"type":"Feature","geometry":{"type":"LineString","coordinates":[[-91.2784,44.5762],[-91.2785,44.5771]]},"properties":{}},{"type":"Feature","geometry":{"type":"LineString","coordinates":[[-91.2785,44.5771],[-91.2791,44.5773]]},"properties":{}},{"type":"Feature","geometry":{"type":"LineString","coordinates":[[-91.2791,44.5773],[-91.279,44.5778]]},"properties":{}},{"type":"Feature","geometry":{"type":"LineString","coordinates":[[-91.279,44.5778],[-91.2798,44.5776]]},"properties":{}},{"type":"Feature","geometry":{"type":"LineString","coordinates":[[-91.2798,44.5776],[-91.2809,44.578]]},"properties":{}},{"type":"Feature","geometry":{"type":"LineString","coordinates":[[-91.2809,44.578],[-91.2812,44.5772]]},"properties":{}},{"type":"Feature","geometry":{"type":"LineString","coordinates":[[-91.2876,44.5722],[-91.2882,44.5718]]},"properties":{}},{"type":"Feature","geometry":{"type":"LineString","coordinates":[[-91.2882,44.5718],[-91.2876,44.5715]]},"properties":{}},{"type":"Feature","geometry":{"type":"LineString","coordinates":[[-91.3168,44.5642],[-91.318,44.5643]]},"properties":{}},{"type":"Feature","geometry":{"type":"LineString","coordinates":[[-91.318,44.5643],[-91.3198,44.5653]]},"properties":{}},{"type":"Feature","geometry":{"type":"LineString","coordinates":[[-91.3198,44.5653],[-91.3208,44.5642]]},"properties":{}},{"type":"Feature","geometry":{"type":"LineString","coordinates":[[-91.3208,44.5642],[-91.3226,44.5648]]},"properties":{}},{"type":"Feature","geometry":{"type":"LineString","coordinates":[[-91.3226,44.5648],[-91.3237,44.5645]]},"properties":{}},{"type":"Feature","geometry":{"type":"LineString","coordinates":[[-91.3237,44.5645],[-91.3288,44.5623]]},"properties":{}},{"type":"Feature","geometry":{"type":"LineString","coordinates":[[-91.3323,44.562],[-91.3331,44.5612]]},"properties":{}},{"type":"Feature","geometry":{"type":"LineString","coordinates":[[-91.3331,44.5612],[-91.333,44.5608]]},"properties":{}},{"type":"Feature","geometry":{"type":"LineString","coordinates":[[-91.333,44.5608],[-91.3338,44.5607]]},"properties":{}},{"type":"Feature","geometry":{"type":"LineString","coordinates":[[-91.3338,44.5607],[-91.3351,44.5611]]},"properties":{}},{"type":"Feature","geometry":{"type":"LineString","coordinates":[[-91.3351,44.5611],[-91.3358,44.5619]]},"properties":{}},{"type":"Feature","geometry":{"type":"LineString","coordinates":[[-91.3358,44.5619],[-91.3376,44.5616]]},"properties":{}},{"type":"Feature","geometry":{"type":"LineString","coordinates":[[-91.3376,44.5616],[-91.3382,44.5624]]},"properties":{}},{"type":"Feature","geometry":{"type":"LineString","coordinates":[[-91.3382,44.5624],[-91.3386,44.5616]]},"properties":{}},{"type":"Feature","geometry":{"type":"LineString","coordinates":[[-91.3386,44.5616],[-91.3391,44.5619]]},"properties":{}},{"type":"Feature","geometry":{"type":"LineString","coordinates":[[-91.3391,44.5619],[-91.3399,44.5614]]},"properties":{}},{"type":"Feature","geometry":{"type":"LineString","coordinates":[[-91.3399,44.5614],[-91.3403,44.5618]]},"properties":{}},{"type":"Feature","geometry":{"type":"LineString","coordinates":[[-91.3403,44.5618],[-91.3411,44.5616]]},"properties":{}},{"type":"Feature","geometry":{"type":"LineString","coordinates":[[-91.3411,44.5616],[-91.3423,44.5621]]},"properties":{}},{"type":"Feature","geometry":{"type":"LineString","coordinates":[[-91.3423,44.5621],[-91.3418,44.5613]]},"properties":{}},{"type":"Feature","geometry":{"type":"LineString","coordinates":[[-91.3418,44.5613],[-91.3427,44.5609]]},"properties":{}},{"type":"Feature","geometry":{"type":"LineString","coordinates":[[-91.3869,46.0887],[-91.387,46.0876]]},"properties":{}},{"type":"Feature","geometry":{"type":"LineString","coordinates":[[-91.387,46.0876],[-91.388,46.0875]]},"properties":{}},{"type":"Feature","geometry":{"type":"LineString","coordinates":[[-91.388,46.0875],[-91.3881,46.0863]]},"properties":{}},{"type":"Feature","geometry":{"type":"LineString","coordinates":[[-91.3881,46.0863],[-91.3893,46.0856]]},"properties":{}},{"type":"Feature","geometry":{"type":"LineString","coordinates":[[-91.3893,46.0856],[-91.3898,46.0844]]},"properties":{}},{"type":"Feature","geometry":{"type":"LineString","coordinates":[[-91.3501,46.7776],[-91.3522,46.7783]]},"properties":{}},{"type":"Feature","geometry":{"type":"LineString","coordinates":[[-91.3522,46.7783],[-91.3525,46.7791]]},"properties":{}},{"type":"Feature","geometry":{"type":"LineString","coordinates":[[-91.0645,43.4033],[-91.0644,43.4029]]},"properties":{}},{"type":"Feature","geometry":{"type":"LineString","coordinates":[[-91.0644,43.4029],[-91.0654,43.403]]},"properties":{}},{"type":"Feature","geometry":{"type":"LineString","coordinates":[[-91.0761,43.3974],[-91.0773,43.3957]]},"properties":{}},{"type":"Feature","geometry":{"type":"LineString","coordinates":[[-91.0867,43.3971],[-91.0865,43.3979]]},"properties":{}},{"type":"Feature","geometry":{"type":"LineString","coordinates":[[-91.0865,43.3979],[-91.0874,43.3979]]},"properties":{}},{"type":"Feature","geometry":{"type":"LineString","coordinates":[[-91.0874,43.3979],[-91.0884,43.3968]]},"properties":{}},{"type":"Feature","geometry":{"type":"LineString","coordinates":[[-91.0884,43.3968],[-91.091,43.3974]]},"properties":{}},{"type":"Feature","geometry":{"type":"LineString","coordinates":[[-91.091,43.3974],[-91.0934,43.3969]]},"properties":{}},{"type":"Feature","geometry":{"type":"LineString","coordinates":[[-91.0934,43.3969],[-91.0958,43.3989]]},"properties":{}},{"type":"Feature","geometry":{"type":"LineString","coordinates":[[-91.0958,43.3989],[-91.0983,43.399]]},"properties":{}},{"type":"Feature","geometry":{"type":"LineString","coordinates":[[-91.0781,43.3957],[-91.0791,43.3958]]},"properties":{}},{"type":"Feature","geometry":{"type":"LineString","coordinates":[[-91.0791,43.3958],[-91.0804,43.3976]]},"properties":{}},{"type":"Feature","geometry":{"type":"LineString","coordinates":[[-91.0839,43.3975],[-91.0847,43.3976]]},"properties":{}},{"type":"Feature","geometry":{"type":"LineString","coordinates":[[-91.1247,43.7646],[-91.1264,43.7647]]},"properties":{}},{"type":"Feature","geometry":{"type":"LineString","coordinates":[[-91.2738,46.4584],[-91.2727,46.4598]]},"properties":{}},{"type":"Feature","geometry":{"type":"LineString","coordinates":[[-91.2727,46.4598],[-91.2726,46.4603]]},"properties":{}},{"type":"Feature","geometry":{"type":"LineString","coordinates":[[-91.2726,46.4603],[-91.2735,46.4605]]},"properties":{}},{"type":"Feature","geometry":{"type":"LineString","coordinates":[[-91.2735,46.4605],[-91.274,46.4615]]},"properties":{}},{"type":"Feature","geometry":{"type":"LineString","coordinates":[[-91.274,46.4615],[-91.2733,46.4624]]},"properties":{}},{"type":"Feature","geometry":{"type":"LineString","coordinates":[[-91.2733,46.4624],[-91.2744,46.4629]]},"properties":{}},{"type":"Feature","geometry":{"type":"LineString","coordinates":[[-91.2389,46.7754],[-91.2394,46.7762]]},"properties":{}},{"type":"Feature","geometry":{"type":"LineString","coordinates":[[-91.2394,46.7762],[-91.2402,46.7762]]},"properties":{}},{"type":"Feature","geometry":{"type":"LineString","coordinates":[[-91.2402,46.7762],[-91.2399,46.7772]]},"properties":{}},{"type":"Feature","geometry":{"type":"LineString","coordinates":[[-91.2399,46.7772],[-91.2405,46.7778]]},"properties":{}},{"type":"Feature","geometry":{"type":"LineString","coordinates":[[-91.2405,46.7778],[-91.2395,46.7777]]},"properties":{}},{"type":"Feature","geometry":{"type":"LineString","coordinates":[[-91.2395,46.7777],[-91.2394,46.7782]]},"properties":{}},{"type":"Feature","geometry":{"type":"LineString","coordinates":[[-91.2394,46.7782],[-91.2399,46.7793]]},"properties":{}},{"type":"Feature","geometry":{"type":"LineString","coordinates":[[-91.0041,43.3139],[-91.0089,43.315]]},"properties":{}},{"type":"Feature","geometry":{"type":"LineString","coordinates":[[-91.2178,44.6395],[-91.2182,44.6414]]},"properties":{}},{"type":"Feature","geometry":{"type":"LineString","coordinates":[[-91.2182,44.6414],[-91.2193,44.6423]]},"properties":{}},{"type":"Feature","geometry":{"type":"LineString","coordinates":[[-91.2411,44.6548],[-91.2412,44.6592]]},"properties":{}},{"type":"Feature","geometry":{"type":"LineString","coordinates":[[-91.2412,44.6592],[-91.2441,44.6618]]},"properties":{}},{"type":"Feature","geometry":{"type":"LineString","coordinates":[[-91.2441,44.6618],[-91.2425,44.6647]]},"properties":{}},{"type":"Feature","geometry":{"type":"LineString","coordinates":[[-91.2425,44.6647],[-91.2488,44.6668]]},"properties":{}},{"type":"Feature","geometry":{"type":"LineString","coordinates":[[-91.2488,44.6668],[-91.2488,44.6674]]},"properties":{}},{"type":"Feature","geometry":{"type":"LineString","coordinates":[[-91.2488,44.6674],[-91.247,44.6696]]},"properties":{}},{"type":"Feature","geometry":{"type":"LineString","coordinates":[[-91.247,44.6696],[-91.2483,44.6717]]},"properties":{}},{"type":"Feature","geometry":{"type":"LineString","coordinates":[[-91.2483,44.6717],[-91.2485,44.6739]]},"properties":{}},{"type":"Feature","geometry":{"type":"LineString","coordinates":[[-91.2485,44.6739],[-91.2473,44.6741]]},"properties":{}},{"type":"Feature","geometry":{"type":"LineString","coordinates":[[-91.2473,44.6741],[-91.2445,44.6757]]},"properties":{}},{"type":"Feature","geometry":{"type":"LineString","coordinates":[[-91.2438,44.6763],[-91.2424,44.678]]},"properties":{}},{"type":"Feature","geometry":{"type":"LineString","coordinates":[[-91.2424,44.678],[-91.2388,44.6797]]},"properties":{}},{"type":"Feature","geometry":{"type":"LineString","coordinates":[[-91.189,44.752],[-91.1885,44.7528]]},"properties":{}},{"type":"Feature","geometry":{"type":"LineString","coordinates":[[-91.1885,44.7528],[-91.1894,44.7533]]},"properties":{}},{"type":"Feature","geometry":{"type":"LineString","coordinates":[[-91.1894,44.7533],[-91.1879,44.7545]]},"properties":{}},{"type":"Feature","geometry":{"type":"LineString","coordinates":[[-91.1879,44.7545],[-91.1882,44.7553]]},"properties":{}},{"type":"Feature","geometry":{"type":"LineString","coordinates":[[-91.1882,44.7553],[-91.1878,44.756]]},"properties":{}},{"type":"Feature","geometry":{"type":"LineString","coordinates":[[-91.1876,44.5663],[-91.1893,44.5642]]},"properties":{}},{"type":"Feature","geometry":{"type":"LineString","coordinates":[[-91.1893,44.5642],[-91.1902,44.5638]]},"properties":{}},{"type":"Feature","geometry":{"type":"LineString","coordinates":[[-90.9145,43.3501],[-90.9123,43.3518]]},"properties":{}},{"type":"Feature","geometry":{"type":"LineString","coordinates":[[-90.9123,43.3518],[-90.9128,43.3527]]},"properties":{}},{"type":"Feature","geometry":{"type":"LineString","coordinates":[[-90.9128,43.3527],[-90.9128,43.354]]},"properties":{}},{"type":"Feature","geometry":{"type":"LineString","coordinates":[[-90.9128,43.354],[-90.9117,43.355]]},"properties":{}},{"type":"Feature","geometry":{"type":"LineString","coordinates":[[-90.9117,43.355],[-90.9123,43.3563]]},"properties":{}},{"type":"Feature","geometry":{"type":"LineString","coordinates":[[-90.9123,43.3563],[-90.9131,43.3567]]},"properties":{}},{"type":"Feature","geometry":{"type":"LineString","coordinates":[[-90.9131,43.3567],[-90.9103,43.3592]]},"properties":{}},{"type":"Feature","geometry":{"type":"LineString","coordinates":[[-90.9103,43.3592],[-90.9089,43.3595]]},"properties":{}},{"type":"Feature","geometry":{"type":"LineString","coordinates":[[-90.9089,43.3595],[-90.9089,43.36]]},"properties":{}},{"type":"Feature","geometry":{"type":"LineString","coordinates":[[-90.9089,43.36],[-90.9064,43.36]]},"properties":{}},{"type":"Feature","geometry":{"type":"LineString","coordinates":[[-90.8648,43.3693],[-90.8631,43.3695]]},"properties":{}},{"type":"Feature","geometry":{"type":"LineString","coordinates":[[-90.8631,43.3695],[-90.8616,43.3688]]},"properties":{}},{"type":"Feature","geometry":{"type":"LineString","coordinates":[[-90.815,43.5468],[-90.8101,43.5461]]},"properties":{}},{"type":"Feature","geometry":{"type":"LineString","coordinates":[[-90.8101,43.5461],[-90.8055,43.544]]},"properties":{}},{"type":"Feature","geometry":{"type":"LineString","coordinates":[[-90.7549,43.5229],[-90.7537,43.5229]]},"properties":{}},{"type":"Feature","geometry":{"type":"LineString","coordinates":[[-90.7537,43.5229],[-90.7516,43.5219]]},"properties":{}},{"type":"Feature","geometry":{"type":"LineString","coordinates":[[-90.7516,43.5219],[-90.7498,43.5219]]},"properties":{}},{"type":"Feature","geometry":{"type":"LineString","coordinates":[[-90.7498,43.5219],[-90.7488,43.5215]]},"properties":{}},{"type":"Feature","geometry":{"type":"LineString","coordinates":[[-90.7454,43.5203],[-90.7448,43.5208]]},"properties":{}},{"type":"Feature","geometry":{"type":"LineString","coordinates":[[-90.7448,43.5208],[-90.7444,43.5204]]},"properties":{}},{"type":"Feature","geometry":{"type":"LineString","coordinates":[[-90.7444,43.5204],[-90.7447,43.52]]},"properties":{}},{"type":"Feature","geometry":{"type":"LineString","coordinates":[[-90.7447,43.52],[-90.7439,43.5201]]},"properties":{}},{"type":"Feature","geometry":{"type":"LineString","coordinates":[[-90.7439,43.5201],[-90.7435,43.5194]]},"properties":{}},{"type":"Feature","geometry":{"type":"LineString","coordinates":[[-90.7435,43.5194],[-90.7428,43.5194]]},"properties":{}},{"type":"Feature","geometry":{"type":"LineString","coordinates":[[-90.7428,43.5194],[-90.743,43.5189]]},"properties":{}},{"type":"Feature","geometry":{"type":"LineString","coordinates":[[-90.743,43.5189],[-90.7418,43.5187]]},"properties":{}},{"type":"Feature","geometry":{"type":"LineString","coordinates":[[-90.7418,43.5187],[-90.7417,43.5181]]},"properties":{}},{"type":"Feature","geometry":{"type":"LineString","coordinates":[[-90.8708,44.349],[-90.8699,44.3469]]},"properties":{}},{"type":"Feature","geometry":{"type":"LineString","coordinates":[[-90.8699,44.3469],[-90.8694,44.3467]]},"properties":{}},{"type":"Feature","geometry":{"type":"LineString","coordinates":[[-90.8694,44.3467],[-90.8694,44.3458]]},"properties":{}},{"type":"Feature","geometry":{"type":"LineString","coordinates":[[-90.8694,44.3458],[-90.8672,44.3454]]},"properties":{}},{"type":"Feature","geometry":{"type":"LineString","coordinates":[[-90.8672,44.3454],[-90.8655,44.3435]]},"properties":{}},{"type":"Feature","geometry":{"type":"LineString","coordinates":[[-90.7392,43.8896],[-90.7404,43.8906]]},"properties":{}},{"type":"Feature","geometry":{"type":"LineString","coordinates":[[-90.7404,43.8906],[-90.7402,43.8915]]},"properties":{}},{"type":"Feature","geometry":{"type":"LineString","coordinates":[[-90.7764,43.922],[-90.7775,43.9223]]},"properties":{}},{"type":"Feature","geometry":{"type":"LineString","coordinates":[[-90.7775,43.9223],[-90.7781,43.9236]]},"properties":{}},{"type":"Feature","geometry":{"type":"LineString","coordinates":[[-90.7781,43.9236],[-90.7778,43.924]]},"properties":{}},{"type":"Feature","geometry":{"type":"LineString","coordinates":[[-90.7778,43.924],[-90.7786,43.924]]},"properties":{}},{"type":"Feature","geometry":{"type":"LineString","coordinates":[[-90.7786,43.924],[-90.7784,43.9243]]},"properties":{}},{"type":"Feature","geometry":{"type":"LineString","coordinates":[[-90.7806,43.9281],[-90.7811,43.93]]},"properties":{}},{"type":"Feature","geometry":{"type":"LineString","coordinates":[[-90.7811,43.93],[-90.7809,43.931]]},"properties":{}},{"type":"Feature","geometry":{"type":"LineString","coordinates":[[-90.7809,43.931],[-90.7815,43.9314]]},"properties":{}},{"type":"Feature","geometry":{"type":"LineString","coordinates":[[-90.7815,43.9314],[-90.7811,43.9318]]},"properties":{}},{"type":"Feature","geometry":{"type":"LineString","coordinates":[[-90.7811,43.9318],[-90.7818,43.9328]]},"properties":{}},{"type":"Feature","geometry":{"type":"LineString","coordinates":[[-90.7818,43.9328],[-90.7825,43.9329]]},"properties":{}},{"type":"Feature","geometry":{"type":"LineString","coordinates":[[-90.7825,43.9329],[-90.7822,43.9325]]},"properties":{}},{"type":"Feature","geometry":{"type":"LineString","coordinates":[[-90.7822,43.9325],[-90.7826,43.9322]]},"properties":{}},{"type":"Feature","geometry":{"type":"LineString","coordinates":[[-90.7826,43.9322],[-90.783,43.933]]},"properties":{}},{"type":"Feature","geometry":{"type":"LineString","coordinates":[[-90.783,43.933],[-90.7841,43.9326]]},"properties":{}},{"type":"Feature","geometry":{"type":"LineString","coordinates":[[-90.7841,43.9326],[-90.7851,43.9342]]},"properties":{}},{"type":"Feature","geometry":{"type":"LineString","coordinates":[[-90.7851,43.9342],[-90.786,43.9345]]},"properties":{}},{"type":"Feature","geometry":{"type":"LineString","coordinates":[[-90.786,43.9345],[-90.7859,43.935]]},"properties":{}},{"type":"Feature","geometry":{"type":"LineString","coordinates":[[-90.4047,46.2587],[-90.4069,46.2582]]},"properties":{}},{"type":"Feature","geometry":{"type":"LineString","coordinates":[[-90.4069,46.2582],[-90.4079,46.2563]]},"properties":{}},{"type":"Feature","geometry":{"type":"LineString","coordinates":[[-90.4079,46.2563],[-90.4114,46.2539]]},"properties":{}},{"type":"Feature","geometry":{"type":"LineString","coordinates":[[-90.4114,46.2539],[-90.4135,46.2529]]},"properties":{}},{"type":"Feature","geometry":{"type":"LineString","coordinates":[[-90.4135,46.2529],[-90.4161,46.2528]]},"properties":{}},{"type":"Feature","geometry":{"type":"LineString","coordinates":[[-90.4161,46.2528],[-90.4183,46.2519]]},"properties":{}},{"type":"Feature","geometry":{"type":"LineString","coordinates":[[-90.4183,46.2519],[-90.4188,46.2505]]},"properties":{}},{"type":"Feature","geometry":{"type":"LineString","coordinates":[[-90.4188,46.2505],[-90.4182,46.2497]]},"properties":{}},{"type":"Feature","geometry":{"type":"LineString","coordinates":[[-90.4182,46.2497],[-90.4188,46.2485]]},"properties":{}},{"type":"Feature","geometry":{"type":"LineString","coordinates":[[-90.4188,46.2485],[-90.4182,46.2477]]},"properties":{}},{"type":"Feature","geometry":{"type":"LineString","coordinates":[[-90.4182,46.2477],[-90.418,46.2446]]},"properties":{}},{"type":"Feature","geometry":{"type":"LineString","coordinates":[[-90.418,46.2446],[-90.4189,46.2438]]},"properties":{}},{"type":"Feature","geometry":{"type":"LineString","coordinates":[[-90.4189,46.2438],[-90.4222,46.2439]]},"properties":{}},{"type":"Feature","geometry":{"type":"LineString","coordinates":[[-90.4222,46.2439],[-90.425,46.2423]]},"properties":{}},{"type":"Feature","geometry":{"type":"LineString","coordinates":[[-90.425,46.2423],[-90.4262,46.2421]]},"properties":{}},{"type":"Feature","geometry":{"type":"LineString","coordinates":[[-90.4708,43.153],[-90.4762,43.1525]]},"properties":{}},{"type":"Feature","geometry":{"type":"LineString","coordinates":[[-90.4762,43.1525],[-90.4776,43.1517]]},"properties":{}},{"type":"Feature","geometry":{"type":"LineString","coordinates":[[-90.4776,43.1517],[-90.4791,43.1519]]},"properties":{}},{"type":"Feature","geometry":{"type":"LineString","coordinates":[[-90.4791,43.1519],[-90.4802,43.1514]]},"properties":{}},{"type":"Feature","geometry":{"type":"LineString","coordinates":[[-90.4802,43.1514],[-90.4813,43.1521]]},"properties":{}},{"type":"Feature","geometry":{"type":"LineString","coordinates":[[-90.4813,43.1521],[-90.4831,43.1511]]},"properties":{}},{"type":"Feature","geometry":{"type":"LineString","coordinates":[[-90.4831,43.1511],[-90.4855,43.1527]]},"properties":{}},{"type":"Feature","geometry":{"type":"LineString","coordinates":[[-90.3556,43.4741],[-90.3575,43.4727]]},"properties":{}},{"type":"Feature","geometry":{"type":"LineString","coordinates":[[-90.3575,43.4727],[-90.3588,43.4725]]},"properties":{}},{"type":"Feature","geometry":{"type":"LineString","coordinates":[[-90.3588,43.4725],[-90.3589,43.4719]]},"properties":{}},{"type":"Feature","geometry":{"type":"LineString","coordinates":[[-90.312,43.8741],[-90.3111,43.8763]]},"properties":{}},{"type":"Feature","geometry":{"type":"LineString","coordinates":[[-90.3111,43.8763],[-90.3102,43.8762]]},"properties":{}},{"type":"Feature","geometry":{"type":"LineString","coordinates":[[-90.3102,43.8762],[-90.3054,43.8785]]},"properties":{}},{"type":"Feature","geometry":{"type":"LineString","coordinates":[[-90.3054,43.8785],[-90.3022,43.8789]]},"properties":{}},{"type":"Feature","geometry":{"type":"LineString","coordinates":[[-90.3022,43.8789],[-90.3006,43.8786]]},"properties":{}},{"type":"Feature","geometry":{"type":"LineString","coordinates":[[-90.2987,43.8781],[-90.2961,43.8773]]},"properties":{}},{"type":"Feature","geometry":{"type":"LineString","coordinates":[[-90.2961,43.8773],[-90.2964,43.8779]]},"properties":{}},{"type":"Feature","geometry":{"type":"LineString","coordinates":[[-90.2964,43.8779],[-90.2951,43.8786]]},"properties":{}},{"type":"Feature","geometry":{"type":"LineString","coordinates":[[-90.2951,43.8786],[-90.2937,43.8807]]},"properties":{}},{"type":"Feature","geometry":{"type":"LineString","coordinates":[[-90.2924,43.8816],[-90.2919,43.8819]]},"properties":{}},{"type":"Feature","geometry":{"type":"LineString","coordinates":[[-90.2919,43.8819],[-90.2917,43.8812]]},"properties":{}},{"type":"Feature","geometry":{"type":"LineString","coordinates":[[-90.2917,43.8812],[-90.2906,43.8819]]},"properties":{}},{"type":"Feature","geometry":{"type":"LineString","coordinates":[[-90.2906,43.8819],[-90.2903,43.8817]]},"properties":{}},{"type":"Feature","geometry":{"type":"LineString","coordinates":[[-90.2903,43.8817],[-90.2909,43.8812]]},"properties":{}},{"type":"Feature","geometry":{"type":"LineString","coordinates":[[-90.2909,43.8812],[-90.2896,43.8821]]},"properties":{}},{"type":"Feature","geometry":{"type":"LineString","coordinates":[[-90.2896,43.8821],[-90.2886,43.882]]},"properties":{}},{"type":"Feature","geometry":{"type":"LineString","coordinates":[[-90.2886,43.882],[-90.2886,43.8825]]},"properties":{}},{"type":"Feature","geometry":{"type":"LineString","coordinates":[[-90.2886,43.8825],[-90.288,43.8823]]},"properties":{}},{"type":"Feature","geometry":{"type":"LineString","coordinates":[[-90.288,43.8823],[-90.2884,43.8814]]},"properties":{}},{"type":"Feature","geometry":{"type":"LineString","coordinates":[[-90.2858,43.8819],[-90.2861,43.8821]]},"properties":{}},{"type":"Feature","geometry":{"type":"LineString","coordinates":[[-90.2861,43.8821],[-90.2854,43.8825]]},"properties":{}},{"type":"Feature","geometry":{"type":"LineString","coordinates":[[-90.2854,43.8825],[-90.2858,43.883]]},"properties":{}},{"type":"Feature","geometry":{"type":"LineString","coordinates":[[-90.2858,43.883],[-90.2843,43.8825]]},"properties":{}},{"type":"Feature","geometry":{"type":"LineString","coordinates":[[-90.2843,43.8825],[-90.2844,43.8831]]},"properties":{}},{"type":"Feature","geometry":{"type":"LineString","coordinates":[[-90.2844,43.8831],[-90.2837,43.8836]]},"properties":{}},{"type":"Feature","geometry":{"type":"LineString","coordinates":[[-90.2837,43.8836],[-90.2839,43.884]]},"properties":{}},{"type":"Feature","geometry":{"type":"LineString","coordinates":[[-90.2839,43.884],[-90.2832,43.8841]]},"properties":{}},{"type":"Feature","geometry":{"type":"LineString","coordinates":[[-90.2832,43.8841],[-90.2838,43.8844]]},"properties":{}},{"type":"Feature","geometry":{"type":"LineString","coordinates":[[-90.2838,43.8844],[-90.2836,43.8851]]},"properties":{}},{"type":"Feature","geometry":{"type":"LineString","coordinates":[[-90.2836,43.8851],[-90.2829,43.8846]]},"properties":{}},{"type":"Feature","geometry":{"type":"LineString","coordinates":[[-90.2829,43.8846],[-90.2833,43.8853]]},"properties":{}},{"type":"Feature","geometry":{"type":"LineString","coordinates":[[-90.2833,43.8853],[-90.2827,43.8851]]},"properties":{}},{"type":"Feature","geometry":{"type":"LineString","coordinates":[[-90.2827,43.8851],[-90.2819,43.8855]]},"properties":{}},{"type":"Feature","geometry":{"type":"LineString","coordinates":[[-90.2819,43.8855],[-90.2833,43.8863]]},"properties":{}},{"type":"Feature","geometry":{"type":"LineString","coordinates":[[-90.2833,43.8863],[-90.2825,43.8864]]},"properties":{}},{"type":"Feature","geometry":{"type":"LineString","coordinates":[[-90.2825,43.8864],[-90.2828,43.8869]]},"properties":{}},{"type":"Feature","geometry":{"type":"LineString","coordinates":[[-90.2828,43.8869],[-90.2822,43.8873]]},"properties":{}},{"type":"Feature","geometry":{"type":"LineString","coordinates":[[-90.2822,43.8873],[-90.2832,43.8874]]},"properties":{}},{"type":"Feature","geometry":{"type":"LineString","coordinates":[[-90.2832,43.8874],[-90.2817,43.8881]]},"properties":{}},{"type":"Feature","geometry":{"type":"LineString","coordinates":[[-90.2817,43.8881],[-90.282,43.8886]]},"properties":{}},{"type":"Feature","geometry":{"type":"LineString","coordinates":[[-90.282,43.8886],[-90.2802,43.8884]]},"properties":{}},{"type":"Feature","geometry":{"type":"LineString","coordinates":[[-90.2781,43.8896],[-90.2775,43.8892]]},"properties":{}},{"type":"Feature","geometry":{"type":"LineString","coordinates":[[-90.2775,43.8892],[-90.2739,43.8891]]},"properties":{}},{"type":"Feature","geometry":{"type":"LineString","coordinates":[[-90.2678,43.8877],[-90.2655,43.8869]]},"properties":{}},{"type":"Feature","geometry":{"type":"LineString","coordinates":[[-90.2655,43.8869],[-90.2651,43.8872]]},"properties":{}},{"type":"Feature","geometry":{"type":"LineString","coordinates":[[-90.2651,43.8872],[-90.2651,43.8884]]},"properties":{}},{"type":"Feature","geometry":{"type":"LineString","coordinates":[[-90.2639,43.8889],[-90.2638,43.8895]]},"properties":{}},{"type":"Feature","geometry":{"type":"LineString","coordinates":[[-90.2638,43.8895],[-90.2635,43.8889]]},"properties":{}},{"type":"Feature","geometry":{"type":"LineString","coordinates":[[-90.2618,43.8892],[-90.2606,43.8887]]},"properties":{}},{"type":"Feature","geometry":{"type":"LineString","coordinates":[[-90.2606,43.8887],[-90.2592,43.8895]]},"properties":{}},{"type":"Feature","geometry":{"type":"LineString","coordinates":[[-90.2592,43.8895],[-90.2586,43.8891]]},"properties":{}},{"type":"Feature","geometry":{"type":"LineString","coordinates":[[-90.2586,43.8891],[-90.259,43.889]]},"properties":{}},{"type":"Feature","geometry":{"type":"LineString","coordinates":[[-90.259,43.889],[-90.258,43.8887]]},"properties":{}},{"type":"Feature","geometry":{"type":"LineString","coordinates":[[-90.258,43.8887],[-90.2582,43.8893]]},"properties":{}},{"type":"Feature","geometry":{"type":"LineString","coordinates":[[-90.2582,43.8893],[-90.2573,43.889]]},"properties":{}},{"type":"Feature","geometry":{"type":"LineString","coordinates":[[-90.2573,43.889],[-90.2571,43.8896]]},"properties":{}},{"type":"Feature","geometry":{"type":"LineString","coordinates":[[-90.2571,43.8896],[-90.2566,43.8895]]},"properties":{}},{"type":"Feature","geometry":{"type":"LineString","coordinates":[[-90.2566,43.8895],[-90.2569,43.889]]},"properties":{}},{"type":"Feature","geometry":{"type":"LineString","coordinates":[[-90.2561,43.8894],[-90.2562,43.8897]]},"properties":{}},{"type":"Feature","geometry":{"type":"LineString","coordinates":[[-90.2562,43.8897],[-90.2554,43.8898]]},"properties":{}},{"type":"Feature","geometry":{"type":"LineString","coordinates":[[-90.2554,43.8898],[-90.2557,43.8901]]},"properties":{}},{"type":"Feature","geometry":{"type":"LineString","coordinates":[[-90.2515,43.8909],[-90.2507,43.8918]]},"properties":{}},{"type":"Feature","geometry":{"type":"LineString","coordinates":[[-90.2507,43.8918],[-90.2504,43.8929]]},"properties":{}},{"type":"Feature","geometry":{"type":"LineString","coordinates":[[-90.2504,43.8929],[-90.2482,43.8935]]},"properties":{}},{"type":"Feature","geometry":{"type":"LineString","coordinates":[[-89.9955,45.2738],[-89.9958,45.272]]},"properties":{}},{"type":"Feature","geometry":{"type":"LineString","coordinates":[[-89.9958,45.272],[-89.9953,45.2691]]},"properties":{}},{"type":"Feature","geometry":{"type":"LineString","coordinates":[[-89.9953,45.2691],[-89.9921,45.2668]]},"properties":{}},{"type":"Feature","geometry":{"type":"LineString","coordinates":[[-89.9921,45.2668],[-89.9895,45.2661]]},"properties":{}},{"type":"Feature","geometry":{"type":"LineString","coordinates":[[-89.9895,45.2661],[-89.9881,45.2666]]},"properties":{}},{"type":"Feature","geometry":{"type":"LineString","coordinates":[[-89.9881,45.2666],[-89.987,45.2663]]},"properties":{}},{"type":"Feature","geometry":{"type":"LineString","coordinates":[[-89.987,45.2663],[-89.9861,45.2668]]},"properties":{}},{"type":"Feature","geometry":{"type":"LineString","coordinates":[[-89.9861,45.2668],[-89.9843,45.2651]]},"properties":{}},{"type":"Feature","geometry":{"type":"LineString","coordinates":[[-89.9843,45.2651],[-89.9797,45.264]]},"properties":{}},{"type":"Feature","geometry":{"type":"LineString","coordinates":[[-89.9797,45.264],[-89.9751,45.2685]]},"properties":{}},{"type":"Feature","geometry":{"type":"LineString","coordinates":[[-89.9741,45.2703],[-89.9717,45.2718]]},"properties":{}},{"type":"Feature","geometry":{"type":"LineString","coordinates":[[-90.0126,45.3296],[-90.0098,45.3313]]},"properties":{}},{"type":"Feature","geometry":{"type":"LineString","coordinates":[[-89.9793,45.283],[-89.9774,45.2811]]},"properties":{}},{"type":"Feature","geometry":{"type":"LineString","coordinates":[[-89.9774,45.2811],[-89.9777,45.2809]]},"properties":{}},{"type":"Feature","geometry":{"type":"LineString","coordinates":[[-89.9777,45.2809],[-89.9771,45.2795]]},"properties":{}},{"type":"Feature","geometry":{"type":"LineString","coordinates":[[-89.9731,45.2718],[-89.9702,45.2717]]},"properties":{}},{"type":"Feature","geometry":{"type":"LineString","coordinates":[[-89.9702,45.2717],[-89.9672,45.2727]]},"properties":{}},{"type":"Feature","geometry":{"type":"LineString","coordinates":[[-89.9672,45.2727],[-89.9661,45.2737]]},"properties":{}},{"type":"Feature","geometry":{"type":"LineString","coordinates":[[-89.9661,45.2737],[-89.9627,45.274]]},"properties":{}},{"type":"Feature","geometry":{"type":"LineString","coordinates":[[-89.9627,45.274],[-89.9623,45.2736]]},"properties":{}},{"type":"Feature","geometry":{"type":"LineString","coordinates":[[-89.9623,45.2736],[-89.9626,45.2725]]},"properties":{}},{"type":"Feature","geometry":{"type":"LineString","coordinates":[[-89.9626,45.2725],[-89.9611,45.2721]]},"properties":{}},{"type":"Feature","geometry":{"type":"LineString","coordinates":[[-89.9611,45.2721],[-89.9614,45.2703]]},"properties":{}},{"type":"Feature","geometry":{"type":"LineString","coordinates":[[-89.9614,45.2703],[-89.9627,45.2701]]},"properties":{}},{"type":"Feature","geometry":{"type":"LineString","coordinates":[[-89.9635,45.2666],[-89.9631,45.2649]]},"properties":{}},{"type":"Feature","geometry":{"type":"LineString","coordinates":[[-89.9631,45.2649],[-89.9621,45.2636]]},"properties":{}},{"type":"Feature","geometry":{"type":"LineString","coordinates":[[-89.9621,45.2636],[-89.9631,45.2633]]},"properties":{}},{"type":"Feature","geometry":{"type":"LineString","coordinates":[[-89.9631,45.2633],[-89.9648,45.2616]]},"properties":{}},{"type":"Feature","geometry":{"type":"LineString","coordinates":[[-89.9648,45.2616],[-89.9634,45.2606]]},"properties":{}},{"type":"Feature","geometry":{"type":"LineString","coordinates":[[-89.9634,45.2606],[-89.9632,45.2598]]},"properties":{}},{"type":"Feature","geometry":{"type":"LineString","coordinates":[[-89.9632,45.2598],[-89.9634,45.2589]]},"properties":{}},{"type":"Feature","geometry":{"type":"LineString","coordinates":[[-89.9634,45.2589],[-89.9642,45.2582]]},"properties":{}},{"type":"Feature","geometry":{"type":"LineString","coordinates":[[-89.789,42.7914],[-89.7894,42.7907]]},"properties":{}},{"type":"Feature","geometry":{"type":"LineString","coordinates":[[-89.7894,42.7907],[-89.7929,42.7886]]},"properties":{}},{"type":"Feature","geometry":{"type":"LineString","coordinates":[[-89.7345,42.8808],[-89.7389,42.8796]]},"properties":{}},{"type":"Feature","geometry":{"type":"LineString","coordinates":[[-89.7389,42.8796],[-89.7413,42.8797]]},"properties":{}},{"type":"Feature","geometry":{"type":"LineString","coordinates":[[-89.7413,42.8797],[-89.7416,42.8791]]},"properties":{}},{"type":"Feature","geometry":{"type":"LineString","coordinates":[[-89.8433,42.877],[-89.8436,42.876]]},"properties":{}},{"type":"Feature","geometry":{"type":"LineString","coordinates":[[-89.8436,42.876],[-89.8427,42.8763]]},"properties":{}},{"type":"Feature","geometry":{"type":"LineString","coordinates":[[-89.8426,42.8732],[-89.8464,42.8706]]},"properties":{}},{"type":"Feature","geometry":{"type":"LineString","coordinates":[[-89.8464,42.8706],[-89.8473,42.8695]]},"properties":{}},{"type":"Feature","geometry":{"type":"LineString","coordinates":[[-89.8473,42.8695],[-89.8469,42.8687]]},"properties":{}},{"type":"Feature","geometry":{"type":"LineString","coordinates":[[-89.8469,42.8687],[-89.8472,42.8677]]},"properties":{}},{"type":"Feature","geometry":{"type":"LineString","coordinates":[[-89.8463,42.8674],[-89.8488,42.8674]]},"properties":{}},{"type":"Feature","geometry":{"type":"LineString","coordinates":[[-89.8488,42.8674],[-89.8509,42.8684]]},"properties":{}},{"type":"Feature","geometry":{"type":"LineString","coordinates":[[-89.8509,42.8684],[-89.8511,42.8689]]},"properties":{}},{"type":"Feature","geometry":{"type":"LineString","coordinates":[[-89.8511,42.8689],[-89.8507,42.8691]]},"properties":{}},{"type":"Feature","geometry":{"type":"LineString","coordinates":[[-89.8509,42.8697],[-89.8527,42.8696]]},"properties":{}},{"type":"Feature","geometry":{"type":"LineString","coordinates":[[-89.8527,42.8696],[-89.8571,42.865]]},"properties":{}},{"type":"Feature","geometry":{"type":"LineString","coordinates":[[-89.8571,42.865],[-89.8575,42.8633]]},"properties":{}},{"type":"Feature","geometry":{"type":"LineString","coordinates":[[-89.8575,42.8633],[-89.8586,42.8614]]},"properties":{}},{"type":"Feature","geometry":{"type":"LineString","coordinates":[[-89.8586,42.8614],[-89.8583,42.8609]]},"properties":{}},{"type":"Feature","geometry":{"type":"LineString","coordinates":[[-90.2598,43.8626],[-90.2657,43.8661]]},"properties":{}},{"type":"Feature","geometry":{"type":"LineString","coordinates":[[-90.2657,43.8661],[-90.2678,43.8667]]},"properties":{}},{"type":"Feature","geometry":{"type":"LineString","coordinates":[[-90.2678,43.8667],[-90.2698,43.8687]]},"properties":{}},{"type":"Feature","geometry":{"type":"LineString","coordinates":[[-89.9796,42.9892],[-89.9779,42.987]]},"properties":{}},{"type":"Feature","geometry":{"type":"LineString","coordinates":[[-89.9779,42.987],[-89.9766,42.9862]]},"properties":{}},{"type":"Feature","geometry":{"type":"LineString","coordinates":[[-89.9766,42.9862],[-89.9764,42.9852]]},"properties":{}},{"type":"Feature","geometry":{"type":"LineString","coordinates":[[-89.9764,42.9852],[-89.9747,42.9836]]},"properties":{}},{"type":"Feature","geometry":{"type":"LineString","coordinates":[[-89.9747,42.9836],[-89.974,42.9837]]},"properties":{}},{"type":"Feature","geometry":{"type":"LineString","coordinates":[[-89.974,42.9837],[-89.9741,42.9831]]},"properties":{}},{"type":"Feature","geometry":{"type":"LineString","coordinates":[[-89.9741,42.9831],[-89.9745,42.9832]]},"properties":{}},{"type":"Feature","geometry":{"type":"LineString","coordinates":[[-89.9745,42.9832],[-89.974,42.9823]]},"properties":{}},{"type":"Feature","geometry":{"type":"LineString","coordinates":[[-89.974,42.9823],[-89.9732,42.982]]},"properties":{}},{"type":"Feature","geometry":{"type":"LineString","coordinates":[[-89.9732,42.982],[-89.9723,42.9823]]},"properties":{}},{"type":"Feature","geometry":{"type":"LineString","coordinates":[[-89.9723,42.9823],[-89.9719,42.981]]},"properties":{}},{"type":"Feature","geometry":{"type":"LineString","coordinates":[[-89.9719,42.981],[-89.9715,42.9809]]},"properties":{}},{"type":"Feature","geometry":{"type":"LineString","coordinates":[[-89.9715,42.9809],[-89.9713,42.9779]]},"properties":{}},{"type":"Feature","geometry":{"type":"LineString","coordinates":[[-89.9713,42.9779],[-89.9708,42.9776]]},"properties":{}},{"type":"Feature","geometry":{"type":"LineString","coordinates":[[-89.9708,42.9776],[-89.9716,42.9774]]},"properties":{}},{"type":"Feature","geometry":{"type":"LineString","coordinates":[[-89.9716,42.9774],[-89.9708,42.9758]]},"properties":{}},{"type":"Feature","geometry":{"type":"LineString","coordinates":[[-89.9708,42.9758],[-89.9707,42.9748]]},"properties":{}},{"type":"Feature","geometry":{"type":"LineString","coordinates":[[-89.9707,42.9748],[-89.9713,42.9746]]},"properties":{}},{"type":"Feature","geometry":{"type":"LineString","coordinates":[[-89.9713,42.9746],[-89.9685,42.9719]]},"properties":{}},{"type":"Feature","geometry":{"type":"LineString","coordinates":[[-89.9685,42.9719],[-89.9681,42.9721]]},"properties":{}},{"type":"Feature","geometry":{"type":"LineString","coordinates":[[-89.9681,42.9721],[-89.968,42.9714]]},"properties":{}},{"type":"Feature","geometry":{"type":"LineString","coordinates":[[-89.968,42.9714],[-89.9663,42.9708]]},"properties":{}},{"type":"Feature","geometry":{"type":"LineString","coordinates":[[-89.9663,42.9708],[-89.9661,42.97]]},"properties":{}},{"type":"Feature","geometry":{"type":"LineString","coordinates":[[-89.968,42.9714],[-89.9661,42.97]]},"properties":{}},{"type":"Feature","geometry":{"type":"LineString","coordinates":[[-89.9661,42.97],[-89.9646,42.9682]]},"properties":{}},{"type":"Feature","geometry":{"type":"LineString","coordinates":[[-89.9646,42.9682],[-89.9645,42.9669]]},"properties":{}},{"type":"Feature","geometry":{"type":"LineString","coordinates":[[-89.9645,42.9669],[-89.9633,42.9667]]},"properties":{}},{"type":"Feature","geometry":{"type":"LineString","coordinates":[[-89.9633,42.9667],[-89.9633,42.9657]]},"properties":{}},{"type":"Feature","geometry":{"type":"LineString","coordinates":[[-89.9633,42.9657],[-89.9641,42.9658]]},"properties":{}},{"type":"Feature","geometry":{"type":"LineString","coordinates":[[-89.9641,42.9658],[-89.9636,42.9651]]},"properties":{}},{"type":"Feature","geometry":{"type":"LineString","coordinates":[[-89.9636,42.9651],[-89.964,42.9642]]},"properties":{}},{"type":"Feature","geometry":{"type":"LineString","coordinates":[[-89.964,42.9642],[-89.9634,42.9639]]},"properties":{}},{"type":"Feature","geometry":{"type":"LineString","coordinates":[[-89.9634,42.9639],[-89.9642,42.9634]]},"properties":{}},{"type":"Feature","geometry":{"type":"LineString","coordinates":[[-89.9642,42.9634],[-89.9637,42.963]]},"properties":{}},{"type":"Feature","geometry":{"type":"LineString","coordinates":[[-89.9637,42.963],[-89.9645,42.9629]]},"properties":{}},{"type":"Feature","geometry":{"type":"LineString","coordinates":[[-89.9645,42.9629],[-89.9644,42.9624]]},"properties":{}},{"type":"Feature","geometry":{"type":"LineString","coordinates":[[-89.9644,42.9624],[-89.9625,42.9614]]},"properties":{}},{"type":"Feature","geometry":{"type":"LineString","coordinates":[[-89.9625,42.9614],[-89.9626,42.961]]},"properties":{}},{"type":"Feature","geometry":{"type":"LineString","coordinates":[[-89.961,42.9599],[-89.9592,42.96]]},"properties":{}},{"type":"Feature","geometry":{"type":"LineString","coordinates":[[-89.9592,42.96],[-89.9587,42.9578]]},"properties":{}},{"type":"Feature","geometry":{"type":"LineString","coordinates":[[-89.9587,42.9578],[-89.958,42.9579]]},"properties":{}},{"type":"Feature","geometry":{"type":"LineString","coordinates":[[-89.958,42.9579],[-89.9574,42.957]]},"properties":{}},{"type":"Feature","geometry":{"type":"LineString","coordinates":[[-89.9574,42.957],[-89.9567,42.9573]]},"properties":{}},{"type":"Feature","geometry":{"type":"LineString","coordinates":[[-89.9567,42.9573],[-89.9559,42.9568]]},"properties":{}},{"type":"Feature","geometry":{"type":"LineString","coordinates":[[-89.9559,42.9568],[-89.9559,42.9563]]},"properties":{}},{"type":"Feature","geometry":{"type":"LineString","coordinates":[[-89.9559,42.9563],[-89.9532,42.9564]]},"properties":{}},{"type":"Feature","geometry":{"type":"LineString","coordinates":[[-89.9532,42.9564],[-89.9524,42.9559]]},"properties":{}},{"type":"Feature","geometry":{"type":"LineString","coordinates":[[-89.9524,42.9559],[-89.9526,42.9555]]},"properties":{}},{"type":"Feature","geometry":{"type":"LineString","coordinates":[[-89.9526,42.9555],[-89.9519,42.9554]]},"properties":{}},{"type":"Feature","geometry":{"type":"LineString","coordinates":[[-89.9519,42.9554],[-89.9523,42.9548]]},"properties":{}},{"type":"Feature","geometry":{"type":"LineString","coordinates":[[-89.9523,42.9548],[-89.9515,42.9549]]},"properties":{}},{"type":"Feature","geometry":{"type":"LineString","coordinates":[[-89.9515,42.9549],[-89.9517,42.9543]]},"properties":{}},{"type":"Feature","geometry":{"type":"LineString","coordinates":[[-89.9517,42.9543],[-89.9506,42.9542]]},"properties":{}},{"type":"Feature","geometry":{"type":"LineString","coordinates":[[-89.9506,42.9542],[-89.9506,42.9537]]},"properties":{}},{"type":"Feature","geometry":{"type":"LineString","coordinates":[[-89.9506,42.9537],[-89.9493,42.9529]]},"properties":{}},{"type":"Feature","geometry":{"type":"LineString","coordinates":[[-89.9493,42.9529],[-89.9472,42.952]]},"properties":{}},{"type":"Feature","geometry":{"type":"LineString","coordinates":[[-89.9472,42.952],[-89.946,42.9521]]},"properties":{}},{"type":"Feature","geometry":{"type":"LineString","coordinates":[[-89.946,42.9521],[-89.9455,42.9515]]},"properties":{}},{"type":"Feature","geometry":{"type":"LineString","coordinates":[[-89.9455,42.9515],[-89.9448,42.9516]]},"properties":{}},{"type":"Feature","geometry":{"type":"LineString","coordinates":[[-89.9448,42.9516],[-89.9446,42.951]]},"properties":{}},{"type":"Feature","geometry":{"type":"LineString","coordinates":[[-89.9446,42.951],[-89.9424,42.9507]]},"properties":{}},{"type":"Feature","geometry":{"type":"LineString","coordinates":[[-89.9424,42.9507],[-89.9421,42.9496]]},"properties":{}},{"type":"Feature","geometry":{"type":"LineString","coordinates":[[-89.9421,42.9496],[-89.9398,42.9495]]},"properties":{}},{"type":"Feature","geometry":{"type":"LineString","coordinates":[[-89.9398,42.9495],[-89.9394,42.95]]},"properties":{}},{"type":"Feature","geometry":{"type":"LineString","coordinates":[[-89.9394,42.95],[-89.9392,42.9492]]},"properties":{}},{"type":"Feature","geometry":{"type":"LineString","coordinates":[[-89.9392,42.9492],[-89.9404,42.9475]]},"properties":{}},{"type":"Feature","geometry":{"type":"LineString","coordinates":[[-89.9404,42.9475],[-89.9394,42.9475]]},"properties":{}},{"type":"Feature","geometry":{"type":"LineString","coordinates":[[-89.9394,42.9468],[-89.9411,42.947]]},"properties":{}},{"type":"Feature","geometry":{"type":"LineString","coordinates":[[-89.9411,42.947],[-89.9408,42.9467]]},"properties":{}},{"type":"Feature","geometry":{"type":"LineString","coordinates":[[-89.9408,42.9467],[-89.936,42.9454]]},"properties":{}},{"type":"Feature","geometry":{"type":"LineString","coordinates":[[-89.936,42.9454],[-89.9337,42.9452]]},"properties":{}},{"type":"Feature","geometry":{"type":"LineString","coordinates":[[-89.9337,42.9452],[-89.9328,42.9456]]},"properties":{}},{"type":"Feature","geometry":{"type":"LineString","coordinates":[[-89.9327,42.9455],[-89.9326,42.9449]]},"properties":{}},{"type":"Feature","geometry":{"type":"LineString","coordinates":[[-89.6749,45.2496],[-89.6744,45.2478]]},"properties":{}},{"type":"Feature","geometry":{"type":"LineString","coordinates":[[-89.6744,45.2478],[-89.6716,45.2476]]},"properties":{}},{"type":"Feature","geometry":{"type":"LineString","coordinates":[[-89.9911,45.3946],[-89.9908,45.3941]]},"properties":{}},{"type":"Feature","geometry":{"type":"LineString","coordinates":[[-89.9908,45.3941],[-89.989,45.3935]]},"properties":{}},{"type":"Feature","geometry":{"type":"LineString","coordinates":[[-89.989,45.3935],[-89.9889,45.3898]]},"properties":{}},{"type":"Feature","geometry":{"type":"LineString","coordinates":[[-89.9867,45.3861],[-89.9838,45.3844]]},"properties":{}},{"type":"Feature","geometry":{"type":"LineString","coordinates":[[-89.9838,45.3844],[-89.9835,45.3831]]},"properties":{}},{"type":"Feature","geometry":{"type":"LineString","coordinates":[[-89.9835,45.3831],[-89.9827,45.3831]]},"properties":{}},{"type":"Feature","geometry":{"type":"LineString","coordinates":[[-89.9827,45.3831],[-89.9821,45.3821]]},"properties":{}},{"type":"Feature","geometry":{"type":"LineString","coordinates":[[-89.9821,45.3821],[-89.9804,45.381]]},"properties":{}},{"type":"Feature","geometry":{"type":"LineString","coordinates":[[-89.9804,45.381],[-89.9803,45.3789]]},"properties":{}},{"type":"Feature","geometry":{"type":"LineString","coordinates":[[-89.9803,45.3789],[-89.9795,45.3779]]},"properties":{}},{"type":"Feature","geometry":{"type":"LineString","coordinates":[[-89.8771,45.7759],[-89.8772,45.7754]]},"properties":{}},{"type":"Feature","geometry":{"type":"LineString","coordinates":[[-89.865,45.8103],[-89.865,45.8109]]},"properties":{}},{"type":"Feature","geometry":{"type":"LineString","coordinates":[[-89.865,45.8109],[-89.8642,45.8109]]},"properties":{}},{"type":"Feature","geometry":{"type":"LineString","coordinates":[[-89.8642,45.8109],[-89.8639,45.8118]]},"properties":{}},{"type":"Feature","geometry":{"type":"LineString","coordinates":[[-89.8639,45.8118],[-89.8618,45.8124]]},"properties":{}},{"type":"Feature","geometry":{"type":"LineString","coordinates":[[-89.8618,45.8124],[-89.8604,45.8114]]},"properties":{}},{"type":"Feature","geometry":{"type":"LineString","coordinates":[[-89.8604,45.8114],[-89.8588,45.8112]]},"properties":{}},{"type":"Feature","geometry":{"type":"LineString","coordinates":[[-89.8588,45.8112],[-89.8577,45.81]]},"properties":{}},{"type":"Feature","geometry":{"type":"LineString","coordinates":[[-89.8577,45.81],[-89.8562,45.8106]]},"properties":{}},{"type":"Feature","geometry":{"type":"LineString","coordinates":[[-89.8562,45.8106],[-89.8571,45.8151]]},"properties":{}},{"type":"Feature","geometry":{"type":"LineString","coordinates":[[-89.8571,45.8151],[-89.8582,45.8157]]},"properties":{}},{"type":"Feature","geometry":{"type":"LineString","coordinates":[[-89.8582,45.8157],[-89.8591,45.817]]},"properties":{}},{"type":"Feature","geometry":{"type":"LineString","coordinates":[[-89.8591,45.817],[-89.8566,45.8187]]},"properties":{}},{"type":"Feature","geometry":{"type":"LineString","coordinates":[[-89.6496,42.9431],[-89.6499,42.9426]]},"properties":{}},{"type":"Feature","geometry":{"type":"LineString","coordinates":[[-89.6499,42.9426],[-89.649,42.9424]]},"properties":{}},{"type":"Feature","geometry":{"type":"LineString","coordinates":[[-89.649,42.9424],[-89.649,42.9419]]},"properties":{}},{"type":"Feature","geometry":{"type":"LineString","coordinates":[[-89.649,42.9419],[-89.6478,42.9414]]},"properties":{}},{"type":"Feature","geometry":{"type":"LineString","coordinates":[[-89.6478,42.9414],[-89.6477,42.9406]]},"properties":{}},{"type":"Feature","geometry":{"type":"LineString","coordinates":[[-89.6477,42.9406],[-89.6472,42.9404]]},"properties":{}},{"type":"Feature","geometry":{"type":"LineString","coordinates":[[-89.6223,42.9214],[-89.6206,42.9209]]},"properties":{}},{"type":"Feature","geometry":{"type":"LineString","coordinates":[[-89.6206,42.9209],[-89.6186,42.9172]]},"properties":{}},{"type":"Feature","geometry":{"type":"LineString","coordinates":[[-89.313,44.0804],[-89.3114,44.0807]]},"properties":{}},{"type":"Feature","geometry":{"type":"LineString","coordinates":[[-89.3114,44.0807],[-89.3094,44.0796]]},"properties":{}},{"type":"Feature","geometry":{"type":"LineString","coordinates":[[-89.9353,45.2898],[-89.9318,45.291]]},"properties":{}},{"type":"Feature","geometry":{"type":"LineString","coordinates":[[-89.9318,45.291],[-89.929,45.2912]]},"properties":{}},{"type":"Feature","geometry":{"type":"LineString","coordinates":[[-89.929,45.2912],[-89.9287,45.2916]]},"properties":{}},{"type":"Feature","geometry":{"type":"LineString","coordinates":[[-89.9287,45.2916],[-89.9272,45.2919]]},"properties":{}},{"type":"Feature","geometry":{"type":"LineString","coordinates":[[-89.9272,45.2919],[-89.926,45.2933]]},"properties":{}},{"type":"Feature","geometry":{"type":"LineString","coordinates":[[-89.926,45.2933],[-89.9245,45.2927]]},"properties":{}},{"type":"Feature","geometry":{"type":"LineString","coordinates":[[-89.9245,45.2927],[-89.922,45.2933]]},"properties":{}},{"type":"Feature","geometry":{"type":"LineString","coordinates":[[-89.922,45.2933],[-89.9205,45.2931]]},"properties":{}},{"type":"Feature","geometry":{"type":"LineString","coordinates":[[-89.9205,45.2931],[-89.9199,45.2947]]},"properties":{}},{"type":"Feature","geometry":{"type":"LineString","coordinates":[[-89.2223,45.1974],[-89.2209,45.1967]]},"properties":{}},{"type":"Feature","geometry":{"type":"LineString","coordinates":[[-89.2002,45.6382],[-89.202,45.6383]]},"properties":{}},{"type":"Feature","geometry":{"type":"LineString","coordinates":[[-89.202,45.6383],[-89.2053,45.6367]]},"properties":{}},{"type":"Feature","geometry":{"type":"LineString","coordinates":[[-89.2053,45.6367],[-89.2088,45.636]]},"properties":{}},{"type":"Feature","geometry":{"type":"LineString","coordinates":[[-89.2088,45.636],[-89.2116,45.6349]]},"properties":{}},{"type":"Feature","geometry":{"type":"LineString","coordinates":[[-89.2116,45.6349],[-89.2164,45.6315]]},"properties":{}},{"type":"Feature","geometry":{"type":"LineString","coordinates":[[-89.2164,45.6315],[-89.2172,45.6301]]},"properties":{}},{"type":"Feature","geometry":{"type":"LineString","coordinates":[[-89.2172,45.6301],[-89.2164,45.6289]]},"properties":{}},{"type":"Feature","geometry":{"type":"LineString","coordinates":[[-89.2164,45.6289],[-89.2175,45.6272]]},"properties":{}},{"type":"Feature","geometry":{"type":"LineString","coordinates":[[-89.2175,45.6272],[-89.2223,45.6254]]},"properties":{}},{"type":"Feature","geometry":{"type":"LineString","coordinates":[[-89.2223,45.6254],[-89.227,45.6253]]},"properties":{}},{"type":"Feature","geometry":{"type":"LineString","coordinates":[[-89.227,45.6253],[-89.2271,45.6262]]},"properties":{}},{"type":"Feature","geometry":{"type":"LineString","coordinates":[[-89.2271,45.6262],[-89.2276,45.6262]]},"properties":{}},{"type":"Feature","geometry":{"type":"LineString","coordinates":[[-89.2276,45.6262],[-89.2301,45.6286]]},"properties":{}},{"type":"Feature","geometry":{"type":"LineString","coordinates":[[-89.2301,45.6286],[-89.2338,45.6273]]},"properties":{}},{"type":"Feature","geometry":{"type":"LineString","coordinates":[[-89.2338,45.6273],[-89.2366,45.6271]]},"properties":{}},{"type":"Feature","geometry":{"type":"LineString","coordinates":[[-89.2366,45.6271],[-89.2381,45.626]]},"properties":{}},{"type":"Feature","geometry":{"type":"LineString","coordinates":[[-89.1564,44.0587],[-89.1556,44.0585]]},"properties":{}},{"type":"Feature","geometry":{"type":"LineString","coordinates":[[-89.1556,44.0585],[-89.1555,44.058]]},"properties":{}},{"type":"Feature","geometry":{"type":"LineString","coordinates":[[-89.1555,44.058],[-89.1522,44.0576]]},"properties":{}},{"type":"Feature","geometry":{"type":"LineString","coordinates":[[-89.1522,44.0576],[-89.1512,44.0571]]},"properties":{}},{"type":"Feature","geometry":{"type":"LineString","coordinates":[[-89.1512,44.0571],[-89.1494,44.0575]]},"properties":{}},{"type":"Feature","geometry":{"type":"LineString","coordinates":[[-89.1594,45.4701],[-89.1579,45.4696]]},"properties":{}},{"type":"Feature","geometry":{"type":"LineString","coordinates":[[-89.1579,45.4696],[-89.1568,45.4685]]},"properties":{}},{"type":"Feature","geometry":{"type":"LineString","coordinates":[[-89.1568,45.4685],[-89.1554,45.4682]]},"properties":{}},{"type":"Feature","geometry":{"type":"LineString","coordinates":[[-89.1554,45.4682],[-89.1512,45.4696]]},"properties":{}},{"type":"Feature","geometry":{"type":"LineString","coordinates":[[-89.1512,45.4696],[-89.1459,45.4698]]},"properties":{}},{"type":"Feature","geometry":{"type":"LineString","coordinates":[[-89.1459,45.4698],[-89.1451,45.4709]]},"properties":{}},{"type":"Feature","geometry":{"type":"LineString","coordinates":[[-89.1451,45.4709],[-89.1441,45.4708]]},"properties":{}},{"type":"Feature","geometry":{"type":"LineString","coordinates":[[-89.1441,45.4708],[-89.1436,45.472]]},"properties":{}},{"type":"Feature","geometry":{"type":"LineString","coordinates":[[-89.1436,45.472],[-89.1427,45.4723]]},"properties":{}},{"type":"Feature","geometry":{"type":"LineString","coordinates":[[-89.1427,45.4723],[-89.1431,45.4728]]},"properties":{}},{"type":"Feature","geometry":{"type":"LineString","coordinates":[[-89.1431,45.4728],[-89.1425,45.4727]]},"properties":{}},{"type":"Feature","geometry":{"type":"LineString","coordinates":[[-89.1425,45.4727],[-89.1423,45.4737]]},"properties":{}},{"type":"Feature","geometry":{"type":"LineString","coordinates":[[-89.1423,45.4737],[-89.1415,45.4745]]},"properties":{}},{"type":"Feature","geometry":{"type":"LineString","coordinates":[[-89.1415,45.4745],[-89.1402,45.4748]]},"properties":{}},{"type":"Feature","geometry":{"type":"LineString","coordinates":[[-89.1402,45.4748],[-89.1397,45.4757]]},"properties":{}},{"type":"Feature","geometry":{"type":"LineString","coordinates":[[-89.1397,45.4757],[-89.1387,45.4761]]},"properties":{}},{"type":"Feature","geometry":{"type":"LineString","coordinates":[[-89.1387,45.4761],[-89.1384,45.4757]]},"properties":{}},{"type":"Feature","geometry":{"type":"LineString","coordinates":[[-89.1384,45.4757],[-89.1367,45.4757]]},"properties":{}},{"type":"Feature","geometry":{"type":"LineString","coordinates":[[-89.1317,45.4773],[-89.1284,45.4786]]},"properties":{}},{"type":"Feature","geometry":{"type":"LineString","coordinates":[[-89.1258,45.4825],[-89.1251,45.4836]]},"properties":{}},{"type":"Feature","geometry":{"type":"LineString","coordinates":[[-89.1251,45.4836],[-89.1229,45.4843]]},"properties":{}},{"type":"Feature","geometry":{"type":"LineString","coordinates":[[-89.1229,45.4843],[-89.121,45.4846]]},"properties":{}},{"type":"Feature","geometry":{"type":"LineString","coordinates":[[-89.121,45.4846],[-89.1168,45.4829]]},"properties":{}},{"type":"Feature","geometry":{"type":"LineString","coordinates":[[-89.1168,45.4829],[-89.1161,45.482]]},"properties":{}},{"type":"Feature","geometry":{"type":"LineString","coordinates":[[-89.1161,45.482],[-89.112,45.4818]]},"properties":{}},{"type":"Feature","geometry":{"type":"LineString","coordinates":[[-89.112,45.4818],[-89.1107,45.4811]]},"properties":{}},{"type":"Feature","geometry":{"type":"LineString","coordinates":[[-89.1107,45.4811],[-89.1084,45.4816]]},"properties":{}},{"type":"Feature","geometry":{"type":"LineString","coordinates":[[-89.1084,45.4816],[-89.1066,45.483]]},"properties":{}},{"type":"Feature","geometry":{"type":"LineString","coordinates":[[-89.1066,45.483],[-89.1019,45.4836]]},"properties":{}},{"type":"Feature","geometry":{"type":"LineString","coordinates":[[-88.4599,45.7426],[-88.4781,45.7461]]},"properties":{}},{"type":"Feature","geometry":{"type":"LineString","coordinates":[[-88.4564,45.787],[-88.4533,45.7878]]},"properties":{}},{"type":"Feature","geometry":{"type":"LineString","coordinates":[[-88.4533,45.7878],[-88.4508,45.7877]]},"properties":{}},{"type":"Feature","geometry":{"type":"LineString","coordinates":[[-88.4508,45.7877],[-88.4501,45.7887]]},"properties":{}},{"type":"Feature","geometry":{"type":"LineString","coordinates":[[-88.4501,45.7887],[-88.4451,45.7889]]},"properties":{}},{"type":"Feature","geometry":{"type":"LineString","coordinates":[[-88.3635,45.6745],[-88.3612,45.6708]]},"properties":{}},{"type":"Feature","geometry":{"type":"LineString","coordinates":[[-88.3612,45.6708],[-88.3583,45.6693]]},"properties":{}},{"type":"Feature","geometry":{"type":"LineString","coordinates":[[-88.3583,45.6693],[-88.3568,45.6676]]},"properties":{}},{"type":"Feature","geometry":{"type":"LineString","coordinates":[[-88.3568,45.6676],[-88.3553,45.6678]]},"properties":{}},{"type":"Feature","geometry":{"type":"LineString","coordinates":[[-88.3553,45.6678],[-88.3535,45.6673]]},"properties":{}},{"type":"Feature","geometry":{"type":"LineString","coordinates":[[-88.3535,45.6673],[-88.3529,45.6659]]},"properties":{}},{"type":"Feature","geometry":{"type":"LineString","coordinates":[[-88.3529,45.6659],[-88.351,45.6664]]},"properties":{}},{"type":"Feature","geometry":{"type":"LineString","coordinates":[[-88.351,45.6664],[-88.3468,45.6666]]},"properties":{}},{"type":"Feature","geometry":{"type":"LineString","coordinates":[[-88.5177,45.8628],[-88.5157,45.8637]]},"properties":{}},{"type":"Feature","geometry":{"type":"LineString","coordinates":[[-88.5157,45.8637],[-88.5134,45.8639]]},"properties":{}},{"type":"Feature","geometry":{"type":"LineString","coordinates":[[-88.5134,45.8639],[-88.5118,45.8648]]},"properties":{}},{"type":"Feature","geometry":{"type":"LineString","coordinates":[[-88.5118,45.8648],[-88.51,45.8645]]},"properties":{}},{"type":"Feature","geometry":{"type":"LineString","coordinates":[[-88.51,45.8645],[-88.5072,45.8651]]},"properties":{}},{"type":"Feature","geometry":{"type":"LineString","coordinates":[[-88.5024,45.8753],[-88.5027,45.8763]]},"properties":{}},{"type":"Feature","geometry":{"type":"LineString","coordinates":[[-88.5027,45.8763],[-88.5023,45.8768]]},"properties":{}},{"type":"Feature","geometry":{"type":"LineString","coordinates":[[-88.5023,45.8768],[-88.5059,45.8804]]},"properties":{}},{"type":"Feature","geometry":{"type":"LineString","coordinates":[[-88.5059,45.8804],[-88.5081,45.8812]]},"properties":{}},{"type":"Feature","geometry":{"type":"LineString","coordinates":[[-88.5081,45.8812],[-88.5088,45.8826]]},"properties":{}},{"type":"Feature","geometry":{"type":"LineString","coordinates":[[-88.5083,45.884],[-88.5073,45.8844]]},"properties":{}},{"type":"Feature","geometry":{"type":"LineString","coordinates":[[-88.5073,45.8844],[-88.5056,45.8862]]},"properties":{}},{"type":"Feature","geometry":{"type":"LineString","coordinates":[[-88.5471,45.8407],[-88.5434,45.8398]]},"properties":{}},{"type":"Feature","geometry":{"type":"LineString","coordinates":[[-88.5434,45.8398],[-88.5386,45.8402]]},"properties":{}},{"type":"Feature","geometry":{"type":"LineString","coordinates":[[-88.5386,45.8402],[-88.5376,45.8394]]},"properties":{}},{"type":"Feature","geometry":{"type":"LineString","coordinates":[[-88.5376,45.8394],[-88.536,45.8392]]},"properties":{}},{"type":"Feature","geometry":{"type":"LineString","coordinates":[[-88.536,45.8392],[-88.5312,45.8408]]},"properties":{}},{"type":"Feature","geometry":{"type":"LineString","coordinates":[[-88.5312,45.8408],[-88.5302,45.8423]]},"properties":{}},{"type":"Feature","geometry":{"type":"LineString","coordinates":[[-88.5302,45.8423],[-88.5293,45.8424]]},"properties":{}},{"type":"Feature","geometry":{"type":"LineString","coordinates":[[-88.5293,45.8424],[-88.5286,45.8433]]},"properties":{}},{"type":"Feature","geometry":{"type":"LineString","coordinates":[[-88.5286,45.8433],[-88.5246,45.8435]]},"properties":{}},{"type":"Feature","geometry":{"type":"LineString","coordinates":[[-88.5246,45.8435],[-88.5214,45.8412]]},"properties":{}},{"type":"Feature","geometry":{"type":"LineString","coordinates":[[-88.5214,45.8412],[-88.5215,45.8408]]},"properties":{}},{"type":"Feature","geometry":{"type":"LineString","coordinates":[[-88.5215,45.8408],[-88.5203,45.8405]]},"properties":{}},{"type":"Feature","geometry":{"type":"LineString","coordinates":[[-88.5203,45.8405],[-88.5176,45.841]]},"properties":{}},{"type":"Feature","geometry":{"type":"LineString","coordinates":[[-88.5176,45.841],[-88.516,45.8422]]},"properties":{}},{"type":"Feature","geometry":{"type":"LineString","coordinates":[[-88.516,45.8422],[-88.5132,45.8432]]},"properties":{}},{"type":"Feature","geometry":{"type":"LineString","coordinates":[[-88.5132,45.8432],[-88.5092,45.8434]]},"properties":{}},{"type":"Feature","geometry":{"type":"LineString","coordinates":[[-88.5092,45.8434],[-88.5058,45.8451]]},"properties":{}},{"type":"Feature","geometry":{"type":"LineString","coordinates":[[-88.5058,45.8451],[-88.5035,45.8442]]},"properties":{}},{"type":"Feature","geometry":{"type":"LineString","coordinates":[[-88.5035,45.8442],[-88.5028,45.8449]]},"properties":{}},{"type":"Feature","geometry":{"type":"LineString","coordinates":[[-88.5028,45.8449],[-88.5028,45.8438]]},"properties":{}},{"type":"Feature","geometry":{"type":"LineString","coordinates":[[-88.5028,45.8438],[-88.5007,45.8439]]},"properties":{}},{"type":"Feature","geometry":{"type":"LineString","coordinates":[[-88.5007,45.8439],[-88.5005,45.8444]]},"properties":{}},{"type":"Feature","geometry":{"type":"LineString","coordinates":[[-88.5005,45.8444],[-88.4997,45.8434]]},"properties":{}},{"type":"Feature","geometry":{"type":"LineString","coordinates":[[-88.4997,45.8434],[-88.5002,45.8432]]},"properties":{}},{"type":"Feature","geometry":{"type":"LineString","coordinates":[[-88.5002,45.8432],[-88.4997,45.843]]},"properties":{}},{"type":"Feature","geometry":{"type":"LineString","coordinates":[[-88.4997,45.843],[-88.4951,45.8433]]},"properties":{}},{"type":"Feature","geometry":{"type":"LineString","coordinates":[[-88.4951,45.8433],[-88.4942,45.8426]]},"properties":{}},{"type":"Feature","geometry":{"type":"LineString","coordinates":[[-88.4942,45.8426],[-88.4928,45.8437]]},"properties":{}},{"type":"Feature","geometry":{"type":"LineString","coordinates":[[-88.4928,45.8437],[-88.4921,45.8428]]},"properties":{}},{"type":"Feature","geometry":{"type":"LineString","coordinates":[[-88.4921,45.8428],[-88.4909,45.8429]]},"properties":{}},{"type":"Feature","geometry":{"type":"LineString","coordinates":[[-88.4909,45.8429],[-88.491,45.8419]]},"properties":{}},{"type":"Feature","geometry":{"type":"LineString","coordinates":[[-88.491,45.8419],[-88.4906,45.8417]]},"properties":{}},{"type":"Feature","geometry":{"type":"LineString","coordinates":[[-88.4906,45.8417],[-88.4867,45.8404]]},"properties":{}},{"type":"Feature","geometry":{"type":"LineString","coordinates":[[-88.4867,45.8404],[-88.4835,45.8408]]},"properties":{}},{"type":"Feature","geometry":{"type":"LineString","coordinates":[[-88.4835,45.8408],[-88.4801,45.8404]]},"properties":{}},{"type":"Feature","geometry":{"type":"LineString","coordinates":[[-88.4801,45.8404],[-88.4771,45.839]]},"properties":{}},{"type":"Feature","geometry":{"type":"LineString","coordinates":[[-88.4771,45.839],[-88.4756,45.8377]]},"properties":{}},{"type":"Feature","geometry":{"type":"LineString","coordinates":[[-88.4756,45.8377],[-88.473,45.8369]]},"properties":{}},{"type":"Feature","geometry":{"type":"LineString","coordinates":[[-88.473,45.8369],[-88.4677,45.8378]]},"properties":{}},{"type":"Feature","geometry":{"type":"LineString","coordinates":[[-88.4677,45.8378],[-88.4627,45.837]]},"properties":{}},{"type":"Feature","geometry":{"type":"LineString","coordinates":[[-88.4627,45.837],[-88.4612,45.8377]]},"properties":{}},{"type":"Feature","geometry":{"type":"LineString","coordinates":[[-88.4612,45.8377],[-88.4607,45.8386]]},"properties":{}},{"type":"Feature","geometry":{"type":"LineString","coordinates":[[-88.4607,45.8386],[-88.4615,45.8444]]},"properties":{}},{"type":"Feature","geometry":{"type":"LineString","coordinates":[[-88.4615,45.8444],[-88.4602,45.8468]]},"properties":{}},{"type":"Feature","geometry":{"type":"LineString","coordinates":[[-88.4602,45.8468],[-88.4574,45.8471]]},"properties":{}},{"type":"Feature","geometry":{"type":"LineString","coordinates":[[-88.4574,45.8471],[-88.4532,45.8456]]},"properties":{}},{"type":"Feature","geometry":{"type":"LineString","coordinates":[[-88.4525,45.8458],[-88.4488,45.845]]},"properties":{}},{"type":"Feature","geometry":{"type":"LineString","coordinates":[[-88.4488,45.845],[-88.4472,45.8433]]},"properties":{}},{"type":"Feature","geometry":{"type":"LineString","coordinates":[[-88.4472,45.8433],[-88.4452,45.8423]]},"properties":{}},{"type":"Feature","geometry":{"type":"LineString","coordinates":[[-88.4452,45.8423],[-88.4464,45.842]]},"properties":{}},{"type":"Feature","geometry":{"type":"LineString","coordinates":[[-88.4464,45.842],[-88.4463,45.8414]]},"properties":{}},{"type":"Feature","geometry":{"type":"LineString","coordinates":[[-88.4463,45.8414],[-88.4446,45.8412]]},"properties":{}},{"type":"Feature","geometry":{"type":"LineString","coordinates":[[-88.4414,45.8393],[-88.441,45.8383]]},"properties":{}},{"type":"Feature","geometry":{"type":"LineString","coordinates":[[-88.4532,45.8456],[-88.4525,45.8458]]},"properties":{}},{"type":"Feature","geometry":{"type":"LineString","coordinates":[[-88.4532,45.8456],[-88.4527,45.8454]]},"properties":{}},{"type":"Feature","geometry":{"type":"LineString","coordinates":[[-88.4527,45.8454],[-88.4525,45.8458]]},"properties":{}},{"type":"Feature","geometry":{"type":"LineString","coordinates":[[-88.3973,45.0203],[-88.3932,45.0191]]},"properties":{}},{"type":"Feature","geometry":{"type":"LineString","coordinates":[[-88.3932,45.0191],[-88.3924,45.0183]]},"properties":{}},{"type":"Feature","geometry":{"type":"LineString","coordinates":[[-88.3869,45.0103],[-88.3873,45.01]]},"properties":{}},{"type":"Feature","geometry":{"type":"LineString","coordinates":[[-88.3873,45.01],[-88.3877,45.0082]]},"properties":{}},{"type":"Feature","geometry":{"type":"LineString","coordinates":[[-92.572,44.7187],[-92.5723,44.7177]]},"properties":{}},{"type":"Feature","geometry":{"type":"LineString","coordinates":[[-92.5424,44.9003],[-92.55,44.9063]]},"properties":{}},{"type":"Feature","geometry":{"type":"LineString","coordinates":[[-92.55,44.9063],[-92.5522,44.9065]]},"properties":{}},{"type":"Feature","geometry":{"type":"LineString","coordinates":[[-92.0542,45.317],[-92.0535,45.3157]]},"properties":{}},{"type":"Feature","geometry":{"type":"LineString","coordinates":[[-92.0535,45.3157],[-92.0541,45.3148]]},"properties":{}},{"type":"Feature","geometry":{"type":"LineString","coordinates":[[-92.0541,45.3148],[-92.053,45.3132]]},"properties":{}},{"type":"Feature","geometry":{"type":"LineString","coordinates":[[-92.053,45.3132],[-92.0543,45.3123]]},"properties":{}},{"type":"Feature","geometry":{"type":"LineString","coordinates":[[-92.0543,45.3123],[-92.0516,45.3109]]},"properties":{}},{"type":"Feature","geometry":{"type":"LineString","coordinates":[[-92.0516,45.3109],[-92.0517,45.3101]]},"properties":{}},{"type":"Feature","geometry":{"type":"LineString","coordinates":[[-92.0517,45.3101],[-92.0502,45.3088]]},"properties":{}},{"type":"Feature","geometry":{"type":"LineString","coordinates":[[-92.0518,45.3101],[-92.0519,45.3109]]},"properties":{}},{"type":"Feature","geometry":{"type":"LineString","coordinates":[[-92.0519,45.3109],[-92.0545,45.3123]]},"properties":{}},{"type":"Feature","geometry":{"type":"LineString","coordinates":[[-92.0545,45.3123],[-92.0532,45.3132]]},"properties":{}},{"type":"Feature","geometry":{"type":"LineString","coordinates":[[-92.0532,45.3132],[-92.0543,45.3147]]},"properties":{}},{"type":"Feature","geometry":{"type":"LineString","coordinates":[[-92.1797,44.8316],[-92.1756,44.8275]]},"properties":{}},{"type":"Feature","geometry":{"type":"LineString","coordinates":[[-92.1756,44.8275],[-92.1748,44.8274]]},"properties":{}},{"type":"Feature","geometry":{"type":"LineString","coordinates":[[-92.1748,44.8274],[-92.1742,44.8254]]},"properties":{}},{"type":"Feature","geometry":{"type":"LineString","coordinates":[[-92.1742,44.8254],[-92.1717,44.8243]]},"properties":{}},{"type":"Feature","geometry":{"type":"LineString","coordinates":[[-92.1717,44.8243],[-92.1737,44.8225]]},"properties":{}},{"type":"Feature","geometry":{"type":"LineString","coordinates":[[-92.1685,44.8172],[-92.1657,44.8154]]},"properties":{}},{"type":"Feature","geometry":{"type":"LineString","coordinates":[[-92.1657,44.8154],[-92.1644,44.8136]]},"properties":{}},{"type":"Feature","geometry":{"type":"LineString","coordinates":[[-92.1653,44.8096],[-92.1648,44.8083]]},"properties":{}},{"type":"Feature","geometry":{"type":"LineString","coordinates":[[-92.1648,44.8083],[-92.1631,44.8074]]},"properties":{}},{"type":"Feature","geometry":{"type":"LineString","coordinates":[[-92.1631,44.8074],[-92.1644,44.8063]]},"properties":{}},{"type":"Feature","geometry":{"type":"LineString","coordinates":[[-92.1644,44.8063],[-92.164,44.8049]]},"properties":{}},{"type":"Feature","geometry":{"type":"LineString","coordinates":[[-92.164,44.8049],[-92.1603,44.8014]]},"properties":{}},{"type":"Feature","geometry":{"type":"LineString","coordinates":[[-92.1593,44.7995],[-92.1562,44.7978]]},"properties":{}},{"type":"Feature","geometry":{"type":"LineString","coordinates":[[-92.1562,44.7978],[-92.1548,44.7989]]},"properties":{}},{"type":"Feature","geometry":{"type":"LineString","coordinates":[[-92.1548,44.7989],[-92.1541,44.7988]]},"properties":{}},{"type":"Feature","geometry":{"type":"LineString","coordinates":[[-92.1541,44.7988],[-92.1528,44.798]]},"properties":{}},{"type":"Feature","geometry":{"type":"LineString","coordinates":[[-92.1505,44.7952],[-92.1508,44.7944]]},"properties":{}},{"type":"Feature","geometry":{"type":"LineString","coordinates":[[-92.1508,44.7944],[-92.1494,44.7946]]},"properties":{}},{"type":"Feature","geometry":{"type":"LineString","coordinates":[[-92.1494,44.7946],[-92.1489,44.7937]]},"properties":{}},{"type":"Feature","geometry":{"type":"LineString","coordinates":[[-92.1489,44.7937],[-92.1471,44.7941]]},"properties":{}},{"type":"Feature","geometry":{"type":"LineString","coordinates":[[-92.1471,44.7941],[-92.1474,44.7935]]},"properties":{}},{"type":"Feature","geometry":{"type":"LineString","coordinates":[[-92.1474,44.7935],[-92.1468,44.793]]},"properties":{}},{"type":"Feature","geometry":{"type":"LineString","coordinates":[[-92.1196,44.869],[-92.1129,44.8697]]},"properties":{}},{"type":"Feature","geometry":{"type":"LineString","coordinates":[[-92.1129,44.8697],[-92.1123,44.87]]},"properties":{}},{"type":"Feature","geometry":{"type":"LineString","coordinates":[[-92.1126,44.8709],[-92.1109,44.8726]]},"properties":{}},{"type":"Feature","geometry":{"type":"LineString","coordinates":[[-91.8914,45.9818],[-91.8919,45.9807]]},"properties":{}},{"type":"Feature","geometry":{"type":"LineString","coordinates":[[-91.8919,45.9807],[-91.8933,45.9801]]},"properties":{}},{"type":"Feature","geometry":{"type":"LineString","coordinates":[[-91.8933,45.9801],[-91.8934,45.9796]]},"properties":{}},{"type":"Feature","geometry":{"type":"LineString","coordinates":[[-91.8934,45.9796],[-91.8976,45.9785]]},"properties":{}},{"type":"Feature","geometry":{"type":"LineString","coordinates":[[-91.8976,45.9785],[-91.9,45.9774]]},"properties":{}},{"type":"Feature","geometry":{"type":"LineString","coordinates":[[-91.9,45.9774],[-91.9006,45.9776]]},"properties":{}},{"type":"Feature","geometry":{"type":"LineString","coordinates":[[-92.0089,45.2025],[-92.007,45.203]]},"properties":{}},{"type":"Feature","geometry":{"type":"LineString","coordinates":[[-92.007,45.203],[-92.0069,45.2037]]},"properties":{}},{"type":"Feature","geometry":{"type":"LineString","coordinates":[[-92.006,45.2042],[-92.0035,45.2032]]},"properties":{}},{"type":"Feature","geometry":{"type":"LineString","coordinates":[[-92.0035,45.2032],[-92.0041,45.2012]]},"properties":{}},{"type":"Feature","geometry":{"type":"LineString","coordinates":[[-92.0046,45.197],[-92.0036,45.1958]]},"properties":{}},{"type":"Feature","geometry":{"type":"LineString","coordinates":[[-92.0036,45.1958],[-92.0042,45.1954]]},"properties":{}},{"type":"Feature","geometry":{"type":"LineString","coordinates":[[-92.0042,45.1954],[-92.005,45.1958]]},"properties":{}},{"type":"Feature","geometry":{"type":"LineString","coordinates":[[-92.0055,45.1955],[-92.0053,45.1948]]},"properties":{}},{"type":"Feature","geometry":{"type":"LineString","coordinates":[[-92.0053,45.1948],[-92.0063,45.1947]]},"properties":{}},{"type":"Feature","geometry":{"type":"LineString","coordinates":[[-92.0059,45.1945],[-92.0064,45.1939]]},"properties":{}},{"type":"Feature","geometry":{"type":"LineString","coordinates":[[-92.0064,45.1939],[-92.0049,45.1924]]},"properties":{}},{"type":"Feature","geometry":{"type":"LineString","coordinates":[[-91.3977,44.6285],[-91.3975,44.6296]]},"properties":{}},{"type":"Feature","geometry":{"type":"LineString","coordinates":[[-91.3975,44.6296],[-91.3968,44.6304]]},"properties":{}},{"type":"Feature","geometry":{"type":"LineString","coordinates":[[-91.3967,44.6325],[-91.3973,44.6342]]},"properties":{}},{"type":"Feature","geometry":{"type":"LineString","coordinates":[[-91.3973,44.6342],[-91.3969,44.6351]]},"properties":{}},{"type":"Feature","geometry":{"type":"LineString","coordinates":[[-91.3969,44.6351],[-91.3958,44.6357]]},"properties":{}},{"type":"Feature","geometry":{"type":"LineString","coordinates":[[-91.3958,44.6357],[-91.3954,44.6375]]},"properties":{}},{"type":"Feature","geometry":{"type":"LineString","coordinates":[[-91.3954,44.6375],[-91.3945,44.6384]]},"properties":{}},{"type":"Feature","geometry":{"type":"LineString","coordinates":[[-91.3945,44.6384],[-91.3946,44.6397]]},"properties":{}},{"type":"Feature","geometry":{"type":"LineString","coordinates":[[-91.3946,44.6397],[-91.3941,44.6403]]},"properties":{}},{"type":"Feature","geometry":{"type":"LineString","coordinates":[[-91.3944,44.6425],[-91.3952,44.6437]]},"properties":{}},{"type":"Feature","geometry":{"type":"LineString","coordinates":[[-91.3952,44.6437],[-91.3982,44.6461]]},"properties":{}},{"type":"Feature","geometry":{"type":"LineString","coordinates":[[-91.4172,44.652],[-91.4185,44.6527]]},"properties":{}},{"type":"Feature","geometry":{"type":"LineString","coordinates":[[-91.4185,44.6527],[-91.4195,44.6543]]},"properties":{}},{"type":"Feature","geometry":{"type":"LineString","coordinates":[[-91.4357,44.6616],[-91.4385,44.662]]},"properties":{}},{"type":"Feature","geometry":{"type":"LineString","coordinates":[[-91.4385,44.662],[-91.4398,44.6632]]},"properties":{}},{"type":"Feature","geometry":{"type":"LineString","coordinates":[[-91.4398,44.6632],[-91.4411,44.6638]]},"properties":{}},{"type":"Feature","geometry":{"type":"LineString","coordinates":[[-91.4411,44.6638],[-91.4415,44.6646]]},"properties":{}},{"type":"Feature","geometry":{"type":"LineString","coordinates":[[-91.4415,44.6646],[-91.4428,44.6651]]},"properties":{}},{"type":"Feature","geometry":{"type":"LineString","coordinates":[[-91.4434,44.6659],[-91.4436,44.6675]]},"properties":{}},{"type":"Feature","geometry":{"type":"LineString","coordinates":[[-91.4436,44.6675],[-91.4447,44.6677]]},"properties":{}},{"type":"Feature","geometry":{"type":"LineString","coordinates":[[-91.4447,44.6677],[-91.4457,44.669]]},"properties":{}},{"type":"Feature","geometry":{"type":"LineString","coordinates":[[-91.4457,44.669],[-91.4483,44.67]]},"properties":{}},{"type":"Feature","geometry":{"type":"LineString","coordinates":[[-91.0734,43.5127],[-91.0742,43.5138]]},"properties":{}},{"type":"Feature","geometry":{"type":"LineString","coordinates":[[-91.0742,43.5138],[-91.0754,43.5137]]},"properties":{}},{"type":"Feature","geometry":{"type":"LineString","coordinates":[[-91.0754,43.5137],[-91.0754,43.5142]]},"properties":{}},{"type":"Feature","geometry":{"type":"LineString","coordinates":[[-91.0754,43.5142],[-91.0777,43.5136]]},"properties":{}},{"type":"Feature","geometry":{"type":"LineString","coordinates":[[-91.0777,43.5136],[-91.0797,43.5139]]},"properties":{}},{"type":"Feature","geometry":{"type":"LineString","coordinates":[[-91.1669,43.9745],[-91.1676,43.9739]]},"properties":{}},{"type":"Feature","geometry":{"type":"LineString","coordinates":[[-91.1676,43.9739],[-91.1686,43.9739]]},"properties":{}},{"type":"Feature","geometry":{"type":"LineString","coordinates":[[-91.1686,43.9739],[-91.1693,43.973]]},"properties":{}},{"type":"Feature","geometry":{"type":"LineString","coordinates":[[-91.2096,43.9723],[-91.2145,43.9718]]},"properties":{}},{"type":"Feature","geometry":{"type":"LineString","coordinates":[[-91.2145,43.9718],[-91.2157,43.9709]]},"properties":{}},{"type":"Feature","geometry":{"type":"LineString","coordinates":[[-91.2298,43.9683],[-91.2315,43.9689]]},"properties":{}},{"type":"Feature","geometry":{"type":"LineString","coordinates":[[-91.2315,43.9689],[-91.232,43.9683]]},"properties":{}},{"type":"Feature","geometry":{"type":"LineString","coordinates":[[-91.232,43.9683],[-91.2341,43.9678]]},"properties":{}},{"type":"Feature","geometry":{"type":"LineString","coordinates":[[-91.2341,43.9678],[-91.234,43.9673]]},"properties":{}},{"type":"Feature","geometry":{"type":"LineString","coordinates":[[-91.234,43.9673],[-91.2345,43.9672]]},"properties":{}},{"type":"Feature","geometry":{"type":"LineString","coordinates":[[-91.2345,43.9672],[-91.2365,43.9683]]},"properties":{}},{"type":"Feature","geometry":{"type":"LineString","coordinates":[[-91.246,43.9674],[-91.2463,43.9667]]},"properties":{}},{"type":"Feature","geometry":{"type":"LineString","coordinates":[[-91.2463,43.9667],[-91.2482,43.9653]]},"properties":{}},{"type":"Feature","geometry":{"type":"LineString","coordinates":[[-91.2482,43.9653],[-91.2532,43.9661]]},"properties":{}},{"type":"Feature","geometry":{"type":"LineString","coordinates":[[-91.4498,45.214],[-91.4481,45.2109]]},"properties":{}},{"type":"Feature","geometry":{"type":"LineString","coordinates":[[-91.4481,45.2109],[-91.4474,45.2074]]},"properties":{}},{"type":"Feature","geometry":{"type":"LineString","coordinates":[[-91.4474,45.2074],[-91.4447,45.2057]]},"properties":{}},{"type":"Feature","geometry":{"type":"LineString","coordinates":[[-91.4447,45.2057],[-91.4443,45.2049]]},"properties":{}},{"type":"Feature","geometry":{"type":"LineString","coordinates":[[-91.4443,45.2049],[-91.4402,45.2034]]},"properties":{}},{"type":"Feature","geometry":{"type":"LineString","coordinates":[[-91.4369,45.199],[-91.4373,45.1984]]},"properties":{}},{"type":"Feature","geometry":{"type":"LineString","coordinates":[[-91.4373,45.1984],[-91.4375,45.1958]]},"properties":{}},{"type":"Feature","geometry":{"type":"LineString","coordinates":[[-91.4359,45.1838],[-91.4346,45.1833]]},"properties":{}},{"type":"Feature","geometry":{"type":"LineString","coordinates":[[-91.4346,45.1833],[-91.4349,45.1811]]},"properties":{}},{"type":"Feature","geometry":{"type":"LineString","coordinates":[[-91.4305,45.1788],[-91.429,45.178]]},"properties":{}},{"type":"Feature","geometry":{"type":"LineString","coordinates":[[-91.429,45.178],[-91.4279,45.1767]]},"properties":{}},{"type":"Feature","geometry":{"type":"LineString","coordinates":[[-91.4283,45.1739],[-91.4278,45.1727]]},"properties":{}},{"type":"Feature","geometry":{"type":"LineString","coordinates":[[-91.4278,45.1727],[-91.4273,45.1727]]},"properties":{}},{"type":"Feature","geometry":{"type":"LineString","coordinates":[[-91.4273,45.1727],[-91.4282,45.1712]]},"properties":{}},{"type":"Feature","geometry":{"type":"LineString","coordinates":[[-91.4282,45.1712],[-91.4276,45.1698]]},"properties":{}},{"type":"Feature","geometry":{"type":"LineString","coordinates":[[-91.4276,45.1698],[-91.4287,45.1692]]},"properties":{}},{"type":"Feature","geometry":{"type":"LineString","coordinates":[[-91.4287,45.1692],[-91.4282,45.1681]]},"properties":{}},{"type":"Feature","geometry":{"type":"LineString","coordinates":[[-91.4282,45.1681],[-91.4285,45.1673]]},"properties":{}},{"type":"Feature","geometry":{"type":"LineString","coordinates":[[-91.4285,45.1673],[-91.4297,45.1669]]},"properties":{}},{"type":"Feature","geometry":{"type":"LineString","coordinates":[[-91.4297,45.1669],[-91.4324,45.1671]]},"properties":{}},{"type":"Feature","geometry":{"type":"LineString","coordinates":[[-91.4324,45.1671],[-91.4341,45.166]]},"properties":{}},{"type":"Feature","geometry":{"type":"LineString","coordinates":[[-91.4341,45.166],[-91.4352,45.1662]]},"properties":{}},{"type":"Feature","geometry":{"type":"LineString","coordinates":[[-91.4352,45.1662],[-91.438,45.1637]]},"properties":{}},{"type":"Feature","geometry":{"type":"LineString","coordinates":[[-91.438,45.1637],[-91.4377,45.1631]]},"properties":{}},{"type":"Feature","geometry":{"type":"LineString","coordinates":[[-91.4377,45.1631],[-91.4383,45.1617]]},"properties":{}},{"type":"Feature","geometry":{"type":"LineString","coordinates":[[-91.4383,45.1617],[-91.4379,45.1611]]},"properties":{}},{"type":"Feature","geometry":{"type":"LineString","coordinates":[[-91.4379,45.1611],[-91.4383,45.1601]]},"properties":{}},{"type":"Feature","geometry":{"type":"LineString","coordinates":[[-91.4383,45.1601],[-91.4376,45.1592]]},"properties":{}},{"type":"Feature","geometry":{"type":"LineString","coordinates":[[-91.4376,45.1592],[-91.4387,45.1578]]},"properties":{}},{"type":"Feature","geometry":{"type":"LineString","coordinates":[[-91.4442,45.131],[-91.4418,45.1293]]},"properties":{}},{"type":"Feature","geometry":{"type":"LineString","coordinates":[[-91.4418,45.1293],[-91.4395,45.1291]]},"properties":{}},{"type":"Feature","geometry":{"type":"LineString","coordinates":[[-91.4395,45.1291],[-91.4344,45.1269]]},"properties":{}},{"type":"Feature","geometry":{"type":"LineString","coordinates":[[-91.4344,45.1269],[-91.4306,45.1265]]},"properties":{}},{"type":"Feature","geometry":{"type":"LineString","coordinates":[[-91.4306,45.1265],[-91.431,45.126]]},"properties":{}},{"type":"Feature","geometry":{"type":"LineString","coordinates":[[-91.431,45.126],[-91.4303,45.1246]]},"properties":{}},{"type":"Feature","geometry":{"type":"LineString","coordinates":[[-91.4303,45.1246],[-91.4291,45.1242]]},"properties":{}},{"type":"Feature","geometry":{"type":"LineString","coordinates":[[-90.9324,43.0064],[-90.9344,43.0076]]},"properties":{}},{"type":"Feature","geometry":{"type":"LineString","coordinates":[[-90.9344,43.0076],[-90.9346,43.0106]]},"properties":{}},{"type":"Feature","geometry":{"type":"LineString","coordinates":[[-90.9346,43.0106],[-90.9352,43.011]]},"properties":{}},{"type":"Feature","geometry":{"type":"LineString","coordinates":[[-90.9352,43.011],[-90.9347,43.0121]]},"properties":{}},{"type":"Feature","geometry":{"type":"LineString","coordinates":[[-90.9357,43.0141],[-90.9367,43.0135]]},"properties":{}},{"type":"Feature","geometry":{"type":"LineString","coordinates":[[-90.9367,43.0135],[-90.9369,43.0139]]},"properties":{}},{"type":"Feature","geometry":{"type":"LineString","coordinates":[[-90.9369,43.0139],[-90.9389,43.0139]]},"properties":{}},{"type":"Feature","geometry":{"type":"LineString","coordinates":[[-90.9389,43.0139],[-90.9403,43.0145]]},"properties":{}},{"type":"Feature","geometry":{"type":"LineString","coordinates":[[-90.9403,43.0145],[-90.9405,43.0151]]},"properties":{}},{"type":"Feature","geometry":{"type":"LineString","coordinates":[[-90.9405,43.0151],[-90.9424,43.0154]]},"properties":{}},{"type":"Feature","geometry":{"type":"LineString","coordinates":[[-90.9425,43.0159],[-90.9422,43.0163]]},"properties":{}},{"type":"Feature","geometry":{"type":"LineString","coordinates":[[-90.9422,43.0163],[-90.9417,43.016]]},"properties":{}},{"type":"Feature","geometry":{"type":"LineString","coordinates":[[-90.9401,43.0169],[-90.9401,43.0175]]},"properties":{}},{"type":"Feature","geometry":{"type":"LineString","coordinates":[[-90.9401,43.0175],[-90.9389,43.0176]]},"properties":{}},{"type":"Feature","geometry":{"type":"LineString","coordinates":[[-90.9389,43.0176],[-90.9377,43.0188]]},"properties":{}},{"type":"Feature","geometry":{"type":"LineString","coordinates":[[-90.9377,43.0188],[-90.9365,43.0185]]},"properties":{}},{"type":"Feature","geometry":{"type":"LineString","coordinates":[[-90.9365,43.0185],[-90.9366,43.0192]]},"properties":{}},{"type":"Feature","geometry":{"type":"LineString","coordinates":[[-90.9366,43.0192],[-90.9357,43.0189]]},"properties":{}},{"type":"Feature","geometry":{"type":"LineString","coordinates":[[-90.9357,43.0189],[-90.9361,43.0199]]},"properties":{}},{"type":"Feature","geometry":{"type":"LineString","coordinates":[[-90.9343,43.0198],[-90.9335,43.021]]},"properties":{}},{"type":"Feature","geometry":{"type":"LineString","coordinates":[[-90.9335,43.021],[-90.9321,43.0211]]},"properties":{}},{"type":"Feature","geometry":{"type":"LineString","coordinates":[[-90.9321,43.0211],[-90.9319,43.0229]]},"properties":{}},{"type":"Feature","geometry":{"type":"LineString","coordinates":[[-90.9319,43.0229],[-90.9305,43.0234]]},"properties":{}},{"type":"Feature","geometry":{"type":"LineString","coordinates":[[-90.9305,43.0234],[-90.9286,43.0259]]},"properties":{}},{"type":"Feature","geometry":{"type":"LineString","coordinates":[[-90.9286,43.0259],[-90.9292,43.0288]]},"properties":{}},{"type":"Feature","geometry":{"type":"LineString","coordinates":[[-90.9292,43.0288],[-90.9286,43.0301]]},"properties":{}},{"type":"Feature","geometry":{"type":"LineString","coordinates":[[-90.9286,43.0301],[-90.9297,43.0316]]},"properties":{}},{"type":"Feature","geometry":{"type":"LineString","coordinates":[[-90.9297,43.0316],[-90.932,43.0328]]},"properties":{}},{"type":"Feature","geometry":{"type":"LineString","coordinates":[[-90.932,43.0328],[-90.9326,43.0339]]},"properties":{}},{"type":"Feature","geometry":{"type":"LineString","coordinates":[[-90.9326,43.0339],[-90.9339,43.0344]]},"properties":{}},{"type":"Feature","geometry":{"type":"LineString","coordinates":[[-91.1623,44.1905],[-91.1642,44.1911]]},"properties":{}},{"type":"Feature","geometry":{"type":"LineString","coordinates":[[-91.1642,44.1911],[-91.1644,44.192]]},"properties":{}},{"type":"Feature","geometry":{"type":"LineString","coordinates":[[-91.1644,44.192],[-91.164,44.1926]]},"properties":{}},{"type":"Feature","geometry":{"type":"LineString","coordinates":[[-91.164,44.1926],[-91.1644,44.1931]]},"properties":{}},{"type":"Feature","geometry":{"type":"LineString","coordinates":[[-91.1644,44.1931],[-91.1641,44.1939]]},"properties":{}},{"type":"Feature","geometry":{"type":"LineString","coordinates":[[-91.1641,44.1939],[-91.1665,44.1954]]},"properties":{}},{"type":"Feature","geometry":{"type":"LineString","coordinates":[[-91.1664,44.1962],[-91.1681,44.1985]]},"properties":{}},{"type":"Feature","geometry":{"type":"LineString","coordinates":[[-91.1681,44.1985],[-91.1684,44.1997]]},"properties":{}},{"type":"Feature","geometry":{"type":"LineString","coordinates":[[-91.1684,44.1997],[-91.1708,44.2006]]},"properties":{}},{"type":"Feature","geometry":{"type":"LineString","coordinates":[[-91.1708,44.2006],[-91.1707,44.2012]]},"properties":{}},{"type":"Feature","geometry":{"type":"LineString","coordinates":[[-91.1707,44.2012],[-91.1728,44.2034]]},"properties":{}},{"type":"Feature","geometry":{"type":"LineString","coordinates":[[-91.1728,44.2034],[-91.1759,44.2045]]},"properties":{}},{"type":"Feature","geometry":{"type":"LineString","coordinates":[[-91.1256,44.1929],[-91.126,44.1941]]},"properties":{}},{"type":"Feature","geometry":{"type":"LineString","coordinates":[[-91.126,44.1941],[-91.1256,44.1958]]},"properties":{}},{"type":"Feature","geometry":{"type":"LineString","coordinates":[[-91.0122,43.6079],[-91.0141,43.6091]]},"properties":{}},{"type":"Feature","geometry":{"type":"LineString","coordinates":[[-91.0173,43.6101],[-91.0208,43.609]]},"properties":{}},{"type":"Feature","geometry":{"type":"LineString","coordinates":[[-91.0208,43.609],[-91.0211,43.6064]]},"properties":{}},{"type":"Feature","geometry":{"type":"LineString","coordinates":[[-91.0211,43.6064],[-91.0193,43.6056]]},"properties":{}},{"type":"Feature","geometry":{"type":"LineString","coordinates":[[-91.0194,43.5969],[-91.0214,43.5965]]},"properties":{}},{"type":"Feature","geometry":{"type":"LineString","coordinates":[[-91.0322,43.5901],[-91.0342,43.591]]},"properties":{}},{"type":"Feature","geometry":{"type":"LineString","coordinates":[[-91.0376,43.5919],[-91.0384,43.5933]]},"properties":{}},{"type":"Feature","geometry":{"type":"LineString","coordinates":[[-91.0384,43.5933],[-91.0379,43.5957]]},"properties":{}},{"type":"Feature","geometry":{"type":"LineString","coordinates":[[-91.0432,43.5952],[-91.0429,43.5936]]},"properties":{}},{"type":"Feature","geometry":{"type":"LineString","coordinates":[[-91.0429,43.5936],[-91.0438,43.5924]]},"properties":{}},{"type":"Feature","geometry":{"type":"LineString","coordinates":[[-91.0575,43.5913],[-91.0621,43.5892]]},"properties":{}},{"type":"Feature","geometry":{"type":"LineString","coordinates":[[-91.0244,43.5942],[-91.026,43.5954]]},"properties":{}},{"type":"Feature","geometry":{"type":"LineString","coordinates":[[-91.0315,43.5924],[-91.0317,43.5904]]},"properties":{}},{"type":"Feature","geometry":{"type":"LineString","coordinates":[[-91.0317,43.5904],[-91.0322,43.5901]]},"properties":{}},{"type":"Feature","geometry":{"type":"LineString","coordinates":[[-91.0322,43.5901],[-91.033,43.5894]]},"properties":{}},{"type":"Feature","geometry":{"type":"LineString","coordinates":[[-90.926,43.7354],[-90.9269,43.7349]]},"properties":{}},{"type":"Feature","geometry":{"type":"LineString","coordinates":[[-90.9269,43.7349],[-90.9273,43.7338]]},"properties":{}},{"type":"Feature","geometry":{"type":"LineString","coordinates":[[-90.9273,43.7338],[-90.9304,43.7321]]},"properties":{}},{"type":"Feature","geometry":{"type":"LineString","coordinates":[[-90.9304,43.7321],[-90.9304,43.7299]]},"properties":{}},{"type":"Feature","geometry":{"type":"LineString","coordinates":[[-90.9304,43.7299],[-90.93,43.7294]]},"properties":{}},{"type":"Feature","geometry":{"type":"LineString","coordinates":[[-90.93,43.7294],[-90.9304,43.7279]]},"properties":{}},{"type":"Feature","geometry":{"type":"LineString","coordinates":[[-90.9304,43.7279],[-90.9297,43.7279]]},"properties":{}},{"type":"Feature","geometry":{"type":"LineString","coordinates":[[-90.9297,43.7279],[-90.9302,43.7272]]},"properties":{}},{"type":"Feature","geometry":{"type":"LineString","coordinates":[[-90.9302,43.7272],[-90.9297,43.7266]]},"properties":{}},{"type":"Feature","geometry":{"type":"LineString","coordinates":[[-90.9297,43.7266],[-90.9324,43.7252]]},"properties":{}},{"type":"Feature","geometry":{"type":"LineString","coordinates":[[-90.8872,43.7335],[-90.8926,43.7309]]},"properties":{}},{"type":"Feature","geometry":{"type":"LineString","coordinates":[[-90.8926,43.7309],[-90.8971,43.7318]]},"properties":{}},{"type":"Feature","geometry":{"type":"LineString","coordinates":[[-90.8971,43.7318],[-90.8997,43.7309]]},"properties":{}},{"type":"Feature","geometry":{"type":"LineString","coordinates":[[-90.8997,43.7309],[-90.9009,43.7299]]},"properties":{}},{"type":"Feature","geometry":{"type":"LineString","coordinates":[[-90.9009,43.7299],[-90.9007,43.7293]]},"properties":{}},{"type":"Feature","geometry":{"type":"LineString","coordinates":[[-90.9007,43.7293],[-90.8996,43.7291]]},"properties":{}},{"type":"Feature","geometry":{"type":"LineString","coordinates":[[-90.8996,43.7291],[-90.9003,43.7278]]},"properties":{}},{"type":"Feature","geometry":{"type":"LineString","coordinates":[[-90.9003,43.7278],[-90.9022,43.7261]]},"properties":{}},{"type":"Feature","geometry":{"type":"LineString","coordinates":[[-90.9022,43.7261],[-90.907,43.7244]]},"properties":{}},{"type":"Feature","geometry":{"type":"LineString","coordinates":[[-90.9462,43.9754],[-90.9485,43.9731]]},"properties":{}},{"type":"Feature","geometry":{"type":"LineString","coordinates":[[-90.9514,43.9732],[-90.9519,43.9726]]},"properties":{}},{"type":"Feature","geometry":{"type":"LineString","coordinates":[[-90.9519,43.9726],[-90.9512,43.9716]]},"properties":{}},{"type":"Feature","geometry":{"type":"LineString","coordinates":[[-90.9514,43.971],[-90.9542,43.9701]]},"properties":{}},{"type":"Feature","geometry":{"type":"LineString","coordinates":[[-90.9542,43.9701],[-90.9552,43.9691]]},"properties":{}},{"type":"Feature","geometry":{"type":"LineString","coordinates":[[-90.9552,43.9691],[-90.9564,43.9693]]},"properties":{}},{"type":"Feature","geometry":{"type":"LineString","coordinates":[[-90.9564,43.9693],[-90.957,43.9685]]},"properties":{}},{"type":"Feature","geometry":{"type":"LineString","coordinates":[[-90.957,43.9685],[-90.9568,43.9682]]},"properties":{}},{"type":"Feature","geometry":{"type":"LineString","coordinates":[[-90.9666,43.949],[-90.9679,43.9473]]},"properties":{}},{"type":"Feature","geometry":{"type":"LineString","coordinates":[[-90.9679,43.9473],[-90.9685,43.9472]]},"properties":{}},{"type":"Feature","geometry":{"type":"LineString","coordinates":[[-90.9685,43.9472],[-90.9698,43.9446]]},"properties":{}},{"type":"Feature","geometry":{"type":"LineString","coordinates":[[-90.9698,43.9446],[-90.9731,43.9434]]},"properties":{}},{"type":"Feature","geometry":{"type":"LineString","coordinates":[[-90.9858,43.9319],[-90.9891,43.9287]]},"properties":{}},{"type":"Feature","geometry":{"type":"LineString","coordinates":[[-90.9891,43.9287],[-90.99,43.9271]]},"properties":{}},{"type":"Feature","geometry":{"type":"LineString","coordinates":[[-90.8416,42.9094],[-90.8416,42.9093]]},"properties":{}},{"type":"Feature","geometry":{"type":"LineString","coordinates":[[-90.8016,42.8685],[-90.8012,42.8679]]},"properties":{}},{"type":"Feature","geometry":{"type":"LineString","coordinates":[[-90.8012,42.8679],[-90.8018,42.8676]]},"properties":{}},{"type":"Feature","geometry":{"type":"LineString","coordinates":[[-90.8018,42.8676],[-90.8011,42.8666]]},"properties":{}},{"type":"Feature","geometry":{"type":"LineString","coordinates":[[-90.8011,42.8666],[-90.8018,42.866]]},"properties":{}},{"type":"Feature","geometry":{"type":"LineString","coordinates":[[-90.8018,42.866],[-90.8,42.8631]]},"properties":{}},{"type":"Feature","geometry":{"type":"LineString","coordinates":[[-90.8871,43.43],[-90.8886,43.4302]]},"properties":{}},{"type":"Feature","geometry":{"type":"LineString","coordinates":[[-90.8886,43.4302],[-90.8884,43.4295]]},"properties":{}},{"type":"Feature","geometry":{"type":"LineString","coordinates":[[-90.8884,43.4295],[-90.8913,43.4252]]},"properties":{}},{"type":"Feature","geometry":{"type":"LineString","coordinates":[[-90.8913,43.4252],[-90.8947,43.423]]},"properties":{}},{"type":"Feature","geometry":{"type":"LineString","coordinates":[[-90.8947,43.423],[-90.8933,43.4218]]},"properties":{}},{"type":"Feature","geometry":{"type":"LineString","coordinates":[[-90.8934,43.4159],[-90.8924,43.414]]},"properties":{}},{"type":"Feature","geometry":{"type":"LineString","coordinates":[[-90.8924,43.414],[-90.8929,43.4134]]},"properties":{}},{"type":"Feature","geometry":{"type":"LineString","coordinates":[[-90.8929,43.4134],[-90.8908,43.4116]]},"properties":{}},{"type":"Feature","geometry":{"type":"LineString","coordinates":[[-90.8742,43.3952],[-90.8749,43.3929]]},"properties":{}},{"type":"Feature","geometry":{"type":"LineString","coordinates":[[-90.8749,43.3929],[-90.8736,43.3916]]},"properties":{}},{"type":"Feature","geometry":{"type":"LineString","coordinates":[[-90.8674,43.389],[-90.8692,43.3883]]},"properties":{}},{"type":"Feature","geometry":{"type":"LineString","coordinates":[[-90.8692,43.3883],[-90.8694,43.3866]]},"properties":{}},{"type":"Feature","geometry":{"type":"LineString","coordinates":[[-90.8694,43.3866],[-90.8705,43.3853]]},"properties":{}},{"type":"Feature","geometry":{"type":"LineString","coordinates":[[-90.8698,43.3845],[-90.8697,43.383]]},"properties":{}},{"type":"Feature","geometry":{"type":"LineString","coordinates":[[-90.8697,43.383],[-90.8661,43.3821]]},"properties":{}},{"type":"Feature","geometry":{"type":"LineString","coordinates":[[-90.8661,43.3821],[-90.866,43.3813]]},"properties":{}},{"type":"Feature","geometry":{"type":"LineString","coordinates":[[-90.866,43.3813],[-90.8643,43.3804]]},"properties":{}},{"type":"Feature","geometry":{"type":"LineString","coordinates":[[-90.8643,43.3804],[-90.8629,43.3808]]},"properties":{}},{"type":"Feature","geometry":{"type":"LineString","coordinates":[[-90.8629,43.3808],[-90.8623,43.3815]]},"properties":{}},{"type":"Feature","geometry":{"type":"LineString","coordinates":[[-90.8623,43.3815],[-90.8611,43.381]]},"properties":{}},{"type":"Feature","geometry":{"type":"LineString","coordinates":[[-90.8611,43.381],[-90.8625,43.3802]]},"properties":{}},{"type":"Feature","geometry":{"type":"LineString","coordinates":[[-90.8625,43.3802],[-90.862,43.3787]]},"properties":{}},{"type":"Feature","geometry":{"type":"LineString","coordinates":[[-90.862,43.3787],[-90.8602,43.3777]]},"properties":{}},{"type":"Feature","geometry":{"type":"LineString","coordinates":[[-90.8602,43.3777],[-90.8608,43.3753]]},"properties":{}},{"type":"Feature","geometry":{"type":"LineString","coordinates":[[-90.8608,43.3753],[-90.8621,43.3737]]},"properties":{}},{"type":"Feature","geometry":{"type":"LineString","coordinates":[[-90.8621,43.3737],[-90.8615,43.3729]]},"properties":{}},{"type":"Feature","geometry":{"type":"LineString","coordinates":[[-90.8615,43.3729],[-90.8618,43.3716]]},"properties":{}},{"type":"Feature","geometry":{"type":"LineString","coordinates":[[-90.8618,43.3716],[-90.8612,43.3711]]},"properties":{}},{"type":"Feature","geometry":{"type":"LineString","coordinates":[[-90.8612,43.3711],[-90.8621,43.3695]]},"properties":{}},{"type":"Feature","geometry":{"type":"LineString","coordinates":[[-90.8621,43.3695],[-90.8615,43.3692]]},"properties":{}},{"type":"Feature","geometry":{"type":"LineString","coordinates":[[-90.8615,43.3692],[-90.8619,43.3683]]},"properties":{}},{"type":"Feature","geometry":{"type":"LineString","coordinates":[[-90.8619,43.3683],[-90.8616,43.3674]]},"properties":{}},{"type":"Feature","geometry":{"type":"LineString","coordinates":[[-90.8616,43.3674],[-90.8607,43.3668]]},"properties":{}},{"type":"Feature","geometry":{"type":"LineString","coordinates":[[-90.8607,43.3668],[-90.8571,43.3667]]},"properties":{}},{"type":"Feature","geometry":{"type":"LineString","coordinates":[[-90.8571,43.3667],[-90.8548,43.365]]},"properties":{}},{"type":"Feature","geometry":{"type":"LineString","coordinates":[[-90.8548,43.365],[-90.8518,43.3641]]},"properties":{}},{"type":"Feature","geometry":{"type":"LineString","coordinates":[[-90.8518,43.3641],[-90.849,43.3617]]},"properties":{}},{"type":"Feature","geometry":{"type":"LineString","coordinates":[[-90.849,43.3617],[-90.8503,43.3616]]},"properties":{}},{"type":"Feature","geometry":{"type":"LineString","coordinates":[[-90.8503,43.3616],[-90.8491,43.3607]]},"properties":{}},{"type":"Feature","geometry":{"type":"LineString","coordinates":[[-90.8491,43.3607],[-90.8503,43.3603]]},"properties":{}},{"type":"Feature","geometry":{"type":"LineString","coordinates":[[-90.8503,43.3603],[-90.8501,43.36]]},"properties":{}},{"type":"Feature","geometry":{"type":"LineString","coordinates":[[-90.8501,43.36],[-90.8488,43.3598]]},"properties":{}},{"type":"Feature","geometry":{"type":"LineString","coordinates":[[-90.8488,43.3598],[-90.8469,43.3589]]},"properties":{}},{"type":"Feature","geometry":{"type":"LineString","coordinates":[[-90.8469,43.3589],[-90.8467,43.36]]},"properties":{}},{"type":"Feature","geometry":{"type":"LineString","coordinates":[[-90.8467,43.36],[-90.8459,43.3598]]},"properties":{}},{"type":"Feature","geometry":{"type":"LineString","coordinates":[[-90.8459,43.3598],[-90.8462,43.3584]]},"properties":{}},{"type":"Feature","geometry":{"type":"LineString","coordinates":[[-90.9733,44.084],[-90.9785,44.086]]},"properties":{}},{"type":"Feature","geometry":{"type":"LineString","coordinates":[[-90.9785,44.086],[-90.9792,44.0856]]},"properties":{}},{"type":"Feature","geometry":{"type":"LineString","coordinates":[[-90.9792,44.0856],[-90.9797,44.0861]]},"properties":{}},{"type":"Feature","geometry":{"type":"LineString","coordinates":[[-90.9797,44.0861],[-90.9825,44.0863]]},"properties":{}},{"type":"Feature","geometry":{"type":"LineString","coordinates":[[-90.9825,44.0863],[-90.9838,44.0853]]},"properties":{}},{"type":"Feature","geometry":{"type":"LineString","coordinates":[[-91.0113,44.4708],[-91.0123,44.4694]]},"properties":{}},{"type":"Feature","geometry":{"type":"LineString","coordinates":[[-91.0123,44.4694],[-91.009,44.4653]]},"properties":{}},{"type":"Feature","geometry":{"type":"LineString","coordinates":[[-91.009,44.4653],[-91.0101,44.4634]]},"properties":{}},{"type":"Feature","geometry":{"type":"LineString","coordinates":[[-91.0101,44.4634],[-91.0091,44.4625]]},"properties":{}},{"type":"Feature","geometry":{"type":"LineString","coordinates":[[-91.0024,44.4469],[-91.0036,44.4447]]},"properties":{}},{"type":"Feature","geometry":{"type":"LineString","coordinates":[[-91.0025,44.4442],[-91.0026,44.4429]]},"properties":{}},{"type":"Feature","geometry":{"type":"LineString","coordinates":[[-91.0026,44.4429],[-91.0016,44.4418]]},"properties":{}},{"type":"Feature","geometry":{"type":"LineString","coordinates":[[-91.0016,44.4418],[-91.0019,44.4409]]},"properties":{}},{"type":"Feature","geometry":{"type":"LineString","coordinates":[[-91.0019,44.4409],[-91.0004,44.4395]]},"properties":{}},{"type":"Feature","geometry":{"type":"LineString","coordinates":[[-91.0004,44.4395],[-91.0017,44.439]]},"properties":{}},{"type":"Feature","geometry":{"type":"LineString","coordinates":[[-91.0017,44.439],[-91.0003,44.4375]]},"properties":{}},{"type":"Feature","geometry":{"type":"LineString","coordinates":[[-91.0003,44.4357],[-90.9991,44.4335]]},"properties":{}},{"type":"Feature","geometry":{"type":"LineString","coordinates":[[-90.9991,44.4335],[-90.9993,44.4326]]},"properties":{}},{"type":"Feature","geometry":{"type":"LineString","coordinates":[[-90.9993,44.4326],[-90.9988,44.4323]]},"properties":{}},{"type":"Feature","geometry":{"type":"LineString","coordinates":[[-90.9988,44.4323],[-90.999,44.4318]]},"properties":{}},{"type":"Feature","geometry":{"type":"LineString","coordinates":[[-90.999,44.4318],[-90.9982,44.43]]},"properties":{}},{"type":"Feature","geometry":{"type":"LineString","coordinates":[[-90.9982,44.43],[-90.9977,44.4302]]},"properties":{}},{"type":"Feature","geometry":{"type":"LineString","coordinates":[[-90.9977,44.4302],[-90.9966,44.4282]]},"properties":{}},{"type":"Feature","geometry":{"type":"LineString","coordinates":[[-90.9966,44.4282],[-90.9955,44.4272]]},"properties":{}},{"type":"Feature","geometry":{"type":"LineString","coordinates":[[-90.9937,44.422],[-90.9929,44.422]]},"properties":{}},{"type":"Feature","geometry":{"type":"LineString","coordinates":[[-90.9929,44.422],[-90.9932,44.4209]]},"properties":{}},{"type":"Feature","geometry":{"type":"LineString","coordinates":[[-90.9932,44.4209],[-90.9916,44.4193]]},"properties":{}},{"type":"Feature","geometry":{"type":"LineString","coordinates":[[-90.9916,44.4193],[-90.9912,44.4179]]},"properties":{}},{"type":"Feature","geometry":{"type":"LineString","coordinates":[[-90.9933,44.4115],[-90.9951,44.4107]]},"properties":{}},{"type":"Feature","geometry":{"type":"LineString","coordinates":[[-90.9951,44.4107],[-90.9955,44.4099]]},"properties":{}},{"type":"Feature","geometry":{"type":"LineString","coordinates":[[-90.9955,44.4099],[-90.9966,44.4101]]},"properties":{}},{"type":"Feature","geometry":{"type":"LineString","coordinates":[[-90.9966,44.4101],[-90.997,44.4096]]},"properties":{}},{"type":"Feature","geometry":{"type":"LineString","coordinates":[[-90.997,44.4096],[-90.9967,44.4085]]},"properties":{}},{"type":"Feature","geometry":{"type":"LineString","coordinates":[[-90.9961,44.4083],[-90.9969,44.4076]]},"properties":{}},{"type":"Feature","geometry":{"type":"LineString","coordinates":[[-90.9969,44.4076],[-90.9967,44.4064]]},"properties":{}},{"type":"Feature","geometry":{"type":"LineString","coordinates":[[-90.9967,44.4064],[-90.9973,44.4056]]},"properties":{}},{"type":"Feature","geometry":{"type":"LineString","coordinates":[[-90.9962,44.4029],[-90.9968,44.4026]]},"properties":{}},{"type":"Feature","geometry":{"type":"LineString","coordinates":[[-90.9975,44.3975],[-90.9957,44.394]]},"properties":{}},{"type":"Feature","geometry":{"type":"LineString","coordinates":[[-90.6632,43.3277],[-90.6621,43.3264]]},"properties":{}},{"type":"Feature","geometry":{"type":"LineString","coordinates":[[-90.6621,43.3264],[-90.6618,43.3246]]},"properties":{}},{"type":"Feature","geometry":{"type":"LineString","coordinates":[[-90.6618,43.3246],[-90.6611,43.3241]]},"properties":{}},{"type":"Feature","geometry":{"type":"LineString","coordinates":[[-90.6611,43.3241],[-90.6625,43.3236]]},"properties":{}},{"type":"Feature","geometry":{"type":"LineString","coordinates":[[-90.6625,43.3236],[-90.6613,43.3225]]},"properties":{}},{"type":"Feature","geometry":{"type":"LineString","coordinates":[[-90.6573,43.3189],[-90.6562,43.3191]]},"properties":{}},{"type":"Feature","geometry":{"type":"LineString","coordinates":[[-90.6562,43.3191],[-90.6558,43.3186]]},"properties":{}},{"type":"Feature","geometry":{"type":"LineString","coordinates":[[-90.6558,43.3186],[-90.6566,43.3182]]},"properties":{}},{"type":"Feature","geometry":{"type":"LineString","coordinates":[[-90.6566,43.3182],[-90.6558,43.3178]]},"properties":{}},{"type":"Feature","geometry":{"type":"LineString","coordinates":[[-90.6558,43.3178],[-90.6563,43.3171]]},"properties":{}},{"type":"Feature","geometry":{"type":"LineString","coordinates":[[-90.6493,43.286],[-90.65,43.2846]]},"properties":{}},{"type":"Feature","geometry":{"type":"LineString","coordinates":[[-90.65,43.2846],[-90.649,43.2844]]},"properties":{}},{"type":"Feature","geometry":{"type":"LineString","coordinates":[[-90.649,43.2844],[-90.6489,43.2837]]},"properties":{}},{"type":"Feature","geometry":{"type":"LineString","coordinates":[[-90.6555,43.5776],[-90.655,43.5783]]},"properties":{}},{"type":"Feature","geometry":{"type":"LineString","coordinates":[[-90.655,43.5783],[-90.6543,43.5782]]},"properties":{}},{"type":"Feature","geometry":{"type":"LineString","coordinates":[[-90.6543,43.5782],[-90.6545,43.5776]]},"properties":{}},{"type":"Feature","geometry":{"type":"LineString","coordinates":[[-90.8292,43.7986],[-90.8275,43.7999]]},"properties":{}},{"type":"Feature","geometry":{"type":"LineString","coordinates":[[-90.8275,43.7999],[-90.8263,43.8021]]},"properties":{}},{"type":"Feature","geometry":{"type":"LineString","coordinates":[[-90.8086,43.8385],[-90.8092,43.8391]]},"properties":{}},{"type":"Feature","geometry":{"type":"LineString","coordinates":[[-90.8092,43.8391],[-90.8084,43.8404]]},"properties":{}},{"type":"Feature","geometry":{"type":"LineString","coordinates":[[-90.8084,43.8404],[-90.8086,43.841]]},"properties":{}},{"type":"Feature","geometry":{"type":"LineString","coordinates":[[-90.8086,43.841],[-90.8081,43.8414]]},"properties":{}},{"type":"Feature","geometry":{"type":"LineString","coordinates":[[-90.8081,43.8414],[-90.8084,43.8423]]},"properties":{}},{"type":"Feature","geometry":{"type":"LineString","coordinates":[[-90.8084,43.8423],[-90.8078,43.843]]},"properties":{}},{"type":"Feature","geometry":{"type":"LineString","coordinates":[[-90.8078,43.843],[-90.8068,43.8431]]},"properties":{}},{"type":"Feature","geometry":{"type":"LineString","coordinates":[[-90.8068,43.8431],[-90.807,43.8435]]},"properties":{}},{"type":"Feature","geometry":{"type":"LineString","coordinates":[[-90.8058,43.8437],[-90.8066,43.8447]]},"properties":{}},{"type":"Feature","geometry":{"type":"LineString","coordinates":[[-90.8066,43.8447],[-90.8063,43.8453]]},"properties":{}},{"type":"Feature","geometry":{"type":"LineString","coordinates":[[-90.8063,43.8453],[-90.8071,43.8452]]},"properties":{}},{"type":"Feature","geometry":{"type":"LineString","coordinates":[[-90.8071,43.8452],[-90.8067,43.8458]]},"properties":{}},{"type":"Feature","geometry":{"type":"LineString","coordinates":[[-90.8067,43.8458],[-90.8073,43.846]]},"properties":{}},{"type":"Feature","geometry":{"type":"LineString","coordinates":[[-90.8073,43.846],[-90.8067,43.8468]]},"properties":{}},{"type":"Feature","geometry":{"type":"LineString","coordinates":[[-90.8093,43.8491],[-90.8093,43.85]]},"properties":{}},{"type":"Feature","geometry":{"type":"LineString","coordinates":[[-90.5658,43.5616],[-90.5685,43.5616]]},"properties":{}},{"type":"Feature","geometry":{"type":"LineString","coordinates":[[-90.5685,43.5616],[-90.5686,43.5612]]},"properties":{}},{"type":"Feature","geometry":{"type":"LineString","coordinates":[[-90.5686,43.5612],[-90.5726,43.5607]]},"properties":{}},{"type":"Feature","geometry":{"type":"LineString","coordinates":[[-90.5726,43.5607],[-90.5731,43.5603]]},"properties":{}},{"type":"Feature","geometry":{"type":"LineString","coordinates":[[-90.5731,43.5603],[-90.5755,43.5607]]},"properties":{}},{"type":"Feature","geometry":{"type":"LineString","coordinates":[[-90.5755,43.5607],[-90.5764,43.5602]]},"properties":{}},{"type":"Feature","geometry":{"type":"LineString","coordinates":[[-90.5764,43.5602],[-90.5811,43.5606]]},"properties":{}},{"type":"Feature","geometry":{"type":"LineString","coordinates":[[-90.5369,43.7101],[-90.5376,43.7093]]},"properties":{}},{"type":"Feature","geometry":{"type":"LineString","coordinates":[[-90.5396,43.7085],[-90.5448,43.7058]]},"properties":{}},{"type":"Feature","geometry":{"type":"LineString","coordinates":[[-90.5448,43.7058],[-90.545,43.7045]]},"properties":{}},{"type":"Feature","geometry":{"type":"LineString","coordinates":[[-90.545,43.7045],[-90.5463,43.7023]]},"properties":{}},{"type":"Feature","geometry":{"type":"LineString","coordinates":[[-90.5543,43.6962],[-90.5552,43.6949]]},"properties":{}},{"type":"Feature","geometry":{"type":"LineString","coordinates":[[-90.5552,43.6949],[-90.5554,43.693]]},"properties":{}},{"type":"Feature","geometry":{"type":"LineString","coordinates":[[-90.5554,43.693],[-90.5561,43.6929]]},"properties":{}},{"type":"Feature","geometry":{"type":"LineString","coordinates":[[-90.4554,42.6777],[-90.4552,42.6773]]},"properties":{}},{"type":"Feature","geometry":{"type":"LineString","coordinates":[[-90.4552,42.6773],[-90.4578,42.6763]]},"properties":{}},{"type":"Feature","geometry":{"type":"LineString","coordinates":[[-90.4578,42.6763],[-90.4582,42.6755]]},"properties":{}},{"type":"Feature","geometry":{"type":"LineString","coordinates":[[-90.4582,42.6755],[-90.4609,42.6739]]},"properties":{}},{"type":"Feature","geometry":{"type":"LineString","coordinates":[[-90.4609,42.6739],[-90.4609,42.6728]]},"properties":{}},{"type":"Feature","geometry":{"type":"LineString","coordinates":[[-90.4635,42.6719],[-90.4639,42.6711]]},"properties":{}},{"type":"Feature","geometry":{"type":"LineString","coordinates":[[-90.4639,42.6711],[-90.4669,42.6707]]},"properties":{}},{"type":"Feature","geometry":{"type":"LineString","coordinates":[[-90.4669,42.6707],[-90.4692,42.6689]]},"properties":{}},{"type":"Feature","geometry":{"type":"LineString","coordinates":[[-90.4692,42.6689],[-90.4715,42.6681]]},"properties":{}},{"type":"Feature","geometry":{"type":"LineString","coordinates":[[-90.4715,42.6681],[-90.4738,42.6684]]},"properties":{}},{"type":"Feature","geometry":{"type":"LineString","coordinates":[[-90.4786,42.6681],[-90.4856,42.6649]]},"properties":{}},{"type":"Feature","geometry":{"type":"LineString","coordinates":[[-90.4856,42.6649],[-90.4865,42.6649]]},"properties":{}},{"type":"Feature","geometry":{"type":"LineString","coordinates":[[-90.4865,42.6649],[-90.4895,42.663]]},"properties":{}},{"type":"Feature","geometry":{"type":"LineString","coordinates":[[-90.4895,42.663],[-90.4947,42.6638]]},"properties":{}},{"type":"Feature","geometry":{"type":"LineString","coordinates":[[-90.5011,42.6614],[-90.5032,42.6588]]},"properties":{}},{"type":"Feature","geometry":{"type":"LineString","coordinates":[[-90.5032,42.6588],[-90.5065,42.6587]]},"properties":{}},{"type":"Feature","geometry":{"type":"LineString","coordinates":[[-90.5093,42.657],[-90.5117,42.6574]]},"properties":{}},{"type":"Feature","geometry":{"type":"LineString","coordinates":[[-90.5117,42.6574],[-90.513,42.659]]},"properties":{}},{"type":"Feature","geometry":{"type":"LineString","coordinates":[[-90.537,42.6545],[-90.5377,42.6532]]},"properties":{}},{"type":"Feature","geometry":{"type":"LineString","coordinates":[[-90.5377,42.6532],[-90.5382,42.6532]]},"properties":{}},{"type":"Feature","geometry":{"type":"LineString","coordinates":[[-90.5382,42.6532],[-90.5398,42.6548]]},"properties":{}},{"type":"Feature","geometry":{"type":"LineString","coordinates":[[-90.5398,42.6548],[-90.5432,42.6551]]},"properties":{}},{"type":"Feature","geometry":{"type":"LineString","coordinates":[[-90.5439,42.6561],[-90.5451,42.6568]]},"properties":{}},{"type":"Feature","geometry":{"type":"LineString","coordinates":[[-90.5451,42.6568],[-90.5503,42.6577]]},"properties":{}},{"type":"Feature","geometry":{"type":"LineString","coordinates":[[-90.5509,42.6589],[-90.5538,42.6586]]},"properties":{}},{"type":"Feature","geometry":{"type":"LineString","coordinates":[[-90.5538,42.6586],[-90.5529,42.6591]]},"properties":{}},{"type":"Feature","geometry":{"type":"LineString","coordinates":[[-90.4044,43.0009],[-90.4045,43.0029]]},"properties":{}},{"type":"Feature","geometry":{"type":"LineString","coordinates":[[-90.4045,43.0029],[-90.4061,43.0035]]},"properties":{}},{"type":"Feature","geometry":{"type":"LineString","coordinates":[[-90.4061,43.0035],[-90.4058,43.0041]]},"properties":{}},{"type":"Feature","geometry":{"type":"LineString","coordinates":[[-90.4058,43.0041],[-90.4066,43.004]]},"properties":{}},{"type":"Feature","geometry":{"type":"LineString","coordinates":[[-90.4066,43.004],[-90.4085,43.0055]]},"properties":{}},{"type":"Feature","geometry":{"type":"LineString","coordinates":[[-90.4098,43.0048],[-90.4147,43.0054]]},"properties":{}},{"type":"Feature","geometry":{"type":"LineString","coordinates":[[-90.4147,43.0054],[-90.4154,43.005]]},"properties":{}},{"type":"Feature","geometry":{"type":"LineString","coordinates":[[-90.4154,43.005],[-90.4159,43.0039]]},"properties":{}},{"type":"Feature","geometry":{"type":"LineString","coordinates":[[-90.4159,43.0039],[-90.4177,43.0029]]},"properties":{}},{"type":"Feature","geometry":{"type":"LineString","coordinates":[[-90.4177,43.0029],[-90.4214,43.0024]]},"properties":{}},{"type":"Feature","geometry":{"type":"LineString","coordinates":[[-90.4214,43.0024],[-90.4231,43.0029]]},"properties":{}},{"type":"Feature","geometry":{"type":"LineString","coordinates":[[-90.4231,43.0029],[-90.4239,43.0022]]},"properties":{}},{"type":"Feature","geometry":{"type":"LineString","coordinates":[[-90.4239,43.0022],[-90.4254,43.002]]},"properties":{}},{"type":"Feature","geometry":{"type":"LineString","coordinates":[[-90.4254,43.002],[-90.426,43.0013]]},"properties":{}},{"type":"Feature","geometry":{"type":"LineString","coordinates":[[-90.426,43.0013],[-90.4279,43.001]]},"properties":{}},{"type":"Feature","geometry":{"type":"LineString","coordinates":[[-90.4279,43.001],[-90.4298,43.0011]]},"properties":{}},{"type":"Feature","geometry":{"type":"LineString","coordinates":[[-90.4338,43.0012],[-90.4368,43.0041]]},"properties":{}},{"type":"Feature","geometry":{"type":"LineString","coordinates":[[-90.4368,43.0041],[-90.4372,43.0051]]},"properties":{}},{"type":"Feature","geometry":{"type":"LineString","coordinates":[[-90.4372,43.0051],[-90.439,43.0045]]},"properties":{}},{"type":"Feature","geometry":{"type":"LineString","coordinates":[[-90.439,43.0045],[-90.4399,43.0061]]},"properties":{}},{"type":"Feature","geometry":{"type":"LineString","coordinates":[[-90.4399,43.0061],[-90.4417,43.0071]]},"properties":{}},{"type":"Feature","geometry":{"type":"LineString","coordinates":[[-90.4417,43.0071],[-90.4445,43.007]]},"properties":{}},{"type":"Feature","geometry":{"type":"LineString","coordinates":[[-90.4445,43.007],[-90.4443,43.0076]]},"properties":{}},{"type":"Feature","geometry":{"type":"LineString","coordinates":[[-90.4443,43.0076],[-90.4451,43.0088]]},"properties":{}},{"type":"Feature","geometry":{"type":"LineString","coordinates":[[-90.4451,43.0088],[-90.445,43.0094]]},"properties":{}},{"type":"Feature","geometry":{"type":"LineString","coordinates":[[-90.44,43.0106],[-90.44,43.0111]]},"properties":{}},{"type":"Feature","geometry":{"type":"LineString","coordinates":[[-90.44,43.0111],[-90.4422,43.012]]},"properties":{}},{"type":"Feature","geometry":{"type":"LineString","coordinates":[[-90.4422,43.012],[-90.444,43.0119]]},"properties":{}},{"type":"Feature","geometry":{"type":"LineString","coordinates":[[-90.4538,43.016],[-90.4546,43.0161]]},"properties":{}},{"type":"Feature","geometry":{"type":"LineString","coordinates":[[-90.4546,43.0161],[-90.4558,43.0181]]},"properties":{}},{"type":"Feature","geometry":{"type":"LineString","coordinates":[[-90.4559,43.0206],[-90.4549,43.0206]]},"properties":{}},{"type":"Feature","geometry":{"type":"LineString","coordinates":[[-90.4235,46.3074],[-90.423,46.3081]]},"properties":{}},{"type":"Feature","geometry":{"type":"LineString","coordinates":[[-90.423,46.3081],[-90.4245,46.3092]]},"properties":{}},{"type":"Feature","geometry":{"type":"LineString","coordinates":[[-90.4245,46.3092],[-90.4276,46.3086]]},"properties":{}},{"type":"Feature","geometry":{"type":"LineString","coordinates":[[-90.4264,46.3214],[-90.424,46.3215]]},"properties":{}},{"type":"Feature","geometry":{"type":"LineString","coordinates":[[-90.424,46.3215],[-90.424,46.3229]]},"properties":{}},{"type":"Feature","geometry":{"type":"LineString","coordinates":[[-90.424,46.3229],[-90.4214,46.3237]]},"properties":{}},{"type":"Feature","geometry":{"type":"LineString","coordinates":[[-90.4214,46.3237],[-90.419,46.3254]]},"properties":{}},{"type":"Feature","geometry":{"type":"LineString","coordinates":[[-90.419,46.3254],[-90.4193,46.3271]]},"properties":{}},{"type":"Feature","geometry":{"type":"LineString","coordinates":[[-90.171,43.8038],[-90.1701,43.8026]]},"properties":{}},{"type":"Feature","geometry":{"type":"LineString","coordinates":[[-90.1701,43.8026],[-90.1661,43.8017]]},"properties":{}},{"type":"Feature","geometry":{"type":"LineString","coordinates":[[-90.1635,43.8001],[-90.1613,43.8009]]},"properties":{}},{"type":"Feature","geometry":{"type":"LineString","coordinates":[[-90.1613,43.8009],[-90.16,43.7999]]},"properties":{}},{"type":"Feature","geometry":{"type":"LineString","coordinates":[[-90.1556,43.8008],[-90.1542,43.8008]]},"properties":{}},{"type":"Feature","geometry":{"type":"LineString","coordinates":[[-90.1542,43.8008],[-90.152,43.7995]]},"properties":{}},{"type":"Feature","geometry":{"type":"LineString","coordinates":[[-90.3397,43.8755],[-90.3368,43.874]]},"properties":{}},{"type":"Feature","geometry":{"type":"LineString","coordinates":[[-90.067,43.3469],[-90.067,43.3456]]},"properties":{}},{"type":"Feature","geometry":{"type":"LineString","coordinates":[[-90.067,43.3456],[-90.0635,43.3405]]},"properties":{}},{"type":"Feature","geometry":{"type":"LineString","coordinates":[[-90.0514,43.3227],[-90.0524,43.3216]]},"properties":{}},{"type":"Feature","geometry":{"type":"LineString","coordinates":[[-90.0524,43.3216],[-90.0502,43.3188]]},"properties":{}},{"type":"Feature","geometry":{"type":"LineString","coordinates":[[-90.1786,43.3563],[-90.1773,43.356]]},"properties":{}},{"type":"Feature","geometry":{"type":"LineString","coordinates":[[-90.1773,43.356],[-90.1773,43.3553]]},"properties":{}},{"type":"Feature","geometry":{"type":"LineString","coordinates":[[-90.1773,43.3553],[-90.1791,43.3545]]},"properties":{}},{"type":"Feature","geometry":{"type":"LineString","coordinates":[[-90.1791,43.3545],[-90.1805,43.3518]]},"properties":{}},{"type":"Feature","geometry":{"type":"LineString","coordinates":[[-90.1805,43.3518],[-90.1798,43.3511]]},"properties":{}},{"type":"Feature","geometry":{"type":"LineString","coordinates":[[-90.1798,43.3511],[-90.1809,43.3509]]},"properties":{}},{"type":"Feature","geometry":{"type":"LineString","coordinates":[[-90.1809,43.3509],[-90.1798,43.35]]},"properties":{}},{"type":"Feature","geometry":{"type":"LineString","coordinates":[[-90.1803,43.3498],[-90.1801,43.3483]]},"properties":{}},{"type":"Feature","geometry":{"type":"LineString","coordinates":[[-90.1801,43.3483],[-90.1794,43.3486]]},"properties":{}},{"type":"Feature","geometry":{"type":"LineString","coordinates":[[-90.1793,43.3463],[-90.1801,43.3455]]},"properties":{}},{"type":"Feature","geometry":{"type":"LineString","coordinates":[[-90.1801,43.3455],[-90.1795,43.3449]]},"properties":{}},{"type":"Feature","geometry":{"type":"LineString","coordinates":[[-90.1795,43.3449],[-90.1789,43.3453]]},"properties":{}},{"type":"Feature","geometry":{"type":"LineString","coordinates":[[-90.1789,43.3453],[-90.1791,43.3448]]},"properties":{}},{"type":"Feature","geometry":{"type":"LineString","coordinates":[[-90.1791,43.3448],[-90.1785,43.3448]]},"properties":{}},{"type":"Feature","geometry":{"type":"LineString","coordinates":[[-90.1785,43.3448],[-90.1787,43.3442]]},"properties":{}},{"type":"Feature","geometry":{"type":"LineString","coordinates":[[-90.1787,43.3442],[-90.178,43.344]]},"properties":{}},{"type":"Feature","geometry":{"type":"LineString","coordinates":[[-90.178,43.344],[-90.1789,43.3435]]},"properties":{}},{"type":"Feature","geometry":{"type":"LineString","coordinates":[[-90.179,43.3414],[-90.1795,43.3403]]},"properties":{}},{"type":"Feature","geometry":{"type":"LineString","coordinates":[[-90.1795,43.3403],[-90.1791,43.3401]]},"properties":{}},{"type":"Feature","geometry":{"type":"LineString","coordinates":[[-90.1791,43.3401],[-90.179,43.3391]]},"properties":{}},{"type":"Feature","geometry":{"type":"LineString","coordinates":[[-90.179,43.3391],[-90.1781,43.3385]]},"properties":{}},{"type":"Feature","geometry":{"type":"LineString","coordinates":[[-90.1781,43.3385],[-90.1786,43.3378]]},"properties":{}},{"type":"Feature","geometry":{"type":"LineString","coordinates":[[-90.1786,43.3378],[-90.1779,43.3376]]},"properties":{}},{"type":"Feature","geometry":{"type":"LineString","coordinates":[[-90.1779,43.3361],[-90.1779,43.3355]]},"properties":{}},{"type":"Feature","geometry":{"type":"LineString","coordinates":[[-90.1777,43.3307],[-90.1781,43.3305]]},"properties":{}},{"type":"Feature","geometry":{"type":"LineString","coordinates":[[-90.1781,43.3305],[-90.1755,43.3269]]},"properties":{}},{"type":"Feature","geometry":{"type":"LineString","coordinates":[[-89.6041,44.0935],[-89.6059,44.0937]]},"properties":{}},{"type":"Feature","geometry":{"type":"LineString","coordinates":[[-89.6059,44.0937],[-89.6067,44.0931]]},"properties":{}},{"type":"Feature","geometry":{"type":"LineString","coordinates":[[-89.6067,44.0931],[-89.6109,44.0934]]},"properties":{}},{"type":"Feature","geometry":{"type":"LineString","coordinates":[[-89.6109,44.0934],[-89.614,44.0925]]},"properties":{}},{"type":"Feature","geometry":{"type":"LineString","coordinates":[[-90.2739,46.2419],[-90.2725,46.2406]]},"properties":{}},{"type":"Feature","geometry":{"type":"LineString","coordinates":[[-90.2725,46.2406],[-90.2714,46.2406]]},"properties":{}},{"type":"Feature","geometry":{"type":"LineString","coordinates":[[-90.2714,46.2406],[-90.2702,46.2388]]},"properties":{}},{"type":"Feature","geometry":{"type":"LineString","coordinates":[[-90.2702,46.2388],[-90.2701,46.2371]]},"properties":{}},{"type":"Feature","geometry":{"type":"LineString","coordinates":[[-90.2701,46.2371],[-90.2689,46.2361]]},"properties":{}},{"type":"Feature","geometry":{"type":"LineString","coordinates":[[-90.2689,46.2361],[-90.2685,46.2344]]},"properties":{}},{"type":"Feature","geometry":{"type":"LineString","coordinates":[[-90.2685,46.2344],[-90.2674,46.234]]},"properties":{}},{"type":"Feature","geometry":{"type":"LineString","coordinates":[[-90.2674,46.234],[-90.2677,46.2322]]},"properties":{}},{"type":"Feature","geometry":{"type":"LineString","coordinates":[[-90.2677,46.2322],[-90.267,46.2309]]},"properties":{}},{"type":"Feature","geometry":{"type":"LineString","coordinates":[[-90.267,46.2309],[-90.2674,46.2301]]},"properties":{}},{"type":"Feature","geometry":{"type":"LineString","coordinates":[[-90.2674,46.2301],[-90.2661,46.2291]]},"properties":{}},{"type":"Feature","geometry":{"type":"LineString","coordinates":[[-90.2661,46.2291],[-90.2672,46.2267]]},"properties":{}},{"type":"Feature","geometry":{"type":"LineString","coordinates":[[-90.2672,46.2267],[-90.2694,46.2255]]},"properties":{}},{"type":"Feature","geometry":{"type":"LineString","coordinates":[[-90.2694,46.2255],[-90.2698,46.2244]]},"properties":{}},{"type":"Feature","geometry":{"type":"LineString","coordinates":[[-90.2698,46.2244],[-90.2712,46.2238]]},"properties":{}},{"type":"Feature","geometry":{"type":"LineString","coordinates":[[-90.2712,46.2238],[-90.2698,46.2208]]},"properties":{}},{"type":"Feature","geometry":{"type":"LineString","coordinates":[[-90.2698,46.2208],[-90.27,46.2192]]},"properties":{}},{"type":"Feature","geometry":{"type":"LineString","coordinates":[[-90.27,46.2192],[-90.2708,46.2185]]},"properties":{}},{"type":"Feature","geometry":{"type":"LineString","coordinates":[[-90.2708,46.2185],[-90.2705,46.2177]]},"properties":{}},{"type":"Feature","geometry":{"type":"LineString","coordinates":[[-90.2705,46.2177],[-90.2712,46.2177]]},"properties":{}},{"type":"Feature","geometry":{"type":"LineString","coordinates":[[-90.2712,46.2177],[-90.273,46.2162]]},"properties":{}},{"type":"Feature","geometry":{"type":"LineString","coordinates":[[-90.273,46.2162],[-90.2741,46.2161]]},"properties":{}},{"type":"Feature","geometry":{"type":"LineString","coordinates":[[-90.2741,46.2161],[-90.2751,46.2146]]},"properties":{}},{"type":"Feature","geometry":{"type":"LineString","coordinates":[[-90.2751,46.2146],[-90.2759,46.2147]]},"properties":{}},{"type":"Feature","geometry":{"type":"LineString","coordinates":[[-90.2759,46.2147],[-90.2791,46.2131]]},"properties":{}},{"type":"Feature","geometry":{"type":"LineString","coordinates":[[-90.2791,46.2131],[-90.2795,46.2114]]},"properties":{}},{"type":"Feature","geometry":{"type":"LineString","coordinates":[[-90.2795,46.2114],[-90.2802,46.2108]]},"properties":{}},{"type":"Feature","geometry":{"type":"LineString","coordinates":[[-90.2802,46.2108],[-90.2784,46.2097]]},"properties":{}},{"type":"Feature","geometry":{"type":"LineString","coordinates":[[-90.2784,46.2097],[-90.2804,46.2087]]},"properties":{}},{"type":"Feature","geometry":{"type":"LineString","coordinates":[[-90.2804,46.2087],[-90.2805,46.2072]]},"properties":{}},{"type":"Feature","geometry":{"type":"LineString","coordinates":[[-90.2805,46.2072],[-90.2813,46.2065]]},"properties":{}},{"type":"Feature","geometry":{"type":"LineString","coordinates":[[-90.2813,46.2065],[-90.2808,46.2059]]},"properties":{}},{"type":"Feature","geometry":{"type":"LineString","coordinates":[[-90.2808,46.2059],[-90.2812,46.2034]]},"properties":{}},{"type":"Feature","geometry":{"type":"LineString","coordinates":[[-90.2812,46.2034],[-90.2785,46.2019]]},"properties":{}},{"type":"Feature","geometry":{"type":"LineString","coordinates":[[-90.2785,46.2019],[-90.2772,46.2021]]},"properties":{}},{"type":"Feature","geometry":{"type":"LineString","coordinates":[[-90.2772,46.2021],[-90.2767,46.2013]]},"properties":{}},{"type":"Feature","geometry":{"type":"LineString","coordinates":[[-90.2767,46.2013],[-90.2765,46.1986]]},"properties":{}},{"type":"Feature","geometry":{"type":"LineString","coordinates":[[-90.2765,46.1986],[-90.279,46.1961]]},"properties":{}},{"type":"Feature","geometry":{"type":"LineString","coordinates":[[-89.8145,45.7614],[-89.8151,45.7595]]},"properties":{}},{"type":"Feature","geometry":{"type":"LineString","coordinates":[[-89.8151,45.7595],[-89.8137,45.7557]]},"properties":{}},{"type":"Feature","geometry":{"type":"LineString","coordinates":[[-89.8137,45.7557],[-89.8072,45.7519]]},"properties":{}},{"type":"Feature","geometry":{"type":"LineString","coordinates":[[-89.8072,45.7519],[-89.8071,45.7513]]},"properties":{}},{"type":"Feature","geometry":{"type":"LineString","coordinates":[[-89.8071,45.7513],[-89.8045,45.7488]]},"properties":{}},{"type":"Feature","geometry":{"type":"LineString","coordinates":[[-89.8045,45.7488],[-89.8054,45.7477]]},"properties":{}},{"type":"Feature","geometry":{"type":"LineString","coordinates":[[-89.8054,45.7477],[-89.8058,45.7456]]},"properties":{}},{"type":"Feature","geometry":{"type":"LineString","coordinates":[[-89.8058,45.7456],[-89.8065,45.7448]]},"properties":{}},{"type":"Feature","geometry":{"type":"LineString","coordinates":[[-89.8065,45.7448],[-89.8064,45.7439]]},"properties":{}},{"type":"Feature","geometry":{"type":"LineString","coordinates":[[-89.8064,45.7439],[-89.8084,45.7425]]},"properties":{}},{"type":"Feature","geometry":{"type":"LineString","coordinates":[[-89.8105,45.7397],[-89.8101,45.7379]]},"properties":{}},{"type":"Feature","geometry":{"type":"LineString","coordinates":[[-89.8101,45.7379],[-89.8076,45.7362]]},"properties":{}},{"type":"Feature","geometry":{"type":"LineString","coordinates":[[-89.8076,45.7362],[-89.8074,45.7355]]},"properties":{}},{"type":"Feature","geometry":{"type":"LineString","coordinates":[[-89.8067,45.7331],[-89.8042,45.7311]]},"properties":{}},{"type":"Feature","geometry":{"type":"LineString","coordinates":[[-89.4294,43.9907],[-89.4287,43.9905]]},"properties":{}},{"type":"Feature","geometry":{"type":"LineString","coordinates":[[-89.4287,43.9905],[-89.4283,43.9891]]},"properties":{}},{"type":"Feature","geometry":{"type":"LineString","coordinates":[[-89.4259,43.9892],[-89.4245,43.99]]},"properties":{}},{"type":"Feature","geometry":{"type":"LineString","coordinates":[[-89.4245,43.99],[-89.4247,43.9903]]},"properties":{}},{"type":"Feature","geometry":{"type":"LineString","coordinates":[[-89.4347,45.3906],[-89.4374,45.3899]]},"properties":{}},{"type":"Feature","geometry":{"type":"LineString","coordinates":[[-89.4374,45.3899],[-89.4413,45.3904]]},"properties":{}},{"type":"Feature","geometry":{"type":"LineString","coordinates":[[-89.4428,45.3888],[-89.4435,45.3873]]},"properties":{}},{"type":"Feature","geometry":{"type":"LineString","coordinates":[[-89.4435,45.3873],[-89.4461,45.3852]]},"properties":{}},{"type":"Feature","geometry":{"type":"LineString","coordinates":[[-89.4508,45.384],[-89.452,45.3831]]},"properties":{}},{"type":"Feature","geometry":{"type":"LineString","coordinates":[[-89.452,45.3831],[-89.451,45.3819]]},"properties":{}},{"type":"Feature","geometry":{"type":"LineString","coordinates":[[-89.451,45.3819],[-89.4522,45.3807]]},"properties":{}},{"type":"Feature","geometry":{"type":"LineString","coordinates":[[-89.4575,45.3795],[-89.4582,45.3792]]},"properties":{}},{"type":"Feature","geometry":{"type":"LineString","coordinates":[[-89.4591,45.3652],[-89.4569,45.3634]]},"properties":{}},{"type":"Feature","geometry":{"type":"LineString","coordinates":[[-89.4569,45.3634],[-89.4576,45.3614]]},"properties":{}},{"type":"Feature","geometry":{"type":"LineString","coordinates":[[-89.4576,45.3614],[-89.4568,45.359]]},"properties":{}},{"type":"Feature","geometry":{"type":"LineString","coordinates":[[-89.4568,45.359],[-89.4572,45.3562]]},"properties":{}},{"type":"Feature","geometry":{"type":"LineString","coordinates":[[-89.4572,45.3562],[-89.459,45.3559]]},"properties":{}},{"type":"Feature","geometry":{"type":"LineString","coordinates":[[-89.4695,45.3293],[-89.4712,45.3282]]},"properties":{}},{"type":"Feature","geometry":{"type":"LineString","coordinates":[[-89.4712,45.3282],[-89.4733,45.3278]]},"properties":{}},{"type":"Feature","geometry":{"type":"LineString","coordinates":[[-89.4735,45.3248],[-89.4714,45.3236]]},"properties":{}},{"type":"Feature","geometry":{"type":"LineString","coordinates":[[-89.4714,45.3236],[-89.4725,45.3217]]},"properties":{}},{"type":"Feature","geometry":{"type":"LineString","coordinates":[[-89.4933,45.3157],[-89.493,45.3145]]},"properties":{}},{"type":"Feature","geometry":{"type":"LineString","coordinates":[[-89.493,45.3145],[-89.4913,45.3127]]},"properties":{}},{"type":"Feature","geometry":{"type":"LineString","coordinates":[[-89.4913,45.3127],[-89.4921,45.3113]]},"properties":{}},{"type":"Feature","geometry":{"type":"LineString","coordinates":[[-89.4959,45.3114],[-89.4959,45.3123]]},"properties":{}},{"type":"Feature","geometry":{"type":"LineString","coordinates":[[-89.4959,45.3123],[-89.497,45.3131]]},"properties":{}},{"type":"Feature","geometry":{"type":"LineString","coordinates":[[-89.497,45.3131],[-89.4967,45.3143]]},"properties":{}},{"type":"Feature","geometry":{"type":"LineString","coordinates":[[-89.4967,45.3143],[-89.4976,45.315]]},"properties":{}},{"type":"Feature","geometry":{"type":"LineString","coordinates":[[-89.4976,45.315],[-89.4977,45.3155]]},"properties":{}},{"type":"Feature","geometry":{"type":"LineString","coordinates":[[-89.525,45.3043],[-89.5311,45.3025]]},"properties":{}},{"type":"Feature","geometry":{"type":"LineString","coordinates":[[-89.5311,45.3025],[-89.5319,45.3027]]},"properties":{}},{"type":"Feature","geometry":{"type":"LineString","coordinates":[[-89.5319,45.3027],[-89.5319,45.3021]]},"properties":{}},{"type":"Feature","geometry":{"type":"LineString","coordinates":[[-89.5319,45.3021],[-89.5329,45.3025]]},"properties":{}},{"type":"Feature","geometry":{"type":"LineString","coordinates":[[-89.5329,45.3025],[-89.5344,45.3002]]},"properties":{}},{"type":"Feature","geometry":{"type":"LineString","coordinates":[[-89.6642,43.1144],[-89.6638,43.1159]]},"properties":{}},{"type":"Feature","geometry":{"type":"LineString","coordinates":[[-89.6638,43.1159],[-89.6631,43.1158]]},"properties":{}},{"type":"Feature","geometry":{"type":"LineString","coordinates":[[-89.6631,43.1158],[-89.6636,43.1162]]},"properties":{}},{"type":"Feature","geometry":{"type":"LineString","coordinates":[[-89.6636,43.1162],[-89.6634,43.1167]]},"properties":{}},{"type":"Feature","geometry":{"type":"LineString","coordinates":[[-89.6634,43.1167],[-89.6642,43.1166]]},"properties":{}},{"type":"Feature","geometry":{"type":"LineString","coordinates":[[-89.6642,43.1166],[-89.6649,43.1181]]},"properties":{}},{"type":"Feature","geometry":{"type":"LineString","coordinates":[[-89.6649,43.1181],[-89.6686,43.1164]]},"properties":{}},{"type":"Feature","geometry":{"type":"LineString","coordinates":[[-89.7064,43.1251],[-89.7077,43.1255]]},"properties":{}},{"type":"Feature","geometry":{"type":"LineString","coordinates":[[-89.7077,43.1255],[-89.7096,43.125]]},"properties":{}},{"type":"Feature","geometry":{"type":"LineString","coordinates":[[-89.3117,44.9426],[-89.3124,44.9416]]},"properties":{}},{"type":"Feature","geometry":{"type":"LineString","coordinates":[[-89.2037,44.6478],[-89.203,44.6485]]},"properties":{}},{"type":"Feature","geometry":{"type":"LineString","coordinates":[[-89.203,44.6485],[-89.2034,44.6491]]},"properties":{}},{"type":"Feature","geometry":{"type":"LineString","coordinates":[[-89.2034,44.6491],[-89.2006,44.6496]]},"properties":{}},{"type":"Feature","geometry":{"type":"LineString","coordinates":[[-89.1956,44.6487],[-89.1945,44.6481]]},"properties":{}},{"type":"Feature","geometry":{"type":"LineString","coordinates":[[-89.1945,44.6481],[-89.1905,44.6475]]},"properties":{}},{"type":"Feature","geometry":{"type":"LineString","coordinates":[[-89.1905,44.6475],[-89.1894,44.6464]]},"properties":{}},{"type":"Feature","geometry":{"type":"LineString","coordinates":[[-89.1871,44.6464],[-89.1864,44.6449]]},"properties":{}},{"type":"Feature","geometry":{"type":"LineString","coordinates":[[-89.1864,44.6449],[-89.1868,44.6441]]},"properties":{}},{"type":"Feature","geometry":{"type":"LineString","coordinates":[[-89.1868,44.6441],[-89.1898,44.6416]]},"properties":{}},{"type":"Feature","geometry":{"type":"LineString","coordinates":[[-89.1909,44.6425],[-89.1927,44.6412]]},"properties":{}},{"type":"Feature","geometry":{"type":"LineString","coordinates":[[-89.1927,44.6412],[-89.1935,44.6402]]},"properties":{}},{"type":"Feature","geometry":{"type":"LineString","coordinates":[[-89.1654,44.6195],[-89.1651,44.6184]]},"properties":{}},{"type":"Feature","geometry":{"type":"LineString","coordinates":[[-89.1651,44.6184],[-89.1643,44.6177]]},"properties":{}},{"type":"Feature","geometry":{"type":"LineString","coordinates":[[-89.1643,44.6177],[-89.1598,44.6172]]},"properties":{}},{"type":"Feature","geometry":{"type":"LineString","coordinates":[[-89.1039,44.6232],[-89.1015,44.6246]]},"properties":{}},{"type":"Feature","geometry":{"type":"LineString","coordinates":[[-89.1015,44.6246],[-89.0989,44.6242]]},"properties":{}},{"type":"Feature","geometry":{"type":"LineString","coordinates":[[-89.0798,44.6199],[-89.0776,44.619]]},"properties":{}},{"type":"Feature","geometry":{"type":"LineString","coordinates":[[-89.0776,44.619],[-89.0722,44.6187]]},"properties":{}},{"type":"Feature","geometry":{"type":"LineString","coordinates":[[-89.0884,44.9132],[-89.0875,44.9125]]},"properties":{}},{"type":"Feature","geometry":{"type":"LineString","coordinates":[[-89.0875,44.9125],[-89.0862,44.9124]]},"properties":{}},{"type":"Feature","geometry":{"type":"LineString","coordinates":[[-89.0862,44.9124],[-89.0862,44.912]]},"properties":{}},{"type":"Feature","geometry":{"type":"LineString","coordinates":[[-89.0862,44.912],[-89.0851,44.912]]},"properties":{}},{"type":"Feature","geometry":{"type":"LineString","coordinates":[[-89.0851,44.912],[-89.0844,44.9111]]},"properties":{}},{"type":"Feature","geometry":{"type":"LineString","coordinates":[[-89.044,44.9434],[-89.0409,44.942]]},"properties":{}},{"type":"Feature","geometry":{"type":"LineString","coordinates":[[-89.0409,44.942],[-89.0395,44.9408]]},"properties":{}},{"type":"Feature","geometry":{"type":"LineString","coordinates":[[-89.0395,44.9408],[-89.0373,44.9407]]},"properties":{}},{"type":"Feature","geometry":{"type":"LineString","coordinates":[[-89.1494,44.5056],[-89.15,44.5057]]},"properties":{}},{"type":"Feature","geometry":{"type":"LineString","coordinates":[[-89.15,44.5057],[-89.1496,44.505]]},"properties":{}},{"type":"Feature","geometry":{"type":"LineString","coordinates":[[-89.1496,44.505],[-89.15,44.5036]]},"properties":{}},{"type":"Feature","geometry":{"type":"LineString","coordinates":[[-89.1627,44.5609],[-89.1648,44.56]]},"properties":{}},{"type":"Feature","geometry":{"type":"LineString","coordinates":[[-89.1648,44.56],[-89.1663,44.56]]},"properties":{}},{"type":"Feature","geometry":{"type":"LineString","coordinates":[[-89.1663,44.56],[-89.1667,44.5592]]},"properties":{}},{"type":"Feature","geometry":{"type":"LineString","coordinates":[[-89.1667,44.5592],[-89.1674,44.5594]]},"properties":{}},{"type":"Feature","geometry":{"type":"LineString","coordinates":[[-89.1674,44.5594],[-89.171,44.5566]]},"properties":{}},{"type":"Feature","geometry":{"type":"LineString","coordinates":[[-89.171,44.5566],[-89.1741,44.5558]]},"properties":{}},{"type":"Feature","geometry":{"type":"LineString","coordinates":[[-89.1741,44.5558],[-89.1765,44.5538]]},"properties":{}},{"type":"Feature","geometry":{"type":"LineString","coordinates":[[-89.1765,44.5538],[-89.1794,44.553]]},"properties":{}},{"type":"Feature","geometry":{"type":"LineString","coordinates":[[-89.1794,44.553],[-89.1794,44.5521]]},"properties":{}},{"type":"Feature","geometry":{"type":"LineString","coordinates":[[-89.1794,44.5521],[-89.1804,44.5517]]},"properties":{}},{"type":"Feature","geometry":{"type":"LineString","coordinates":[[-89.1804,44.5517],[-89.1801,44.5513]]},"properties":{}},{"type":"Feature","geometry":{"type":"LineString","coordinates":[[-89.1801,44.5513],[-89.1823,44.5498]]},"properties":{}},{"type":"Feature","geometry":{"type":"LineString","coordinates":[[-89.1822,44.5489],[-89.183,44.5479]]},"properties":{}},{"type":"Feature","geometry":{"type":"LineString","coordinates":[[-89.183,44.5479],[-89.1827,44.5476]]},"properties":{}},{"type":"Feature","geometry":{"type":"LineString","coordinates":[[-89.1827,44.5476],[-89.1839,44.5462]]},"properties":{}},{"type":"Feature","geometry":{"type":"LineString","coordinates":[[-89.1839,44.5462],[-89.1839,44.5456]]},"properties":{}},{"type":"Feature","geometry":{"type":"LineString","coordinates":[[-89.1839,44.5456],[-89.1829,44.5449]]},"properties":{}},{"type":"Feature","geometry":{"type":"LineString","coordinates":[[-89.1829,44.5449],[-89.1827,44.5436]]},"properties":{}},{"type":"Feature","geometry":{"type":"LineString","coordinates":[[-89.1805,44.5409],[-89.1807,44.5406]]},"properties":{}},{"type":"Feature","geometry":{"type":"LineString","coordinates":[[-89.1807,44.5406],[-89.1794,44.539]]},"properties":{}},{"type":"Feature","geometry":{"type":"LineString","coordinates":[[-89.1794,44.539],[-89.1778,44.5379]]},"properties":{}},{"type":"Feature","geometry":{"type":"LineString","coordinates":[[-89.1778,44.5379],[-89.175,44.5374]]},"properties":{}},{"type":"Feature","geometry":{"type":"LineString","coordinates":[[-89.175,44.5374],[-89.1741,44.5366]]},"properties":{}},{"type":"Feature","geometry":{"type":"LineString","coordinates":[[-89.1741,44.5366],[-89.174,44.5359]]},"properties":{}},{"type":"Feature","geometry":{"type":"LineString","coordinates":[[-89.174,44.5359],[-89.1722,44.5359]]},"properties":{}},{"type":"Feature","geometry":{"type":"LineString","coordinates":[[-89.1511,44.801],[-89.1518,44.7996]]},"properties":{}},{"type":"Feature","geometry":{"type":"LineString","coordinates":[[-89.1518,44.7996],[-89.1481,44.7981]]},"properties":{}},{"type":"Feature","geometry":{"type":"LineString","coordinates":[[-88.5703,45.8055],[-88.5689,45.8067]]},"properties":{}},{"type":"Feature","geometry":{"type":"LineString","coordinates":[[-88.562,45.8081],[-88.5604,45.807]]},"properties":{}},{"type":"Feature","geometry":{"type":"LineString","coordinates":[[-88.5604,45.807],[-88.5561,45.8082]]},"properties":{}},{"type":"Feature","geometry":{"type":"LineString","coordinates":[[-88.5561,45.8082],[-88.5545,45.8096]]},"properties":{}},{"type":"Feature","geometry":{"type":"LineString","coordinates":[[-88.5545,45.8096],[-88.5557,45.8116]]},"properties":{}},{"type":"Feature","geometry":{"type":"LineString","coordinates":[[-88.5442,45.81],[-88.5422,45.8094]]},"properties":{}},{"type":"Feature","geometry":{"type":"LineString","coordinates":[[-88.5422,45.8094],[-88.5419,45.8075]]},"properties":{}},{"type":"Feature","geometry":{"type":"LineString","coordinates":[[-88.5419,45.8075],[-88.5401,45.8063]]},"properties":{}},{"type":"Feature","geometry":{"type":"LineString","coordinates":[[-88.5401,45.8063],[-88.5385,45.8044]]},"properties":{}},{"type":"Feature","geometry":{"type":"LineString","coordinates":[[-88.5385,45.8044],[-88.5383,45.8034]]},"properties":{}},{"type":"Feature","geometry":{"type":"LineString","coordinates":[[-88.5383,45.8034],[-88.5363,45.8032]]},"properties":{}},{"type":"Feature","geometry":{"type":"LineString","coordinates":[[-88.5363,45.8032],[-88.5358,45.8005]]},"properties":{}},{"type":"Feature","geometry":{"type":"LineString","coordinates":[[-88.5358,45.8005],[-88.5365,45.7991]]},"properties":{}},{"type":"Feature","geometry":{"type":"LineString","coordinates":[[-88.5365,45.7991],[-88.535,45.7975]]},"properties":{}},{"type":"Feature","geometry":{"type":"LineString","coordinates":[[-88.535,45.7975],[-88.5356,45.7961]]},"properties":{}},{"type":"Feature","geometry":{"type":"LineString","coordinates":[[-88.5356,45.7961],[-88.5377,45.7967]]},"properties":{}},{"type":"Feature","geometry":{"type":"LineString","coordinates":[[-88.5377,45.7967],[-88.5392,45.7961]]},"properties":{}},{"type":"Feature","geometry":{"type":"LineString","coordinates":[[-88.5392,45.7961],[-88.5396,45.7948]]},"properties":{}},{"type":"Feature","geometry":{"type":"LineString","coordinates":[[-88.5275,45.7227],[-88.5277,45.7241]]},"properties":{}},{"type":"Feature","geometry":{"type":"LineString","coordinates":[[-88.5277,45.7241],[-88.5264,45.7244]]},"properties":{}},{"type":"Feature","geometry":{"type":"LineString","coordinates":[[-88.5264,45.7244],[-88.5263,45.7252]]},"properties":{}},{"type":"Feature","geometry":{"type":"LineString","coordinates":[[-88.5263,45.7252],[-88.5293,45.7273]]},"properties":{}},{"type":"Feature","geometry":{"type":"LineString","coordinates":[[-88.5291,45.7318],[-88.5252,45.7324]]},"properties":{}},{"type":"Feature","geometry":{"type":"LineString","coordinates":[[-88.5252,45.7324],[-88.5245,45.7331]]},"properties":{}},{"type":"Feature","geometry":{"type":"LineString","coordinates":[[-88.5245,45.7331],[-88.5252,45.7346]]},"properties":{}},{"type":"Feature","geometry":{"type":"LineString","coordinates":[[-88.5194,45.7363],[-88.5186,45.7373]]},"properties":{}},{"type":"Feature","geometry":{"type":"LineString","coordinates":[[-88.5186,45.7373],[-88.5156,45.7369]]},"properties":{}},{"type":"Feature","geometry":{"type":"LineString","coordinates":[[-88.5156,45.7369],[-88.5141,45.7389]]},"properties":{}},{"type":"Feature","geometry":{"type":"LineString","coordinates":[[-88.5141,45.7389],[-88.5151,45.7411]]},"properties":{}},{"type":"Feature","geometry":{"type":"LineString","coordinates":[[-88.5151,45.7411],[-88.5147,45.7415]]},"properties":{}},{"type":"Feature","geometry":{"type":"LineString","coordinates":[[-88.5147,45.7415],[-88.5115,45.7406]]},"properties":{}},{"type":"Feature","geometry":{"type":"LineString","coordinates":[[-88.5091,45.7164],[-88.5137,45.7157]]},"properties":{}},{"type":"Feature","geometry":{"type":"LineString","coordinates":[[-88.5137,45.7157],[-88.5145,45.7171]]},"properties":{}},{"type":"Feature","geometry":{"type":"LineString","coordinates":[[-88.5145,45.7171],[-88.5158,45.7178]]},"properties":{}},{"type":"Feature","geometry":{"type":"LineString","coordinates":[[-88.5158,45.7178],[-88.5172,45.7171]]},"properties":{}},{"type":"Feature","geometry":{"type":"LineString","coordinates":[[-88.5172,45.7171],[-88.5175,45.7181]]},"properties":{}},{"type":"Feature","geometry":{"type":"LineString","coordinates":[[-88.5175,45.7181],[-88.5187,45.7183]]},"properties":{}},{"type":"Feature","geometry":{"type":"LineString","coordinates":[[-88.5187,45.7183],[-88.5194,45.7189]]},"properties":{}},{"type":"Feature","geometry":{"type":"LineString","coordinates":[[-88.5194,45.7189],[-88.5193,45.7194]]},"properties":{}},{"type":"Feature","geometry":{"type":"LineString","coordinates":[[-88.5193,45.7194],[-88.52,45.7197]]},"properties":{}},{"type":"Feature","geometry":{"type":"LineString","coordinates":[[-88.52,45.7197],[-88.5199,45.7201]]},"properties":{}},{"type":"Feature","geometry":{"type":"LineString","coordinates":[[-88.5199,45.7201],[-88.521,45.7201]]},"properties":{}},{"type":"Feature","geometry":{"type":"LineString","coordinates":[[-88.521,45.7201],[-88.5209,45.7209]]},"properties":{}},{"type":"Feature","geometry":{"type":"LineString","coordinates":[[-88.5209,45.7209],[-88.5251,45.7221]]},"properties":{}},{"type":"Feature","geometry":{"type":"LineString","coordinates":[[-88.5251,45.7221],[-88.5269,45.722]]},"properties":{}},{"type":"Feature","geometry":{"type":"LineString","coordinates":[[-88.5269,45.722],[-88.5275,45.7226]]},"properties":{}},{"type":"Feature","geometry":{"type":"LineString","coordinates":[[-88.7094,45.2013],[-88.7086,45.202]]},"properties":{}},{"type":"Feature","geometry":{"type":"LineString","coordinates":[[-88.7086,45.202],[-88.7084,45.2007]]},"properties":{}},{"type":"Feature","geometry":{"type":"LineString","coordinates":[[-88.7094,45.2013],[-88.7084,45.2007]]},"properties":{}},{"type":"Feature","geometry":{"type":"LineString","coordinates":[[-88.7084,45.2007],[-88.7084,45.1982]]},"properties":{}},{"type":"Feature","geometry":{"type":"LineString","coordinates":[[-88.4066,45.5952],[-88.4085,45.5931]]},"properties":{}},{"type":"Feature","geometry":{"type":"LineString","coordinates":[[-88.4085,45.5931],[-88.4086,45.5913]]},"properties":{}},{"type":"Feature","geometry":{"type":"LineString","coordinates":[[-88.4086,45.5913],[-88.4096,45.5898]]},"properties":{}},{"type":"Feature","geometry":{"type":"LineString","coordinates":[[-88.4096,45.5898],[-88.4075,45.588]]},"properties":{}},{"type":"Feature","geometry":{"type":"LineString","coordinates":[[-88.4075,45.588],[-88.4037,45.5878]]},"properties":{}},{"type":"Feature","geometry":{"type":"LineString","coordinates":[[-88.4019,45.5872],[-88.4,45.5854]]},"properties":{}},{"type":"Feature","geometry":{"type":"LineString","coordinates":[[-88.4,45.5854],[-88.397,45.5843]]},"properties":{}},{"type":"Feature","geometry":{"type":"LineString","coordinates":[[-88.3985,45.5794],[-88.3976,45.5774]]},"properties":{}},{"type":"Feature","geometry":{"type":"LineString","coordinates":[[-88.3976,45.5774],[-88.396,45.5762]]},"properties":{}},{"type":"Feature","geometry":{"type":"LineString","coordinates":[[-88.396,45.5762],[-88.394,45.5764]]},"properties":{}},{"type":"Feature","geometry":{"type":"LineString","coordinates":[[-88.394,45.5764],[-88.3908,45.5758]]},"properties":{}},{"type":"Feature","geometry":{"type":"LineString","coordinates":[[-88.3908,45.5758],[-88.3872,45.5744]]},"properties":{}},{"type":"Feature","geometry":{"type":"LineString","coordinates":[[-88.1687,45.8552],[-88.1679,45.8516]]},"properties":{}},{"type":"Feature","geometry":{"type":"LineString","coordinates":[[-88.1679,45.8516],[-88.1689,45.8496]]},"properties":{}},{"type":"Feature","geometry":{"type":"LineString","coordinates":[[-88.1689,45.8496],[-88.1683,45.8484]]},"properties":{}},{"type":"Feature","geometry":{"type":"LineString","coordinates":[[-88.1683,45.8484],[-88.1686,45.8458]]},"properties":{}},{"type":"Feature","geometry":{"type":"LineString","coordinates":[[-87.9949,43.5919],[-87.9988,43.5949]]},"properties":{}},{"type":"Feature","geometry":{"type":"LineString","coordinates":[[-87.9988,43.5949],[-87.9991,43.5964]]},"properties":{}},{"type":"Feature","geometry":{"type":"LineString","coordinates":[[-88.4692,45.8578],[-88.4691,45.8566]]},"properties":{}},{"type":"Feature","geometry":{"type":"LineString","coordinates":[[-88.4691,45.8566],[-88.4681,45.8554]]},"properties":{}},{"type":"Feature","geometry":{"type":"LineString","coordinates":[[-88.4681,45.8554],[-88.4654,45.8545]]},"properties":{}},{"type":"Feature","geometry":{"type":"LineString","coordinates":[[-88.4654,45.8545],[-88.4624,45.8546]]},"properties":{}},{"type":"Feature","geometry":{"type":"LineString","coordinates":[[-88.4624,45.8546],[-88.4573,45.8504]]},"properties":{}},{"type":"Feature","geometry":{"type":"LineString","coordinates":[[-88.4573,45.8504],[-88.4573,45.849]]},"properties":{}},{"type":"Feature","geometry":{"type":"LineString","coordinates":[[-88.4573,45.849],[-88.458,45.8481]]},"properties":{}},{"type":"Feature","geometry":{"type":"LineString","coordinates":[[-88.458,45.8481],[-88.4577,45.8474]]},"properties":{}},{"type":"Feature","geometry":{"type":"LineString","coordinates":[[-88.4577,45.8474],[-88.4565,45.8469]]},"properties":{}},{"type":"Feature","geometry":{"type":"LineString","coordinates":[[-88.3619,45.5723],[-88.3622,45.5716]]},"properties":{}},{"type":"Feature","geometry":{"type":"LineString","coordinates":[[-88.3622,45.5716],[-88.3637,45.5711]]},"properties":{}},{"type":"Feature","geometry":{"type":"LineString","coordinates":[[-91.8144,45.9454],[-91.8144,45.9434]]},"properties":{}},{"type":"Feature","geometry":{"type":"LineString","coordinates":[[-91.8144,45.9434],[-91.8164,45.9422]]},"properties":{}},{"type":"Feature","geometry":{"type":"LineString","coordinates":[[-91.8164,45.9422],[-91.8167,45.9412]]},"properties":{}},{"type":"Feature","geometry":{"type":"LineString","coordinates":[[-92.073,44.97],[-92.0729,44.9674]]},"properties":{}},{"type":"Feature","geometry":{"type":"LineString","coordinates":[[-92.0771,44.9586],[-92.0745,44.9587]]},"properties":{}},{"type":"Feature","geometry":{"type":"LineString","coordinates":[[-92.0745,44.9587],[-92.0742,44.9591]]},"properties":{}},{"type":"Feature","geometry":{"type":"LineString","coordinates":[[-92.0742,44.9591],[-92.0734,44.9585]]},"properties":{}},{"type":"Feature","geometry":{"type":"LineString","coordinates":[[-92.0692,44.9588],[-92.0687,44.9598]]},"properties":{}},{"type":"Feature","geometry":{"type":"LineString","coordinates":[[-92.0687,44.9598],[-92.0638,44.9598]]},"properties":{}},{"type":"Feature","geometry":{"type":"LineString","coordinates":[[-92.0638,44.9598],[-92.0621,44.9608]]},"properties":{}},{"type":"Feature","geometry":{"type":"LineString","coordinates":[[-92.0576,44.9576],[-92.0576,44.957]]},"properties":{}},{"type":"Feature","geometry":{"type":"LineString","coordinates":[[-92.0576,44.957],[-92.0571,44.9569]]},"properties":{}},{"type":"Feature","geometry":{"type":"LineString","coordinates":[[-92.0571,44.9569],[-92.0576,44.9568]]},"properties":{}},{"type":"Feature","geometry":{"type":"LineString","coordinates":[[-92.0576,44.9568],[-92.0568,44.9565]]},"properties":{}},{"type":"Feature","geometry":{"type":"LineString","coordinates":[[-92.0568,44.9565],[-92.0569,44.9559]]},"properties":{}},{"type":"Feature","geometry":{"type":"LineString","coordinates":[[-92.0569,44.9559],[-92.0556,44.9559]]},"properties":{}},{"type":"Feature","geometry":{"type":"LineString","coordinates":[[-92.0032,44.9332],[-92.0017,44.9312]]},"properties":{}},{"type":"Feature","geometry":{"type":"LineString","coordinates":[[-92.0017,44.9312],[-92.0009,44.9314]]},"properties":{}},{"type":"Feature","geometry":{"type":"LineString","coordinates":[[-92.0009,44.9314],[-92.0015,44.9304]]},"properties":{}},{"type":"Feature","geometry":{"type":"LineString","coordinates":[[-92.0015,44.9304],[-91.9969,44.9304]]},"properties":{}},{"type":"Feature","geometry":{"type":"LineString","coordinates":[[-91.9969,44.9304],[-91.9968,44.9297]]},"properties":{}},{"type":"Feature","geometry":{"type":"LineString","coordinates":[[-91.9968,44.9297],[-91.9959,44.9297]]},"properties":{}},{"type":"Feature","geometry":{"type":"LineString","coordinates":[[-91.9959,44.9297],[-91.9936,44.9283]]},"properties":{}},{"type":"Feature","geometry":{"type":"LineString","coordinates":[[-91.9933,44.9272],[-91.9926,44.927]]},"properties":{}},{"type":"Feature","geometry":{"type":"LineString","coordinates":[[-91.9926,44.927],[-91.9922,44.9275]]},"properties":{}},{"type":"Feature","geometry":{"type":"LineString","coordinates":[[-91.9907,44.9262],[-91.9895,44.9255]]},"properties":{}},{"type":"Feature","geometry":{"type":"LineString","coordinates":[[-91.9895,44.9255],[-91.9884,44.9257]]},"properties":{}},{"type":"Feature","geometry":{"type":"LineString","coordinates":[[-91.9884,44.9257],[-91.9887,44.9252]]},"properties":{}},{"type":"Feature","geometry":{"type":"LineString","coordinates":[[-91.9881,44.9249],[-91.9874,44.9257]]},"properties":{}},{"type":"Feature","geometry":{"type":"LineString","coordinates":[[-91.9874,44.9257],[-91.9846,44.9253]]},"properties":{}},{"type":"Feature","geometry":{"type":"LineString","coordinates":[[-91.9846,44.9253],[-91.9853,44.9246]]},"properties":{}},{"type":"Feature","geometry":{"type":"LineString","coordinates":[[-91.9853,44.9246],[-91.9843,44.9237]]},"properties":{}},{"type":"Feature","geometry":{"type":"LineString","coordinates":[[-91.9843,44.9237],[-91.9849,44.9238]]},"properties":{}},{"type":"Feature","geometry":{"type":"LineString","coordinates":[[-91.9849,44.9238],[-91.9849,44.9235]]},"properties":{}},{"type":"Feature","geometry":{"type":"LineString","coordinates":[[-91.9849,44.9235],[-91.9842,44.9232]]},"properties":{}},{"type":"Feature","geometry":{"type":"LineString","coordinates":[[-91.9842,44.9232],[-91.9828,44.9239]]},"properties":{}},{"type":"Feature","geometry":{"type":"LineString","coordinates":[[-91.9828,44.9239],[-91.982,44.9233]]},"properties":{}},{"type":"Feature","geometry":{"type":"LineString","coordinates":[[-91.8801,45.5183],[-91.8807,45.5183]]},"properties":{}},{"type":"Feature","geometry":{"type":"LineString","coordinates":[[-91.8807,45.5183],[-91.8802,45.5172]]},"properties":{}},{"type":"Feature","geometry":{"type":"LineString","coordinates":[[-91.8802,45.5172],[-91.8814,45.515]]},"properties":{}},{"type":"Feature","geometry":{"type":"LineString","coordinates":[[-91.8821,45.5128],[-91.8821,45.5141]]},"properties":{}},{"type":"Feature","geometry":{"type":"LineString","coordinates":[[-91.8821,45.5141],[-91.8834,45.5144]]},"properties":{}},{"type":"Feature","geometry":{"type":"LineString","coordinates":[[-91.8868,45.5126],[-91.886,45.5127]]},"properties":{}},{"type":"Feature","geometry":{"type":"LineString","coordinates":[[-91.886,45.5127],[-91.8861,45.5123]]},"properties":{}},{"type":"Feature","geometry":{"type":"LineString","coordinates":[[-91.8861,45.5123],[-91.8845,45.5118]]},"properties":{}},{"type":"Feature","geometry":{"type":"LineString","coordinates":[[-91.8845,45.5118],[-91.8846,45.511]]},"properties":{}},{"type":"Feature","geometry":{"type":"LineString","coordinates":[[-91.8846,45.511],[-91.8855,45.5105]]},"properties":{}},{"type":"Feature","geometry":{"type":"LineString","coordinates":[[-91.6831,44.9358],[-91.6813,44.9368]]},"properties":{}},{"type":"Feature","geometry":{"type":"LineString","coordinates":[[-91.5885,45.194],[-91.5912,45.1935]]},"properties":{}},{"type":"Feature","geometry":{"type":"LineString","coordinates":[[-91.594,45.1928],[-91.5941,45.1924]]},"properties":{}},{"type":"Feature","geometry":{"type":"LineString","coordinates":[[-91.5941,45.1924],[-91.5967,45.1915]]},"properties":{}},{"type":"Feature","geometry":{"type":"LineString","coordinates":[[-91.5967,45.1915],[-91.597,45.1907]]},"properties":{}},{"type":"Feature","geometry":{"type":"LineString","coordinates":[[-91.597,45.1907],[-91.6013,45.1905]]},"properties":{}},{"type":"Feature","geometry":{"type":"LineString","coordinates":[[-91.6013,45.1905],[-91.6045,45.1913]]},"properties":{}},{"type":"Feature","geometry":{"type":"LineString","coordinates":[[-91.6045,45.1913],[-91.6078,45.1909]]},"properties":{}},{"type":"Feature","geometry":{"type":"LineString","coordinates":[[-91.6083,45.1914],[-91.6103,45.191]]},"properties":{}},{"type":"Feature","geometry":{"type":"LineString","coordinates":[[-91.6103,45.191],[-91.6135,45.1911]]},"properties":{}},{"type":"Feature","geometry":{"type":"LineString","coordinates":[[-91.6135,45.1911],[-91.617,45.19]]},"properties":{}},{"type":"Feature","geometry":{"type":"LineString","coordinates":[[-91.617,45.19],[-91.618,45.1905]]},"properties":{}},{"type":"Feature","geometry":{"type":"LineString","coordinates":[[-91.618,45.1905],[-91.6213,45.1906]]},"properties":{}},{"type":"Feature","geometry":{"type":"LineString","coordinates":[[-91.6213,45.1906],[-91.6231,45.19]]},"properties":{}},{"type":"Feature","geometry":{"type":"LineString","coordinates":[[-91.6231,45.19],[-91.626,45.1902]]},"properties":{}},{"type":"Feature","geometry":{"type":"LineString","coordinates":[[-91.627,45.1895],[-91.6282,45.1897]]},"properties":{}},{"type":"Feature","geometry":{"type":"LineString","coordinates":[[-91.629,45.189],[-91.6314,45.1886]]},"properties":{}},{"type":"Feature","geometry":{"type":"LineString","coordinates":[[-91.6314,45.1886],[-91.6316,45.1872]]},"properties":{}},{"type":"Feature","geometry":{"type":"LineString","coordinates":[[-91.6316,45.1872],[-91.6327,45.1867]]},"properties":{}},{"type":"Feature","geometry":{"type":"LineString","coordinates":[[-91.6327,45.1867],[-91.6325,45.1863]]},"properties":{}},{"type":"Feature","geometry":{"type":"LineString","coordinates":[[-91.6331,45.1857],[-91.6354,45.1855]]},"properties":{}},{"type":"Feature","geometry":{"type":"LineString","coordinates":[[-91.6354,45.1855],[-91.6355,45.1851]]},"properties":{}},{"type":"Feature","geometry":{"type":"LineString","coordinates":[[-91.6355,45.1851],[-91.6365,45.1854]]},"properties":{}},{"type":"Feature","geometry":{"type":"LineString","coordinates":[[-91.6365,45.1854],[-91.6368,45.1849]]},"properties":{}},{"type":"Feature","geometry":{"type":"LineString","coordinates":[[-91.6368,45.1849],[-91.6365,45.1847]]},"properties":{}},{"type":"Feature","geometry":{"type":"LineString","coordinates":[[-91.6365,45.1847],[-91.6372,45.1848]]},"properties":{}},{"type":"Feature","geometry":{"type":"LineString","coordinates":[[-91.6372,45.1848],[-91.6379,45.1837]]},"properties":{}},{"type":"Feature","geometry":{"type":"LineString","coordinates":[[-91.6379,45.1837],[-91.6373,45.1836]]},"properties":{}},{"type":"Feature","geometry":{"type":"LineString","coordinates":[[-91.6373,45.1836],[-91.6385,45.1831]]},"properties":{}},{"type":"Feature","geometry":{"type":"LineString","coordinates":[[-91.639,45.1822],[-91.6384,45.1814]]},"properties":{}},{"type":"Feature","geometry":{"type":"LineString","coordinates":[[-91.6384,45.1814],[-91.64,45.1811]]},"properties":{}},{"type":"Feature","geometry":{"type":"LineString","coordinates":[[-91.64,45.1811],[-91.6406,45.1803]]},"properties":{}},{"type":"Feature","geometry":{"type":"LineString","coordinates":[[-91.6406,45.1803],[-91.6416,45.18]]},"properties":{}},{"type":"Feature","geometry":{"type":"LineString","coordinates":[[-91.6416,45.18],[-91.6421,45.1791]]},"properties":{}},{"type":"Feature","geometry":{"type":"LineString","coordinates":[[-91.6528,45.1757],[-91.6534,45.1753]]},"properties":{}},{"type":"Feature","geometry":{"type":"LineString","coordinates":[[-91.6534,45.1753],[-91.6535,45.1757]]},"properties":{}},{"type":"Feature","geometry":{"type":"LineString","coordinates":[[-91.6535,45.1757],[-91.6547,45.1758]]},"properties":{}},{"type":"Feature","geometry":{"type":"LineString","coordinates":[[-91.6782,45.8915],[-91.6776,45.8922]]},"properties":{}},{"type":"Feature","geometry":{"type":"LineString","coordinates":[[-91.6776,45.8922],[-91.6799,45.8941]]},"properties":{}},{"type":"Feature","geometry":{"type":"LineString","coordinates":[[-91.6799,45.8941],[-91.6801,45.8938]]},"properties":{}},{"type":"Feature","geometry":{"type":"LineString","coordinates":[[-91.6801,45.8938],[-91.6823,45.895]]},"properties":{}},{"type":"Feature","geometry":{"type":"LineString","coordinates":[[-91.6834,45.8956],[-91.6852,45.8956]]},"properties":{}},{"type":"Feature","geometry":{"type":"LineString","coordinates":[[-91.6852,45.8956],[-91.6885,45.8976]]},"properties":{}},{"type":"Feature","geometry":{"type":"LineString","coordinates":[[-91.6885,45.8976],[-91.6895,45.8981]]},"properties":{}},{"type":"Feature","geometry":{"type":"LineString","coordinates":[[-91.6895,45.8981],[-91.6898,45.8978]]},"properties":{}},{"type":"Feature","geometry":{"type":"LineString","coordinates":[[-91.6898,45.8978],[-91.691,45.8988]]},"properties":{}},{"type":"Feature","geometry":{"type":"LineString","coordinates":[[-91.691,45.8988],[-91.6909,45.8992]]},"properties":{}},{"type":"Feature","geometry":{"type":"LineString","coordinates":[[-91.2667,44.6232],[-91.2696,44.6252]]},"properties":{}},{"type":"Feature","geometry":{"type":"LineString","coordinates":[[-91.2696,44.6252],[-91.2699,44.6268]]},"properties":{}},{"type":"Feature","geometry":{"type":"LineString","coordinates":[[-91.4645,44.7082],[-91.4634,44.7087]]},"properties":{}},{"type":"Feature","geometry":{"type":"LineString","coordinates":[[-91.4634,44.7087],[-91.463,44.7095]]},"properties":{}},{"type":"Feature","geometry":{"type":"LineString","coordinates":[[-91.4585,44.7188],[-91.4572,44.7194]]},"properties":{}},{"type":"Feature","geometry":{"type":"LineString","coordinates":[[-91.4572,44.7194],[-91.4567,44.719]]},"properties":{}},{"type":"Feature","geometry":{"type":"LineString","coordinates":[[-91.4567,44.719],[-91.4559,44.7202]]},"properties":{}},{"type":"Feature","geometry":{"type":"LineString","coordinates":[[-91.4559,44.7202],[-91.4525,44.7227]]},"properties":{}},{"type":"Feature","geometry":{"type":"LineString","coordinates":[[-91.4609,44.7426],[-91.4618,44.7454]]},"properties":{}},{"type":"Feature","geometry":{"type":"LineString","coordinates":[[-91.4618,44.7454],[-91.4634,44.7454]]},"properties":{}},{"type":"Feature","geometry":{"type":"LineString","coordinates":[[-91.4656,44.7491],[-91.4656,44.7498]]},"properties":{}},{"type":"Feature","geometry":{"type":"LineString","coordinates":[[-91.4664,44.7501],[-91.4666,44.751]]},"properties":{}},{"type":"Feature","geometry":{"type":"LineString","coordinates":[[-91.4666,44.751],[-91.4653,44.7511]]},"properties":{}},{"type":"Feature","geometry":{"type":"LineString","coordinates":[[-91.4653,44.7511],[-91.4665,44.7518]]},"properties":{}},{"type":"Feature","geometry":{"type":"LineString","coordinates":[[-91.4665,44.7518],[-91.4663,44.7526]]},"properties":{}},{"type":"Feature","geometry":{"type":"LineString","coordinates":[[-91.4663,44.7526],[-91.4683,44.7531]]},"properties":{}},{"type":"Feature","geometry":{"type":"LineString","coordinates":[[-91.4683,44.7531],[-91.4685,44.7537]]},"properties":{}},{"type":"Feature","geometry":{"type":"LineString","coordinates":[[-91.4685,44.7537],[-91.4676,44.7539]]},"properties":{}},{"type":"Feature","geometry":{"type":"LineString","coordinates":[[-91.4676,44.7539],[-91.4684,44.7545]]},"properties":{}},{"type":"Feature","geometry":{"type":"LineString","coordinates":[[-91.4684,44.7545],[-91.468,44.755]]},"properties":{}},{"type":"Feature","geometry":{"type":"LineString","coordinates":[[-91.468,44.755],[-91.4675,44.7549]]},"properties":{}},{"type":"Feature","geometry":{"type":"LineString","coordinates":[[-91.4675,44.7549],[-91.4683,44.7557]]},"properties":{}},{"type":"Feature","geometry":{"type":"LineString","coordinates":[[-91.4683,44.7557],[-91.4676,44.7557]]},"properties":{}},{"type":"Feature","geometry":{"type":"LineString","coordinates":[[-91.4676,44.7557],[-91.4674,44.7562]]},"properties":{}},{"type":"Feature","geometry":{"type":"LineString","coordinates":[[-91.4674,44.7562],[-91.4681,44.7569]]},"properties":{}},{"type":"Feature","geometry":{"type":"LineString","coordinates":[[-91.4681,44.7569],[-91.4672,44.7566]]},"properties":{}},{"type":"Feature","geometry":{"type":"LineString","coordinates":[[-91.4672,44.7566],[-91.4667,44.757]]},"properties":{}},{"type":"Feature","geometry":{"type":"LineString","coordinates":[[-91.4667,44.757],[-91.4695,44.7584]]},"properties":{}},{"type":"Feature","geometry":{"type":"LineString","coordinates":[[-91.4695,44.7584],[-91.4695,44.7591]]},"properties":{}},{"type":"Feature","geometry":{"type":"LineString","coordinates":[[-91.4695,44.7591],[-91.469,44.7587]]},"properties":{}},{"type":"Feature","geometry":{"type":"LineString","coordinates":[[-91.469,44.7587],[-91.4685,44.7588]]},"properties":{}},{"type":"Feature","geometry":{"type":"LineString","coordinates":[[-91.4685,44.7588],[-91.4689,44.7593]]},"properties":{}},{"type":"Feature","geometry":{"type":"LineString","coordinates":[[-91.4689,44.7593],[-91.4679,44.7591]]},"properties":{}},{"type":"Feature","geometry":{"type":"LineString","coordinates":[[-91.4679,44.7591],[-91.4681,44.7596]]},"properties":{}},{"type":"Feature","geometry":{"type":"LineString","coordinates":[[-91.4681,44.7596],[-91.4687,44.7597]]},"properties":{}},{"type":"Feature","geometry":{"type":"LineString","coordinates":[[-91.4687,44.7597],[-91.4683,44.7608]]},"properties":{}},{"type":"Feature","geometry":{"type":"LineString","coordinates":[[-91.4683,44.7608],[-91.4689,44.7613]]},"properties":{}},{"type":"Feature","geometry":{"type":"LineString","coordinates":[[-91.4705,44.7615],[-91.4712,44.761]]},"properties":{}},{"type":"Feature","geometry":{"type":"LineString","coordinates":[[-91.4712,44.761],[-91.4713,44.7614]]},"properties":{}},{"type":"Feature","geometry":{"type":"LineString","coordinates":[[-91.4713,44.7614],[-91.4727,44.7614]]},"properties":{}},{"type":"Feature","geometry":{"type":"LineString","coordinates":[[-91.4727,44.7614],[-91.4728,44.7624]]},"properties":{}},{"type":"Feature","geometry":{"type":"LineString","coordinates":[[-91.4728,44.7624],[-91.4735,44.7621]]},"properties":{}},{"type":"Feature","geometry":{"type":"LineString","coordinates":[[-91.4735,44.7621],[-91.4735,44.7628]]},"properties":{}},{"type":"Feature","geometry":{"type":"LineString","coordinates":[[-91.4735,44.7628],[-91.4744,44.7619]]},"properties":{}},{"type":"Feature","geometry":{"type":"LineString","coordinates":[[-91.4744,44.7619],[-91.475,44.7624]]},"properties":{}},{"type":"Feature","geometry":{"type":"LineString","coordinates":[[-91.475,44.7624],[-91.4747,44.7627]]},"properties":{}},{"type":"Feature","geometry":{"type":"LineString","coordinates":[[-91.4747,44.7627],[-91.4769,44.7628]]},"properties":{}},{"type":"Feature","geometry":{"type":"LineString","coordinates":[[-91.4769,44.7628],[-91.4776,44.7623]]},"properties":{}},{"type":"Feature","geometry":{"type":"LineString","coordinates":[[-91.4776,44.7623],[-91.4787,44.7633]]},"properties":{}},{"type":"Feature","geometry":{"type":"LineString","coordinates":[[-91.4787,44.7633],[-91.4793,44.7627]]},"properties":{}},{"type":"Feature","geometry":{"type":"LineString","coordinates":[[-91.4793,44.7627],[-91.4804,44.7639]]},"properties":{}},{"type":"Feature","geometry":{"type":"LineString","coordinates":[[-91.5149,44.7729],[-91.5161,44.7735]]},"properties":{}},{"type":"Feature","geometry":{"type":"LineString","coordinates":[[-91.5161,44.7735],[-91.5159,44.7743]]},"properties":{}},{"type":"Feature","geometry":{"type":"LineString","coordinates":[[-91.5159,44.7743],[-91.5183,44.7751]]},"properties":{}},{"type":"Feature","geometry":{"type":"LineString","coordinates":[[-91.5183,44.7751],[-91.5189,44.7745]]},"properties":{}},{"type":"Feature","geometry":{"type":"LineString","coordinates":[[-91.5189,44.7745],[-91.5199,44.775]]},"properties":{}},{"type":"Feature","geometry":{"type":"LineString","coordinates":[[-91.5199,44.775],[-91.521,44.7748]]},"properties":{}},{"type":"Feature","geometry":{"type":"LineString","coordinates":[[-91.521,44.7748],[-91.5222,44.7735]]},"properties":{}},{"type":"Feature","geometry":{"type":"LineString","coordinates":[[-91.5102,45.2013],[-91.5095,45.2004]]},"properties":{}},{"type":"Feature","geometry":{"type":"LineString","coordinates":[[-91.507,45.1936],[-91.5073,45.1932]]},"properties":{}},{"type":"Feature","geometry":{"type":"LineString","coordinates":[[-91.5073,45.1932],[-91.5068,45.1917]]},"properties":{}},{"type":"Feature","geometry":{"type":"LineString","coordinates":[[-91.5038,45.1894],[-91.5038,45.1875]]},"properties":{}},{"type":"Feature","geometry":{"type":"LineString","coordinates":[[-91.5038,45.1875],[-91.5051,45.1866]]},"properties":{}},{"type":"Feature","geometry":{"type":"LineString","coordinates":[[-91.5051,45.1866],[-91.506,45.1848]]},"properties":{}},{"type":"Feature","geometry":{"type":"LineString","coordinates":[[-91.506,45.1848],[-91.5053,45.1814]]},"properties":{}},{"type":"Feature","geometry":{"type":"LineString","coordinates":[[-91.5053,45.1814],[-91.507,45.1793]]},"properties":{}},{"type":"Feature","geometry":{"type":"LineString","coordinates":[[-91.507,45.1793],[-91.5082,45.1789]]},"properties":{}},{"type":"Feature","geometry":{"type":"LineString","coordinates":[[-91.5082,45.1789],[-91.5078,45.1787]]},"properties":{}},{"type":"Feature","geometry":{"type":"LineString","coordinates":[[-91.5078,45.1787],[-91.5085,45.1782]]},"properties":{}},{"type":"Feature","geometry":{"type":"LineString","coordinates":[[-91.5085,45.1782],[-91.5085,45.1777]]},"properties":{}},{"type":"Feature","geometry":{"type":"LineString","coordinates":[[-91.5106,45.1739],[-91.511,45.1728]]},"properties":{}},{"type":"Feature","geometry":{"type":"LineString","coordinates":[[-91.511,45.1728],[-91.5103,45.1705]]},"properties":{}},{"type":"Feature","geometry":{"type":"LineString","coordinates":[[-91.5103,45.1705],[-91.5096,45.1703]]},"properties":{}},{"type":"Feature","geometry":{"type":"LineString","coordinates":[[-91.5096,45.1703],[-91.5092,45.1694]]},"properties":{}},{"type":"Feature","geometry":{"type":"LineString","coordinates":[[-91.5092,45.1694],[-91.5105,45.1682]]},"properties":{}},{"type":"Feature","geometry":{"type":"LineString","coordinates":[[-91.5105,45.1682],[-91.507,45.165]]},"properties":{}},{"type":"Feature","geometry":{"type":"LineString","coordinates":[[-91.507,45.165],[-91.5077,45.1619]]},"properties":{}},{"type":"Feature","geometry":{"type":"LineString","coordinates":[[-91.5077,45.1619],[-91.509,45.1602]]},"properties":{}},{"type":"Feature","geometry":{"type":"LineString","coordinates":[[-91.509,45.1602],[-91.5085,45.1584]]},"properties":{}},{"type":"Feature","geometry":{"type":"LineString","coordinates":[[-91.5085,45.1584],[-91.5094,45.1571]]},"properties":{}},{"type":"Feature","geometry":{"type":"LineString","coordinates":[[-91.5094,45.1571],[-91.5092,45.155]]},"properties":{}},{"type":"Feature","geometry":{"type":"LineString","coordinates":[[-91.5092,45.155],[-91.5111,45.1539]]},"properties":{}},{"type":"Feature","geometry":{"type":"LineString","coordinates":[[-91.513,45.1537],[-91.5123,45.1507]]},"properties":{}},{"type":"Feature","geometry":{"type":"LineString","coordinates":[[-91.5116,45.1473],[-91.5138,45.1458]]},"properties":{}},{"type":"Feature","geometry":{"type":"LineString","coordinates":[[-91.5131,45.1447],[-91.5138,45.1431]]},"properties":{}},{"type":"Feature","geometry":{"type":"LineString","coordinates":[[-91.5138,45.1431],[-91.5162,45.1425]]},"properties":{}},{"type":"Feature","geometry":{"type":"LineString","coordinates":[[-91.5162,45.1425],[-91.5164,45.1417]]},"properties":{}},{"type":"Feature","geometry":{"type":"LineString","coordinates":[[-91.5164,45.1417],[-91.5187,45.1417]]},"properties":{}},{"type":"Feature","geometry":{"type":"LineString","coordinates":[[-91.5192,45.1411],[-91.5186,45.1403]]},"properties":{}},{"type":"Feature","geometry":{"type":"LineString","coordinates":[[-91.5186,45.1403],[-91.5175,45.1405]]},"properties":{}},{"type":"Feature","geometry":{"type":"LineString","coordinates":[[-91.5175,45.1405],[-91.5173,45.1397]]},"properties":{}},{"type":"Feature","geometry":{"type":"LineString","coordinates":[[-91.5173,45.1397],[-91.5166,45.1396]]},"properties":{}},{"type":"Feature","geometry":{"type":"LineString","coordinates":[[-91.5166,45.1396],[-91.5173,45.1375]]},"properties":{}},{"type":"Feature","geometry":{"type":"LineString","coordinates":[[-91.5173,45.1375],[-91.5166,45.1367]]},"properties":{}},{"type":"Feature","geometry":{"type":"LineString","coordinates":[[-91.5166,45.1367],[-91.5168,45.1363]]},"properties":{}},{"type":"Feature","geometry":{"type":"LineString","coordinates":[[-91.5168,45.1363],[-91.5157,45.136]]},"properties":{}},{"type":"Feature","geometry":{"type":"LineString","coordinates":[[-91.5152,45.1344],[-91.5153,45.1329]]},"properties":{}},{"type":"Feature","geometry":{"type":"LineString","coordinates":[[-91.5153,45.1329],[-91.5141,45.133]]},"properties":{}},{"type":"Feature","geometry":{"type":"LineString","coordinates":[[-91.5141,45.133],[-91.5121,45.1323]]},"properties":{}},{"type":"Feature","geometry":{"type":"LineString","coordinates":[[-91.5121,45.1323],[-91.512,45.1311]]},"properties":{}},{"type":"Feature","geometry":{"type":"LineString","coordinates":[[-91.512,45.1311],[-91.5128,45.1302]]},"properties":{}},{"type":"Feature","geometry":{"type":"LineString","coordinates":[[-91.5128,45.1302],[-91.5114,45.1292]]},"properties":{}},{"type":"Feature","geometry":{"type":"LineString","coordinates":[[-91.5114,45.1292],[-91.5103,45.1295]]},"properties":{}},{"type":"Feature","geometry":{"type":"LineString","coordinates":[[-91.5103,45.1295],[-91.5101,45.1285]]},"properties":{}},{"type":"Feature","geometry":{"type":"LineString","coordinates":[[-91.5101,45.1285],[-91.509,45.1283]]},"properties":{}},{"type":"Feature","geometry":{"type":"LineString","coordinates":[[-91.509,45.1283],[-91.5092,45.1274]]},"properties":{}},{"type":"Feature","geometry":{"type":"LineString","coordinates":[[-91.5092,45.1274],[-91.5084,45.1266]]},"properties":{}},{"type":"Feature","geometry":{"type":"LineString","coordinates":[[-91.5084,45.1266],[-91.509,45.1262]]},"properties":{}},{"type":"Feature","geometry":{"type":"LineString","coordinates":[[-91.5102,45.1264],[-91.5104,45.1259]]},"properties":{}},{"type":"Feature","geometry":{"type":"LineString","coordinates":[[-91.5104,45.1259],[-91.5092,45.1249]]},"properties":{}},{"type":"Feature","geometry":{"type":"LineString","coordinates":[[-91.5092,45.1249],[-91.5093,45.1242]]},"properties":{}},{"type":"Feature","geometry":{"type":"LineString","coordinates":[[-91.2668,45.6247],[-91.2682,45.6238]]},"properties":{}},{"type":"Feature","geometry":{"type":"LineString","coordinates":[[-91.2682,45.6238],[-91.2677,45.6234]]},"properties":{}},{"type":"Feature","geometry":{"type":"LineString","coordinates":[[-91.2679,45.6231],[-91.2697,45.623]]},"properties":{}},{"type":"Feature","geometry":{"type":"LineString","coordinates":[[-91.2697,45.623],[-91.2694,45.6222]]},"properties":{}},{"type":"Feature","geometry":{"type":"LineString","coordinates":[[-91.2396,45.6968],[-91.2379,45.6972]]},"properties":{}},{"type":"Feature","geometry":{"type":"LineString","coordinates":[[-91.2379,45.6972],[-91.2365,45.6968]]},"properties":{}},{"type":"Feature","geometry":{"type":"LineString","coordinates":[[-91.2365,45.6968],[-91.2366,45.6949]]},"properties":{}},{"type":"Feature","geometry":{"type":"LineString","coordinates":[[-91.2366,45.6949],[-91.2372,45.6947]]},"properties":{}},{"type":"Feature","geometry":{"type":"LineString","coordinates":[[-91.2372,45.6947],[-91.2364,45.6939]]},"properties":{}},{"type":"Feature","geometry":{"type":"LineString","coordinates":[[-91.2364,45.6939],[-91.2374,45.6935]]},"properties":{}},{"type":"Feature","geometry":{"type":"LineString","coordinates":[[-91.2374,45.6935],[-91.2371,45.6932]]},"properties":{}},{"type":"Feature","geometry":{"type":"LineString","coordinates":[[-91.2371,45.6932],[-91.2375,45.6928]]},"properties":{}},{"type":"Feature","geometry":{"type":"LineString","coordinates":[[-91.2375,45.6928],[-91.2369,45.6927]]},"properties":{}},{"type":"Feature","geometry":{"type":"LineString","coordinates":[[-91.2369,45.6927],[-91.2372,45.6921]]},"properties":{}},{"type":"Feature","geometry":{"type":"LineString","coordinates":[[-91.2372,45.6921],[-91.2367,45.692]]},"properties":{}},{"type":"Feature","geometry":{"type":"LineString","coordinates":[[-91.2367,45.692],[-91.2373,45.6915]]},"properties":{}},{"type":"Feature","geometry":{"type":"LineString","coordinates":[[-91.2373,45.6915],[-91.237,45.6912]]},"properties":{}},{"type":"Feature","geometry":{"type":"LineString","coordinates":[[-91.237,45.6912],[-91.2385,45.6898]]},"properties":{}},{"type":"Feature","geometry":{"type":"LineString","coordinates":[[-91.2418,45.6872],[-91.2425,45.6866]]},"properties":{}},{"type":"Feature","geometry":{"type":"LineString","coordinates":[[-91.2425,45.6866],[-91.2444,45.6863]]},"properties":{}},{"type":"Feature","geometry":{"type":"LineString","coordinates":[[-91.2444,45.6863],[-91.2438,45.6854]]},"properties":{}},{"type":"Feature","geometry":{"type":"LineString","coordinates":[[-91.2438,45.6854],[-91.2431,45.6856]]},"properties":{}},{"type":"Feature","geometry":{"type":"LineString","coordinates":[[-91.2431,45.6856],[-91.2426,45.6846]]},"properties":{}},{"type":"Feature","geometry":{"type":"LineString","coordinates":[[-91.2426,45.6846],[-91.2415,45.6846]]},"properties":{}},{"type":"Feature","geometry":{"type":"LineString","coordinates":[[-91.2415,45.6846],[-91.2408,45.684]]},"properties":{}},{"type":"Feature","geometry":{"type":"LineString","coordinates":[[-91.2408,45.684],[-91.2411,45.6837]]},"properties":{}},{"type":"Feature","geometry":{"type":"LineString","coordinates":[[-91.2411,45.6837],[-91.2404,45.6829]]},"properties":{}},{"type":"Feature","geometry":{"type":"LineString","coordinates":[[-91.2462,46.7854],[-91.2463,46.785]]},"properties":{}},{"type":"Feature","geometry":{"type":"LineString","coordinates":[[-91.2463,46.785],[-91.2474,46.7849]]},"properties":{}},{"type":"Feature","geometry":{"type":"LineString","coordinates":[[-91.2474,46.7849],[-91.2479,46.7855]]},"properties":{}},{"type":"Feature","geometry":{"type":"LineString","coordinates":[[-91.2479,46.7855],[-91.2486,46.7855]]},"properties":{}},{"type":"Feature","geometry":{"type":"LineString","coordinates":[[-91.2486,46.7855],[-91.2485,46.7862]]},"properties":{}},{"type":"Feature","geometry":{"type":"LineString","coordinates":[[-91.2485,46.7862],[-91.2504,46.7854]]},"properties":{}},{"type":"Feature","geometry":{"type":"LineString","coordinates":[[-90.9244,43.0297],[-90.9253,43.0314]]},"properties":{}},{"type":"Feature","geometry":{"type":"LineString","coordinates":[[-90.9253,43.0314],[-90.9259,43.0317]]},"properties":{}},{"type":"Feature","geometry":{"type":"LineString","coordinates":[[-90.9259,43.0317],[-90.9297,43.0316]]},"properties":{}},{"type":"Feature","geometry":{"type":"LineString","coordinates":[[-91.0663,43.6693],[-91.067,43.6693]]},"properties":{}},{"type":"Feature","geometry":{"type":"LineString","coordinates":[[-91.2133,44.5124],[-91.2148,44.5134]]},"properties":{}},{"type":"Feature","geometry":{"type":"LineString","coordinates":[[-91.2148,44.5134],[-91.2164,44.5136]]},"properties":{}},{"type":"Feature","geometry":{"type":"LineString","coordinates":[[-91.2164,44.5136],[-91.2176,44.5151]]},"properties":{}},{"type":"Feature","geometry":{"type":"LineString","coordinates":[[-91.2176,44.5151],[-91.2204,44.516]]},"properties":{}},{"type":"Feature","geometry":{"type":"LineString","coordinates":[[-91.2204,44.516],[-91.2222,44.516]]},"properties":{}},{"type":"Feature","geometry":{"type":"LineString","coordinates":[[-91.2222,44.516],[-91.2237,44.5176]]},"properties":{}},{"type":"Feature","geometry":{"type":"LineString","coordinates":[[-91.2237,44.5176],[-91.2236,44.5186]]},"properties":{}},{"type":"Feature","geometry":{"type":"LineString","coordinates":[[-91.2236,44.5186],[-91.2223,44.5202]]},"properties":{}},{"type":"Feature","geometry":{"type":"LineString","coordinates":[[-91.2223,44.5202],[-91.2241,44.5217]]},"properties":{}},{"type":"Feature","geometry":{"type":"LineString","coordinates":[[-91.2234,44.5242],[-91.224,44.5254]]},"properties":{}},{"type":"Feature","geometry":{"type":"LineString","coordinates":[[-91.224,44.5254],[-91.2237,44.528]]},"properties":{}},{"type":"Feature","geometry":{"type":"LineString","coordinates":[[-91.2237,44.528],[-91.2246,44.5292]]},"properties":{}},{"type":"Feature","geometry":{"type":"LineString","coordinates":[[-91.2246,44.5292],[-91.2307,44.5341]]},"properties":{}},{"type":"Feature","geometry":{"type":"LineString","coordinates":[[-91.2332,44.536],[-91.2359,44.5397]]},"properties":{}},{"type":"Feature","geometry":{"type":"LineString","coordinates":[[-90.8582,43.6895],[-90.8578,43.6904]]},"properties":{}},{"type":"Feature","geometry":{"type":"LineString","coordinates":[[-90.8578,43.6904],[-90.8582,43.6907]]},"properties":{}},{"type":"Feature","geometry":{"type":"LineString","coordinates":[[-90.8582,43.6907],[-90.8576,43.6912]]},"properties":{}},{"type":"Feature","geometry":{"type":"LineString","coordinates":[[-90.858,43.6919],[-90.8595,43.6923]]},"properties":{}},{"type":"Feature","geometry":{"type":"LineString","coordinates":[[-90.8595,43.6923],[-90.8599,43.693]]},"properties":{}},{"type":"Feature","geometry":{"type":"LineString","coordinates":[[-90.8599,43.693],[-90.861,43.6934]]},"properties":{}},{"type":"Feature","geometry":{"type":"LineString","coordinates":[[-90.861,43.6974],[-90.8622,43.6996]]},"properties":{}},{"type":"Feature","geometry":{"type":"LineString","coordinates":[[-90.8622,43.6996],[-90.8643,43.7003]]},"properties":{}},{"type":"Feature","geometry":{"type":"LineString","coordinates":[[-90.8643,43.7003],[-90.8651,43.7011]]},"properties":{}},{"type":"Feature","geometry":{"type":"LineString","coordinates":[[-90.8651,43.7011],[-90.8668,43.7016]]},"properties":{}},{"type":"Feature","geometry":{"type":"LineString","coordinates":[[-90.8668,43.7016],[-90.8684,43.7028]]},"properties":{}},{"type":"Feature","geometry":{"type":"LineString","coordinates":[[-90.8684,43.7028],[-90.8697,43.7031]]},"properties":{}},{"type":"Feature","geometry":{"type":"LineString","coordinates":[[-90.8697,43.7031],[-90.869,43.7048]]},"properties":{}},{"type":"Feature","geometry":{"type":"LineString","coordinates":[[-90.869,43.7048],[-90.8693,43.7061]]},"properties":{}},{"type":"Feature","geometry":{"type":"LineString","coordinates":[[-90.8693,43.7061],[-90.8713,43.7061]]},"properties":{}},{"type":"Feature","geometry":{"type":"LineString","coordinates":[[-90.8713,43.7061],[-90.874,43.7071]]},"properties":{}},{"type":"Feature","geometry":{"type":"LineString","coordinates":[[-90.874,43.7071],[-90.8746,43.7084]]},"properties":{}},{"type":"Feature","geometry":{"type":"LineString","coordinates":[[-90.8746,43.7084],[-90.8755,43.7081]]},"properties":{}},{"type":"Feature","geometry":{"type":"LineString","coordinates":[[-90.8755,43.7081],[-90.8753,43.7086]]},"properties":{}},{"type":"Feature","geometry":{"type":"LineString","coordinates":[[-90.8753,43.7086],[-90.876,43.7096]]},"properties":{}},{"type":"Feature","geometry":{"type":"LineString","coordinates":[[-90.876,43.7096],[-90.8795,43.7099]]},"properties":{}},{"type":"Feature","geometry":{"type":"LineString","coordinates":[[-90.8795,43.7099],[-90.8838,43.7113]]},"properties":{}},{"type":"Feature","geometry":{"type":"LineString","coordinates":[[-90.8838,43.7113],[-90.884,43.7122]]},"properties":{}},{"type":"Feature","geometry":{"type":"LineString","coordinates":[[-90.884,43.7122],[-90.8853,43.7121]]},"properties":{}},{"type":"Feature","geometry":{"type":"LineString","coordinates":[[-90.8871,43.715],[-90.8868,43.7155]]},"properties":{}},{"type":"Feature","geometry":{"type":"LineString","coordinates":[[-90.8868,43.7155],[-90.8876,43.7162]]},"properties":{}},{"type":"Feature","geometry":{"type":"LineString","coordinates":[[-90.8876,43.7162],[-90.8906,43.717]]},"properties":{}},{"type":"Feature","geometry":{"type":"LineString","coordinates":[[-90.8906,43.717],[-90.8916,43.7162]]},"properties":{}},{"type":"Feature","geometry":{"type":"LineString","coordinates":[[-90.8916,43.7162],[-90.8937,43.7161]]},"properties":{}},{"type":"Feature","geometry":{"type":"LineString","coordinates":[[-90.8937,43.7161],[-90.8992,43.7206]]},"properties":{}},{"type":"Feature","geometry":{"type":"LineString","coordinates":[[-90.9036,43.7233],[-90.907,43.7244]]},"properties":{}},{"type":"Feature","geometry":{"type":"LineString","coordinates":[[-90.907,43.7244],[-90.9124,43.7236]]},"properties":{}},{"type":"Feature","geometry":{"type":"LineString","coordinates":[[-90.9124,43.7236],[-90.9158,43.7245]]},"properties":{}},{"type":"Feature","geometry":{"type":"LineString","coordinates":[[-90.918,43.7232],[-90.9197,43.723]]},"properties":{}},{"type":"Feature","geometry":{"type":"LineString","coordinates":[[-90.9197,43.723],[-90.9241,43.7241]]},"properties":{}},{"type":"Feature","geometry":{"type":"LineString","coordinates":[[-90.9241,43.7241],[-90.9242,43.7252]]},"properties":{}},{"type":"Feature","geometry":{"type":"LineString","coordinates":[[-90.9242,43.7252],[-90.9258,43.7249]]},"properties":{}},{"type":"Feature","geometry":{"type":"LineString","coordinates":[[-90.9258,43.7249],[-90.9283,43.7256]]},"properties":{}},{"type":"Feature","geometry":{"type":"LineString","coordinates":[[-90.9283,43.7256],[-90.9291,43.7254]]},"properties":{}},{"type":"Feature","geometry":{"type":"LineString","coordinates":[[-90.9291,43.7254],[-90.9294,43.7246]]},"properties":{}},{"type":"Feature","geometry":{"type":"LineString","coordinates":[[-90.9294,43.7246],[-90.9303,43.7241]]},"properties":{}},{"type":"Feature","geometry":{"type":"LineString","coordinates":[[-90.9303,43.7241],[-90.9314,43.7252]]},"properties":{}},{"type":"Feature","geometry":{"type":"LineString","coordinates":[[-90.9314,43.7252],[-90.9331,43.7252]]},"properties":{}},{"type":"Feature","geometry":{"type":"LineString","coordinates":[[-90.9331,43.7252],[-90.9338,43.7258]]},"properties":{}},{"type":"Feature","geometry":{"type":"LineString","coordinates":[[-90.9352,43.7256],[-90.9364,43.7244]]},"properties":{}},{"type":"Feature","geometry":{"type":"LineString","coordinates":[[-90.9364,43.7244],[-90.9377,43.725]]},"properties":{}},{"type":"Feature","geometry":{"type":"LineString","coordinates":[[-90.9377,43.725],[-90.9406,43.7251]]},"properties":{}},{"type":"Feature","geometry":{"type":"LineString","coordinates":[[-90.9377,43.725],[-90.938,43.7256]]},"properties":{}},{"type":"Feature","geometry":{"type":"LineString","coordinates":[[-90.9392,43.7257],[-90.9414,43.725]]},"properties":{}},{"type":"Feature","geometry":{"type":"LineString","coordinates":[[-90.9414,43.725],[-90.9452,43.7257]]},"properties":{}},{"type":"Feature","geometry":{"type":"LineString","coordinates":[[-90.9452,43.7257],[-90.9472,43.7236]]},"properties":{}},{"type":"Feature","geometry":{"type":"LineString","coordinates":[[-90.9472,43.7236],[-90.9495,43.7231]]},"properties":{}},{"type":"Feature","geometry":{"type":"LineString","coordinates":[[-90.9495,43.7231],[-90.9516,43.7241]]},"properties":{}},{"type":"Feature","geometry":{"type":"LineString","coordinates":[[-90.9516,43.7241],[-90.953,43.7231]]},"properties":{}},{"type":"Feature","geometry":{"type":"LineString","coordinates":[[-90.953,43.7231],[-90.9531,43.7235]]},"properties":{}},{"type":"Feature","geometry":{"type":"LineString","coordinates":[[-90.9603,43.7226],[-90.9623,43.7232]]},"properties":{}},{"type":"Feature","geometry":{"type":"LineString","coordinates":[[-90.9623,43.7232],[-90.9637,43.7222]]},"properties":{}},{"type":"Feature","geometry":{"type":"LineString","coordinates":[[-90.9637,43.7222],[-90.965,43.722]]},"properties":{}},{"type":"Feature","geometry":{"type":"LineString","coordinates":[[-90.965,43.722],[-90.9652,43.7216]]},"properties":{}},{"type":"Feature","geometry":{"type":"LineString","coordinates":[[-90.9652,43.7216],[-90.9648,43.7212]]},"properties":{}},{"type":"Feature","geometry":{"type":"LineString","coordinates":[[-90.9658,43.7206],[-90.9684,43.7197]]},"properties":{}},{"type":"Feature","geometry":{"type":"LineString","coordinates":[[-90.9685,43.721],[-90.97,43.7204]]},"properties":{}},{"type":"Feature","geometry":{"type":"LineString","coordinates":[[-90.97,43.7204],[-90.9712,43.7205]]},"properties":{}},{"type":"Feature","geometry":{"type":"LineString","coordinates":[[-90.938,43.8153],[-90.9416,43.8175]]},"properties":{}},{"type":"Feature","geometry":{"type":"LineString","coordinates":[[-90.9416,43.8175],[-90.9431,43.8179]]},"properties":{}},{"type":"Feature","geometry":{"type":"LineString","coordinates":[[-90.9431,43.8179],[-90.9445,43.8192]]},"properties":{}},{"type":"Feature","geometry":{"type":"LineString","coordinates":[[-90.9445,43.8192],[-90.9449,43.8212]]},"properties":{}},{"type":"Feature","geometry":{"type":"LineString","coordinates":[[-90.9449,43.8212],[-90.9456,43.8219]]},"properties":{}},{"type":"Feature","geometry":{"type":"LineString","coordinates":[[-90.9476,43.8229],[-90.9498,43.8233]]},"properties":{}},{"type":"Feature","geometry":{"type":"LineString","coordinates":[[-90.9498,43.8233],[-90.9499,43.8243]]},"properties":{}},{"type":"Feature","geometry":{"type":"LineString","coordinates":[[-90.9533,43.8301],[-90.9552,43.8321]]},"properties":{}},{"type":"Feature","geometry":{"type":"LineString","coordinates":[[-90.9552,43.8321],[-90.9565,43.8327]]},"properties":{}},{"type":"Feature","geometry":{"type":"LineString","coordinates":[[-90.9579,43.8333],[-90.9627,43.8369]]},"properties":{}},{"type":"Feature","geometry":{"type":"LineString","coordinates":[[-90.9627,43.8369],[-90.9631,43.8378]]},"properties":{}},{"type":"Feature","geometry":{"type":"LineString","coordinates":[[-90.9631,43.8378],[-90.9652,43.8387]]},"properties":{}},{"type":"Feature","geometry":{"type":"LineString","coordinates":[[-90.9652,43.8387],[-90.9653,43.8392]]},"properties":{}},{"type":"Feature","geometry":{"type":"LineString","coordinates":[[-90.9653,43.8392],[-90.9645,43.84]]},"properties":{}},{"type":"Feature","geometry":{"type":"LineString","coordinates":[[-90.9645,43.84],[-90.966,43.8415]]},"properties":{}},{"type":"Feature","geometry":{"type":"LineString","coordinates":[[-90.966,43.8415],[-90.9654,43.8419]]},"properties":{}},{"type":"Feature","geometry":{"type":"LineString","coordinates":[[-90.9654,43.8419],[-90.9665,43.842]]},"properties":{}},{"type":"Feature","geometry":{"type":"LineString","coordinates":[[-90.9665,43.842],[-90.966,43.8431]]},"properties":{}},{"type":"Feature","geometry":{"type":"LineString","coordinates":[[-90.966,43.8431],[-90.9669,43.843]]},"properties":{}},{"type":"Feature","geometry":{"type":"LineString","coordinates":[[-90.9669,43.843],[-90.9676,43.8434]]},"properties":{}},{"type":"Feature","geometry":{"type":"LineString","coordinates":[[-90.9676,43.8434],[-90.9683,43.8428]]},"properties":{}},{"type":"Feature","geometry":{"type":"LineString","coordinates":[[-90.9683,43.8428],[-90.9686,43.8432]]},"properties":{}},{"type":"Feature","geometry":{"type":"LineString","coordinates":[[-90.9686,43.8432],[-90.9709,43.8431]]},"properties":{}},{"type":"Feature","geometry":{"type":"LineString","coordinates":[[-90.9709,43.8431],[-90.9717,43.8439]]},"properties":{}},{"type":"Feature","geometry":{"type":"LineString","coordinates":[[-90.9717,43.8439],[-90.9711,43.8449]]},"properties":{}},{"type":"Feature","geometry":{"type":"LineString","coordinates":[[-90.9711,43.8449],[-90.9727,43.8448]]},"properties":{}},{"type":"Feature","geometry":{"type":"LineString","coordinates":[[-90.9734,43.8452],[-90.9729,43.846]]},"properties":{}},{"type":"Feature","geometry":{"type":"LineString","coordinates":[[-90.9729,43.846],[-90.9737,43.8472]]},"properties":{}},{"type":"Feature","geometry":{"type":"LineString","coordinates":[[-90.9737,43.8472],[-90.9752,43.8479]]},"properties":{}},{"type":"Feature","geometry":{"type":"LineString","coordinates":[[-90.9752,43.8479],[-90.9764,43.8478]]},"properties":{}},{"type":"Feature","geometry":{"type":"LineString","coordinates":[[-90.9813,43.8503],[-90.9827,43.8502]]},"properties":{}},{"type":"Feature","geometry":{"type":"LineString","coordinates":[[-90.9827,43.8502],[-90.984,43.851]]},"properties":{}},{"type":"Feature","geometry":{"type":"LineString","coordinates":[[-90.984,43.851],[-90.9851,43.8509]]},"properties":{}},{"type":"Feature","geometry":{"type":"LineString","coordinates":[[-90.9851,43.8509],[-90.9854,43.8516]]},"properties":{}},{"type":"Feature","geometry":{"type":"LineString","coordinates":[[-90.9854,43.8516],[-90.9861,43.8518]]},"properties":{}},{"type":"Feature","geometry":{"type":"LineString","coordinates":[[-90.9861,43.8518],[-90.9865,43.8526]]},"properties":{}},{"type":"Feature","geometry":{"type":"LineString","coordinates":[[-90.9865,43.8526],[-90.9876,43.8532]]},"properties":{}},{"type":"Feature","geometry":{"type":"LineString","coordinates":[[-90.9876,43.8532],[-90.9885,43.8548]]},"properties":{}},{"type":"Feature","geometry":{"type":"LineString","coordinates":[[-90.9885,43.8548],[-90.9919,43.8556]]},"properties":{}},{"type":"Feature","geometry":{"type":"LineString","coordinates":[[-90.7776,43.7979],[-90.7758,43.7982]]},"properties":{}},{"type":"Feature","geometry":{"type":"LineString","coordinates":[[-90.7758,43.7982],[-90.7731,43.8003]]},"properties":{}},{"type":"Feature","geometry":{"type":"LineString","coordinates":[[-90.7731,43.8003],[-90.7723,43.802]]},"properties":{}},{"type":"Feature","geometry":{"type":"LineString","coordinates":[[-90.7723,43.802],[-90.7728,43.8026]]},"properties":{}},{"type":"Feature","geometry":{"type":"LineString","coordinates":[[-90.7728,43.8026],[-90.7721,43.8032]]},"properties":{}},{"type":"Feature","geometry":{"type":"LineString","coordinates":[[-90.7721,43.8032],[-90.7718,43.8047]]},"properties":{}},{"type":"Feature","geometry":{"type":"LineString","coordinates":[[-90.7718,43.8047],[-90.7688,43.8079]]},"properties":{}},{"type":"Feature","geometry":{"type":"LineString","coordinates":[[-90.7688,43.8079],[-90.7682,43.8078]]},"properties":{}},{"type":"Feature","geometry":{"type":"LineString","coordinates":[[-90.7682,43.8078],[-90.7678,43.8095]]},"properties":{}},{"type":"Feature","geometry":{"type":"LineString","coordinates":[[-90.7628,43.8313],[-90.7635,43.8315]]},"properties":{}},{"type":"Feature","geometry":{"type":"LineString","coordinates":[[-90.7635,43.8315],[-90.7632,43.8323]]},"properties":{}},{"type":"Feature","geometry":{"type":"LineString","coordinates":[[-90.7632,43.8323],[-90.7642,43.8332]]},"properties":{}},{"type":"Feature","geometry":{"type":"LineString","coordinates":[[-90.7642,43.8332],[-90.7655,43.8331]]},"properties":{}},{"type":"Feature","geometry":{"type":"LineString","coordinates":[[-90.7655,43.8331],[-90.7657,43.8336]]},"properties":{}},{"type":"Feature","geometry":{"type":"LineString","coordinates":[[-90.7657,43.8336],[-90.7674,43.8338]]},"properties":{}},{"type":"Feature","geometry":{"type":"LineString","coordinates":[[-90.7987,43.8519],[-90.7993,43.8512]]},"properties":{}},{"type":"Feature","geometry":{"type":"LineString","coordinates":[[-90.7993,43.8512],[-90.801,43.8508]]},"properties":{}},{"type":"Feature","geometry":{"type":"LineString","coordinates":[[-90.801,43.8508],[-90.805,43.8517]]},"properties":{}},{"type":"Feature","geometry":{"type":"LineString","coordinates":[[-90.805,43.8517],[-90.8055,43.8509]]},"properties":{}},{"type":"Feature","geometry":{"type":"LineString","coordinates":[[-90.8055,43.8509],[-90.8054,43.8499]]},"properties":{}},{"type":"Feature","geometry":{"type":"LineString","coordinates":[[-90.8054,43.8499],[-90.8071,43.8494]]},"properties":{}},{"type":"Feature","geometry":{"type":"LineString","coordinates":[[-90.8071,43.8494],[-90.8093,43.85]]},"properties":{}},{"type":"Feature","geometry":{"type":"LineString","coordinates":[[-90.8093,43.85],[-90.8156,43.854]]},"properties":{}},{"type":"Feature","geometry":{"type":"LineString","coordinates":[[-90.8217,43.8648],[-90.8224,43.8647]]},"properties":{}},{"type":"Feature","geometry":{"type":"LineString","coordinates":[[-90.8224,43.8647],[-90.823,43.8652]]},"properties":{}},{"type":"Feature","geometry":{"type":"LineString","coordinates":[[-90.823,43.8652],[-90.8235,43.8648]]},"properties":{}},{"type":"Feature","geometry":{"type":"LineString","coordinates":[[-90.8249,43.8655],[-90.8261,43.8677]]},"properties":{}},{"type":"Feature","geometry":{"type":"LineString","coordinates":[[-90.8261,43.8677],[-90.8258,43.8684]]},"properties":{}},{"type":"Feature","geometry":{"type":"LineString","coordinates":[[-90.8258,43.8684],[-90.8262,43.8698]]},"properties":{}},{"type":"Feature","geometry":{"type":"LineString","coordinates":[[-90.8303,43.8782],[-90.8285,43.8793]]},"properties":{}},{"type":"Feature","geometry":{"type":"LineString","coordinates":[[-90.8285,43.8793],[-90.8297,43.8809]]},"properties":{}},{"type":"Feature","geometry":{"type":"LineString","coordinates":[[-90.8283,43.8851],[-90.8296,43.886]]},"properties":{}},{"type":"Feature","geometry":{"type":"LineString","coordinates":[[-90.8296,43.886],[-90.8297,43.8868]]},"properties":{}},{"type":"Feature","geometry":{"type":"LineString","coordinates":[[-90.8297,43.8868],[-90.8288,43.8881]]},"properties":{}},{"type":"Feature","geometry":{"type":"LineString","coordinates":[[-90.8288,43.8881],[-90.8325,43.8876]]},"properties":{}},{"type":"Feature","geometry":{"type":"LineString","coordinates":[[-90.8325,43.8876],[-90.8349,43.8893]]},"properties":{}},{"type":"Feature","geometry":{"type":"LineString","coordinates":[[-90.8349,43.8893],[-90.8349,43.8901]]},"properties":{}},{"type":"Feature","geometry":{"type":"LineString","coordinates":[[-90.8378,43.8909],[-90.8379,43.8904]]},"properties":{}},{"type":"Feature","geometry":{"type":"LineString","coordinates":[[-90.8379,43.8904],[-90.8385,43.8911]]},"properties":{}},{"type":"Feature","geometry":{"type":"LineString","coordinates":[[-90.8385,43.8911],[-90.8395,43.8911]]},"properties":{}},{"type":"Feature","geometry":{"type":"LineString","coordinates":[[-90.8395,43.8911],[-90.839,43.8916]]},"properties":{}},{"type":"Feature","geometry":{"type":"LineString","coordinates":[[-90.839,43.8916],[-90.8393,43.8922]]},"properties":{}},{"type":"Feature","geometry":{"type":"LineString","coordinates":[[-90.9355,45.7814],[-90.935,45.7799]]},"properties":{}},{"type":"Feature","geometry":{"type":"LineString","coordinates":[[-90.935,45.7799],[-90.9358,45.7756]]},"properties":{}},{"type":"Feature","geometry":{"type":"LineString","coordinates":[[-90.9358,45.7756],[-90.9351,45.775]]},"properties":{}},{"type":"Feature","geometry":{"type":"LineString","coordinates":[[-90.9351,45.775],[-90.9354,45.7735]]},"properties":{}},{"type":"Feature","geometry":{"type":"LineString","coordinates":[[-90.9354,45.7735],[-90.9376,45.7718]]},"properties":{}},{"type":"Feature","geometry":{"type":"LineString","coordinates":[[-90.9376,45.7718],[-90.9375,45.7707]]},"properties":{}},{"type":"Feature","geometry":{"type":"LineString","coordinates":[[-90.9375,45.7707],[-90.9388,45.7691]]},"properties":{}},{"type":"Feature","geometry":{"type":"LineString","coordinates":[[-90.9388,45.7691],[-90.9413,45.7672]]},"properties":{}},{"type":"Feature","geometry":{"type":"LineString","coordinates":[[-90.9413,45.7672],[-90.9436,45.7633]]},"properties":{}},{"type":"Feature","geometry":{"type":"LineString","coordinates":[[-90.9436,45.7633],[-90.9453,45.7615]]},"properties":{}},{"type":"Feature","geometry":{"type":"LineString","coordinates":[[-90.9453,45.7615],[-90.9459,45.7574]]},"properties":{}},{"type":"Feature","geometry":{"type":"LineString","coordinates":[[-90.9459,45.7574],[-90.9485,45.7563]]},"properties":{}},{"type":"Feature","geometry":{"type":"LineString","coordinates":[[-90.9485,45.7563],[-90.9501,45.7531]]},"properties":{}},{"type":"Feature","geometry":{"type":"LineString","coordinates":[[-90.9501,45.7531],[-90.9523,45.7526]]},"properties":{}},{"type":"Feature","geometry":{"type":"LineString","coordinates":[[-90.9523,45.7526],[-90.9537,45.7512]]},"properties":{}},{"type":"Feature","geometry":{"type":"LineString","coordinates":[[-90.9537,45.7512],[-90.955,45.7466]]},"properties":{}},{"type":"Feature","geometry":{"type":"LineString","coordinates":[[-90.955,45.7466],[-90.9581,45.7459]]},"properties":{}},{"type":"Feature","geometry":{"type":"LineString","coordinates":[[-90.9581,45.7459],[-90.9597,45.7445]]},"properties":{}},{"type":"Feature","geometry":{"type":"LineString","coordinates":[[-90.9597,45.7445],[-90.961,45.7424]]},"properties":{}},{"type":"Feature","geometry":{"type":"LineString","coordinates":[[-90.961,45.7424],[-90.9625,45.7422]]},"properties":{}},{"type":"Feature","geometry":{"type":"LineString","coordinates":[[-90.9625,45.7422],[-90.9639,45.7406]]},"properties":{}},{"type":"Feature","geometry":{"type":"LineString","coordinates":[[-90.9639,45.7406],[-90.9648,45.7367]]},"properties":{}},{"type":"Feature","geometry":{"type":"LineString","coordinates":[[-90.9648,45.7367],[-90.9662,45.7356]]},"properties":{}},{"type":"Feature","geometry":{"type":"LineString","coordinates":[[-90.9662,45.7356],[-90.9684,45.7353]]},"properties":{}},{"type":"Feature","geometry":{"type":"LineString","coordinates":[[-90.9684,45.7353],[-90.9707,45.734]]},"properties":{}},{"type":"Feature","geometry":{"type":"LineString","coordinates":[[-90.9707,45.734],[-90.9738,45.729]]},"properties":{}},{"type":"Feature","geometry":{"type":"LineString","coordinates":[[-90.9738,45.729],[-90.9759,45.727]]},"properties":{}},{"type":"Feature","geometry":{"type":"LineString","coordinates":[[-90.9759,45.727],[-90.9771,45.727]]},"properties":{}},{"type":"Feature","geometry":{"type":"LineString","coordinates":[[-90.9771,45.727],[-90.9791,45.7247]]},"properties":{}},{"type":"Feature","geometry":{"type":"LineString","coordinates":[[-90.9791,45.7247],[-90.9813,45.7237]]},"properties":{}},{"type":"Feature","geometry":{"type":"LineString","coordinates":[[-90.9813,45.7237],[-90.9837,45.7236]]},"properties":{}},{"type":"Feature","geometry":{"type":"LineString","coordinates":[[-90.9837,45.7236],[-90.9856,45.7227]]},"properties":{}},{"type":"Feature","geometry":{"type":"LineString","coordinates":[[-90.9856,45.7227],[-90.986,45.7217]]},"properties":{}},{"type":"Feature","geometry":{"type":"LineString","coordinates":[[-90.986,45.7217],[-90.9878,45.7208]]},"properties":{}},{"type":"Feature","geometry":{"type":"LineString","coordinates":[[-90.9878,45.7208],[-90.9956,45.7183]]},"properties":{}},{"type":"Feature","geometry":{"type":"LineString","coordinates":[[-90.9956,45.7183],[-90.9971,45.7171]]},"properties":{}},{"type":"Feature","geometry":{"type":"LineString","coordinates":[[-90.9971,45.7171],[-90.9998,45.7159]]},"properties":{}},{"type":"Feature","geometry":{"type":"LineString","coordinates":[[-90.8173,44.8011],[-90.8195,44.7965]]},"properties":{}},{"type":"Feature","geometry":{"type":"LineString","coordinates":[[-90.8195,44.7965],[-90.8239,44.7942]]},"properties":{}},{"type":"Feature","geometry":{"type":"LineString","coordinates":[[-90.8239,44.7942],[-90.8257,44.7923]]},"properties":{}},{"type":"Feature","geometry":{"type":"LineString","coordinates":[[-90.8257,44.7923],[-90.829,44.7911]]},"properties":{}},{"type":"Feature","geometry":{"type":"LineString","coordinates":[[-90.7343,43.3705],[-90.7385,43.373]]},"properties":{}},{"type":"Feature","geometry":{"type":"LineString","coordinates":[[-90.7385,43.373],[-90.7419,43.374]]},"properties":{}},{"type":"Feature","geometry":{"type":"LineString","coordinates":[[-90.7419,43.374],[-90.7456,43.3733]]},"properties":{}},{"type":"Feature","geometry":{"type":"LineString","coordinates":[[-90.7456,43.3733],[-90.7477,43.3737]]},"properties":{}},{"type":"Feature","geometry":{"type":"LineString","coordinates":[[-90.7477,43.3737],[-90.7497,43.3752]]},"properties":{}},{"type":"Feature","geometry":{"type":"LineString","coordinates":[[-90.7497,43.3752],[-90.7496,43.3758]]},"properties":{}},{"type":"Feature","geometry":{"type":"LineString","coordinates":[[-90.7496,43.3758],[-90.7544,43.3782]]},"properties":{}},{"type":"Feature","geometry":{"type":"LineString","coordinates":[[-90.6549,43.3861],[-90.6573,43.3829]]},"properties":{}},{"type":"Feature","geometry":{"type":"LineString","coordinates":[[-90.6573,43.3829],[-90.6572,43.3821]]},"properties":{}},{"type":"Feature","geometry":{"type":"LineString","coordinates":[[-90.6573,43.3829],[-90.6578,43.3826]]},"properties":{}},{"type":"Feature","geometry":{"type":"LineString","coordinates":[[-90.6578,43.3826],[-90.6572,43.3821]]},"properties":{}},{"type":"Feature","geometry":{"type":"LineString","coordinates":[[-90.6572,43.3821],[-90.6579,43.3816]]},"properties":{}},{"type":"Feature","geometry":{"type":"LineString","coordinates":[[-90.6579,43.3816],[-90.6575,43.3807]]},"properties":{}},{"type":"Feature","geometry":{"type":"LineString","coordinates":[[-90.6575,43.3807],[-90.6588,43.3796]]},"properties":{}},{"type":"Feature","geometry":{"type":"LineString","coordinates":[[-90.6588,43.3796],[-90.6565,43.378]]},"properties":{}},{"type":"Feature","geometry":{"type":"LineString","coordinates":[[-90.6553,43.3764],[-90.657,43.3737]]},"properties":{}},{"type":"Feature","geometry":{"type":"LineString","coordinates":[[-90.6582,43.3734],[-90.6589,43.3732]]},"properties":{}},{"type":"Feature","geometry":{"type":"LineString","coordinates":[[-90.6589,43.3732],[-90.6589,43.3726]]},"properties":{}},{"type":"Feature","geometry":{"type":"LineString","coordinates":[[-90.6602,43.3709],[-90.6595,43.3692]]},"properties":{}},{"type":"Feature","geometry":{"type":"LineString","coordinates":[[-90.6595,43.3692],[-90.6571,43.3683]]},"properties":{}},{"type":"Feature","geometry":{"type":"LineString","coordinates":[[-90.6571,43.3683],[-90.6572,43.3677]]},"properties":{}},{"type":"Feature","geometry":{"type":"LineString","coordinates":[[-90.6572,43.3677],[-90.6563,43.3674]]},"properties":{}},{"type":"Feature","geometry":{"type":"LineString","coordinates":[[-90.6563,43.3674],[-90.6564,43.3666]]},"properties":{}},{"type":"Feature","geometry":{"type":"LineString","coordinates":[[-90.6564,43.3666],[-90.6605,43.3624]]},"properties":{}},{"type":"Feature","geometry":{"type":"LineString","coordinates":[[-90.6605,43.3624],[-90.6609,43.3613]]},"properties":{}},{"type":"Feature","geometry":{"type":"LineString","coordinates":[[-90.6609,43.3613],[-90.6618,43.3607]]},"properties":{}},{"type":"Feature","geometry":{"type":"LineString","coordinates":[[-90.6618,43.3607],[-90.6625,43.3611]]},"properties":{}},{"type":"Feature","geometry":{"type":"LineString","coordinates":[[-90.6625,43.3611],[-90.6634,43.3607]]},"properties":{}},{"type":"Feature","geometry":{"type":"LineString","coordinates":[[-90.6634,43.3607],[-90.6637,43.3591]]},"properties":{}},{"type":"Feature","geometry":{"type":"LineString","coordinates":[[-90.6637,43.3591],[-90.6647,43.3587]]},"properties":{}},{"type":"Feature","geometry":{"type":"LineString","coordinates":[[-90.6647,43.3587],[-90.6649,43.3578]]},"properties":{}},{"type":"Feature","geometry":{"type":"LineString","coordinates":[[-90.6664,43.3565],[-90.6666,43.3556]]},"properties":{}},{"type":"Feature","geometry":{"type":"LineString","coordinates":[[-90.6666,43.3556],[-90.666,43.3538]]},"properties":{}},{"type":"Feature","geometry":{"type":"LineString","coordinates":[[-90.6672,43.3533],[-90.6673,43.3525]]},"properties":{}},{"type":"Feature","geometry":{"type":"LineString","coordinates":[[-90.6673,43.3525],[-90.669,43.3509]]},"properties":{}},{"type":"Feature","geometry":{"type":"LineString","coordinates":[[-90.669,43.3509],[-90.6683,43.3503]]},"properties":{}},{"type":"Feature","geometry":{"type":"LineString","coordinates":[[-90.6683,43.3503],[-90.6688,43.3499]]},"properties":{}},{"type":"Feature","geometry":{"type":"LineString","coordinates":[[-90.6688,43.3499],[-90.6692,43.3482]]},"properties":{}},{"type":"Feature","geometry":{"type":"LineString","coordinates":[[-90.6692,43.3482],[-90.6702,43.3481]]},"properties":{}},{"type":"Feature","geometry":{"type":"LineString","coordinates":[[-90.6702,43.3481],[-90.669,43.3463]]},"properties":{}},{"type":"Feature","geometry":{"type":"LineString","coordinates":[[-90.669,43.3463],[-90.6697,43.3459]]},"properties":{}},{"type":"Feature","geometry":{"type":"LineString","coordinates":[[-90.6697,43.3459],[-90.6697,43.345]]},"properties":{}},{"type":"Feature","geometry":{"type":"LineString","coordinates":[[-90.6697,43.345],[-90.6719,43.3443]]},"properties":{}},{"type":"Feature","geometry":{"type":"LineString","coordinates":[[-90.536,43.6804],[-90.5374,43.6811]]},"properties":{}},{"type":"Feature","geometry":{"type":"LineString","coordinates":[[-90.5374,43.6811],[-90.538,43.6808]]},"properties":{}},{"type":"Feature","geometry":{"type":"LineString","coordinates":[[-90.5391,43.6815],[-90.5391,43.6822]]},"properties":{}},{"type":"Feature","geometry":{"type":"LineString","coordinates":[[-90.5391,43.6822],[-90.5404,43.6827]]},"properties":{}},{"type":"Feature","geometry":{"type":"LineString","coordinates":[[-90.5429,43.6822],[-90.5442,43.6827]]},"properties":{}},{"type":"Feature","geometry":{"type":"LineString","coordinates":[[-90.5442,43.6827],[-90.5453,43.6818]]},"properties":{}},{"type":"Feature","geometry":{"type":"LineString","coordinates":[[-90.5453,43.6818],[-90.5494,43.6831]]},"properties":{}},{"type":"Feature","geometry":{"type":"LineString","coordinates":[[-90.2271,43.0023],[-90.2292,43.0038]]},"properties":{}},{"type":"Feature","geometry":{"type":"LineString","coordinates":[[-90.2302,43.0066],[-90.2336,43.0086]]},"properties":{}},{"type":"Feature","geometry":{"type":"LineString","coordinates":[[-90.2336,43.0086],[-90.2339,43.0089]]},"properties":{}},{"type":"Feature","geometry":{"type":"LineString","coordinates":[[-90.2339,43.0089],[-90.2334,43.0094]]},"properties":{}},{"type":"Feature","geometry":{"type":"LineString","coordinates":[[-90.2334,43.0094],[-90.2345,43.0097]]},"properties":{}},{"type":"Feature","geometry":{"type":"LineString","coordinates":[[-90.2345,43.0097],[-90.2346,43.0105]]},"properties":{}},{"type":"Feature","geometry":{"type":"LineString","coordinates":[[-90.2346,43.0105],[-90.2352,43.0107]]},"properties":{}},{"type":"Feature","geometry":{"type":"LineString","coordinates":[[-90.2352,43.0107],[-90.2351,43.0121]]},"properties":{}},{"type":"Feature","geometry":{"type":"LineString","coordinates":[[-90.2351,43.0121],[-90.2347,43.0122]]},"properties":{}},{"type":"Feature","geometry":{"type":"LineString","coordinates":[[-90.2347,43.0122],[-90.2351,43.0127]]},"properties":{}},{"type":"Feature","geometry":{"type":"LineString","coordinates":[[-90.2351,43.0127],[-90.2358,43.0125]]},"properties":{}},{"type":"Feature","geometry":{"type":"LineString","coordinates":[[-90.2368,43.0138],[-90.2401,43.0132]]},"properties":{}},{"type":"Feature","geometry":{"type":"LineString","coordinates":[[-90.2401,43.0132],[-90.2417,43.0147]]},"properties":{}},{"type":"Feature","geometry":{"type":"LineString","coordinates":[[-90.2416,43.0152],[-90.2407,43.0154]]},"properties":{}},{"type":"Feature","geometry":{"type":"LineString","coordinates":[[-90.2407,43.0154],[-90.2407,43.0159]]},"properties":{}},{"type":"Feature","geometry":{"type":"LineString","coordinates":[[-90.2407,43.0159],[-90.2398,43.0163]]},"properties":{}},{"type":"Feature","geometry":{"type":"LineString","coordinates":[[-90.2398,43.0163],[-90.2401,43.019]]},"properties":{}},{"type":"Feature","geometry":{"type":"LineString","coordinates":[[-90.4394,43.0857],[-90.4408,43.0852]]},"properties":{}},{"type":"Feature","geometry":{"type":"LineString","coordinates":[[-90.4408,43.0852],[-90.4448,43.0849]]},"properties":{}},{"type":"Feature","geometry":{"type":"LineString","coordinates":[[-90.4448,43.0849],[-90.446,43.086]]},"properties":{}},{"type":"Feature","geometry":{"type":"LineString","coordinates":[[-90.446,43.086],[-90.4483,43.0868]]},"properties":{}},{"type":"Feature","geometry":{"type":"LineString","coordinates":[[-90.4483,43.0868],[-90.4536,43.092]]},"properties":{}},{"type":"Feature","geometry":{"type":"LineString","coordinates":[[-90.4536,43.092],[-90.4549,43.092]]},"properties":{}},{"type":"Feature","geometry":{"type":"LineString","coordinates":[[-90.4563,43.0946],[-90.4554,43.0957]]},"properties":{}},{"type":"Feature","geometry":{"type":"LineString","coordinates":[[-90.4554,43.0957],[-90.4569,43.0963]]},"properties":{}},{"type":"Feature","geometry":{"type":"LineString","coordinates":[[-90.4569,43.0963],[-90.457,43.097]]},"properties":{}},{"type":"Feature","geometry":{"type":"LineString","coordinates":[[-90.457,43.097],[-90.4597,43.0973]]},"properties":{}},{"type":"Feature","geometry":{"type":"LineString","coordinates":[[-90.471,43.1029],[-90.474,43.104]]},"properties":{}},{"type":"Feature","geometry":{"type":"LineString","coordinates":[[-90.4051,43.5173],[-90.4042,43.5165]]},"properties":{}},{"type":"Feature","geometry":{"type":"LineString","coordinates":[[-90.4042,43.5165],[-90.4038,43.5155]]},"properties":{}},{"type":"Feature","geometry":{"type":"LineString","coordinates":[[-90.4038,43.5155],[-90.4022,43.5161]]},"properties":{}},{"type":"Feature","geometry":{"type":"LineString","coordinates":[[-90.4022,43.5161],[-90.4024,43.5147]]},"properties":{}},{"type":"Feature","geometry":{"type":"LineString","coordinates":[[-90.4024,43.5147],[-90.3994,43.5125]]},"properties":{}},{"type":"Feature","geometry":{"type":"LineString","coordinates":[[-90.3989,43.5088],[-90.3998,43.5086]]},"properties":{}},{"type":"Feature","geometry":{"type":"LineString","coordinates":[[-90.3998,43.5086],[-90.3997,43.508]]},"properties":{}},{"type":"Feature","geometry":{"type":"LineString","coordinates":[[-90.3997,43.508],[-90.4009,43.5074]]},"properties":{}},{"type":"Feature","geometry":{"type":"LineString","coordinates":[[-90.4008,43.507],[-90.4,43.5072]]},"properties":{}},{"type":"Feature","geometry":{"type":"LineString","coordinates":[[-90.4,43.5072],[-90.4003,43.5065]]},"properties":{}},{"type":"Feature","geometry":{"type":"LineString","coordinates":[[-90.4003,43.5065],[-90.3977,43.5047]]},"properties":{}},{"type":"Feature","geometry":{"type":"LineString","coordinates":[[-90.3977,43.5047],[-90.3964,43.5051]]},"properties":{}},{"type":"Feature","geometry":{"type":"LineString","coordinates":[[-90.3868,43.4989],[-90.3862,43.4992]]},"properties":{}},{"type":"Feature","geometry":{"type":"LineString","coordinates":[[-90.3862,43.4992],[-90.3858,43.4985]]},"properties":{}},{"type":"Feature","geometry":{"type":"LineString","coordinates":[[-90.3606,43.4746],[-90.3601,43.4735]]},"properties":{}},{"type":"Feature","geometry":{"type":"LineString","coordinates":[[-90.3601,43.4735],[-90.3593,43.4733]]},"properties":{}},{"type":"Feature","geometry":{"type":"LineString","coordinates":[[-90.3593,43.4733],[-90.3595,43.4726]]},"properties":{}},{"type":"Feature","geometry":{"type":"LineString","coordinates":[[-90.3595,43.4726],[-90.3587,43.4717]]},"properties":{}},{"type":"Feature","geometry":{"type":"LineString","coordinates":[[-90.3587,43.4717],[-90.3589,43.4713]]},"properties":{}},{"type":"Feature","geometry":{"type":"LineString","coordinates":[[-90.3589,43.4713],[-90.3573,43.4704]]},"properties":{}},{"type":"Feature","geometry":{"type":"LineString","coordinates":[[-90.3573,43.4704],[-90.3537,43.4666]]},"properties":{}},{"type":"Feature","geometry":{"type":"LineString","coordinates":[[-90.3631,43.4531],[-90.3654,43.4542]]},"properties":{}},{"type":"Feature","geometry":{"type":"LineString","coordinates":[[-90.3647,43.4147],[-90.3631,43.4141]]},"properties":{}},{"type":"Feature","geometry":{"type":"LineString","coordinates":[[-90.3687,43.4003],[-90.3683,43.3999]]},"properties":{}},{"type":"Feature","geometry":{"type":"LineString","coordinates":[[-90.3683,43.3999],[-90.3695,43.3997]]},"properties":{}},{"type":"Feature","geometry":{"type":"LineString","coordinates":[[-90.3701,43.3944],[-90.3676,43.3941]]},"properties":{}},{"type":"Feature","geometry":{"type":"LineString","coordinates":[[-90.3767,43.3845],[-90.3771,43.3831]]},"properties":{}},{"type":"Feature","geometry":{"type":"LineString","coordinates":[[-90.3771,43.3831],[-90.3782,43.3817]]},"properties":{}},{"type":"Feature","geometry":{"type":"LineString","coordinates":[[-90.3782,43.3817],[-90.3773,43.3797]]},"properties":{}},{"type":"Feature","geometry":{"type":"LineString","coordinates":[[-90.3848,46.0351],[-90.3861,46.0336]]},"properties":{}},{"type":"Feature","geometry":{"type":"LineString","coordinates":[[-90.3861,46.0336],[-90.3859,46.0327]]},"properties":{}},{"type":"Feature","geometry":{"type":"LineString","coordinates":[[-90.3859,46.0327],[-90.3849,46.0322]]},"properties":{}},{"type":"Feature","geometry":{"type":"LineString","coordinates":[[-90.3868,46.0246],[-90.3879,46.0226]]},"properties":{}},{"type":"Feature","geometry":{"type":"LineString","coordinates":[[-90.3879,46.0226],[-90.3893,46.0224]]},"properties":{}},{"type":"Feature","geometry":{"type":"LineString","coordinates":[[-90.3893,46.0224],[-90.3899,46.0209]]},"properties":{}},{"type":"Feature","geometry":{"type":"LineString","coordinates":[[-90.3899,46.0209],[-90.3894,46.0203]]},"properties":{}},{"type":"Feature","geometry":{"type":"LineString","coordinates":[[-90.3894,46.0203],[-90.3906,46.0197]]},"properties":{}},{"type":"Feature","geometry":{"type":"LineString","coordinates":[[-90.3906,46.0197],[-90.3904,46.019]]},"properties":{}},{"type":"Feature","geometry":{"type":"LineString","coordinates":[[-90.3904,46.019],[-90.3918,46.0185]]},"properties":{}},{"type":"Feature","geometry":{"type":"LineString","coordinates":[[-90.3918,46.0185],[-90.3912,46.0177]]},"properties":{}},{"type":"Feature","geometry":{"type":"LineString","coordinates":[[-90.3912,46.0177],[-90.392,46.0173]]},"properties":{}},{"type":"Feature","geometry":{"type":"LineString","coordinates":[[-90.392,46.0173],[-90.3925,46.0163]]},"properties":{}},{"type":"Feature","geometry":{"type":"LineString","coordinates":[[-90.0361,45.3265],[-90.0334,45.3303]]},"properties":{}},{"type":"Feature","geometry":{"type":"LineString","coordinates":[[-90.0334,45.3303],[-90.0314,45.3313]]},"properties":{}},{"type":"Feature","geometry":{"type":"LineString","coordinates":[[-90.0314,45.3313],[-90.0292,45.3317]]},"properties":{}},{"type":"Feature","geometry":{"type":"LineString","coordinates":[[-90.0167,45.3373],[-90.0161,45.3366]]},"properties":{}},{"type":"Feature","geometry":{"type":"LineString","coordinates":[[-90.0161,45.3366],[-90.0142,45.3361]]},"properties":{}},{"type":"Feature","geometry":{"type":"LineString","coordinates":[[-90.0142,45.3361],[-90.0133,45.3367]]},"properties":{}},{"type":"Feature","geometry":{"type":"LineString","coordinates":[[-90.0133,45.3367],[-90.011,45.3367]]},"properties":{}},{"type":"Feature","geometry":{"type":"LineString","coordinates":[[-90.1292,43.7513],[-90.126,43.7525]]},"properties":{}},{"type":"Feature","geometry":{"type":"LineString","coordinates":[[-89.8341,42.7465],[-89.8349,42.746]]},"properties":{}},{"type":"Feature","geometry":{"type":"LineString","coordinates":[[-89.8349,42.746],[-89.8382,42.7453]]},"properties":{}},{"type":"Feature","geometry":{"type":"LineString","coordinates":[[-89.8382,42.7453],[-89.8494,42.7392]]},"properties":{}},{"type":"Feature","geometry":{"type":"LineString","coordinates":[[-90.0256,42.6737],[-90.0258,42.6731]]},"properties":{}},{"type":"Feature","geometry":{"type":"LineString","coordinates":[[-90.0258,42.6731],[-90.0252,42.673]]},"properties":{}},{"type":"Feature","geometry":{"type":"LineString","coordinates":[[-90.0253,42.6726],[-90.0263,42.6725]]},"properties":{}},{"type":"Feature","geometry":{"type":"LineString","coordinates":[[-90.0263,42.6725],[-90.0261,42.6722]]},"properties":{}},{"type":"Feature","geometry":{"type":"LineString","coordinates":[[-90.0261,42.6722],[-90.0265,42.6721]]},"properties":{}},{"type":"Feature","geometry":{"type":"LineString","coordinates":[[-90.0265,42.6721],[-90.0268,42.6713]]},"properties":{}},{"type":"Feature","geometry":{"type":"LineString","coordinates":[[-90.0268,42.6713],[-90.0272,42.6715]]},"properties":{}},{"type":"Feature","geometry":{"type":"LineString","coordinates":[[-90.0272,42.6715],[-90.0285,42.6709]]},"properties":{}},{"type":"Feature","geometry":{"type":"LineString","coordinates":[[-90.0285,42.6709],[-90.0284,42.6693]]},"properties":{}},{"type":"Feature","geometry":{"type":"LineString","coordinates":[[-90.0284,42.6693],[-90.0293,42.6692]]},"properties":{}},{"type":"Feature","geometry":{"type":"LineString","coordinates":[[-90.0293,42.6692],[-90.0292,42.6686]]},"properties":{}},{"type":"Feature","geometry":{"type":"LineString","coordinates":[[-90.0292,42.6686],[-90.0302,42.6686]]},"properties":{}},{"type":"Feature","geometry":{"type":"LineString","coordinates":[[-90.0302,42.6686],[-90.031,42.6677]]},"properties":{}},{"type":"Feature","geometry":{"type":"LineString","coordinates":[[-90.031,42.6677],[-90.0349,42.6665]]},"properties":{}},{"type":"Feature","geometry":{"type":"LineString","coordinates":[[-89.8925,45.7894],[-89.8874,45.7897]]},"properties":{}},{"type":"Feature","geometry":{"type":"LineString","coordinates":[[-89.8874,45.7897],[-89.8862,45.789]]},"properties":{}},{"type":"Feature","geometry":{"type":"LineString","coordinates":[[-89.8862,45.789],[-89.8864,45.7863]]},"properties":{}},{"type":"Feature","geometry":{"type":"LineString","coordinates":[[-89.8864,45.7863],[-89.8882,45.7847]]},"properties":{}},{"type":"Feature","geometry":{"type":"LineString","coordinates":[[-89.8882,45.7847],[-89.8882,45.7837]]},"properties":{}},{"type":"Feature","geometry":{"type":"LineString","coordinates":[[-89.8882,45.7837],[-89.8901,45.7818]]},"properties":{}},{"type":"Feature","geometry":{"type":"LineString","coordinates":[[-89.8905,45.7804],[-89.8929,45.7793]]},"properties":{}},{"type":"Feature","geometry":{"type":"LineString","coordinates":[[-89.8929,45.7793],[-89.8931,45.7783]]},"properties":{}},{"type":"Feature","geometry":{"type":"LineString","coordinates":[[-89.8931,45.7783],[-89.8919,45.7771]]},"properties":{}},{"type":"Feature","geometry":{"type":"LineString","coordinates":[[-89.8919,45.7771],[-89.8937,45.7761]]},"properties":{}},{"type":"Feature","geometry":{"type":"LineString","coordinates":[[-89.8937,45.7761],[-89.8923,45.7742]]},"properties":{}},{"type":"Feature","geometry":{"type":"LineString","coordinates":[[-89.8923,45.7742],[-89.8928,45.7735]]},"properties":{}},{"type":"Feature","geometry":{"type":"LineString","coordinates":[[-89.8928,45.7735],[-89.8919,45.7714]]},"properties":{}},{"type":"Feature","geometry":{"type":"LineString","coordinates":[[-89.8919,45.7714],[-89.8923,45.7697]]},"properties":{}},{"type":"Feature","geometry":{"type":"LineString","coordinates":[[-89.8923,45.7697],[-89.8895,45.7676]]},"properties":{}},{"type":"Feature","geometry":{"type":"LineString","coordinates":[[-89.9783,45.1201],[-89.9779,45.1188]]},"properties":{}},{"type":"Feature","geometry":{"type":"LineString","coordinates":[[-89.9779,45.1188],[-89.9789,45.1186]]},"properties":{}},{"type":"Feature","geometry":{"type":"LineString","coordinates":[[-89.9789,45.1186],[-89.9779,45.1177]]},"properties":{}},{"type":"Feature","geometry":{"type":"LineString","coordinates":[[-89.9779,45.1177],[-89.9774,45.1154]]},"properties":{}},{"type":"Feature","geometry":{"type":"LineString","coordinates":[[-89.9774,45.1154],[-89.9786,45.1122]]},"properties":{}},{"type":"Feature","geometry":{"type":"LineString","coordinates":[[-89.9786,45.1122],[-89.9784,45.1117]]},"properties":{}},{"type":"Feature","geometry":{"type":"LineString","coordinates":[[-89.9784,45.1117],[-89.9775,45.1115]]},"properties":{}},{"type":"Feature","geometry":{"type":"LineString","coordinates":[[-89.9775,45.1115],[-89.9776,45.1099]]},"properties":{}},{"type":"Feature","geometry":{"type":"LineString","coordinates":[[-89.9776,45.1099],[-89.9791,45.108]]},"properties":{}},{"type":"Feature","geometry":{"type":"LineString","coordinates":[[-89.9794,45.1059],[-89.9781,45.1044]]},"properties":{}},{"type":"Feature","geometry":{"type":"LineString","coordinates":[[-89.9781,45.1044],[-89.9755,45.1031]]},"properties":{}},{"type":"Feature","geometry":{"type":"LineString","coordinates":[[-89.9755,45.1031],[-89.9767,45.0991]]},"properties":{}},{"type":"Feature","geometry":{"type":"LineString","coordinates":[[-89.9767,45.0991],[-89.976,45.0986]]},"properties":{}},{"type":"Feature","geometry":{"type":"LineString","coordinates":[[-89.976,45.0986],[-89.9748,45.0985]]},"properties":{}},{"type":"Feature","geometry":{"type":"LineString","coordinates":[[-89.9748,45.0985],[-89.974,45.0974]]},"properties":{}},{"type":"Feature","geometry":{"type":"LineString","coordinates":[[-89.5133,44.2899],[-89.5145,44.2892]]},"properties":{}},{"type":"Feature","geometry":{"type":"LineString","coordinates":[[-89.5145,44.2892],[-89.5158,44.2899]]},"properties":{}},{"type":"Feature","geometry":{"type":"LineString","coordinates":[[-89.5158,44.2899],[-89.5182,44.2928]]},"properties":{}},{"type":"Feature","geometry":{"type":"LineString","coordinates":[[-89.5607,45.5707],[-89.5611,45.5695]]},"properties":{}},{"type":"Feature","geometry":{"type":"LineString","coordinates":[[-89.5611,45.5695],[-89.5604,45.5682]]},"properties":{}},{"type":"Feature","geometry":{"type":"LineString","coordinates":[[-89.7528,45.9288],[-89.7555,45.9254]]},"properties":{}},{"type":"Feature","geometry":{"type":"LineString","coordinates":[[-89.7555,45.9254],[-89.755,45.9246]]},"properties":{}},{"type":"Feature","geometry":{"type":"LineString","coordinates":[[-89.6508,42.921],[-89.6513,42.9205]]},"properties":{}},{"type":"Feature","geometry":{"type":"LineString","coordinates":[[-89.6513,42.9205],[-89.6502,42.9199]]},"properties":{}},{"type":"Feature","geometry":{"type":"LineString","coordinates":[[-89.6502,42.9199],[-89.646,42.9197]]},"properties":{}},{"type":"Feature","geometry":{"type":"LineString","coordinates":[[-89.6094,42.9067],[-89.6076,42.9052]]},"properties":{}},{"type":"Feature","geometry":{"type":"LineString","coordinates":[[-89.6076,42.9052],[-89.6072,42.9051]]},"properties":{}},{"type":"Feature","geometry":{"type":"LineString","coordinates":[[-89.6072,42.9051],[-89.607,42.9061]]},"properties":{}},{"type":"Feature","geometry":{"type":"LineString","coordinates":[[-89.7182,42.9952],[-89.7158,42.9932]]},"properties":{}},{"type":"Feature","geometry":{"type":"LineString","coordinates":[[-89.7158,42.9932],[-89.7148,42.9911]]},"properties":{}},{"type":"Feature","geometry":{"type":"LineString","coordinates":[[-89.7025,42.9812],[-89.7018,42.9795]]},"properties":{}},{"type":"Feature","geometry":{"type":"LineString","coordinates":[[-89.7018,42.9795],[-89.7003,42.9779]]},"properties":{}},{"type":"Feature","geometry":{"type":"LineString","coordinates":[[-89.7006,42.9774],[-89.7,42.9765]]},"properties":{}},{"type":"Feature","geometry":{"type":"LineString","coordinates":[[-89.7,42.9765],[-89.6994,42.9764]]},"properties":{}},{"type":"Feature","geometry":{"type":"LineString","coordinates":[[-89.7569,43.1144],[-89.7563,43.1148]]},"properties":{}},{"type":"Feature","geometry":{"type":"LineString","coordinates":[[-89.1828,44.5525],[-89.1812,44.5505]]},"properties":{}},{"type":"Feature","geometry":{"type":"LineString","coordinates":[[-89.1863,44.577],[-89.1854,44.5762]]},"properties":{}},{"type":"Feature","geometry":{"type":"LineString","coordinates":[[-89.1854,44.5762],[-89.1846,44.5764]]},"properties":{}},{"type":"Feature","geometry":{"type":"LineString","coordinates":[[-89.1846,44.5764],[-89.1804,44.5748]]},"properties":{}},{"type":"Feature","geometry":{"type":"LineString","coordinates":[[-89.1804,44.5748],[-89.1793,44.5733]]},"properties":{}},{"type":"Feature","geometry":{"type":"LineString","coordinates":[[-89.1793,44.5733],[-89.1768,44.5719]]},"properties":{}},{"type":"Feature","geometry":{"type":"LineString","coordinates":[[-89.1768,44.5719],[-89.1755,44.5699]]},"properties":{}},{"type":"Feature","geometry":{"type":"LineString","coordinates":[[-89.1755,44.5699],[-89.1735,44.5701]]},"properties":{}},{"type":"Feature","geometry":{"type":"LineString","coordinates":[[-89.1719,44.5689],[-89.1645,44.5679]]},"properties":{}},{"type":"Feature","geometry":{"type":"LineString","coordinates":[[-89.1485,44.5068],[-89.1487,44.5079]]},"properties":{}},{"type":"Feature","geometry":{"type":"LineString","coordinates":[[-89.1487,44.5079],[-89.1517,44.5086]]},"properties":{}},{"type":"Feature","geometry":{"type":"LineString","coordinates":[[-89.1517,44.5086],[-89.1519,44.5093]]},"properties":{}},{"type":"Feature","geometry":{"type":"LineString","coordinates":[[-89.1519,44.5093],[-89.1531,44.5098]]},"properties":{}},{"type":"Feature","geometry":{"type":"LineString","coordinates":[[-89.1578,44.5088],[-89.1585,44.5095]]},"properties":{}},{"type":"Feature","geometry":{"type":"LineString","coordinates":[[-89.1585,44.5095],[-89.1614,44.5103]]},"properties":{}},{"type":"Feature","geometry":{"type":"LineString","coordinates":[[-89.1614,44.5103],[-89.1617,44.5111]]},"properties":{}},{"type":"Feature","geometry":{"type":"LineString","coordinates":[[-89.1617,44.5111],[-89.1624,44.5105]]},"properties":{}},{"type":"Feature","geometry":{"type":"LineString","coordinates":[[-89.1624,44.5105],[-89.1636,44.5105]]},"properties":{}},{"type":"Feature","geometry":{"type":"LineString","coordinates":[[-89.1636,44.5105],[-89.1639,44.5098]]},"properties":{}},{"type":"Feature","geometry":{"type":"LineString","coordinates":[[-89.1639,44.5098],[-89.1645,44.5099]]},"properties":{}},{"type":"Feature","geometry":{"type":"LineString","coordinates":[[-89.1645,44.5099],[-89.165,44.5083]]},"properties":{}},{"type":"Feature","geometry":{"type":"LineString","coordinates":[[-89.165,44.5083],[-89.1645,44.5082]]},"properties":{}},{"type":"Feature","geometry":{"type":"LineString","coordinates":[[-89.1647,44.5076],[-89.1658,44.5073]]},"properties":{}},{"type":"Feature","geometry":{"type":"LineString","coordinates":[[-89.1658,44.5073],[-89.1693,44.5076]]},"properties":{}},{"type":"Feature","geometry":{"type":"LineString","coordinates":[[-89.1693,44.5076],[-89.1703,44.5084]]},"properties":{}},{"type":"Feature","geometry":{"type":"LineString","coordinates":[[-89.1703,44.5084],[-89.1708,44.508]]},"properties":{}},{"type":"Feature","geometry":{"type":"LineString","coordinates":[[-89.1729,44.5085],[-89.1769,44.5103]]},"properties":{}},{"type":"Feature","geometry":{"type":"LineString","coordinates":[[-89.1769,44.5103],[-89.1793,44.5103]]},"properties":{}},{"type":"Feature","geometry":{"type":"LineString","coordinates":[[-89.1793,44.5103],[-89.1803,44.5112]]},"properties":{}},{"type":"Feature","geometry":{"type":"LineString","coordinates":[[-89.1842,44.5104],[-89.1861,44.5098]]},"properties":{}},{"type":"Feature","geometry":{"type":"LineString","coordinates":[[-89.1861,44.5098],[-89.1877,44.5117]]},"properties":{}},{"type":"Feature","geometry":{"type":"LineString","coordinates":[[-89.1877,44.5117],[-89.1921,44.5138]]},"properties":{}},{"type":"Feature","geometry":{"type":"LineString","coordinates":[[-89.1921,44.5138],[-89.1942,44.5142]]},"properties":{}},{"type":"Feature","geometry":{"type":"LineString","coordinates":[[-89.1942,44.5142],[-89.1949,44.515]]},"properties":{}},{"type":"Feature","geometry":{"type":"LineString","coordinates":[[-89.1949,44.515],[-89.1948,44.5163]]},"properties":{}},{"type":"Feature","geometry":{"type":"LineString","coordinates":[[-89.1948,44.5163],[-89.1967,44.5175]]},"properties":{}},{"type":"Feature","geometry":{"type":"LineString","coordinates":[[-89.1967,44.5175],[-89.1971,44.5185]]},"properties":{}},{"type":"Feature","geometry":{"type":"LineString","coordinates":[[-89.1971,44.5185],[-89.199,44.5203]]},"properties":{}},{"type":"Feature","geometry":{"type":"LineString","coordinates":[[-89.199,44.5203],[-89.2045,44.5232]]},"properties":{}},{"type":"Feature","geometry":{"type":"LineString","coordinates":[[-89.1783,44.3805],[-89.1759,44.3778]]},"properties":{}},{"type":"Feature","geometry":{"type":"LineString","coordinates":[[-89.1759,44.3778],[-89.1733,44.3769]]},"properties":{}},{"type":"Feature","geometry":{"type":"LineString","coordinates":[[-89.1654,44.3788],[-89.1652,44.3781]]},"properties":{}},{"type":"Feature","geometry":{"type":"LineString","coordinates":[[-89.1638,44.3784],[-89.1644,44.3789]]},"properties":{}},{"type":"Feature","geometry":{"type":"LineString","coordinates":[[-89.1644,44.3789],[-89.1639,44.3791]]},"properties":{}},{"type":"Feature","geometry":{"type":"LineString","coordinates":[[-89.1639,44.3791],[-89.1624,44.3778]]},"properties":{}},{"type":"Feature","geometry":{"type":"LineString","coordinates":[[-89.1845,44.6493],[-89.1857,44.6474]]},"properties":{}},{"type":"Feature","geometry":{"type":"LineString","coordinates":[[-89.1857,44.6474],[-89.1853,44.6467]]},"properties":{}},{"type":"Feature","geometry":{"type":"LineString","coordinates":[[-89.1853,44.6467],[-89.1855,44.6456]]},"properties":{}},{"type":"Feature","geometry":{"type":"LineString","coordinates":[[-88.5702,45.8055],[-88.5734,45.8037]]},"properties":{}},{"type":"Feature","geometry":{"type":"LineString","coordinates":[[-88.4802,45.8336],[-88.4788,45.8341]]},"properties":{}},{"type":"Feature","geometry":{"type":"LineString","coordinates":[[-88.4788,45.8341],[-88.4768,45.834]]},"properties":{}},{"type":"Feature","geometry":{"type":"LineString","coordinates":[[-88.4768,45.834],[-88.476,45.8351]]},"properties":{}},{"type":"Feature","geometry":{"type":"LineString","coordinates":[[-88.476,45.8351],[-88.476,45.8366]]},"properties":{}},{"type":"Feature","geometry":{"type":"LineString","coordinates":[[-88.476,45.8366],[-88.4743,45.8372]]},"properties":{}},{"type":"Feature","geometry":{"type":"LineString","coordinates":[[-88.507,45.8164],[-88.5043,45.8178]]},"properties":{}},{"type":"Feature","geometry":{"type":"LineString","coordinates":[[-88.5043,45.8178],[-88.5028,45.8172]]},"properties":{}},{"type":"Feature","geometry":{"type":"LineString","coordinates":[[-88.5028,45.8172],[-88.501,45.8176]]},"properties":{}},{"type":"Feature","geometry":{"type":"LineString","coordinates":[[-88.501,45.8176],[-88.4973,45.8167]]},"properties":{}},{"type":"Feature","geometry":{"type":"LineString","coordinates":[[-88.4973,45.8167],[-88.4957,45.817]]},"properties":{}},{"type":"Feature","geometry":{"type":"LineString","coordinates":[[-88.4957,45.817],[-88.4948,45.8199]]},"properties":{}},{"type":"Feature","geometry":{"type":"LineString","coordinates":[[-88.4948,45.8199],[-88.4897,45.8217]]},"properties":{}},{"type":"Feature","geometry":{"type":"LineString","coordinates":[[-88.4897,45.8217],[-88.4887,45.8231]]},"properties":{}},{"type":"Feature","geometry":{"type":"LineString","coordinates":[[-88.4887,45.8231],[-88.4858,45.8243]]},"properties":{}},{"type":"Feature","geometry":{"type":"LineString","coordinates":[[-88.4858,45.8243],[-88.4849,45.8253]]},"properties":{}},{"type":"Feature","geometry":{"type":"LineString","coordinates":[[-88.4849,45.8253],[-88.484,45.8276]]},"properties":{}},{"type":"Feature","geometry":{"type":"LineString","coordinates":[[-88.484,45.8276],[-88.4812,45.8291]]},"properties":{}},{"type":"Feature","geometry":{"type":"LineString","coordinates":[[-88.4812,45.8291],[-88.4802,45.8336]]},"properties":{}},{"type":"Feature","geometry":{"type":"LineString","coordinates":[[-88.7614,45.3242],[-88.7641,45.3253]]},"properties":{}},{"type":"Feature","geometry":{"type":"LineString","coordinates":[[-88.7641,45.3253],[-88.7662,45.3236]]},"properties":{}},{"type":"Feature","geometry":{"type":"LineString","coordinates":[[-88.7662,45.3236],[-88.7669,45.323]]},"properties":{}},{"type":"Feature","geometry":{"type":"LineString","coordinates":[[-88.7669,45.323],[-88.7664,45.3219]]},"properties":{}},{"type":"Feature","geometry":{"type":"LineString","coordinates":[[-88.7664,45.3219],[-88.7669,45.3213]]},"properties":{}},{"type":"Feature","geometry":{"type":"LineString","coordinates":[[-88.7669,45.3213],[-88.7675,45.3179]]},"properties":{}},{"type":"Feature","geometry":{"type":"LineString","coordinates":[[-88.7675,45.3179],[-88.7713,45.3176]]},"properties":{}},{"type":"Feature","geometry":{"type":"LineString","coordinates":[[-88.7713,45.3176],[-88.772,45.3171]]},"properties":{}},{"type":"Feature","geometry":{"type":"LineString","coordinates":[[-88.772,45.3171],[-88.7732,45.316]]},"properties":{}},{"type":"Feature","geometry":{"type":"LineString","coordinates":[[-88.7732,45.316],[-88.773,45.3155]]},"properties":{}},{"type":"Feature","geometry":{"type":"LineString","coordinates":[[-88.773,45.3155],[-88.7746,45.3146]]},"properties":{}},{"type":"Feature","geometry":{"type":"LineString","coordinates":[[-88.7746,45.3146],[-88.7744,45.3138]]},"properties":{}},{"type":"Feature","geometry":{"type":"LineString","coordinates":[[-88.7744,45.3138],[-88.7752,45.3136]]},"properties":{}},{"type":"Feature","geometry":{"type":"LineString","coordinates":[[-88.7752,45.3136],[-88.7747,45.3128]]},"properties":{}},{"type":"Feature","geometry":{"type":"LineString","coordinates":[[-88.7747,45.3128],[-88.7752,45.3125]]},"properties":{}},{"type":"Feature","geometry":{"type":"LineString","coordinates":[[-88.7752,45.3125],[-88.7756,45.3106]]},"properties":{}},{"type":"Feature","geometry":{"type":"LineString","coordinates":[[-88.7756,45.3106],[-88.7747,45.3096]]},"properties":{}},{"type":"Feature","geometry":{"type":"LineString","coordinates":[[-88.7747,45.3096],[-88.7734,45.3096]]},"properties":{}},{"type":"Feature","geometry":{"type":"LineString","coordinates":[[-88.7734,45.3096],[-88.7731,45.3103]]},"properties":{}},{"type":"Feature","geometry":{"type":"LineString","coordinates":[[-88.7731,45.3103],[-88.7722,45.3102]]},"properties":{}},{"type":"Feature","geometry":{"type":"LineString","coordinates":[[-88.7722,45.3102],[-88.7705,45.3113]]},"properties":{}},{"type":"Feature","geometry":{"type":"LineString","coordinates":[[-88.7705,45.3113],[-88.7698,45.3102]]},"properties":{}},{"type":"Feature","geometry":{"type":"LineString","coordinates":[[-88.7698,45.3102],[-88.7674,45.3095]]},"properties":{}},{"type":"Feature","geometry":{"type":"LineString","coordinates":[[-88.7674,45.3095],[-88.7673,45.3089]]},"properties":{}},{"type":"Feature","geometry":{"type":"LineString","coordinates":[[-88.7673,45.3089],[-88.768,45.3081]]},"properties":{}},{"type":"Feature","geometry":{"type":"LineString","coordinates":[[-88.768,45.3081],[-88.7676,45.3071]]},"properties":{}},{"type":"Feature","geometry":{"type":"LineString","coordinates":[[-88.7676,45.3071],[-88.7663,45.3066]]},"properties":{}},{"type":"Feature","geometry":{"type":"LineString","coordinates":[[-88.7663,45.3066],[-88.7663,45.3058]]},"properties":{}},{"type":"Feature","geometry":{"type":"LineString","coordinates":[[-88.7663,45.3058],[-88.7657,45.3054]]},"properties":{}},{"type":"Feature","geometry":{"type":"LineString","coordinates":[[-88.7657,45.3054],[-88.767,45.3037]]},"properties":{}},{"type":"Feature","geometry":{"type":"LineString","coordinates":[[-88.767,45.3037],[-88.766,45.3028]]},"properties":{}},{"type":"Feature","geometry":{"type":"LineString","coordinates":[[-88.766,45.3028],[-88.7661,45.3024]]},"properties":{}},{"type":"Feature","geometry":{"type":"LineString","coordinates":[[-88.7661,45.3024],[-88.7657,45.3018]]},"properties":{}},{"type":"Feature","geometry":{"type":"LineString","coordinates":[[-88.7657,45.3018],[-88.7661,45.3016]]},"properties":{}},{"type":"Feature","geometry":{"type":"LineString","coordinates":[[-88.7661,45.3024],[-88.7662,45.3017]]},"properties":{}},{"type":"Feature","geometry":{"type":"LineString","coordinates":[[-88.7662,45.3017],[-88.7661,45.3016]]},"properties":{}},{"type":"Feature","geometry":{"type":"LineString","coordinates":[[-88.7662,45.3017],[-88.7665,45.3011]]},"properties":{}},{"type":"Feature","geometry":{"type":"LineString","coordinates":[[-88.7661,45.3016],[-88.7665,45.3011]]},"properties":{}},{"type":"Feature","geometry":{"type":"LineString","coordinates":[[-88.7665,45.3011],[-88.7677,45.3002]]},"properties":{}},{"type":"Feature","geometry":{"type":"LineString","coordinates":[[-88.7677,45.3002],[-88.7685,45.3003]]},"properties":{}},{"type":"Feature","geometry":{"type":"LineString","coordinates":[[-88.7685,45.3003],[-88.769,45.2996]]},"properties":{}},{"type":"Feature","geometry":{"type":"LineString","coordinates":[[-88.769,45.2996],[-88.7694,45.2998]]},"properties":{}},{"type":"Feature","geometry":{"type":"LineString","coordinates":[[-88.7694,45.2998],[-88.7706,45.2988]]},"properties":{}},{"type":"Feature","geometry":{"type":"LineString","coordinates":[[-88.7706,45.2988],[-88.7701,45.2966]]},"properties":{}},{"type":"Feature","geometry":{"type":"LineString","coordinates":[[-88.7701,45.2966],[-88.7711,45.2956]]},"properties":{}},{"type":"Feature","geometry":{"type":"LineString","coordinates":[[-88.7711,45.2956],[-88.7703,45.2952]]},"properties":{}},{"type":"Feature","geometry":{"type":"LineString","coordinates":[[-88.7703,45.2952],[-88.77,45.2944]]},"properties":{}},{"type":"Feature","geometry":{"type":"LineString","coordinates":[[-88.77,45.2944],[-88.7707,45.2944]]},"properties":{}},{"type":"Feature","geometry":{"type":"LineString","coordinates":[[-88.7707,45.2944],[-88.771,45.2936]]},"properties":{}},{"type":"Feature","geometry":{"type":"LineString","coordinates":[[-88.771,45.2936],[-88.77,45.2917]]},"properties":{}},{"type":"Feature","geometry":{"type":"LineString","coordinates":[[-88.3941,45.567],[-88.3944,45.5661]]},"properties":{}},{"type":"Feature","geometry":{"type":"LineString","coordinates":[[-88.3944,45.5661],[-88.3938,45.5656]]},"properties":{}},{"type":"Feature","geometry":{"type":"LineString","coordinates":[[-88.3938,45.5656],[-88.3943,45.5648]]},"properties":{}},{"type":"Feature","geometry":{"type":"LineString","coordinates":[[-88.3943,45.5648],[-88.3939,45.5639]]},"properties":{}},{"type":"Feature","geometry":{"type":"LineString","coordinates":[[-88.3939,45.5639],[-88.3929,45.5633]]},"properties":{}},{"type":"Feature","geometry":{"type":"LineString","coordinates":[[-88.3929,45.5633],[-88.3867,45.5625]]},"properties":{}},{"type":"Feature","geometry":{"type":"LineString","coordinates":[[-88.1397,45.8485],[-88.1413,45.8478]]},"properties":{}},{"type":"Feature","geometry":{"type":"LineString","coordinates":[[-88.1413,45.8478],[-88.144,45.8445]]},"properties":{}},{"type":"Feature","geometry":{"type":"LineString","coordinates":[[-88.4211,45.9425],[-88.4184,45.9412]]},"properties":{}},{"type":"Feature","geometry":{"type":"LineString","coordinates":[[-88.4184,45.9412],[-88.413,45.9432]]},"properties":{}},{"type":"Feature","geometry":{"type":"LineString","coordinates":[[-88.413,45.9432],[-88.4101,45.9433]]},"properties":{}},{"type":"Feature","geometry":{"type":"LineString","coordinates":[[-88.4101,45.9433],[-88.4087,45.9442]]},"properties":{}},{"type":"Feature","geometry":{"type":"LineString","coordinates":[[-88.4087,45.9442],[-88.4087,45.9453]]},"properties":{}},{"type":"Feature","geometry":{"type":"LineString","coordinates":[[-88.3459,45.5467],[-88.3429,45.5491]]},"properties":{}},{"type":"Feature","geometry":{"type":"LineString","coordinates":[[-88.3429,45.5491],[-88.3406,45.5499]]},"properties":{}},{"type":"Feature","geometry":{"type":"LineString","coordinates":[[-88.3406,45.5499],[-88.3407,45.5511]]},"properties":{}},{"type":"Feature","geometry":{"type":"LineString","coordinates":[[-88.3407,45.5511],[-88.3377,45.5515]]},"properties":{}},{"type":"Feature","geometry":{"type":"LineString","coordinates":[[-88.3377,45.5515],[-88.3365,45.5535]]},"properties":{}},{"type":"Feature","geometry":{"type":"LineString","coordinates":[[-88.3351,45.5543],[-88.3352,45.5558]]},"properties":{}},{"type":"Feature","geometry":{"type":"LineString","coordinates":[[-88.3352,45.5558],[-88.3342,45.5563]]},"properties":{}},{"type":"Feature","geometry":{"type":"LineString","coordinates":[[-88.3338,45.5581],[-88.3325,45.5595]]},"properties":{}},{"type":"Feature","geometry":{"type":"LineString","coordinates":[[-88.3325,45.5595],[-88.3324,45.5613]]},"properties":{}},{"type":"Feature","geometry":{"type":"LineString","coordinates":[[-88.3324,45.5613],[-88.3312,45.5628]]},"properties":{}},{"type":"Feature","geometry":{"type":"LineString","coordinates":[[-88.3312,45.5628],[-88.3289,45.5644]]},"properties":{}},{"type":"Feature","geometry":{"type":"LineString","coordinates":[[-88.3514,45.6945],[-88.3518,45.694]]},"properties":{}},{"type":"Feature","geometry":{"type":"LineString","coordinates":[[-88.3518,45.694],[-88.3541,45.6933]]},"properties":{}},{"type":"Feature","geometry":{"type":"LineString","coordinates":[[-88.3541,45.6933],[-88.3548,45.6922]]},"properties":{}},{"type":"Feature","geometry":{"type":"LineString","coordinates":[[-88.3548,45.6922],[-88.3545,45.6916]]},"properties":{}},{"type":"Feature","geometry":{"type":"LineString","coordinates":[[-88.3545,45.6916],[-88.355,45.6904]]},"properties":{}},{"type":"Feature","geometry":{"type":"LineString","coordinates":[[-88.355,45.6904],[-88.3546,45.6896]]},"properties":{}},{"type":"Feature","geometry":{"type":"LineString","coordinates":[[-88.3546,45.6896],[-88.3549,45.6888]]},"properties":{}},{"type":"Feature","geometry":{"type":"LineString","coordinates":[[-88.3549,45.6888],[-88.3567,45.6874]]},"properties":{}},{"type":"Feature","geometry":{"type":"LineString","coordinates":[[-88.3567,45.6874],[-88.3577,45.685]]},"properties":{}},{"type":"Feature","geometry":{"type":"LineString","coordinates":[[-88.3577,45.685],[-88.3593,45.6836]]},"properties":{}},{"type":"Feature","geometry":{"type":"LineString","coordinates":[[-88.3593,45.6836],[-88.3594,45.6819]]},"properties":{}},{"type":"Feature","geometry":{"type":"LineString","coordinates":[[-88.3532,45.6752],[-88.3525,45.6736]]},"properties":{}},{"type":"Feature","geometry":{"type":"LineString","coordinates":[[-88.3525,45.6736],[-88.3485,45.6721]]},"properties":{}},{"type":"Feature","geometry":{"type":"LineString","coordinates":[[-88.3485,45.6721],[-88.3457,45.669]]},"properties":{}},{"type":"Feature","geometry":{"type":"LineString","coordinates":[[-92.0862,45.1402],[-92.0894,45.1402]]},"properties":{}},{"type":"Feature","geometry":{"type":"LineString","coordinates":[[-92.0894,45.1402],[-92.0908,45.1407]]},"properties":{}},{"type":"Feature","geometry":{"type":"LineString","coordinates":[[-92.0908,45.1407],[-92.0935,45.1389]]},"properties":{}},{"type":"Feature","geometry":{"type":"LineString","coordinates":[[-92.1159,45.1893],[-92.1141,45.1895]]},"properties":{}},{"type":"Feature","geometry":{"type":"LineString","coordinates":[[-91.6525,44.8094],[-91.6537,44.8088]]},"properties":{}},{"type":"Feature","geometry":{"type":"LineString","coordinates":[[-91.5558,44.971],[-91.5561,44.9695]]},"properties":{}},{"type":"Feature","geometry":{"type":"LineString","coordinates":[[-91.5561,44.9695],[-91.5579,44.9677]]},"properties":{}},{"type":"Feature","geometry":{"type":"LineString","coordinates":[[-91.5579,44.9677],[-91.5577,44.9672]]},"properties":{}},{"type":"Feature","geometry":{"type":"LineString","coordinates":[[-91.5577,44.9672],[-91.5589,44.9659]]},"properties":{}},{"type":"Feature","geometry":{"type":"LineString","coordinates":[[-91.5589,44.9659],[-91.5588,44.9648]]},"properties":{}},{"type":"Feature","geometry":{"type":"LineString","coordinates":[[-91.5588,44.9648],[-91.5578,44.9637]]},"properties":{}},{"type":"Feature","geometry":{"type":"LineString","coordinates":[[-91.5578,44.9637],[-91.5583,44.9622]]},"properties":{}},{"type":"Feature","geometry":{"type":"LineString","coordinates":[[-91.5583,44.9622],[-91.5545,44.9614]]},"properties":{}},{"type":"Feature","geometry":{"type":"LineString","coordinates":[[-91.5545,44.9614],[-91.5541,44.9605]]},"properties":{}},{"type":"Feature","geometry":{"type":"LineString","coordinates":[[-91.5541,44.9605],[-91.5553,44.9596]]},"properties":{}},{"type":"Feature","geometry":{"type":"LineString","coordinates":[[-91.5553,44.9596],[-91.556,44.9597]]},"properties":{}},{"type":"Feature","geometry":{"type":"LineString","coordinates":[[-91.556,44.9597],[-91.5577,44.9589]]},"properties":{}},{"type":"Feature","geometry":{"type":"LineString","coordinates":[[-91.5577,44.9589],[-91.5583,44.9581]]},"properties":{}},{"type":"Feature","geometry":{"type":"LineString","coordinates":[[-91.5583,44.9581],[-91.5577,44.9576]]},"properties":{}},{"type":"Feature","geometry":{"type":"LineString","coordinates":[[-91.5577,44.9576],[-91.559,44.9564]]},"properties":{}},{"type":"Feature","geometry":{"type":"LineString","coordinates":[[-91.559,44.9564],[-91.5599,44.9565]]},"properties":{}},{"type":"Feature","geometry":{"type":"LineString","coordinates":[[-91.5599,44.9565],[-91.5591,44.9556]]},"properties":{}},{"type":"Feature","geometry":{"type":"LineString","coordinates":[[-91.5591,44.9556],[-91.5579,44.9553]]},"properties":{}},{"type":"Feature","geometry":{"type":"LineString","coordinates":[[-91.5579,44.9553],[-91.5572,44.9535]]},"properties":{}},{"type":"Feature","geometry":{"type":"LineString","coordinates":[[-91.5572,44.9535],[-91.5578,44.9528]]},"properties":{}},{"type":"Feature","geometry":{"type":"LineString","coordinates":[[-91.5591,44.9509],[-91.561,44.949]]},"properties":{}},{"type":"Feature","geometry":{"type":"LineString","coordinates":[[-91.4676,45.0509],[-91.4686,45.0503]]},"properties":{}},{"type":"Feature","geometry":{"type":"LineString","coordinates":[[-91.4686,45.0503],[-91.4687,45.0489]]},"properties":{}},{"type":"Feature","geometry":{"type":"LineString","coordinates":[[-91.4687,45.0489],[-91.4694,45.0484]]},"properties":{}},{"type":"Feature","geometry":{"type":"LineString","coordinates":[[-91.4694,45.0484],[-91.4699,45.0488]]},"properties":{}},{"type":"Feature","geometry":{"type":"LineString","coordinates":[[-91.4699,45.0488],[-91.4708,45.0485]]},"properties":{}},{"type":"Feature","geometry":{"type":"LineString","coordinates":[[-91.4708,45.0485],[-91.4703,45.0475]]},"properties":{}},{"type":"Feature","geometry":{"type":"LineString","coordinates":[[-91.4703,45.0475],[-91.4719,45.0475]]},"properties":{}},{"type":"Feature","geometry":{"type":"LineString","coordinates":[[-91.4728,45.0466],[-91.4724,45.0462]]},"properties":{}},{"type":"Feature","geometry":{"type":"LineString","coordinates":[[-91.4284,44.6326],[-91.4275,44.6335]]},"properties":{}},{"type":"Feature","geometry":{"type":"LineString","coordinates":[[-91.4275,44.6335],[-91.4275,44.6381]]},"properties":{}},{"type":"Feature","geometry":{"type":"LineString","coordinates":[[-91.4256,44.6395],[-91.4252,44.6415]]},"properties":{}},{"type":"Feature","geometry":{"type":"LineString","coordinates":[[-91.4252,44.6415],[-91.4237,44.6434]]},"properties":{}},{"type":"Feature","geometry":{"type":"LineString","coordinates":[[-91.4237,44.6434],[-91.424,44.6457]]},"properties":{}},{"type":"Feature","geometry":{"type":"LineString","coordinates":[[-91.424,44.6457],[-91.4235,44.647]]},"properties":{}},{"type":"Feature","geometry":{"type":"LineString","coordinates":[[-91.4235,44.647],[-91.4224,44.6477]]},"properties":{}},{"type":"Feature","geometry":{"type":"LineString","coordinates":[[-91.4224,44.6477],[-91.4223,44.6512]]},"properties":{}},{"type":"Feature","geometry":{"type":"LineString","coordinates":[[-91.4223,44.6512],[-91.4218,44.6526]]},"properties":{}},{"type":"Feature","geometry":{"type":"LineString","coordinates":[[-91.4218,44.6526],[-91.4206,44.6532]]},"properties":{}},{"type":"Feature","geometry":{"type":"LineString","coordinates":[[-91.4206,44.6532],[-91.4202,44.6546]]},"properties":{}},{"type":"Feature","geometry":{"type":"LineString","coordinates":[[-91.0801,43.3491],[-91.0769,43.3495]]},"properties":{}},{"type":"Feature","geometry":{"type":"LineString","coordinates":[[-91.0769,43.3495],[-91.076,43.3506]]},"properties":{}},{"type":"Feature","geometry":{"type":"LineString","coordinates":[[-91.0762,43.3526],[-91.0757,43.354]]},"properties":{}},{"type":"Feature","geometry":{"type":"LineString","coordinates":[[-91.0757,43.354],[-91.0731,43.3546]]},"properties":{}},{"type":"Feature","geometry":{"type":"LineString","coordinates":[[-91.0731,43.3546],[-91.0702,43.3541]]},"properties":{}},{"type":"Feature","geometry":{"type":"LineString","coordinates":[[-91.0702,43.3541],[-91.0696,43.3544]]},"properties":{}},{"type":"Feature","geometry":{"type":"LineString","coordinates":[[-91.0696,43.3544],[-91.0695,43.3557]]},"properties":{}},{"type":"Feature","geometry":{"type":"LineString","coordinates":[[-91.0695,43.3557],[-91.0686,43.3563]]},"properties":{}},{"type":"Feature","geometry":{"type":"LineString","coordinates":[[-91.0686,43.3563],[-91.07,43.357]]},"properties":{}},{"type":"Feature","geometry":{"type":"LineString","coordinates":[[-91.0689,43.3597],[-91.0692,43.3604]]},"properties":{}},{"type":"Feature","geometry":{"type":"LineString","coordinates":[[-91.0692,43.3604],[-91.0667,43.3608]]},"properties":{}},{"type":"Feature","geometry":{"type":"LineString","coordinates":[[-91.0667,43.3603],[-91.0657,43.3594]]},"properties":{}},{"type":"Feature","geometry":{"type":"LineString","coordinates":[[-91.0657,43.3594],[-91.065,43.3606]]},"properties":{}},{"type":"Feature","geometry":{"type":"LineString","coordinates":[[-91.065,43.3606],[-91.0644,43.3609]]},"properties":{}},{"type":"Feature","geometry":{"type":"LineString","coordinates":[[-91.0644,43.3609],[-91.0647,43.3623]]},"properties":{}},{"type":"Feature","geometry":{"type":"LineString","coordinates":[[-91.0647,43.3623],[-91.0637,43.3632]]},"properties":{}},{"type":"Feature","geometry":{"type":"LineString","coordinates":[[-91.0637,43.3632],[-91.0618,43.3637]]},"properties":{}},{"type":"Feature","geometry":{"type":"LineString","coordinates":[[-91.0579,43.3649],[-91.0577,43.3658]]},"properties":{}},{"type":"Feature","geometry":{"type":"LineString","coordinates":[[-91.0577,43.3658],[-91.057,43.3664]]},"properties":{}},{"type":"Feature","geometry":{"type":"LineString","coordinates":[[-91.057,43.3664],[-91.0546,43.367]]},"properties":{}},{"type":"Feature","geometry":{"type":"LineString","coordinates":[[-91.0546,43.367],[-91.0531,43.3681]]},"properties":{}},{"type":"Feature","geometry":{"type":"LineString","coordinates":[[-91.0516,43.3685],[-91.0502,43.3684]]},"properties":{}},{"type":"Feature","geometry":{"type":"LineString","coordinates":[[-91.0502,43.3684],[-91.0508,43.3695]]},"properties":{}},{"type":"Feature","geometry":{"type":"LineString","coordinates":[[-91.0508,43.3695],[-91.0506,43.3704]]},"properties":{}},{"type":"Feature","geometry":{"type":"LineString","coordinates":[[-91.0506,43.3704],[-91.0492,43.3708]]},"properties":{}},{"type":"Feature","geometry":{"type":"LineString","coordinates":[[-91.0492,43.3708],[-91.0435,43.3703]]},"properties":{}},{"type":"Feature","geometry":{"type":"LineString","coordinates":[[-91.0413,43.3713],[-91.0401,43.3724]]},"properties":{}},{"type":"Feature","geometry":{"type":"LineString","coordinates":[[-91.0401,43.3724],[-91.0391,43.3721]]},"properties":{}},{"type":"Feature","geometry":{"type":"LineString","coordinates":[[-91.0316,43.3775],[-91.0281,43.377]]},"properties":{}},{"type":"Feature","geometry":{"type":"LineString","coordinates":[[-91.0281,43.377],[-91.0265,43.3776]]},"properties":{}},{"type":"Feature","geometry":{"type":"LineString","coordinates":[[-91.0265,43.3776],[-91.0253,43.377]]},"properties":{}},{"type":"Feature","geometry":{"type":"LineString","coordinates":[[-91.0253,43.377],[-91.0246,43.378]]},"properties":{}},{"type":"Feature","geometry":{"type":"LineString","coordinates":[[-91.0246,43.378],[-91.0252,43.3786]]},"properties":{}},{"type":"Feature","geometry":{"type":"LineString","coordinates":[[-91.0252,43.3786],[-91.0237,43.379]]},"properties":{}},{"type":"Feature","geometry":{"type":"LineString","coordinates":[[-91.0237,43.379],[-91.0218,43.379]]},"properties":{}},{"type":"Feature","geometry":{"type":"LineString","coordinates":[[-91.0218,43.379],[-91.0209,43.3785]]},"properties":{}},{"type":"Feature","geometry":{"type":"LineString","coordinates":[[-91.0209,43.3785],[-91.0216,43.3779]]},"properties":{}},{"type":"Feature","geometry":{"type":"LineString","coordinates":[[-91.0216,43.3779],[-91.0207,43.3778]]},"properties":{}},{"type":"Feature","geometry":{"type":"LineString","coordinates":[[-91.0207,43.3778],[-91.017,43.3784]]},"properties":{}},{"type":"Feature","geometry":{"type":"LineString","coordinates":[[-91.0017,43.378],[-91.0008,43.3774]]},"properties":{}},{"type":"Feature","geometry":{"type":"LineString","coordinates":[[-91.0008,43.3774],[-90.9987,43.3789]]},"properties":{}},{"type":"Feature","geometry":{"type":"LineString","coordinates":[[-90.9987,43.3789],[-90.9956,43.3793]]},"properties":{}},{"type":"Feature","geometry":{"type":"LineString","coordinates":[[-90.9956,43.3793],[-90.9945,43.3803]]},"properties":{}},{"type":"Feature","geometry":{"type":"LineString","coordinates":[[-90.9945,43.3803],[-90.9918,43.3806]]},"properties":{}},{"type":"Feature","geometry":{"type":"LineString","coordinates":[[-90.9918,43.3806],[-90.9901,43.3813]]},"properties":{}},{"type":"Feature","geometry":{"type":"LineString","coordinates":[[-90.9901,43.3813],[-90.9883,43.3833]]},"properties":{}},{"type":"Feature","geometry":{"type":"LineString","coordinates":[[-90.9883,43.3833],[-90.9874,43.3883]]},"properties":{}},{"type":"Feature","geometry":{"type":"LineString","coordinates":[[-90.9874,43.3883],[-90.9861,43.3897]]},"properties":{}},{"type":"Feature","geometry":{"type":"LineString","coordinates":[[-90.9861,43.3897],[-90.983,43.3914]]},"properties":{}},{"type":"Feature","geometry":{"type":"LineString","coordinates":[[-90.983,43.3914],[-90.982,43.3928]]},"properties":{}},{"type":"Feature","geometry":{"type":"LineString","coordinates":[[-91.0783,43.6549],[-91.0791,43.6558]]},"properties":{}},{"type":"Feature","geometry":{"type":"LineString","coordinates":[[-91.0791,43.6558],[-91.0783,43.656]]},"properties":{}},{"type":"Feature","geometry":{"type":"LineString","coordinates":[[-91.0783,43.656],[-91.0786,43.659]]},"properties":{}},{"type":"Feature","geometry":{"type":"LineString","coordinates":[[-91.0786,43.659],[-91.0776,43.6593]]},"properties":{}},{"type":"Feature","geometry":{"type":"LineString","coordinates":[[-91.0776,43.6593],[-91.0779,43.6599]]},"properties":{}},{"type":"Feature","geometry":{"type":"LineString","coordinates":[[-91.0779,43.6599],[-91.0775,43.6613]]},"properties":{}},{"type":"Feature","geometry":{"type":"LineString","coordinates":[[-91.0441,44.5828],[-91.0453,44.5824]]},"properties":{}},{"type":"Feature","geometry":{"type":"LineString","coordinates":[[-91.0453,44.5824],[-91.0491,44.5823]]},"properties":{}},{"type":"Feature","geometry":{"type":"LineString","coordinates":[[-91.0491,44.5823],[-91.0506,44.583]]},"properties":{}},{"type":"Feature","geometry":{"type":"LineString","coordinates":[[-91.0537,44.5833],[-91.0561,44.5829]]},"properties":{}},{"type":"Feature","geometry":{"type":"LineString","coordinates":[[-91.0561,44.5829],[-91.057,44.5822]]},"properties":{}},{"type":"Feature","geometry":{"type":"LineString","coordinates":[[-91.057,44.5822],[-91.0599,44.5819]]},"properties":{}},{"type":"Feature","geometry":{"type":"LineString","coordinates":[[-91.0599,44.5819],[-91.0658,44.5826]]},"properties":{}},{"type":"Feature","geometry":{"type":"LineString","coordinates":[[-91.0702,44.5817],[-91.0728,44.5826]]},"properties":{}},{"type":"Feature","geometry":{"type":"LineString","coordinates":[[-91.0728,44.5826],[-91.0747,44.5825]]},"properties":{}},{"type":"Feature","geometry":{"type":"LineString","coordinates":[[-91.0747,44.5825],[-91.0756,44.5833]]},"properties":{}},{"type":"Feature","geometry":{"type":"LineString","coordinates":[[-91.0756,44.5833],[-91.0791,44.5842]]},"properties":{}},{"type":"Feature","geometry":{"type":"LineString","coordinates":[[-91.0791,44.5842],[-91.0793,44.5839]]},"properties":{}},{"type":"Feature","geometry":{"type":"LineString","coordinates":[[-91.0793,44.5839],[-91.081,44.5842]]},"properties":{}},{"type":"Feature","geometry":{"type":"LineString","coordinates":[[-91.081,44.5842],[-91.0827,44.5838]]},"properties":{}},{"type":"Feature","geometry":{"type":"LineString","coordinates":[[-91.0827,44.5838],[-91.0855,44.5844]]},"properties":{}},{"type":"Feature","geometry":{"type":"LineString","coordinates":[[-91.0855,44.5844],[-91.0862,44.5841]]},"properties":{}},{"type":"Feature","geometry":{"type":"LineString","coordinates":[[-91.0862,44.5841],[-91.0875,44.5846]]},"properties":{}},{"type":"Feature","geometry":{"type":"LineString","coordinates":[[-91.0875,44.5846],[-91.0886,44.5843]]},"properties":{}},{"type":"Feature","geometry":{"type":"LineString","coordinates":[[-91.0886,44.5843],[-91.0904,44.585]]},"properties":{}},{"type":"Feature","geometry":{"type":"LineString","coordinates":[[-91.1057,44.586],[-91.1077,44.5855]]},"properties":{}},{"type":"Feature","geometry":{"type":"LineString","coordinates":[[-91.1077,44.5855],[-91.1093,44.5861]]},"properties":{}},{"type":"Feature","geometry":{"type":"LineString","coordinates":[[-90.9605,43.211],[-90.9595,43.2077]]},"properties":{}},{"type":"Feature","geometry":{"type":"LineString","coordinates":[[-90.9595,43.2077],[-90.9575,43.207]]},"properties":{}},{"type":"Feature","geometry":{"type":"LineString","coordinates":[[-90.9575,43.207],[-90.9578,43.2062]]},"properties":{}},{"type":"Feature","geometry":{"type":"LineString","coordinates":[[-90.9413,43.2022],[-90.9417,43.2012]]},"properties":{}},{"type":"Feature","geometry":{"type":"LineString","coordinates":[[-90.9417,43.2012],[-90.9405,43.2009]]},"properties":{}},{"type":"Feature","geometry":{"type":"LineString","coordinates":[[-90.9405,43.2009],[-90.94,43.2001]]},"properties":{}},{"type":"Feature","geometry":{"type":"LineString","coordinates":[[-90.94,43.2001],[-90.9385,43.2002]]},"properties":{}},{"type":"Feature","geometry":{"type":"LineString","coordinates":[[-90.9385,43.2002],[-90.9376,43.1989]]},"properties":{}},{"type":"Feature","geometry":{"type":"LineString","coordinates":[[-90.9376,43.1989],[-90.9342,43.1981]]},"properties":{}},{"type":"Feature","geometry":{"type":"LineString","coordinates":[[-90.9342,43.1981],[-90.9313,43.1961]]},"properties":{}},{"type":"Feature","geometry":{"type":"LineString","coordinates":[[-90.9313,43.1961],[-90.9298,43.1962]]},"properties":{}},{"type":"Feature","geometry":{"type":"LineString","coordinates":[[-90.9298,43.1962],[-90.9306,43.1955]]},"properties":{}},{"type":"Feature","geometry":{"type":"LineString","coordinates":[[-90.9306,43.1955],[-90.9296,43.1951]]},"properties":{}},{"type":"Feature","geometry":{"type":"LineString","coordinates":[[-90.9296,43.1951],[-90.9302,43.1947]]},"properties":{}},{"type":"Feature","geometry":{"type":"LineString","coordinates":[[-90.9264,43.1834],[-90.9248,43.1821]]},"properties":{}},{"type":"Feature","geometry":{"type":"LineString","coordinates":[[-90.9248,43.1821],[-90.9241,43.1806]]},"properties":{}},{"type":"Feature","geometry":{"type":"LineString","coordinates":[[-90.9241,43.1806],[-90.922,43.1804]]},"properties":{}},{"type":"Feature","geometry":{"type":"LineString","coordinates":[[-90.922,43.1804],[-90.9222,43.1799]]},"properties":{}},{"type":"Feature","geometry":{"type":"LineString","coordinates":[[-90.9222,43.1799],[-90.9218,43.1798]]},"properties":{}},{"type":"Feature","geometry":{"type":"LineString","coordinates":[[-90.9218,43.1798],[-90.9198,43.18]]},"properties":{}},{"type":"Feature","geometry":{"type":"LineString","coordinates":[[-90.9198,43.18],[-90.918,43.1796]]},"properties":{}},{"type":"Feature","geometry":{"type":"LineString","coordinates":[[-90.918,43.1796],[-90.9167,43.1802]]},"properties":{}},{"type":"Feature","geometry":{"type":"LineString","coordinates":[[-90.9167,43.1802],[-90.9116,43.1797]]},"properties":{}},{"type":"Feature","geometry":{"type":"LineString","coordinates":[[-90.9116,43.1797],[-90.9104,43.1777]]},"properties":{}},{"type":"Feature","geometry":{"type":"LineString","coordinates":[[-90.9104,43.1777],[-90.9074,43.1769]]},"properties":{}},{"type":"Feature","geometry":{"type":"LineString","coordinates":[[-90.9074,43.1769],[-90.9069,43.1772]]},"properties":{}},{"type":"Feature","geometry":{"type":"LineString","coordinates":[[-90.9069,43.1772],[-90.9061,43.1764]]},"properties":{}},{"type":"Feature","geometry":{"type":"LineString","coordinates":[[-90.9061,43.1764],[-90.9056,43.1769]]},"properties":{}},{"type":"Feature","geometry":{"type":"LineString","coordinates":[[-90.9056,43.1769],[-90.9061,43.1781]]},"properties":{}},{"type":"Feature","geometry":{"type":"LineString","coordinates":[[-90.9061,43.1781],[-90.9052,43.1784]]},"properties":{}},{"type":"Feature","geometry":{"type":"LineString","coordinates":[[-90.9007,43.1741],[-90.9009,43.172]]},"properties":{}},{"type":"Feature","geometry":{"type":"LineString","coordinates":[[-90.9009,43.172],[-90.8971,43.1722]]},"properties":{}},{"type":"Feature","geometry":{"type":"LineString","coordinates":[[-90.8971,43.1722],[-90.8943,43.1734]]},"properties":{}},{"type":"Feature","geometry":{"type":"LineString","coordinates":[[-90.8943,43.1734],[-90.8918,43.1731]]},"properties":{}},{"type":"Feature","geometry":{"type":"LineString","coordinates":[[-90.8918,43.1731],[-90.8893,43.1743]]},"properties":{}},{"type":"Feature","geometry":{"type":"LineString","coordinates":[[-90.8893,43.1743],[-90.8878,43.1742]]},"properties":{}},{"type":"Feature","geometry":{"type":"LineString","coordinates":[[-90.8878,43.1742],[-90.8873,43.1748]]},"properties":{}},{"type":"Feature","geometry":{"type":"LineString","coordinates":[[-90.8873,43.1748],[-90.8856,43.1748]]},"properties":{}},{"type":"Feature","geometry":{"type":"LineString","coordinates":[[-90.8856,43.1748],[-90.8851,43.1742]]},"properties":{}},{"type":"Feature","geometry":{"type":"LineString","coordinates":[[-90.8851,43.1742],[-90.8838,43.1751]]},"properties":{}},{"type":"Feature","geometry":{"type":"LineString","coordinates":[[-90.9132,43.3649],[-90.9115,43.3647]]},"properties":{}},{"type":"Feature","geometry":{"type":"LineString","coordinates":[[-90.9115,43.3647],[-90.9091,43.3625]]},"properties":{}},{"type":"Feature","geometry":{"type":"LineString","coordinates":[[-90.9091,43.3625],[-90.9092,43.3614]]},"properties":{}},{"type":"Feature","geometry":{"type":"LineString","coordinates":[[-90.9092,43.3614],[-90.908,43.3599]]},"properties":{}},{"type":"Feature","geometry":{"type":"LineString","coordinates":[[-90.963,43.488],[-90.9641,43.4872]]},"properties":{}},{"type":"Feature","geometry":{"type":"LineString","coordinates":[[-90.9648,43.486],[-90.9649,43.4836]]},"properties":{}},{"type":"Feature","geometry":{"type":"LineString","coordinates":[[-90.9739,43.4831],[-90.9745,43.4824]]},"properties":{}},{"type":"Feature","geometry":{"type":"LineString","coordinates":[[-90.9745,43.4824],[-90.9757,43.4825]]},"properties":{}},{"type":"Feature","geometry":{"type":"LineString","coordinates":[[-90.9757,43.4825],[-90.9811,43.4863]]},"properties":{}},{"type":"Feature","geometry":{"type":"LineString","coordinates":[[-90.9155,43.7669],[-90.9202,43.7663]]},"properties":{}},{"type":"Feature","geometry":{"type":"LineString","coordinates":[[-90.9202,43.7663],[-90.9201,43.7671]]},"properties":{}},{"type":"Feature","geometry":{"type":"LineString","coordinates":[[-90.9218,43.7667],[-90.9248,43.7662]]},"properties":{}},{"type":"Feature","geometry":{"type":"LineString","coordinates":[[-90.9313,43.7638],[-90.9328,43.7635]]},"properties":{}},{"type":"Feature","geometry":{"type":"LineString","coordinates":[[-90.9328,43.7635],[-90.9328,43.7621]]},"properties":{}},{"type":"Feature","geometry":{"type":"LineString","coordinates":[[-90.9348,43.7617],[-90.936,43.7596]]},"properties":{}},{"type":"Feature","geometry":{"type":"LineString","coordinates":[[-90.936,43.7596],[-90.9369,43.7597]]},"properties":{}},{"type":"Feature","geometry":{"type":"LineString","coordinates":[[-90.9369,43.7597],[-90.9368,43.7602]]},"properties":{}},{"type":"Feature","geometry":{"type":"LineString","coordinates":[[-90.9387,43.7615],[-90.9427,43.7623]]},"properties":{}},{"type":"Feature","geometry":{"type":"LineString","coordinates":[[-90.9427,43.7623],[-90.9422,43.7631]]},"properties":{}},{"type":"Feature","geometry":{"type":"LineString","coordinates":[[-90.9422,43.7631],[-90.9431,43.7631]]},"properties":{}},{"type":"Feature","geometry":{"type":"LineString","coordinates":[[-90.9431,43.7631],[-90.9437,43.7625]]},"properties":{}},{"type":"Feature","geometry":{"type":"LineString","coordinates":[[-90.9437,43.7625],[-90.9448,43.7633]]},"properties":{}},{"type":"Feature","geometry":{"type":"LineString","coordinates":[[-90.9448,43.7633],[-90.9452,43.7644]]},"properties":{}},{"type":"Feature","geometry":{"type":"LineString","coordinates":[[-90.9452,43.7644],[-90.947,43.7645]]},"properties":{}},{"type":"Feature","geometry":{"type":"LineString","coordinates":[[-90.947,43.7645],[-90.9474,43.7652]]},"properties":{}},{"type":"Feature","geometry":{"type":"LineString","coordinates":[[-90.9474,43.7652],[-90.949,43.7654]]},"properties":{}},{"type":"Feature","geometry":{"type":"LineString","coordinates":[[-90.949,43.7654],[-90.9506,43.7652]]},"properties":{}},{"type":"Feature","geometry":{"type":"LineString","coordinates":[[-90.9506,43.7652],[-90.9514,43.7646]]},"properties":{}},{"type":"Feature","geometry":{"type":"LineString","coordinates":[[-90.9514,43.7646],[-90.9521,43.7632]]},"properties":{}},{"type":"Feature","geometry":{"type":"LineString","coordinates":[[-90.9521,43.7632],[-90.9519,43.7621]]},"properties":{}},{"type":"Feature","geometry":{"type":"LineString","coordinates":[[-90.9519,43.7621],[-90.9541,43.7592]]},"properties":{}},{"type":"Feature","geometry":{"type":"LineString","coordinates":[[-90.9541,43.7592],[-90.9536,43.7588]]},"properties":{}},{"type":"Feature","geometry":{"type":"LineString","coordinates":[[-90.9536,43.7588],[-90.954,43.7581]]},"properties":{}},{"type":"Feature","geometry":{"type":"LineString","coordinates":[[-90.954,43.7581],[-90.9535,43.7574]]},"properties":{}},{"type":"Feature","geometry":{"type":"LineString","coordinates":[[-90.9538,43.7537],[-90.9545,43.752]]},"properties":{}},{"type":"Feature","geometry":{"type":"LineString","coordinates":[[-90.9545,43.752],[-90.9552,43.7516]]},"properties":{}},{"type":"Feature","geometry":{"type":"LineString","coordinates":[[-90.9552,43.7516],[-90.9562,43.7522]]},"properties":{}},{"type":"Feature","geometry":{"type":"LineString","coordinates":[[-90.9562,43.7522],[-90.9564,43.7513]]},"properties":{}},{"type":"Feature","geometry":{"type":"LineString","coordinates":[[-90.9564,43.7513],[-90.9597,43.7507]]},"properties":{}},{"type":"Feature","geometry":{"type":"LineString","coordinates":[[-90.9611,43.7491],[-90.9613,43.7478]]},"properties":{}},{"type":"Feature","geometry":{"type":"LineString","coordinates":[[-90.9613,43.7478],[-90.9624,43.7469]]},"properties":{}},{"type":"Feature","geometry":{"type":"LineString","coordinates":[[-90.9624,43.7469],[-90.9639,43.7467]]},"properties":{}},{"type":"Feature","geometry":{"type":"LineString","coordinates":[[-90.9639,43.7467],[-90.9631,43.7452]]},"properties":{}},{"type":"Feature","geometry":{"type":"LineString","coordinates":[[-90.9631,43.7452],[-90.9642,43.7444]]},"properties":{}},{"type":"Feature","geometry":{"type":"LineString","coordinates":[[-90.9642,43.7444],[-90.9642,43.7429]]},"properties":{}},{"type":"Feature","geometry":{"type":"LineString","coordinates":[[-90.9642,43.7429],[-90.9653,43.742]]},"properties":{}},{"type":"Feature","geometry":{"type":"LineString","coordinates":[[-90.9653,43.742],[-90.9646,43.7407]]},"properties":{}},{"type":"Feature","geometry":{"type":"LineString","coordinates":[[-90.9656,43.7351],[-90.9668,43.7326]]},"properties":{}},{"type":"Feature","geometry":{"type":"LineString","coordinates":[[-90.966,43.7322],[-90.9659,43.7317]]},"properties":{}},{"type":"Feature","geometry":{"type":"LineString","coordinates":[[-90.9659,43.7317],[-90.9685,43.7292]]},"properties":{}},{"type":"Feature","geometry":{"type":"LineString","coordinates":[[-90.943,45.8066],[-90.9453,45.8046]]},"properties":{}},{"type":"Feature","geometry":{"type":"LineString","coordinates":[[-90.9453,45.8046],[-90.9472,45.8021]]},"properties":{}},{"type":"Feature","geometry":{"type":"LineString","coordinates":[[-90.9472,45.8021],[-90.9551,45.7971]]},"properties":{}},{"type":"Feature","geometry":{"type":"LineString","coordinates":[[-90.9551,45.7971],[-90.958,45.7938]]},"properties":{}},{"type":"Feature","geometry":{"type":"LineString","coordinates":[[-90.958,45.7938],[-90.9618,45.7931]]},"properties":{}},{"type":"Feature","geometry":{"type":"LineString","coordinates":[[-90.9705,45.7854],[-90.9732,45.7831]]},"properties":{}},{"type":"Feature","geometry":{"type":"LineString","coordinates":[[-90.9732,45.7831],[-90.9763,45.7815]]},"properties":{}},{"type":"Feature","geometry":{"type":"LineString","coordinates":[[-90.9763,45.7815],[-90.9771,45.7795]]},"properties":{}},{"type":"Feature","geometry":{"type":"LineString","coordinates":[[-90.9771,45.7795],[-90.9764,45.7785]]},"properties":{}},{"type":"Feature","geometry":{"type":"LineString","coordinates":[[-90.9764,45.7785],[-90.9779,45.7777]]},"properties":{}},{"type":"Feature","geometry":{"type":"LineString","coordinates":[[-90.9779,45.7777],[-90.9796,45.7778]]},"properties":{}},{"type":"Feature","geometry":{"type":"LineString","coordinates":[[-90.9796,45.7778],[-90.9821,45.7769]]},"properties":{}},{"type":"Feature","geometry":{"type":"LineString","coordinates":[[-90.9821,45.7769],[-90.9852,45.7745]]},"properties":{}},{"type":"Feature","geometry":{"type":"LineString","coordinates":[[-90.9852,45.7745],[-90.9913,45.7747]]},"properties":{}},{"type":"Feature","geometry":{"type":"LineString","coordinates":[[-90.9913,45.7747],[-90.9916,45.7754]]},"properties":{}},{"type":"Feature","geometry":{"type":"LineString","coordinates":[[-90.9916,45.7754],[-90.9929,45.776]]},"properties":{}},{"type":"Feature","geometry":{"type":"LineString","coordinates":[[-90.9929,45.776],[-90.9952,45.7757]]},"properties":{}},{"type":"Feature","geometry":{"type":"LineString","coordinates":[[-90.9952,45.7757],[-90.9991,45.7763]]},"properties":{}},{"type":"Feature","geometry":{"type":"LineString","coordinates":[[-90.9991,45.7763],[-90.9998,45.7779]]},"properties":{}},{"type":"Feature","geometry":{"type":"LineString","coordinates":[[-90.9998,45.7779],[-90.9989,45.7795]]},"properties":{}},{"type":"Feature","geometry":{"type":"LineString","coordinates":[[-90.9989,45.7795],[-90.9995,45.7797]]},"properties":{}},{"type":"Feature","geometry":{"type":"LineString","coordinates":[[-90.9995,45.7797],[-90.9993,45.7802]]},"properties":{}},{"type":"Feature","geometry":{"type":"LineString","coordinates":[[-90.983,44.5385],[-90.9805,44.5352]]},"properties":{}},{"type":"Feature","geometry":{"type":"LineString","coordinates":[[-90.9805,44.5352],[-90.9791,44.5347]]},"properties":{}},{"type":"Feature","geometry":{"type":"LineString","coordinates":[[-90.9791,44.5347],[-90.9777,44.5326]]},"properties":{}},{"type":"Feature","geometry":{"type":"LineString","coordinates":[[-90.9777,44.5326],[-90.9754,44.5314]]},"properties":{}},{"type":"Feature","geometry":{"type":"LineString","coordinates":[[-90.9754,44.5314],[-90.9754,44.5308]]},"properties":{}},{"type":"Feature","geometry":{"type":"LineString","coordinates":[[-90.9754,44.5308],[-90.9745,44.5303]]},"properties":{}},{"type":"Feature","geometry":{"type":"LineString","coordinates":[[-90.9745,44.5303],[-90.9739,44.5292]]},"properties":{}},{"type":"Feature","geometry":{"type":"LineString","coordinates":[[-90.9739,44.5292],[-90.9695,44.5265]]},"properties":{}},{"type":"Feature","geometry":{"type":"LineString","coordinates":[[-90.9695,44.5265],[-90.9702,44.5255]]},"properties":{}},{"type":"Feature","geometry":{"type":"LineString","coordinates":[[-90.9702,44.5255],[-90.97,44.5252]]},"properties":{}},{"type":"Feature","geometry":{"type":"LineString","coordinates":[[-90.97,44.5252],[-90.9677,44.5243]]},"properties":{}},{"type":"Feature","geometry":{"type":"LineString","coordinates":[[-90.8898,43.432],[-90.8886,43.4302]]},"properties":{}},{"type":"Feature","geometry":{"type":"LineString","coordinates":[[-90.9415,45.8664],[-90.9437,45.8655]]},"properties":{}},{"type":"Feature","geometry":{"type":"LineString","coordinates":[[-90.9437,45.8655],[-90.9442,45.8646]]},"properties":{}},{"type":"Feature","geometry":{"type":"LineString","coordinates":[[-90.9442,45.8646],[-90.9449,45.8648]]},"properties":{}},{"type":"Feature","geometry":{"type":"LineString","coordinates":[[-90.9449,45.8648],[-90.945,45.8641]]},"properties":{}},{"type":"Feature","geometry":{"type":"LineString","coordinates":[[-90.945,45.8641],[-90.9466,45.8632]]},"properties":{}},{"type":"Feature","geometry":{"type":"LineString","coordinates":[[-90.9466,45.8632],[-90.9459,45.861]]},"properties":{}},{"type":"Feature","geometry":{"type":"LineString","coordinates":[[-90.9459,45.861],[-90.9466,45.8594]]},"properties":{}},{"type":"Feature","geometry":{"type":"LineString","coordinates":[[-90.9466,45.8586],[-90.9443,45.8581]]},"properties":{}},{"type":"Feature","geometry":{"type":"LineString","coordinates":[[-90.9443,45.8581],[-90.9453,45.8574]]},"properties":{}},{"type":"Feature","geometry":{"type":"LineString","coordinates":[[-90.9453,45.8574],[-90.9445,45.8567]]},"properties":{}},{"type":"Feature","geometry":{"type":"LineString","coordinates":[[-90.9445,45.8567],[-90.9461,45.8562]]},"properties":{}},{"type":"Feature","geometry":{"type":"LineString","coordinates":[[-90.9461,45.8562],[-90.9462,45.8555]]},"properties":{}},{"type":"Feature","geometry":{"type":"LineString","coordinates":[[-90.9462,45.8555],[-90.9474,45.8548]]},"properties":{}},{"type":"Feature","geometry":{"type":"LineString","coordinates":[[-90.9474,45.8548],[-90.9498,45.8539]]},"properties":{}},{"type":"Feature","geometry":{"type":"LineString","coordinates":[[-90.9498,45.8539],[-90.9523,45.8538]]},"properties":{}},{"type":"Feature","geometry":{"type":"LineString","coordinates":[[-90.9529,45.852],[-90.9514,45.8509]]},"properties":{}},{"type":"Feature","geometry":{"type":"LineString","coordinates":[[-90.9514,45.8509],[-90.955,45.849]]},"properties":{}},{"type":"Feature","geometry":{"type":"LineString","coordinates":[[-90.955,45.849],[-90.9544,45.848]]},"properties":{}},{"type":"Feature","geometry":{"type":"LineString","coordinates":[[-90.7871,43.6635],[-90.7851,43.6613]]},"properties":{}},{"type":"Feature","geometry":{"type":"LineString","coordinates":[[-90.7851,43.6613],[-90.783,43.6559]]},"properties":{}},{"type":"Feature","geometry":{"type":"LineString","coordinates":[[-90.783,43.6559],[-90.7784,43.6531]]},"properties":{}},{"type":"Feature","geometry":{"type":"LineString","coordinates":[[-90.7784,43.6531],[-90.7775,43.6519]]},"properties":{}},{"type":"Feature","geometry":{"type":"LineString","coordinates":[[-90.7775,43.6519],[-90.7772,43.6507]]},"properties":{}},{"type":"Feature","geometry":{"type":"LineString","coordinates":[[-90.7772,43.6507],[-90.7794,43.6485]]},"properties":{}},{"type":"Feature","geometry":{"type":"LineString","coordinates":[[-90.7794,43.6462],[-90.7809,43.6446]]},"properties":{}},{"type":"Feature","geometry":{"type":"LineString","coordinates":[[-90.7794,43.6403],[-90.7709,43.6372]]},"properties":{}},{"type":"Feature","geometry":{"type":"LineString","coordinates":[[-90.7709,43.6372],[-90.7682,43.6351]]},"properties":{}},{"type":"Feature","geometry":{"type":"LineString","coordinates":[[-90.7682,43.6351],[-90.7685,43.6335]]},"properties":{}},{"type":"Feature","geometry":{"type":"LineString","coordinates":[[-90.7815,43.6188],[-90.7831,43.6174]]},"properties":{}},{"type":"Feature","geometry":{"type":"LineString","coordinates":[[-90.7831,43.6174],[-90.7821,43.6142]]},"properties":{}},{"type":"Feature","geometry":{"type":"LineString","coordinates":[[-90.7615,43.5641],[-90.7623,43.5635]]},"properties":{}},{"type":"Feature","geometry":{"type":"LineString","coordinates":[[-90.7623,43.5635],[-90.7626,43.5623]]},"properties":{}},{"type":"Feature","geometry":{"type":"LineString","coordinates":[[-90.7626,43.5623],[-90.7615,43.559]]},"properties":{}},{"type":"Feature","geometry":{"type":"LineString","coordinates":[[-90.7391,43.5218],[-90.7416,43.5205]]},"properties":{}},{"type":"Feature","geometry":{"type":"LineString","coordinates":[[-90.7416,43.5205],[-90.7409,43.5194]]},"properties":{}},{"type":"Feature","geometry":{"type":"LineString","coordinates":[[-90.7409,43.5194],[-90.7424,43.5166]]},"properties":{}},{"type":"Feature","geometry":{"type":"LineString","coordinates":[[-90.7318,43.4814],[-90.7326,43.4812]]},"properties":{}},{"type":"Feature","geometry":{"type":"LineString","coordinates":[[-90.7326,43.4812],[-90.7331,43.4803]]},"properties":{}},{"type":"Feature","geometry":{"type":"LineString","coordinates":[[-90.7331,43.4803],[-90.7342,43.4805]]},"properties":{}},{"type":"Feature","geometry":{"type":"LineString","coordinates":[[-90.7342,43.4805],[-90.7346,43.4798]]},"properties":{}},{"type":"Feature","geometry":{"type":"LineString","coordinates":[[-90.7346,43.4798],[-90.7355,43.48]]},"properties":{}},{"type":"Feature","geometry":{"type":"LineString","coordinates":[[-90.7376,43.4787],[-90.7377,43.478]]},"properties":{}},{"type":"Feature","geometry":{"type":"LineString","coordinates":[[-90.7377,43.478],[-90.7384,43.4776]]},"properties":{}},{"type":"Feature","geometry":{"type":"LineString","coordinates":[[-90.7416,43.4761],[-90.7427,43.4752]]},"properties":{}},{"type":"Feature","geometry":{"type":"LineString","coordinates":[[-90.7441,43.4753],[-90.7451,43.476]]},"properties":{}},{"type":"Feature","geometry":{"type":"LineString","coordinates":[[-90.7451,43.476],[-90.7457,43.4755]]},"properties":{}},{"type":"Feature","geometry":{"type":"LineString","coordinates":[[-90.8855,46.7291],[-90.8826,46.7293]]},"properties":{}},{"type":"Feature","geometry":{"type":"LineString","coordinates":[[-90.8826,46.7293],[-90.8822,46.7307]]},"properties":{}},{"type":"Feature","geometry":{"type":"LineString","coordinates":[[-90.8822,46.7307],[-90.8776,46.7326]]},"properties":{}},{"type":"Feature","geometry":{"type":"LineString","coordinates":[[-90.8113,45.4622],[-90.8086,45.4628]]},"properties":{}},{"type":"Feature","geometry":{"type":"LineString","coordinates":[[-90.8086,45.4628],[-90.8074,45.4622]]},"properties":{}},{"type":"Feature","geometry":{"type":"LineString","coordinates":[[-90.8074,45.4622],[-90.8059,45.4635]]},"properties":{}},{"type":"Feature","geometry":{"type":"LineString","coordinates":[[-90.8059,45.4635],[-90.8049,45.4633]]},"properties":{}},{"type":"Feature","geometry":{"type":"LineString","coordinates":[[-90.8049,45.4633],[-90.8014,45.4647]]},"properties":{}},{"type":"Feature","geometry":{"type":"LineString","coordinates":[[-90.8014,45.4647],[-90.7987,45.464]]},"properties":{}},{"type":"Feature","geometry":{"type":"LineString","coordinates":[[-90.7961,45.4649],[-90.796,45.4657]]},"properties":{}},{"type":"Feature","geometry":{"type":"LineString","coordinates":[[-90.796,45.4657],[-90.7943,45.4657]]},"properties":{}},{"type":"Feature","geometry":{"type":"LineString","coordinates":[[-90.7943,45.4657],[-90.7938,45.4665]]},"properties":{}},{"type":"Feature","geometry":{"type":"LineString","coordinates":[[-90.7938,45.4665],[-90.7945,45.4676]]},"properties":{}},{"type":"Feature","geometry":{"type":"LineString","coordinates":[[-90.7945,45.4676],[-90.7942,45.4693]]},"properties":{}},{"type":"Feature","geometry":{"type":"LineString","coordinates":[[-90.7942,45.4693],[-90.7919,45.4706]]},"properties":{}},{"type":"Feature","geometry":{"type":"LineString","coordinates":[[-90.7919,45.4706],[-90.7934,45.4719]]},"properties":{}},{"type":"Feature","geometry":{"type":"LineString","coordinates":[[-90.7934,45.4719],[-90.793,45.4726]]},"properties":{}},{"type":"Feature","geometry":{"type":"LineString","coordinates":[[-90.793,45.4726],[-90.7889,45.4736]]},"properties":{}},{"type":"Feature","geometry":{"type":"LineString","coordinates":[[-90.7889,45.4736],[-90.785,45.4729]]},"properties":{}},{"type":"Feature","geometry":{"type":"LineString","coordinates":[[-90.785,45.4729],[-90.7806,45.4732]]},"properties":{}},{"type":"Feature","geometry":{"type":"LineString","coordinates":[[-90.7806,45.4732],[-90.781,45.4742]]},"properties":{}},{"type":"Feature","geometry":{"type":"LineString","coordinates":[[-90.781,45.4742],[-90.7805,45.4748]]},"properties":{}},{"type":"Feature","geometry":{"type":"LineString","coordinates":[[-90.7805,45.4748],[-90.7807,45.4756]]},"properties":{}},{"type":"Feature","geometry":{"type":"LineString","coordinates":[[-90.7807,45.4756],[-90.7774,45.4753]]},"properties":{}},{"type":"Feature","geometry":{"type":"LineString","coordinates":[[-90.7774,45.4753],[-90.7767,45.4758]]},"properties":{}},{"type":"Feature","geometry":{"type":"LineString","coordinates":[[-90.7767,45.4758],[-90.777,45.478]]},"properties":{}},{"type":"Feature","geometry":{"type":"LineString","coordinates":[[-90.7762,45.4795],[-90.7722,45.4801]]},"properties":{}},{"type":"Feature","geometry":{"type":"LineString","coordinates":[[-90.7722,45.4801],[-90.7714,45.4811]]},"properties":{}},{"type":"Feature","geometry":{"type":"LineString","coordinates":[[-90.7714,45.4811],[-90.7698,45.481]]},"properties":{}},{"type":"Feature","geometry":{"type":"LineString","coordinates":[[-90.5485,43.0279],[-90.5492,43.0307]]},"properties":{}},{"type":"Feature","geometry":{"type":"LineString","coordinates":[[-90.5492,43.0307],[-90.5491,43.0313]]},"properties":{}},{"type":"Feature","geometry":{"type":"LineString","coordinates":[[-90.5491,43.0313],[-90.5479,43.0313]]},"properties":{}},{"type":"Feature","geometry":{"type":"LineString","coordinates":[[-90.5479,43.0313],[-90.5474,43.0323]]},"properties":{}},{"type":"Feature","geometry":{"type":"LineString","coordinates":[[-90.5474,43.0323],[-90.5477,43.033]]},"properties":{}},{"type":"Feature","geometry":{"type":"LineString","coordinates":[[-90.5477,43.033],[-90.5463,43.0341]]},"properties":{}},{"type":"Feature","geometry":{"type":"LineString","coordinates":[[-90.5463,43.0341],[-90.5469,43.0349]]},"properties":{}},{"type":"Feature","geometry":{"type":"LineString","coordinates":[[-90.5469,43.0349],[-90.5456,43.0367]]},"properties":{}},{"type":"Feature","geometry":{"type":"LineString","coordinates":[[-90.5473,43.0389],[-90.5466,43.039]]},"properties":{}},{"type":"Feature","geometry":{"type":"LineString","coordinates":[[-90.5467,43.04],[-90.5477,43.0406]]},"properties":{}},{"type":"Feature","geometry":{"type":"LineString","coordinates":[[-90.5477,43.0406],[-90.5482,43.0422]]},"properties":{}},{"type":"Feature","geometry":{"type":"LineString","coordinates":[[-90.6532,43.3184],[-90.6559,43.3185]]},"properties":{}},{"type":"Feature","geometry":{"type":"LineString","coordinates":[[-90.4724,43.4265],[-90.4716,43.4258]]},"properties":{}},{"type":"Feature","geometry":{"type":"LineString","coordinates":[[-90.3508,43.5632],[-90.3515,43.5613]]},"properties":{}},{"type":"Feature","geometry":{"type":"LineString","coordinates":[[-90.3515,43.5613],[-90.3552,43.5572]]},"properties":{}},{"type":"Feature","geometry":{"type":"LineString","coordinates":[[-90.3552,43.5572],[-90.3556,43.554]]},"properties":{}},{"type":"Feature","geometry":{"type":"LineString","coordinates":[[-90.3573,43.4932],[-90.3556,43.4932]]},"properties":{}},{"type":"Feature","geometry":{"type":"LineString","coordinates":[[-90.3666,46.2523],[-90.3685,46.2506]]},"properties":{}},{"type":"Feature","geometry":{"type":"LineString","coordinates":[[-90.3685,46.2506],[-90.3693,46.2506]]},"properties":{}},{"type":"Feature","geometry":{"type":"LineString","coordinates":[[-90.3693,46.2506],[-90.37,46.2515]]},"properties":{}},{"type":"Feature","geometry":{"type":"LineString","coordinates":[[-90.37,46.2515],[-90.3712,46.2515]]},"properties":{}},{"type":"Feature","geometry":{"type":"LineString","coordinates":[[-90.3712,46.2515],[-90.3719,46.2523]]},"properties":{}},{"type":"Feature","geometry":{"type":"LineString","coordinates":[[-90.3719,46.2523],[-90.3727,46.2523]]},"properties":{}},{"type":"Feature","geometry":{"type":"LineString","coordinates":[[-90.3727,46.2523],[-90.3748,46.2537]]},"properties":{}},{"type":"Feature","geometry":{"type":"LineString","coordinates":[[-90.3748,46.2537],[-90.375,46.2553]]},"properties":{}},{"type":"Feature","geometry":{"type":"LineString","coordinates":[[-90.375,46.2553],[-90.3745,46.2563]]},"properties":{}},{"type":"Feature","geometry":{"type":"LineString","coordinates":[[-90.3745,46.2563],[-90.3757,46.2568]]},"properties":{}},{"type":"Feature","geometry":{"type":"LineString","coordinates":[[-90.3757,46.2568],[-90.378,46.255]]},"properties":{}},{"type":"Feature","geometry":{"type":"LineString","coordinates":[[-90.378,46.255],[-90.3798,46.255]]},"properties":{}},{"type":"Feature","geometry":{"type":"LineString","coordinates":[[-90.3798,46.255],[-90.3803,46.2555]]},"properties":{}},{"type":"Feature","geometry":{"type":"LineString","coordinates":[[-90.3803,46.2555],[-90.383,46.2539]]},"properties":{}},{"type":"Feature","geometry":{"type":"LineString","coordinates":[[-90.383,46.2539],[-90.3857,46.2546]]},"properties":{}},{"type":"Feature","geometry":{"type":"LineString","coordinates":[[-90.3857,46.2546],[-90.3878,46.2532]]},"properties":{}},{"type":"Feature","geometry":{"type":"LineString","coordinates":[[-90.3878,46.2532],[-90.3905,46.2536]]},"properties":{}},{"type":"Feature","geometry":{"type":"LineString","coordinates":[[-90.3905,46.2536],[-90.3915,46.2548]]},"properties":{}},{"type":"Feature","geometry":{"type":"LineString","coordinates":[[-90.3915,46.2548],[-90.3957,46.255]]},"properties":{}},{"type":"Feature","geometry":{"type":"LineString","coordinates":[[-90.3957,46.255],[-90.3961,46.2565]]},"properties":{}},{"type":"Feature","geometry":{"type":"LineString","coordinates":[[-90.3961,46.2565],[-90.3957,46.2572]]},"properties":{}},{"type":"Feature","geometry":{"type":"LineString","coordinates":[[-90.3957,46.2572],[-90.3959,46.2591]]},"properties":{}},{"type":"Feature","geometry":{"type":"LineString","coordinates":[[-90.3959,46.2591],[-90.3964,46.2602]]},"properties":{}},{"type":"Feature","geometry":{"type":"LineString","coordinates":[[-90.3964,46.2602],[-90.3957,46.2609]]},"properties":{}},{"type":"Feature","geometry":{"type":"LineString","coordinates":[[-90.3957,46.2609],[-90.3971,46.262]]},"properties":{}},{"type":"Feature","geometry":{"type":"LineString","coordinates":[[-90.3971,46.262],[-90.3965,46.2631]]},"properties":{}},{"type":"Feature","geometry":{"type":"LineString","coordinates":[[-90.3965,46.2631],[-90.3982,46.264]]},"properties":{}},{"type":"Feature","geometry":{"type":"LineString","coordinates":[[-90.3982,46.264],[-90.398,46.2657]]},"properties":{}},{"type":"Feature","geometry":{"type":"LineString","coordinates":[[-90.398,46.2657],[-90.3973,46.2663]]},"properties":{}},{"type":"Feature","geometry":{"type":"LineString","coordinates":[[-90.3973,46.2663],[-90.397,46.2677]]},"properties":{}},{"type":"Feature","geometry":{"type":"LineString","coordinates":[[-90.397,46.2677],[-90.3979,46.269]]},"properties":{}},{"type":"Feature","geometry":{"type":"LineString","coordinates":[[-90.3979,46.269],[-90.396,46.2694]]},"properties":{}},{"type":"Feature","geometry":{"type":"LineString","coordinates":[[-90.396,46.2694],[-90.3977,46.2699]]},"properties":{}},{"type":"Feature","geometry":{"type":"LineString","coordinates":[[-90.3977,46.2699],[-90.3989,46.2696]]},"properties":{}},{"type":"Feature","geometry":{"type":"LineString","coordinates":[[-90.3989,46.2696],[-90.4,46.2715]]},"properties":{}},{"type":"Feature","geometry":{"type":"LineString","coordinates":[[-90.4,46.2715],[-90.4021,46.2719]]},"properties":{}},{"type":"Feature","geometry":{"type":"LineString","coordinates":[[-90.4021,46.2719],[-90.4018,46.2735]]},"properties":{}},{"type":"Feature","geometry":{"type":"LineString","coordinates":[[-90.4018,46.2735],[-90.4012,46.2736]]},"properties":{}},{"type":"Feature","geometry":{"type":"LineString","coordinates":[[-90.4012,46.2736],[-90.4006,46.2751]]},"properties":{}},{"type":"Feature","geometry":{"type":"LineString","coordinates":[[-90.4006,46.2751],[-90.4026,46.2767]]},"properties":{}},{"type":"Feature","geometry":{"type":"LineString","coordinates":[[-90.4026,46.2767],[-90.4031,46.2783]]},"properties":{}},{"type":"Feature","geometry":{"type":"LineString","coordinates":[[-90.4031,46.2783],[-90.4025,46.279]]},"properties":{}},{"type":"Feature","geometry":{"type":"LineString","coordinates":[[-90.4025,46.279],[-90.4022,46.2805]]},"properties":{}},{"type":"Feature","geometry":{"type":"LineString","coordinates":[[-90.4022,46.2805],[-90.4037,46.2815]]},"properties":{}},{"type":"Feature","geometry":{"type":"LineString","coordinates":[[-90.4037,46.2815],[-90.4039,46.2822]]},"properties":{}},{"type":"Feature","geometry":{"type":"LineString","coordinates":[[-90.4039,46.2822],[-90.4039,46.2836]]},"properties":{}},{"type":"Feature","geometry":{"type":"LineString","coordinates":[[-90.4039,46.2836],[-90.4032,46.2841]]},"properties":{}},{"type":"Feature","geometry":{"type":"LineString","coordinates":[[-90.4032,46.2841],[-90.4036,46.2845]]},"properties":{}},{"type":"Feature","geometry":{"type":"LineString","coordinates":[[-90.4036,46.2845],[-90.4031,46.2868]]},"properties":{}},{"type":"Feature","geometry":{"type":"LineString","coordinates":[[-90.4031,46.2868],[-90.4037,46.2875]]},"properties":{}},{"type":"Feature","geometry":{"type":"LineString","coordinates":[[-90.4037,46.2875],[-90.4034,46.2889]]},"properties":{}},{"type":"Feature","geometry":{"type":"LineString","coordinates":[[-90.4034,46.2889],[-90.4042,46.2901]]},"properties":{}},{"type":"Feature","geometry":{"type":"LineString","coordinates":[[-90.4042,46.2901],[-90.4051,46.29]]},"properties":{}},{"type":"Feature","geometry":{"type":"LineString","coordinates":[[-90.4051,46.29],[-90.4058,46.291]]},"properties":{}},{"type":"Feature","geometry":{"type":"LineString","coordinates":[[-90.4058,46.291],[-90.4063,46.291]]},"properties":{}},{"type":"Feature","geometry":{"type":"LineString","coordinates":[[-90.4063,46.291],[-90.4067,46.2919]]},"properties":{}},{"type":"Feature","geometry":{"type":"LineString","coordinates":[[-90.3612,46.2794],[-90.3622,46.2788]]},"properties":{}},{"type":"Feature","geometry":{"type":"LineString","coordinates":[[-90.3622,46.2788],[-90.3625,46.278]]},"properties":{}},{"type":"Feature","geometry":{"type":"LineString","coordinates":[[-90.3625,46.278],[-90.3643,46.2773]]},"properties":{}},{"type":"Feature","geometry":{"type":"LineString","coordinates":[[-90.3643,46.2773],[-90.3643,46.2756]]},"properties":{}},{"type":"Feature","geometry":{"type":"LineString","coordinates":[[-90.3643,46.2756],[-90.3655,46.2746]]},"properties":{}},{"type":"Feature","geometry":{"type":"LineString","coordinates":[[-90.3655,46.2746],[-90.3691,46.2767]]},"properties":{}},{"type":"Feature","geometry":{"type":"LineString","coordinates":[[-90.3691,46.2767],[-90.3712,46.2759]]},"properties":{}},{"type":"Feature","geometry":{"type":"LineString","coordinates":[[-90.3712,46.2759],[-90.3718,46.2752]]},"properties":{}},{"type":"Feature","geometry":{"type":"LineString","coordinates":[[-90.3718,46.2752],[-90.3736,46.2762]]},"properties":{}},{"type":"Feature","geometry":{"type":"LineString","coordinates":[[-90.3736,46.2762],[-90.3752,46.2752]]},"properties":{}},{"type":"Feature","geometry":{"type":"LineString","coordinates":[[-90.3752,46.2752],[-90.3778,46.2749]]},"properties":{}},{"type":"Feature","geometry":{"type":"LineString","coordinates":[[-90.3778,46.2749],[-90.3775,46.2741]]},"properties":{}},{"type":"Feature","geometry":{"type":"LineString","coordinates":[[-90.3775,46.2741],[-90.3783,46.2735]]},"properties":{}},{"type":"Feature","geometry":{"type":"LineString","coordinates":[[-90.3783,46.2735],[-90.3809,46.2738]]},"properties":{}},{"type":"Feature","geometry":{"type":"LineString","coordinates":[[-90.3809,46.2738],[-90.382,46.2735]]},"properties":{}},{"type":"Feature","geometry":{"type":"LineString","coordinates":[[-90.382,46.2735],[-90.3847,46.2742]]},"properties":{}},{"type":"Feature","geometry":{"type":"LineString","coordinates":[[-90.3847,46.2742],[-90.3872,46.2725]]},"properties":{}},{"type":"Feature","geometry":{"type":"LineString","coordinates":[[-90.3872,46.2725],[-90.3911,46.2721]]},"properties":{}},{"type":"Feature","geometry":{"type":"LineString","coordinates":[[-90.3911,46.2721],[-90.3925,46.2714]]},"properties":{}},{"type":"Feature","geometry":{"type":"LineString","coordinates":[[-90.3925,46.2714],[-90.3931,46.2701]]},"properties":{}},{"type":"Feature","geometry":{"type":"LineString","coordinates":[[-90.3931,46.2701],[-90.396,46.2693]]},"properties":{}},{"type":"Feature","geometry":{"type":"LineString","coordinates":[[-90.0299,42.9498],[-90.0289,42.9484]]},"properties":{}},{"type":"Feature","geometry":{"type":"LineString","coordinates":[[-90.0289,42.9484],[-90.0289,42.9476]]},"properties":{}},{"type":"Feature","geometry":{"type":"LineString","coordinates":[[-90.0289,42.9476],[-90.0284,42.9472]]},"properties":{}},{"type":"Feature","geometry":{"type":"LineString","coordinates":[[-90.0284,42.9472],[-90.0287,42.947]]},"properties":{}},{"type":"Feature","geometry":{"type":"LineString","coordinates":[[-90.0287,42.947],[-90.0283,42.9462]]},"properties":{}},{"type":"Feature","geometry":{"type":"LineString","coordinates":[[-90.0283,42.9462],[-90.0288,42.9454]]},"properties":{}},{"type":"Feature","geometry":{"type":"LineString","coordinates":[[-90.0288,42.9454],[-90.0279,42.9451]]},"properties":{}},{"type":"Feature","geometry":{"type":"LineString","coordinates":[[-90.0279,42.9451],[-90.0273,42.9441]]},"properties":{}},{"type":"Feature","geometry":{"type":"LineString","coordinates":[[-90.0156,42.936],[-90.0141,42.9347]]},"properties":{}},{"type":"Feature","geometry":{"type":"LineString","coordinates":[[-90.0141,42.9347],[-90.0142,42.9341]]},"properties":{}},{"type":"Feature","geometry":{"type":"LineString","coordinates":[[-90.0142,42.9341],[-90.0132,42.9328]]},"properties":{}},{"type":"Feature","geometry":{"type":"LineString","coordinates":[[-90.0132,42.9328],[-90.0121,42.9319]]},"properties":{}},{"type":"Feature","geometry":{"type":"LineString","coordinates":[[-90.0121,42.9319],[-90.0116,42.932]]},"properties":{}},{"type":"Feature","geometry":{"type":"LineString","coordinates":[[-90.0116,42.932],[-90.011,42.9311]]},"properties":{}},{"type":"Feature","geometry":{"type":"LineString","coordinates":[[-90.011,42.9311],[-90.0104,42.9311]]},"properties":{}},{"type":"Feature","geometry":{"type":"LineString","coordinates":[[-90.009,42.9294],[-90.0092,42.929]]},"properties":{}},{"type":"Feature","geometry":{"type":"LineString","coordinates":[[-90.0092,42.929],[-90.0084,42.9289]]},"properties":{}},{"type":"Feature","geometry":{"type":"LineString","coordinates":[[-90.0084,42.9289],[-90.0088,42.9286]]},"properties":{}},{"type":"Feature","geometry":{"type":"LineString","coordinates":[[-90.0088,42.9286],[-90.0086,42.928]]},"properties":{}},{"type":"Feature","geometry":{"type":"LineString","coordinates":[[-90.0086,42.928],[-90.0079,42.9279]]},"properties":{}},{"type":"Feature","geometry":{"type":"LineString","coordinates":[[-90.0079,42.9279],[-90.008,42.9273]]},"properties":{}},{"type":"Feature","geometry":{"type":"LineString","coordinates":[[-90.008,42.9273],[-90.0041,42.9246]]},"properties":{}},{"type":"Feature","geometry":{"type":"LineString","coordinates":[[-90.1614,43.3117],[-90.1716,43.3141]]},"properties":{}},{"type":"Feature","geometry":{"type":"LineString","coordinates":[[-90.0261,45.2172],[-90.0264,45.2153]]},"properties":{}},{"type":"Feature","geometry":{"type":"LineString","coordinates":[[-90.0264,45.2153],[-90.0284,45.2139]]},"properties":{}},{"type":"Feature","geometry":{"type":"LineString","coordinates":[[-90.0284,45.2139],[-90.0309,45.2137]]},"properties":{}},{"type":"Feature","geometry":{"type":"LineString","coordinates":[[-90.0309,45.2137],[-90.0322,45.2113]]},"properties":{}},{"type":"Feature","geometry":{"type":"LineString","coordinates":[[-90.0322,45.2113],[-90.0304,45.2105]]},"properties":{}},{"type":"Feature","geometry":{"type":"LineString","coordinates":[[-90.0304,45.2105],[-90.0286,45.2107]]},"properties":{}},{"type":"Feature","geometry":{"type":"LineString","coordinates":[[-90.0286,45.2107],[-90.0283,45.2102]]},"properties":{}},{"type":"Feature","geometry":{"type":"LineString","coordinates":[[-90.0283,45.2102],[-90.0287,45.2094]]},"properties":{}},{"type":"Feature","geometry":{"type":"LineString","coordinates":[[-90.0287,45.2094],[-90.028,45.2077]]},"properties":{}},{"type":"Feature","geometry":{"type":"LineString","coordinates":[[-90.0427,42.8133],[-90.042,42.8117]]},"properties":{}},{"type":"Feature","geometry":{"type":"LineString","coordinates":[[-90.042,42.8117],[-90.0406,42.8111]]},"properties":{}},{"type":"Feature","geometry":{"type":"LineString","coordinates":[[-90.035,42.8106],[-90.0353,42.81]]},"properties":{}},{"type":"Feature","geometry":{"type":"LineString","coordinates":[[-90.0353,42.81],[-90.0339,42.8092]]},"properties":{}},{"type":"Feature","geometry":{"type":"LineString","coordinates":[[-90.0339,42.8092],[-90.0321,42.8087]]},"properties":{}},{"type":"Feature","geometry":{"type":"LineString","coordinates":[[-90.0321,42.8087],[-90.0315,42.809]]},"properties":{}},{"type":"Feature","geometry":{"type":"LineString","coordinates":[[-90.0315,42.809],[-90.0261,42.8075]]},"properties":{}},{"type":"Feature","geometry":{"type":"LineString","coordinates":[[-90.0261,42.8075],[-90.0222,42.808]]},"properties":{}},{"type":"Feature","geometry":{"type":"LineString","coordinates":[[-90.0222,42.808],[-90.0198,42.8073]]},"properties":{}},{"type":"Feature","geometry":{"type":"LineString","coordinates":[[-90.0198,42.8073],[-90.0148,42.807]]},"properties":{}},{"type":"Feature","geometry":{"type":"LineString","coordinates":[[-90.0416,45.3132],[-90.0403,45.3132]]},"properties":{}},{"type":"Feature","geometry":{"type":"LineString","coordinates":[[-90.0403,45.3132],[-90.0393,45.3125]]},"properties":{}},{"type":"Feature","geometry":{"type":"LineString","coordinates":[[-90.0393,45.3125],[-90.0388,45.3114]]},"properties":{}},{"type":"Feature","geometry":{"type":"LineString","coordinates":[[-90.0388,45.3114],[-90.0407,45.3091]]},"properties":{}},{"type":"Feature","geometry":{"type":"LineString","coordinates":[[-90.0407,45.3091],[-90.041,45.3072]]},"properties":{}},{"type":"Feature","geometry":{"type":"LineString","coordinates":[[-89.6303,42.9302],[-89.6312,42.9294]]},"properties":{}},{"type":"Feature","geometry":{"type":"LineString","coordinates":[[-89.6312,42.9294],[-89.6299,42.9285]]},"properties":{}},{"type":"Feature","geometry":{"type":"LineString","coordinates":[[-89.6299,42.9285],[-89.6304,42.9282]]},"properties":{}},{"type":"Feature","geometry":{"type":"LineString","coordinates":[[-89.6304,42.9282],[-89.6293,42.9282]]},"properties":{}},{"type":"Feature","geometry":{"type":"LineString","coordinates":[[-89.6287,42.927],[-89.6279,42.9271]]},"properties":{}},{"type":"Feature","geometry":{"type":"LineString","coordinates":[[-89.6279,42.9271],[-89.628,42.9266]]},"properties":{}},{"type":"Feature","geometry":{"type":"LineString","coordinates":[[-89.6242,42.9257],[-89.6242,42.925]]},"properties":{}},{"type":"Feature","geometry":{"type":"LineString","coordinates":[[-89.6242,42.925],[-89.6238,42.9248]]},"properties":{}},{"type":"Feature","geometry":{"type":"LineString","coordinates":[[-89.6234,42.9243],[-89.6239,42.9237]]},"properties":{}},{"type":"Feature","geometry":{"type":"LineString","coordinates":[[-89.6239,42.9237],[-89.623,42.9224]]},"properties":{}},{"type":"Feature","geometry":{"type":"LineString","coordinates":[[-89.6229,42.9219],[-89.6235,42.9217]]},"properties":{}},{"type":"Feature","geometry":{"type":"LineString","coordinates":[[-89.6235,42.9217],[-89.6223,42.9214]]},"properties":{}},{"type":"Feature","geometry":{"type":"LineString","coordinates":[[-89.5304,43.3202],[-89.5317,43.3214]]},"properties":{}},{"type":"Feature","geometry":{"type":"LineString","coordinates":[[-89.5317,43.3214],[-89.5317,43.3221]]},"properties":{}},{"type":"Feature","geometry":{"type":"LineString","coordinates":[[-89.4275,43.3872],[-89.4291,43.3882]]},"properties":{}},{"type":"Feature","geometry":{"type":"LineString","coordinates":[[-89.4307,43.3877],[-89.4319,43.3879]]},"properties":{}},{"type":"Feature","geometry":{"type":"LineString","coordinates":[[-89.4319,43.3879],[-89.4315,43.3871]]},"properties":{}},{"type":"Feature","geometry":{"type":"LineString","coordinates":[[-89.6356,43.8242],[-89.634,43.8238]]},"properties":{}},{"type":"Feature","geometry":{"type":"LineString","coordinates":[[-89.634,43.8238],[-89.633,43.8225]]},"properties":{}},{"type":"Feature","geometry":{"type":"LineString","coordinates":[[-89.633,43.8225],[-89.634,43.8186]]},"properties":{}},{"type":"Feature","geometry":{"type":"LineString","coordinates":[[-89.634,43.8186],[-89.6332,43.8154]]},"properties":{}},{"type":"Feature","geometry":{"type":"LineString","coordinates":[[-89.4869,42.8485],[-89.4858,42.848]]},"properties":{}},{"type":"Feature","geometry":{"type":"LineString","coordinates":[[-89.4858,42.848],[-89.4858,42.8462]]},"properties":{}},{"type":"Feature","geometry":{"type":"LineString","coordinates":[[-89.4858,42.8462],[-89.4832,42.8452]]},"properties":{}},{"type":"Feature","geometry":{"type":"LineString","coordinates":[[-89.3072,44.4905],[-89.3071,44.4891]]},"properties":{}},{"type":"Feature","geometry":{"type":"LineString","coordinates":[[-89.3071,44.4891],[-89.3054,44.488]]},"properties":{}},{"type":"Feature","geometry":{"type":"LineString","coordinates":[[-89.3054,44.488],[-89.3057,44.4875]]},"properties":{}},{"type":"Feature","geometry":{"type":"LineString","coordinates":[[-89.3057,44.4875],[-89.3049,44.4871]]},"properties":{}},{"type":"Feature","geometry":{"type":"LineString","coordinates":[[-89.3049,44.4871],[-89.3048,44.4865]]},"properties":{}},{"type":"Feature","geometry":{"type":"LineString","coordinates":[[-89.3048,44.4865],[-89.3032,44.4859]]},"properties":{}},{"type":"Feature","geometry":{"type":"LineString","coordinates":[[-89.3032,44.4859],[-89.3014,44.4843]]},"properties":{}},{"type":"Feature","geometry":{"type":"LineString","coordinates":[[-89.3014,44.4843],[-89.3003,44.4843]]},"properties":{}},{"type":"Feature","geometry":{"type":"LineString","coordinates":[[-89.3022,44.6158],[-89.2989,44.6146]]},"properties":{}},{"type":"Feature","geometry":{"type":"LineString","coordinates":[[-89.2989,44.6146],[-89.2986,44.6137]]},"properties":{}},{"type":"Feature","geometry":{"type":"LineString","coordinates":[[-89.2986,44.6137],[-89.2989,44.6131]]},"properties":{}},{"type":"Feature","geometry":{"type":"LineString","coordinates":[[-89.2989,44.6131],[-89.298,44.6128]]},"properties":{}},{"type":"Feature","geometry":{"type":"LineString","coordinates":[[-89.298,44.6128],[-89.2978,44.6108]]},"properties":{}},{"type":"Feature","geometry":{"type":"LineString","coordinates":[[-89.2974,44.6099],[-89.2965,44.6097]]},"properties":{}},{"type":"Feature","geometry":{"type":"LineString","coordinates":[[-89.2965,44.6097],[-89.2965,44.6089]]},"properties":{}},{"type":"Feature","geometry":{"type":"LineString","coordinates":[[-89.2965,44.6089],[-89.2929,44.6078]]},"properties":{}},{"type":"Feature","geometry":{"type":"LineString","coordinates":[[-89.2948,44.6052],[-89.2943,44.604]]},"properties":{}},{"type":"Feature","geometry":{"type":"LineString","coordinates":[[-89.2943,44.604],[-89.296,44.6023]]},"properties":{}},{"type":"Feature","geometry":{"type":"LineString","coordinates":[[-89.296,44.6023],[-89.2963,44.6014]]},"properties":{}},{"type":"Feature","geometry":{"type":"LineString","coordinates":[[-89.2963,44.6014],[-89.2958,44.6013]]},"properties":{}},{"type":"Feature","geometry":{"type":"LineString","coordinates":[[-89.2898,44.5919],[-89.2902,44.592]]},"properties":{}},{"type":"Feature","geometry":{"type":"LineString","coordinates":[[-89.2902,44.592],[-89.2893,44.5924]]},"properties":{}},{"type":"Feature","geometry":{"type":"LineString","coordinates":[[-89.2889,44.5938],[-89.2868,44.5945]]},"properties":{}},{"type":"Feature","geometry":{"type":"LineString","coordinates":[[-89.2868,44.5945],[-89.2868,44.5949]]},"properties":{}},{"type":"Feature","geometry":{"type":"LineString","coordinates":[[-89.2868,44.5949],[-89.2853,44.5938]]},"properties":{}},{"type":"Feature","geometry":{"type":"LineString","coordinates":[[-89.2853,44.5938],[-89.2831,44.5939]]},"properties":{}},{"type":"Feature","geometry":{"type":"LineString","coordinates":[[-89.2831,44.5939],[-89.2816,44.5947]]},"properties":{}},{"type":"Feature","geometry":{"type":"LineString","coordinates":[[-89.2768,44.596],[-89.2755,44.5972]]},"properties":{}},{"type":"Feature","geometry":{"type":"LineString","coordinates":[[-89.2755,44.5972],[-89.2709,44.596]]},"properties":{}},{"type":"Feature","geometry":{"type":"LineString","coordinates":[[-89.2709,44.596],[-89.27,44.5966]]},"properties":{}},{"type":"Feature","geometry":{"type":"LineString","coordinates":[[-89.27,44.5966],[-89.268,44.5965]]},"properties":{}},{"type":"Feature","geometry":{"type":"LineString","coordinates":[[-89.268,44.5965],[-89.2669,44.5973]]},"properties":{}},{"type":"Feature","geometry":{"type":"LineString","coordinates":[[-89.2669,44.5973],[-89.2666,44.5985]]},"properties":{}},{"type":"Feature","geometry":{"type":"LineString","coordinates":[[-89.2666,44.5985],[-89.2652,44.5988]]},"properties":{}},{"type":"Feature","geometry":{"type":"LineString","coordinates":[[-89.2652,44.5988],[-89.2651,44.5993]]},"properties":{}},{"type":"Feature","geometry":{"type":"LineString","coordinates":[[-89.2611,44.5984],[-89.2597,44.5985]]},"properties":{}},{"type":"Feature","geometry":{"type":"LineString","coordinates":[[-89.2529,44.5997],[-89.2525,44.6009]]},"properties":{}},{"type":"Feature","geometry":{"type":"LineString","coordinates":[[-89.2525,44.6009],[-89.2495,44.6016]]},"properties":{}},{"type":"Feature","geometry":{"type":"LineString","coordinates":[[-89.2495,44.6016],[-89.2472,44.6009]]},"properties":{}},{"type":"Feature","geometry":{"type":"LineString","coordinates":[[-89.2472,44.6009],[-89.2459,44.6013]]},"properties":{}},{"type":"Feature","geometry":{"type":"LineString","coordinates":[[-89.2459,44.6013],[-89.245,44.6011]]},"properties":{}},{"type":"Feature","geometry":{"type":"LineString","coordinates":[[-89.245,44.6011],[-89.2445,44.6015]]},"properties":{}},{"type":"Feature","geometry":{"type":"LineString","coordinates":[[-89.2445,44.6015],[-89.2441,44.6011]]},"properties":{}},{"type":"Feature","geometry":{"type":"LineString","coordinates":[[-89.2441,44.6011],[-89.2438,44.6015]]},"properties":{}},{"type":"Feature","geometry":{"type":"LineString","coordinates":[[-89.223,44.5918],[-89.2224,44.5923]]},"properties":{}},{"type":"Feature","geometry":{"type":"LineString","coordinates":[[-89.2224,44.5923],[-89.2215,44.5918]]},"properties":{}},{"type":"Feature","geometry":{"type":"LineString","coordinates":[[-89.2215,44.5918],[-89.2207,44.593]]},"properties":{}},{"type":"Feature","geometry":{"type":"LineString","coordinates":[[-89.2207,44.593],[-89.2198,44.5931]]},"properties":{}},{"type":"Feature","geometry":{"type":"LineString","coordinates":[[-89.2198,44.5931],[-89.2188,44.594]]},"properties":{}},{"type":"Feature","geometry":{"type":"LineString","coordinates":[[-89.2188,44.594],[-89.2183,44.5938]]},"properties":{}},{"type":"Feature","geometry":{"type":"LineString","coordinates":[[-89.2183,44.5938],[-89.2173,44.5947]]},"properties":{}},{"type":"Feature","geometry":{"type":"LineString","coordinates":[[-89.2173,44.5947],[-89.2159,44.5943]]},"properties":{}},{"type":"Feature","geometry":{"type":"LineString","coordinates":[[-89.2139,44.5945],[-89.2132,44.5951]]},"properties":{}},{"type":"Feature","geometry":{"type":"LineString","coordinates":[[-89.2132,44.5951],[-89.2102,44.5956]]},"properties":{}},{"type":"Feature","geometry":{"type":"LineString","coordinates":[[-89.194,44.6043],[-89.1921,44.6035]]},"properties":{}},{"type":"Feature","geometry":{"type":"LineString","coordinates":[[-89.1921,44.6035],[-89.1917,44.6047]]},"properties":{}},{"type":"Feature","geometry":{"type":"LineString","coordinates":[[-89.1917,44.6047],[-89.1884,44.6036]]},"properties":{}},{"type":"Feature","geometry":{"type":"LineString","coordinates":[[-89.1884,44.6036],[-89.1849,44.6033]]},"properties":{}},{"type":"Feature","geometry":{"type":"LineString","coordinates":[[-89.1849,44.6033],[-89.1843,44.6028]]},"properties":{}},{"type":"Feature","geometry":{"type":"LineString","coordinates":[[-89.1843,44.6028],[-89.1811,44.6035]]},"properties":{}},{"type":"Feature","geometry":{"type":"LineString","coordinates":[[-89.1767,44.6045],[-89.1754,44.6046]]},"properties":{}},{"type":"Feature","geometry":{"type":"LineString","coordinates":[[-89.1754,44.6046],[-89.1744,44.6033]]},"properties":{}},{"type":"Feature","geometry":{"type":"LineString","coordinates":[[-89.1744,44.6033],[-89.1732,44.6037]]},"properties":{}},{"type":"Feature","geometry":{"type":"LineString","coordinates":[[-89.1732,44.6037],[-89.1704,44.6034]]},"properties":{}},{"type":"Feature","geometry":{"type":"LineString","coordinates":[[-89.1704,44.6034],[-89.1699,44.6039]]},"properties":{}},{"type":"Feature","geometry":{"type":"LineString","coordinates":[[-89.1699,44.6039],[-89.1691,44.6036]]},"properties":{}},{"type":"Feature","geometry":{"type":"LineString","coordinates":[[-89.1691,44.6036],[-89.1693,44.604]]},"properties":{}},{"type":"Feature","geometry":{"type":"LineString","coordinates":[[-89.1693,44.604],[-89.1681,44.6039]]},"properties":{}},{"type":"Feature","geometry":{"type":"LineString","coordinates":[[-89.1681,44.6039],[-89.1678,44.6045]]},"properties":{}},{"type":"Feature","geometry":{"type":"LineString","coordinates":[[-89.1678,44.6045],[-89.1668,44.604]]},"properties":{}},{"type":"Feature","geometry":{"type":"LineString","coordinates":[[-89.1668,44.604],[-89.1667,44.6035]]},"properties":{}},{"type":"Feature","geometry":{"type":"LineString","coordinates":[[-89.1667,44.6035],[-89.164,44.6032]]},"properties":{}},{"type":"Feature","geometry":{"type":"LineString","coordinates":[[-89.164,44.6032],[-89.1638,44.6038]]},"properties":{}},{"type":"Feature","geometry":{"type":"LineString","coordinates":[[-89.2707,45.7016],[-89.2699,45.7003]]},"properties":{}},{"type":"Feature","geometry":{"type":"LineString","coordinates":[[-89.2699,45.7003],[-89.2708,45.6986]]},"properties":{}},{"type":"Feature","geometry":{"type":"LineString","coordinates":[[-89.2708,45.6986],[-89.27,45.6981]]},"properties":{}},{"type":"Feature","geometry":{"type":"LineString","coordinates":[[-89.27,45.6981],[-89.2741,45.6932]]},"properties":{}},{"type":"Feature","geometry":{"type":"LineString","coordinates":[[-89.2741,45.6932],[-89.2725,45.6923]]},"properties":{}},{"type":"Feature","geometry":{"type":"LineString","coordinates":[[-89.2725,45.6923],[-89.2725,45.6907]]},"properties":{}},{"type":"Feature","geometry":{"type":"LineString","coordinates":[[-89.2705,45.6916],[-89.2722,45.6911]]},"properties":{}},{"type":"Feature","geometry":{"type":"LineString","coordinates":[[-89.2722,45.6911],[-89.2725,45.6902]]},"properties":{}},{"type":"Feature","geometry":{"type":"LineString","coordinates":[[-89.2725,45.6902],[-89.2731,45.6899]]},"properties":{}},{"type":"Feature","geometry":{"type":"LineString","coordinates":[[-89.2731,45.6899],[-89.2727,45.6894]]},"properties":{}},{"type":"Feature","geometry":{"type":"LineString","coordinates":[[-89.2727,45.6894],[-89.2734,45.688]]},"properties":{}},{"type":"Feature","geometry":{"type":"LineString","coordinates":[[-89.2734,45.688],[-89.2757,45.6869]]},"properties":{}},{"type":"Feature","geometry":{"type":"LineString","coordinates":[[-88.7791,45.603],[-88.7765,45.6027]]},"properties":{}},{"type":"Feature","geometry":{"type":"LineString","coordinates":[[-88.7765,45.6027],[-88.7746,45.6037]]},"properties":{}},{"type":"Feature","geometry":{"type":"LineString","coordinates":[[-88.7746,45.6037],[-88.7722,45.6034]]},"properties":{}},{"type":"Feature","geometry":{"type":"LineString","coordinates":[[-88.7722,45.6034],[-88.7702,45.6019]]},"properties":{}},{"type":"Feature","geometry":{"type":"LineString","coordinates":[[-88.7702,45.6019],[-88.7677,45.6019]]},"properties":{}},{"type":"Feature","geometry":{"type":"LineString","coordinates":[[-88.7677,45.6019],[-88.7682,45.6027]]},"properties":{}},{"type":"Feature","geometry":{"type":"LineString","coordinates":[[-88.7682,45.6027],[-88.7668,45.6046]]},"properties":{}},{"type":"Feature","geometry":{"type":"LineString","coordinates":[[-88.7668,45.6046],[-88.7648,45.6092]]},"properties":{}},{"type":"Feature","geometry":{"type":"LineString","coordinates":[[-88.7648,45.6092],[-88.7649,45.61]]},"properties":{}},{"type":"Feature","geometry":{"type":"LineString","coordinates":[[-88.7649,45.61],[-88.7637,45.6108]]},"properties":{}},{"type":"Feature","geometry":{"type":"LineString","coordinates":[[-88.7637,45.6108],[-88.7635,45.612]]},"properties":{}},{"type":"Feature","geometry":{"type":"LineString","coordinates":[[-88.7635,45.612],[-88.7614,45.6142]]},"properties":{}},{"type":"Feature","geometry":{"type":"LineString","coordinates":[[-88.7614,45.6142],[-88.7605,45.6171]]},"properties":{}},{"type":"Feature","geometry":{"type":"LineString","coordinates":[[-88.7605,45.6171],[-88.758,45.6194]]},"properties":{}},{"type":"Feature","geometry":{"type":"LineString","coordinates":[[-88.758,45.6194],[-88.7585,45.6204]]},"properties":{}},{"type":"Feature","geometry":{"type":"LineString","coordinates":[[-88.7585,45.6204],[-88.7575,45.6217]]},"properties":{}},{"type":"Feature","geometry":{"type":"LineString","coordinates":[[-88.7575,45.6217],[-88.7578,45.6223]]},"properties":{}},{"type":"Feature","geometry":{"type":"LineString","coordinates":[[-88.7578,45.6223],[-88.7567,45.6229]]},"properties":{}},{"type":"Feature","geometry":{"type":"LineString","coordinates":[[-89.041,44.6019],[-89.0397,44.6]]},"properties":{}},{"type":"Feature","geometry":{"type":"LineString","coordinates":[[-89.0397,44.6],[-89.0398,44.5969]]},"properties":{}},{"type":"Feature","geometry":{"type":"LineString","coordinates":[[-89.0087,44.5668],[-89.0056,44.5644]]},"properties":{}},{"type":"Feature","geometry":{"type":"LineString","coordinates":[[-89.0056,44.5644],[-89.0045,44.5647]]},"properties":{}},{"type":"Feature","geometry":{"type":"LineString","coordinates":[[-89.0045,44.5647],[-89.0009,44.5643]]},"properties":{}},{"type":"Feature","geometry":{"type":"LineString","coordinates":[[-89.0009,44.5643],[-88.9991,44.565]]},"properties":{}},{"type":"Feature","geometry":{"type":"LineString","coordinates":[[-88.9991,44.565],[-88.9985,44.5645]]},"properties":{}},{"type":"Feature","geometry":{"type":"LineString","coordinates":[[-88.9985,44.5645],[-88.9981,44.565]]},"properties":{}},{"type":"Feature","geometry":{"type":"LineString","coordinates":[[-88.9981,44.565],[-88.9978,44.5644]]},"properties":{}},{"type":"Feature","geometry":{"type":"LineString","coordinates":[[-88.9978,44.5644],[-88.9968,44.5649]]},"properties":{}},{"type":"Feature","geometry":{"type":"LineString","coordinates":[[-88.9968,44.5649],[-88.9961,44.5646]]},"properties":{}},{"type":"Feature","geometry":{"type":"LineString","coordinates":[[-88.9961,44.5646],[-88.9963,44.5641]]},"properties":{}},{"type":"Feature","geometry":{"type":"LineString","coordinates":[[-88.9963,44.5641],[-88.9959,44.5636]]},"properties":{}},{"type":"Feature","geometry":{"type":"LineString","coordinates":[[-88.4129,45.5747],[-88.4107,45.5738]]},"properties":{}},{"type":"Feature","geometry":{"type":"LineString","coordinates":[[-88.4107,45.5738],[-88.4102,45.5721]]},"properties":{}},{"type":"Feature","geometry":{"type":"LineString","coordinates":[[-88.4102,45.5721],[-88.4091,45.5712]]},"properties":{}},{"type":"Feature","geometry":{"type":"LineString","coordinates":[[-88.4091,45.5712],[-88.4082,45.5693]]},"properties":{}},{"type":"Feature","geometry":{"type":"LineString","coordinates":[[-88.4082,45.5693],[-88.4024,45.5657]]},"properties":{}},{"type":"Feature","geometry":{"type":"LineString","coordinates":[[-88.4024,45.5657],[-88.4012,45.5637]]},"properties":{}},{"type":"Feature","geometry":{"type":"LineString","coordinates":[[-88.4012,45.5637],[-88.3994,45.5637]]},"properties":{}},{"type":"Feature","geometry":{"type":"LineString","coordinates":[[-88.3994,45.5637],[-88.3976,45.5657]]},"properties":{}},{"type":"Feature","geometry":{"type":"LineString","coordinates":[[-88.3976,45.5657],[-88.3958,45.5656]]},"properties":{}},{"type":"Feature","geometry":{"type":"LineString","coordinates":[[-88.3958,45.5656],[-88.3941,45.5671]]},"properties":{}},{"type":"Feature","geometry":{"type":"LineString","coordinates":[[-88.3941,45.5671],[-88.3885,45.5677]]},"properties":{}},{"type":"Feature","geometry":{"type":"LineString","coordinates":[[-88.3885,45.5677],[-88.3878,45.5698]]},"properties":{}},{"type":"Feature","geometry":{"type":"LineString","coordinates":[[-88.3878,45.5698],[-88.389,45.5721]]},"properties":{}},{"type":"Feature","geometry":{"type":"LineString","coordinates":[[-88.389,45.5721],[-88.3876,45.573]]},"properties":{}},{"type":"Feature","geometry":{"type":"LineString","coordinates":[[-88.3876,45.573],[-88.3876,45.5742]]},"properties":{}},{"type":"Feature","geometry":{"type":"LineString","coordinates":[[-88.3876,45.5742],[-88.3872,45.5744]]},"properties":{}},{"type":"Feature","geometry":{"type":"LineString","coordinates":[[-88.3502,45.5544],[-88.3496,45.5556]]},"properties":{}},{"type":"Feature","geometry":{"type":"LineString","coordinates":[[-88.3496,45.5556],[-88.3508,45.5564]]},"properties":{}},{"type":"Feature","geometry":{"type":"LineString","coordinates":[[-88.3508,45.5564],[-88.3533,45.5568]]},"properties":{}},{"type":"Feature","geometry":{"type":"LineString","coordinates":[[-88.3533,45.5568],[-88.3547,45.5575]]},"properties":{}},{"type":"Feature","geometry":{"type":"LineString","coordinates":[[-88.3547,45.5575],[-88.355,45.5592]]},"properties":{}},{"type":"Feature","geometry":{"type":"LineString","coordinates":[[-88.355,45.5592],[-88.3538,45.5604]]},"properties":{}},{"type":"Feature","geometry":{"type":"LineString","coordinates":[[-88.3538,45.5604],[-88.3523,45.5611]]},"properties":{}},{"type":"Feature","geometry":{"type":"LineString","coordinates":[[-88.3523,45.5611],[-88.3446,45.5623]]},"properties":{}},{"type":"Feature","geometry":{"type":"LineString","coordinates":[[-88.3446,45.5623],[-88.3442,45.5628]]},"properties":{}},{"type":"Feature","geometry":{"type":"LineString","coordinates":[[-88.3442,45.5628],[-88.3446,45.5646]]},"properties":{}},{"type":"Feature","geometry":{"type":"LineString","coordinates":[[-88.3446,45.5646],[-88.3405,45.5655]]},"properties":{}},{"type":"Feature","geometry":{"type":"LineString","coordinates":[[-88.3405,45.5655],[-88.3408,45.566]]},"properties":{}},{"type":"Feature","geometry":{"type":"LineString","coordinates":[[-88.3408,45.566],[-88.3418,45.5662]]},"properties":{}},{"type":"Feature","geometry":{"type":"LineString","coordinates":[[-88.3418,45.5662],[-88.3407,45.5676]]},"properties":{}},{"type":"Feature","geometry":{"type":"LineString","coordinates":[[-88.3407,45.5676],[-88.3396,45.5675]]},"properties":{}},{"type":"Feature","geometry":{"type":"LineString","coordinates":[[-88.3396,45.5675],[-88.3331,45.5694]]},"properties":{}},{"type":"Feature","geometry":{"type":"LineString","coordinates":[[-88.5466,45.6367],[-88.5432,45.6336]]},"properties":{}},{"type":"Feature","geometry":{"type":"LineString","coordinates":[[-88.5432,45.6336],[-88.5425,45.6313]]},"properties":{}},{"type":"Feature","geometry":{"type":"LineString","coordinates":[[-88.5425,45.6313],[-88.5433,45.6298]]},"properties":{}},{"type":"Feature","geometry":{"type":"LineString","coordinates":[[-88.5433,45.6298],[-88.5444,45.629]]},"properties":{}},{"type":"Feature","geometry":{"type":"LineString","coordinates":[[-88.5444,45.629],[-88.5469,45.6284]]},"properties":{}},{"type":"Feature","geometry":{"type":"LineString","coordinates":[[-88.5469,45.6284],[-88.5477,45.6278]]},"properties":{}},{"type":"Feature","geometry":{"type":"LineString","coordinates":[[-88.5477,45.6278],[-88.5476,45.627]]},"properties":{}},{"type":"Feature","geometry":{"type":"LineString","coordinates":[[-88.5476,45.627],[-88.5489,45.6244]]},"properties":{}},{"type":"Feature","geometry":{"type":"LineString","coordinates":[[-88.5414,45.81],[-88.5422,45.8094]]},"properties":{}},{"type":"Feature","geometry":{"type":"LineString","coordinates":[[-88.4351,45.8628],[-88.4322,45.8581]]},"properties":{}},{"type":"Feature","geometry":{"type":"LineString","coordinates":[[-88.4322,45.8581],[-88.4292,45.8569]]},"properties":{}},{"type":"Feature","geometry":{"type":"LineString","coordinates":[[-88.3725,45.9136],[-88.3711,45.9122]]},"properties":{}},{"type":"Feature","geometry":{"type":"LineString","coordinates":[[-88.3711,45.9122],[-88.3666,45.9124]]},"properties":{}},{"type":"Feature","geometry":{"type":"LineString","coordinates":[[-88.3666,45.9124],[-88.365,45.9104]]},"properties":{}},{"type":"Feature","geometry":{"type":"LineString","coordinates":[[-88.3655,45.9093],[-88.3665,45.9091]]},"properties":{}},{"type":"Feature","geometry":{"type":"LineString","coordinates":[[-88.3665,45.9091],[-88.3668,45.9078]]},"properties":{}},{"type":"Feature","geometry":{"type":"LineString","coordinates":[[-88.3687,45.9063],[-88.3679,45.9045]]},"properties":{}},{"type":"Feature","geometry":{"type":"LineString","coordinates":[[-88.3679,45.9045],[-88.3681,45.9026]]},"properties":{}},{"type":"Feature","geometry":{"type":"LineString","coordinates":[[-88.3681,45.9026],[-88.3673,45.9006]]},"properties":{}},{"type":"Feature","geometry":{"type":"LineString","coordinates":[[-92.5279,44.7985],[-92.5278,44.7981]]},"properties":{}},{"type":"Feature","geometry":{"type":"LineString","coordinates":[[-92.5278,44.7981],[-92.5292,44.7971]]},"properties":{}},{"type":"Feature","geometry":{"type":"LineString","coordinates":[[-92.5292,44.7971],[-92.5288,44.7963]]},"properties":{}},{"type":"Feature","geometry":{"type":"LineString","coordinates":[[-92.5288,44.7963],[-92.5302,44.7959]]},"properties":{}},{"type":"Feature","geometry":{"type":"LineString","coordinates":[[-92.5302,44.7959],[-92.5293,44.7951]]},"properties":{}},{"type":"Feature","geometry":{"type":"LineString","coordinates":[[-92.5293,44.7951],[-92.53,44.7945]]},"properties":{}},{"type":"Feature","geometry":{"type":"LineString","coordinates":[[-92.5319,44.7868],[-92.5327,44.787]]},"properties":{}},{"type":"Feature","geometry":{"type":"LineString","coordinates":[[-92.5327,44.787],[-92.5342,44.7865]]},"properties":{}},{"type":"Feature","geometry":{"type":"LineString","coordinates":[[-92.5342,44.7865],[-92.5362,44.7838]]},"properties":{}},{"type":"Feature","geometry":{"type":"LineString","coordinates":[[-92.5362,44.7838],[-92.5355,44.7829]]},"properties":{}},{"type":"Feature","geometry":{"type":"LineString","coordinates":[[-92.5355,44.7829],[-92.5366,44.782]]},"properties":{}},{"type":"Feature","geometry":{"type":"LineString","coordinates":[[-92.5366,44.782],[-92.5381,44.7814]]},"properties":{}},{"type":"Feature","geometry":{"type":"LineString","coordinates":[[-92.5411,44.7802],[-92.5398,44.7773]]},"properties":{}},{"type":"Feature","geometry":{"type":"LineString","coordinates":[[-92.5398,44.7773],[-92.538,44.7758]]},"properties":{}},{"type":"Feature","geometry":{"type":"LineString","coordinates":[[-92.5464,44.7681],[-92.5487,44.7678]]},"properties":{}},{"type":"Feature","geometry":{"type":"LineString","coordinates":[[-92.5487,44.7678],[-92.5512,44.7662]]},"properties":{}},{"type":"Feature","geometry":{"type":"LineString","coordinates":[[-92.5638,44.7428],[-92.5639,44.7418]]},"properties":{}},{"type":"Feature","geometry":{"type":"LineString","coordinates":[[-92.5639,44.7418],[-92.5646,44.7415]]},"properties":{}},{"type":"Feature","geometry":{"type":"LineString","coordinates":[[-92.5646,44.7415],[-92.5647,44.7422]]},"properties":{}},{"type":"Feature","geometry":{"type":"LineString","coordinates":[[-92.5647,44.7422],[-92.5655,44.742]]},"properties":{}},{"type":"Feature","geometry":{"type":"LineString","coordinates":[[-92.5655,44.742],[-92.5651,44.7417]]},"properties":{}},{"type":"Feature","geometry":{"type":"LineString","coordinates":[[-92.5651,44.7417],[-92.5652,44.7405]]},"properties":{}},{"type":"Feature","geometry":{"type":"LineString","coordinates":[[-92.5657,44.7396],[-92.5655,44.7388]]},"properties":{}},{"type":"Feature","geometry":{"type":"LineString","coordinates":[[-92.5655,44.7388],[-92.5665,44.7384]]},"properties":{}},{"type":"Feature","geometry":{"type":"LineString","coordinates":[[-92.5665,44.7384],[-92.5668,44.739]]},"properties":{}},{"type":"Feature","geometry":{"type":"LineString","coordinates":[[-92.5777,44.736],[-92.5775,44.7348]]},"properties":{}},{"type":"Feature","geometry":{"type":"LineString","coordinates":[[-92.5775,44.7348],[-92.579,44.7348]]},"properties":{}},{"type":"Feature","geometry":{"type":"LineString","coordinates":[[-92.579,44.7348],[-92.5786,44.7338]]},"properties":{}},{"type":"Feature","geometry":{"type":"LineString","coordinates":[[-92.5786,44.7338],[-92.5811,44.7333]]},"properties":{}},{"type":"Feature","geometry":{"type":"LineString","coordinates":[[-92.5811,44.7333],[-92.5829,44.7316]]},"properties":{}},{"type":"Feature","geometry":{"type":"LineString","coordinates":[[-92.5781,44.7256],[-92.5778,44.7243]]},"properties":{}},{"type":"Feature","geometry":{"type":"LineString","coordinates":[[-92.5778,44.7243],[-92.579,44.724]]},"properties":{}},{"type":"Feature","geometry":{"type":"LineString","coordinates":[[-92.579,44.724],[-92.5779,44.7234]]},"properties":{}},{"type":"Feature","geometry":{"type":"LineString","coordinates":[[-92.5779,44.7234],[-92.5781,44.7226]]},"properties":{}},{"type":"Feature","geometry":{"type":"LineString","coordinates":[[-92.5781,44.7226],[-92.5774,44.7209]]},"properties":{}},{"type":"Feature","geometry":{"type":"LineString","coordinates":[[-92.5774,44.7209],[-92.5792,44.7199]]},"properties":{}},{"type":"Feature","geometry":{"type":"LineString","coordinates":[[-92.576,44.7191],[-92.5723,44.7177]]},"properties":{}},{"type":"Feature","geometry":{"type":"LineString","coordinates":[[-92.5723,44.7177],[-92.5728,44.7168]]},"properties":{}},{"type":"Feature","geometry":{"type":"LineString","coordinates":[[-92.5901,44.6626],[-92.5917,44.6623]]},"properties":{}},{"type":"Feature","geometry":{"type":"LineString","coordinates":[[-92.5917,44.6623],[-92.5918,44.6615]]},"properties":{}},{"type":"Feature","geometry":{"type":"LineString","coordinates":[[-92.5918,44.6615],[-92.5908,44.6598]]},"properties":{}},{"type":"Feature","geometry":{"type":"LineString","coordinates":[[-92.5918,44.6584],[-92.5914,44.6579]]},"properties":{}},{"type":"Feature","geometry":{"type":"LineString","coordinates":[[-92.5914,44.6579],[-92.5921,44.6573]]},"properties":{}},{"type":"Feature","geometry":{"type":"LineString","coordinates":[[-92.5904,44.6525],[-92.5891,44.6494]]},"properties":{}},{"type":"Feature","geometry":{"type":"LineString","coordinates":[[-92.5891,44.6494],[-92.5879,44.6482]]},"properties":{}},{"type":"Feature","geometry":{"type":"LineString","coordinates":[[-92.5879,44.6482],[-92.589,44.6476]]},"properties":{}},{"type":"Feature","geometry":{"type":"LineString","coordinates":[[-92.589,44.6476],[-92.589,44.6458]]},"properties":{}},{"type":"Feature","geometry":{"type":"LineString","coordinates":[[-92.589,44.6458],[-92.5866,44.6435]]},"properties":{}},{"type":"Feature","geometry":{"type":"LineString","coordinates":[[-88.0893,45.741],[-88.0869,45.741]]},"properties":{}},{"type":"Feature","geometry":{"type":"LineString","coordinates":[[-88.0869,45.741],[-88.084,45.7395]]},"properties":{}},{"type":"Feature","geometry":{"type":"LineString","coordinates":[[-92.0678,44.8159],[-92.0658,44.8143]]},"properties":{}},{"type":"Feature","geometry":{"type":"LineString","coordinates":[[-92.0676,44.8216],[-92.0674,44.8209]]},"properties":{}},{"type":"Feature","geometry":{"type":"LineString","coordinates":[[-92.0674,44.8209],[-92.0665,44.8208]]},"properties":{}},{"type":"Feature","geometry":{"type":"LineString","coordinates":[[-92.0665,44.8208],[-92.0648,44.819]]},"properties":{}},{"type":"Feature","geometry":{"type":"LineString","coordinates":[[-92.0662,44.8161],[-92.0652,44.8154]]},"properties":{}},{"type":"Feature","geometry":{"type":"LineString","coordinates":[[-92.0652,44.8154],[-92.0658,44.8143]]},"properties":{}},{"type":"Feature","geometry":{"type":"LineString","coordinates":[[-92.0658,44.8143],[-92.0654,44.8141]]},"properties":{}},{"type":"Feature","geometry":{"type":"LineString","coordinates":[[-92.0654,44.8141],[-92.0656,44.8136]]},"properties":{}},{"type":"Feature","geometry":{"type":"LineString","coordinates":[[-92.0656,44.8136],[-92.0666,44.8134]]},"properties":{}},{"type":"Feature","geometry":{"type":"LineString","coordinates":[[-92.0666,44.8134],[-92.0662,44.8124]]},"properties":{}},{"type":"Feature","geometry":{"type":"LineString","coordinates":[[-92.0662,44.8124],[-92.0669,44.8112]]},"properties":{}},{"type":"Feature","geometry":{"type":"LineString","coordinates":[[-92.0669,44.8112],[-92.0661,44.8108]]},"properties":{}},{"type":"Feature","geometry":{"type":"LineString","coordinates":[[-92.0661,44.8108],[-92.0662,44.8102]]},"properties":{}},{"type":"Feature","geometry":{"type":"LineString","coordinates":[[-91.9859,44.9265],[-91.9872,44.9257]]},"properties":{}},{"type":"Feature","geometry":{"type":"LineString","coordinates":[[-91.4963,45.0416],[-91.4962,45.0407]]},"properties":{}},{"type":"Feature","geometry":{"type":"LineString","coordinates":[[-91.4962,45.0407],[-91.4955,45.0403]]},"properties":{}},{"type":"Feature","geometry":{"type":"LineString","coordinates":[[-91.4955,45.0403],[-91.4947,45.0389]]},"properties":{}},{"type":"Feature","geometry":{"type":"LineString","coordinates":[[-91.2968,45.7],[-91.2952,45.6998]]},"properties":{}},{"type":"Feature","geometry":{"type":"LineString","coordinates":[[-91.2952,45.6998],[-91.2942,45.7002]]},"properties":{}},{"type":"Feature","geometry":{"type":"LineString","coordinates":[[-91.2942,45.7002],[-91.2934,45.7012]]},"properties":{}},{"type":"Feature","geometry":{"type":"LineString","coordinates":[[-91.2934,45.7012],[-91.2935,45.7025]]},"properties":{}},{"type":"Feature","geometry":{"type":"LineString","coordinates":[[-91.2935,45.7025],[-91.2909,45.7032]]},"properties":{}},{"type":"Feature","geometry":{"type":"LineString","coordinates":[[-90.9751,43.7244],[-90.9764,43.7245]]},"properties":{}},{"type":"Feature","geometry":{"type":"LineString","coordinates":[[-90.9764,43.7245],[-90.9769,43.724]]},"properties":{}},{"type":"Feature","geometry":{"type":"LineString","coordinates":[[-90.9769,43.724],[-90.9764,43.7231]]},"properties":{}},{"type":"Feature","geometry":{"type":"LineString","coordinates":[[-90.9803,43.7188],[-90.9821,43.7187]]},"properties":{}},{"type":"Feature","geometry":{"type":"LineString","coordinates":[[-90.9821,43.7187],[-90.9831,43.7177]]},"properties":{}},{"type":"Feature","geometry":{"type":"LineString","coordinates":[[-90.9831,43.7177],[-90.9823,43.7174]]},"properties":{}},{"type":"Feature","geometry":{"type":"LineString","coordinates":[[-90.9957,43.718],[-90.9971,43.7174]]},"properties":{}},{"type":"Feature","geometry":{"type":"LineString","coordinates":[[-90.9971,43.7174],[-90.9968,43.7166]]},"properties":{}},{"type":"Feature","geometry":{"type":"LineString","coordinates":[[-91.0003,43.7112],[-91.0011,43.7104]]},"properties":{}},{"type":"Feature","geometry":{"type":"LineString","coordinates":[[-91.0029,43.7067],[-91.0034,43.7064]]},"properties":{}},{"type":"Feature","geometry":{"type":"LineString","coordinates":[[-91.0079,43.7058],[-91.0101,43.7051]]},"properties":{}},{"type":"Feature","geometry":{"type":"LineString","coordinates":[[-91.0101,43.7051],[-91.0118,43.707]]},"properties":{}},{"type":"Feature","geometry":{"type":"LineString","coordinates":[[-91.0118,43.707],[-91.0201,43.7042]]},"properties":{}},{"type":"Feature","geometry":{"type":"LineString","coordinates":[[-91.0201,43.7042],[-91.0207,43.7035]]},"properties":{}},{"type":"Feature","geometry":{"type":"LineString","coordinates":[[-91.0207,43.7035],[-91.0202,43.7024]]},"properties":{}},{"type":"Feature","geometry":{"type":"LineString","coordinates":[[-91.0202,43.7024],[-91.0235,43.7005]]},"properties":{}},{"type":"Feature","geometry":{"type":"LineString","coordinates":[[-91.0228,43.6996],[-91.0237,43.6987]]},"properties":{}},{"type":"Feature","geometry":{"type":"LineString","coordinates":[[-91.0237,43.6987],[-91.0235,43.6982]]},"properties":{}},{"type":"Feature","geometry":{"type":"LineString","coordinates":[[-91.0235,43.6982],[-91.0256,43.6981]]},"properties":{}},{"type":"Feature","geometry":{"type":"LineString","coordinates":[[-91.0256,43.6981],[-91.0275,43.699]]},"properties":{}},{"type":"Feature","geometry":{"type":"LineString","coordinates":[[-91.0275,43.699],[-91.0287,43.6987]]},"properties":{}},{"type":"Feature","geometry":{"type":"LineString","coordinates":[[-91.0287,43.6987],[-91.029,43.6975]]},"properties":{}},{"type":"Feature","geometry":{"type":"LineString","coordinates":[[-91.029,43.6975],[-91.0303,43.6975]]},"properties":{}},{"type":"Feature","geometry":{"type":"LineString","coordinates":[[-91.0303,43.6975],[-91.0303,43.6964]]},"properties":{}},{"type":"Feature","geometry":{"type":"LineString","coordinates":[[-91.0303,43.6964],[-91.0324,43.6959]]},"properties":{}},{"type":"Feature","geometry":{"type":"LineString","coordinates":[[-91.0324,43.6959],[-91.0333,43.6948]]},"properties":{}},{"type":"Feature","geometry":{"type":"LineString","coordinates":[[-91.0333,43.6948],[-91.0353,43.6939]]},"properties":{}},{"type":"Feature","geometry":{"type":"LineString","coordinates":[[-91.0353,43.6939],[-91.0362,43.6941]]},"properties":{}},{"type":"Feature","geometry":{"type":"LineString","coordinates":[[-91.0362,43.6941],[-91.0362,43.6949]]},"properties":{}},{"type":"Feature","geometry":{"type":"LineString","coordinates":[[-91.0402,43.6955],[-91.039,43.695]]},"properties":{}},{"type":"Feature","geometry":{"type":"LineString","coordinates":[[-91.039,43.695],[-91.0401,43.6945]]},"properties":{}},{"type":"Feature","geometry":{"type":"LineString","coordinates":[[-91.0427,43.6916],[-91.0444,43.6883]]},"properties":{}},{"type":"Feature","geometry":{"type":"LineString","coordinates":[[-91.0444,43.6883],[-91.0433,43.6877]]},"properties":{}},{"type":"Feature","geometry":{"type":"LineString","coordinates":[[-91.0433,43.6877],[-91.044,43.6869]]},"properties":{}},{"type":"Feature","geometry":{"type":"LineString","coordinates":[[-91.044,43.6869],[-91.0431,43.6849]]},"properties":{}},{"type":"Feature","geometry":{"type":"LineString","coordinates":[[-91.0431,43.6849],[-91.0437,43.6843]]},"properties":{}},{"type":"Feature","geometry":{"type":"LineString","coordinates":[[-91.0655,43.6703],[-91.0684,43.6684]]},"properties":{}},{"type":"Feature","geometry":{"type":"LineString","coordinates":[[-91.0684,43.6684],[-91.0697,43.6669]]},"properties":{}},{"type":"Feature","geometry":{"type":"LineString","coordinates":[[-91.0697,43.6669],[-91.0701,43.6655]]},"properties":{}},{"type":"Feature","geometry":{"type":"LineString","coordinates":[[-91.0701,43.6655],[-91.0709,43.6655]]},"properties":{}},{"type":"Feature","geometry":{"type":"LineString","coordinates":[[-91.0709,43.6655],[-91.071,43.6625]]},"properties":{}},{"type":"Feature","geometry":{"type":"LineString","coordinates":[[-91.071,43.6625],[-91.0727,43.6616]]},"properties":{}},{"type":"Feature","geometry":{"type":"LineString","coordinates":[[-91.0727,43.6616],[-91.075,43.6626]]},"properties":{}},{"type":"Feature","geometry":{"type":"LineString","coordinates":[[-91.075,43.6626],[-91.0777,43.6613]]},"properties":{}},{"type":"Feature","geometry":{"type":"LineString","coordinates":[[-91.0777,43.6613],[-91.0792,43.6616]]},"properties":{}},{"type":"Feature","geometry":{"type":"LineString","coordinates":[[-91.0791,43.6623],[-91.0802,43.663]]},"properties":{}},{"type":"Feature","geometry":{"type":"LineString","coordinates":[[-91.0802,43.663],[-91.0812,43.6625]]},"properties":{}},{"type":"Feature","geometry":{"type":"LineString","coordinates":[[-91.0812,43.6625],[-91.0824,43.6627]]},"properties":{}},{"type":"Feature","geometry":{"type":"LineString","coordinates":[[-91.0824,43.6627],[-91.0838,43.6614]]},"properties":{}},{"type":"Feature","geometry":{"type":"LineString","coordinates":[[-91.0838,43.6614],[-91.0855,43.6611]]},"properties":{}},{"type":"Feature","geometry":{"type":"LineString","coordinates":[[-91.0855,43.6611],[-91.0865,43.6595]]},"properties":{}},{"type":"Feature","geometry":{"type":"LineString","coordinates":[[-90.998,43.8149],[-90.9989,43.8153]]},"properties":{}},{"type":"Feature","geometry":{"type":"LineString","coordinates":[[-90.9989,43.8153],[-91.0016,43.818]]},"properties":{}},{"type":"Feature","geometry":{"type":"LineString","coordinates":[[-91.0016,43.818],[-91.0018,43.8186]]},"properties":{}},{"type":"Feature","geometry":{"type":"LineString","coordinates":[[-91.0018,43.8186],[-91.003,43.8188]]},"properties":{}},{"type":"Feature","geometry":{"type":"LineString","coordinates":[[-91.003,43.8188],[-91.0038,43.8197]]},"properties":{}},{"type":"Feature","geometry":{"type":"LineString","coordinates":[[-91.0038,43.8197],[-91.0054,43.8197]]},"properties":{}},{"type":"Feature","geometry":{"type":"LineString","coordinates":[[-91.0054,43.8197],[-91.0058,43.8192]]},"properties":{}},{"type":"Feature","geometry":{"type":"LineString","coordinates":[[-91.0092,43.8193],[-91.0096,43.8187]]},"properties":{}},{"type":"Feature","geometry":{"type":"LineString","coordinates":[[-91.0096,43.8187],[-91.0144,43.8196]]},"properties":{}},{"type":"Feature","geometry":{"type":"LineString","coordinates":[[-91.0144,43.8196],[-91.0216,43.8234]]},"properties":{}},{"type":"Feature","geometry":{"type":"LineString","coordinates":[[-91.0254,43.8248],[-91.0296,43.8249]]},"properties":{}},{"type":"Feature","geometry":{"type":"LineString","coordinates":[[-91.0296,43.8249],[-91.0319,43.8257]]},"properties":{}},{"type":"Feature","geometry":{"type":"LineString","coordinates":[[-91.0319,43.8257],[-91.0324,43.8264]]},"properties":{}},{"type":"Feature","geometry":{"type":"LineString","coordinates":[[-91.0324,43.8264],[-91.0333,43.826]]},"properties":{}},{"type":"Feature","geometry":{"type":"LineString","coordinates":[[-91.0333,43.826],[-91.0356,43.8268]]},"properties":{}},{"type":"Feature","geometry":{"type":"LineString","coordinates":[[-91.0356,43.8268],[-91.0372,43.826]]},"properties":{}},{"type":"Feature","geometry":{"type":"LineString","coordinates":[[-91.0372,43.826],[-91.0384,43.8267]]},"properties":{}},{"type":"Feature","geometry":{"type":"LineString","coordinates":[[-91.0384,43.8267],[-91.0413,43.827]]},"properties":{}},{"type":"Feature","geometry":{"type":"LineString","coordinates":[[-91.0413,43.827],[-91.0415,43.8275]]},"properties":{}},{"type":"Feature","geometry":{"type":"LineString","coordinates":[[-91.0415,43.8275],[-91.0424,43.8273]]},"properties":{}},{"type":"Feature","geometry":{"type":"LineString","coordinates":[[-91.0424,43.8273],[-91.0433,43.8287]]},"properties":{}},{"type":"Feature","geometry":{"type":"LineString","coordinates":[[-91.0433,43.8287],[-91.0444,43.8287]]},"properties":{}},{"type":"Feature","geometry":{"type":"LineString","coordinates":[[-91.0503,43.8273],[-91.0501,43.8278]]},"properties":{}},{"type":"Feature","geometry":{"type":"LineString","coordinates":[[-91.0501,43.8278],[-91.0506,43.8277]]},"properties":{}},{"type":"Feature","geometry":{"type":"LineString","coordinates":[[-91.0506,43.8277],[-91.0509,43.8285]]},"properties":{}},{"type":"Feature","geometry":{"type":"LineString","coordinates":[[-91.0522,43.8285],[-91.0528,43.8291]]},"properties":{}},{"type":"Feature","geometry":{"type":"LineString","coordinates":[[-91.0528,43.8291],[-91.0534,43.8283]]},"properties":{}},{"type":"Feature","geometry":{"type":"LineString","coordinates":[[-91.0534,43.8283],[-91.0544,43.8287]]},"properties":{}},{"type":"Feature","geometry":{"type":"LineString","coordinates":[[-91.0544,43.8287],[-91.0546,43.8281]]},"properties":{}},{"type":"Feature","geometry":{"type":"LineString","coordinates":[[-91.0617,43.8295],[-91.062,43.8305]]},"properties":{}},{"type":"Feature","geometry":{"type":"LineString","coordinates":[[-91.062,43.8305],[-91.0629,43.83]]},"properties":{}},{"type":"Feature","geometry":{"type":"LineString","coordinates":[[-91.3731,45.5123],[-91.3763,45.51]]},"properties":{}},{"type":"Feature","geometry":{"type":"LineString","coordinates":[[-91.3763,45.51],[-91.376,45.5077]]},"properties":{}},{"type":"Feature","geometry":{"type":"LineString","coordinates":[[-91.376,45.5077],[-91.3752,45.5071]]},"properties":{}},{"type":"Feature","geometry":{"type":"LineString","coordinates":[[-91.3752,45.5071],[-91.3724,45.5077]]},"properties":{}},{"type":"Feature","geometry":{"type":"LineString","coordinates":[[-91.3724,45.5077],[-91.37,45.5057]]},"properties":{}},{"type":"Feature","geometry":{"type":"LineString","coordinates":[[-91.37,45.5057],[-91.367,45.5043]]},"properties":{}},{"type":"Feature","geometry":{"type":"LineString","coordinates":[[-91.367,45.5043],[-91.3668,45.5036]]},"properties":{}},{"type":"Feature","geometry":{"type":"LineString","coordinates":[[-91.3668,45.5036],[-91.3633,45.5031]]},"properties":{}},{"type":"Feature","geometry":{"type":"LineString","coordinates":[[-91.3549,45.5039],[-91.3546,45.5045]]},"properties":{}},{"type":"Feature","geometry":{"type":"LineString","coordinates":[[-91.3546,45.5045],[-91.3533,45.5032]]},"properties":{}},{"type":"Feature","geometry":{"type":"LineString","coordinates":[[-91.3533,45.5032],[-91.3517,45.5035]]},"properties":{}},{"type":"Feature","geometry":{"type":"LineString","coordinates":[[-91.351,45.5043],[-91.3479,45.5036]]},"properties":{}},{"type":"Feature","geometry":{"type":"LineString","coordinates":[[-91.3479,45.5036],[-91.348,45.5024]]},"properties":{}},{"type":"Feature","geometry":{"type":"LineString","coordinates":[[-91.348,45.5024],[-91.3461,45.5006]]},"properties":{}},{"type":"Feature","geometry":{"type":"LineString","coordinates":[[-91.3461,45.5006],[-91.3471,45.5001]]},"properties":{}},{"type":"Feature","geometry":{"type":"LineString","coordinates":[[-91.3471,45.5001],[-91.3472,45.499]]},"properties":{}},{"type":"Feature","geometry":{"type":"LineString","coordinates":[[-91.3472,45.499],[-91.3466,45.498]]},"properties":{}},{"type":"Feature","geometry":{"type":"LineString","coordinates":[[-91.3466,45.498],[-91.3489,45.4961]]},"properties":{}},{"type":"Feature","geometry":{"type":"LineString","coordinates":[[-91.3489,45.4961],[-91.3487,45.4953]]},"properties":{}},{"type":"Feature","geometry":{"type":"LineString","coordinates":[[-91.3487,45.4953],[-91.3472,45.4944]]},"properties":{}},{"type":"Feature","geometry":{"type":"LineString","coordinates":[[-91.3472,45.4944],[-91.3448,45.494]]},"properties":{}},{"type":"Feature","geometry":{"type":"LineString","coordinates":[[-91.3448,45.494],[-91.3446,45.493]]},"properties":{}},{"type":"Feature","geometry":{"type":"LineString","coordinates":[[-91.3446,45.493],[-91.3418,45.4936]]},"properties":{}},{"type":"Feature","geometry":{"type":"LineString","coordinates":[[-91.3418,45.4936],[-91.3398,45.4924]]},"properties":{}},{"type":"Feature","geometry":{"type":"LineString","coordinates":[[-91.3398,45.4924],[-91.3391,45.49]]},"properties":{}},{"type":"Feature","geometry":{"type":"LineString","coordinates":[[-91.3391,45.49],[-91.3424,45.4874]]},"properties":{}},{"type":"Feature","geometry":{"type":"LineString","coordinates":[[-91.3424,45.4874],[-91.3406,45.4857]]},"properties":{}},{"type":"Feature","geometry":{"type":"LineString","coordinates":[[-91.3406,45.4857],[-91.3376,45.4853]]},"properties":{}},{"type":"Feature","geometry":{"type":"LineString","coordinates":[[-91.3376,45.4853],[-91.3376,45.4824]]},"properties":{}},{"type":"Feature","geometry":{"type":"LineString","coordinates":[[-91.3376,45.4824],[-91.3381,45.4815]]},"properties":{}},{"type":"Feature","geometry":{"type":"LineString","coordinates":[[-91.3381,45.4815],[-91.3376,45.4794]]},"properties":{}},{"type":"Feature","geometry":{"type":"LineString","coordinates":[[-91.1659,43.9661],[-91.1681,43.9666]]},"properties":{}},{"type":"Feature","geometry":{"type":"LineString","coordinates":[[-91.1679,43.9669],[-91.1684,43.9675]]},"properties":{}},{"type":"Feature","geometry":{"type":"LineString","coordinates":[[-91.1684,43.9675],[-91.169,43.9673]]},"properties":{}},{"type":"Feature","geometry":{"type":"LineString","coordinates":[[-91.1691,43.9676],[-91.1685,43.9677]]},"properties":{}},{"type":"Feature","geometry":{"type":"LineString","coordinates":[[-91.1685,43.9677],[-91.1691,43.968]]},"properties":{}},{"type":"Feature","geometry":{"type":"LineString","coordinates":[[-91.1691,43.968],[-91.1697,43.9698]]},"properties":{}},{"type":"Feature","geometry":{"type":"LineString","coordinates":[[-91.1697,43.9698],[-91.1713,43.9702]]},"properties":{}},{"type":"Feature","geometry":{"type":"LineString","coordinates":[[-91.1713,43.9702],[-91.1716,43.9708]]},"properties":{}},{"type":"Feature","geometry":{"type":"LineString","coordinates":[[-91.2122,46.1874],[-91.2128,46.1886]]},"properties":{}},{"type":"Feature","geometry":{"type":"LineString","coordinates":[[-91.2128,46.1886],[-91.2147,46.1888]]},"properties":{}},{"type":"Feature","geometry":{"type":"LineString","coordinates":[[-91.2147,46.1888],[-91.2146,46.1892]]},"properties":{}},{"type":"Feature","geometry":{"type":"LineString","coordinates":[[-91.2146,46.1892],[-91.2154,46.1896]]},"properties":{}},{"type":"Feature","geometry":{"type":"LineString","coordinates":[[-91.2154,46.1896],[-91.2152,46.1908]]},"properties":{}},{"type":"Feature","geometry":{"type":"LineString","coordinates":[[-91.2152,46.1908],[-91.2164,46.191]]},"properties":{}},{"type":"Feature","geometry":{"type":"LineString","coordinates":[[-91.2164,46.191],[-91.2163,46.1917]]},"properties":{}},{"type":"Feature","geometry":{"type":"LineString","coordinates":[[-91.2163,46.1917],[-91.2174,46.1921]]},"properties":{}},{"type":"Feature","geometry":{"type":"LineString","coordinates":[[-91.2174,46.1921],[-91.2178,46.1928]]},"properties":{}},{"type":"Feature","geometry":{"type":"LineString","coordinates":[[-91.2305,46.1952],[-91.2308,46.1958]]},"properties":{}},{"type":"Feature","geometry":{"type":"LineString","coordinates":[[-91.2308,46.1958],[-91.232,46.1961]]},"properties":{}},{"type":"Feature","geometry":{"type":"LineString","coordinates":[[-91.1275,43.4158],[-91.1286,43.4143]]},"properties":{}},{"type":"Feature","geometry":{"type":"LineString","coordinates":[[-91.1286,43.4143],[-91.1278,43.4127]]},"properties":{}},{"type":"Feature","geometry":{"type":"LineString","coordinates":[[-91.1278,43.4127],[-91.1286,43.4118]]},"properties":{}},{"type":"Feature","geometry":{"type":"LineString","coordinates":[[-91.1286,43.4118],[-91.1279,43.4112]]},"properties":{}},{"type":"Feature","geometry":{"type":"LineString","coordinates":[[-91.1279,43.4112],[-91.1275,43.4098]]},"properties":{}},{"type":"Feature","geometry":{"type":"LineString","coordinates":[[-91.1275,43.4098],[-91.1283,43.4086]]},"properties":{}},{"type":"Feature","geometry":{"type":"LineString","coordinates":[[-90.8733,44.3478],[-90.8696,44.3468]]},"properties":{}},{"type":"Feature","geometry":{"type":"LineString","coordinates":[[-91.0413,44.3957],[-91.0395,44.3928]]},"properties":{}},{"type":"Feature","geometry":{"type":"LineString","coordinates":[[-91.0395,44.3928],[-91.04,44.392]]},"properties":{}},{"type":"Feature","geometry":{"type":"LineString","coordinates":[[-91.187,44.5559],[-91.1862,44.5583]]},"properties":{}},{"type":"Feature","geometry":{"type":"LineString","coordinates":[[-91.1862,44.5583],[-91.1867,44.5591]]},"properties":{}},{"type":"Feature","geometry":{"type":"LineString","coordinates":[[-90.9218,43.1798],[-90.9243,43.1794]]},"properties":{}},{"type":"Feature","geometry":{"type":"LineString","coordinates":[[-90.9243,43.1794],[-90.9265,43.1781]]},"properties":{}},{"type":"Feature","geometry":{"type":"LineString","coordinates":[[-90.9265,43.1781],[-90.9268,43.1786]]},"properties":{}},{"type":"Feature","geometry":{"type":"LineString","coordinates":[[-90.9772,43.3179],[-90.9779,43.3171]]},"properties":{}},{"type":"Feature","geometry":{"type":"LineString","coordinates":[[-90.9779,43.3171],[-90.98,43.318]]},"properties":{}},{"type":"Feature","geometry":{"type":"LineString","coordinates":[[-90.98,43.318],[-90.9813,43.318]]},"properties":{}},{"type":"Feature","geometry":{"type":"LineString","coordinates":[[-90.9813,43.318],[-90.9824,43.3187]]},"properties":{}},{"type":"Feature","geometry":{"type":"LineString","coordinates":[[-90.9824,43.3187],[-90.9823,43.3192]]},"properties":{}},{"type":"Feature","geometry":{"type":"LineString","coordinates":[[-90.9823,43.3192],[-90.9818,43.3193]]},"properties":{}},{"type":"Feature","geometry":{"type":"LineString","coordinates":[[-90.9818,43.3193],[-90.9821,43.3201]]},"properties":{}},{"type":"Feature","geometry":{"type":"LineString","coordinates":[[-90.9821,43.3201],[-90.9844,43.3204]]},"properties":{}},{"type":"Feature","geometry":{"type":"LineString","coordinates":[[-90.9844,43.3204],[-90.985,43.3199]]},"properties":{}},{"type":"Feature","geometry":{"type":"LineString","coordinates":[[-90.985,43.3199],[-90.9878,43.3199]]},"properties":{}},{"type":"Feature","geometry":{"type":"LineString","coordinates":[[-90.9891,43.3182],[-90.9901,43.3185]]},"properties":{}},{"type":"Feature","geometry":{"type":"LineString","coordinates":[[-90.9901,43.3185],[-90.9896,43.3192]]},"properties":{}},{"type":"Feature","geometry":{"type":"LineString","coordinates":[[-90.9909,43.318],[-90.9922,43.3181]]},"properties":{}},{"type":"Feature","geometry":{"type":"LineString","coordinates":[[-90.9922,43.3181],[-90.9925,43.3176]]},"properties":{}},{"type":"Feature","geometry":{"type":"LineString","coordinates":[[-90.9925,43.3176],[-90.9936,43.3175]]},"properties":{}},{"type":"Feature","geometry":{"type":"LineString","coordinates":[[-90.9936,43.3175],[-90.9947,43.3178]]},"properties":{}},{"type":"Feature","geometry":{"type":"LineString","coordinates":[[-91.0,43.3151],[-91.0012,43.3154]]},"properties":{}},{"type":"Feature","geometry":{"type":"LineString","coordinates":[[-91.0025,43.3148],[-91.0032,43.3142]]},"properties":{}},{"type":"Feature","geometry":{"type":"LineString","coordinates":[[-91.0032,43.3142],[-91.0038,43.3145]]},"properties":{}},{"type":"Feature","geometry":{"type":"LineString","coordinates":[[-91.0038,43.3145],[-91.0041,43.3139]]},"properties":{}},{"type":"Feature","geometry":{"type":"LineString","coordinates":[[-90.9974,43.6978],[-90.9979,43.699]]},"properties":{}},{"type":"Feature","geometry":{"type":"LineString","coordinates":[[-90.9979,43.699],[-91.0004,43.6998]]},"properties":{}},{"type":"Feature","geometry":{"type":"LineString","coordinates":[[-91.0017,43.7013],[-91.0018,43.7025]]},"properties":{}},{"type":"Feature","geometry":{"type":"LineString","coordinates":[[-91.0018,43.7025],[-91.0041,43.7039]]},"properties":{}},{"type":"Feature","geometry":{"type":"LineString","coordinates":[[-91.0041,43.7039],[-91.004,43.7049]]},"properties":{}},{"type":"Feature","geometry":{"type":"LineString","coordinates":[[-91.004,43.7049],[-91.0049,43.7053]]},"properties":{}},{"type":"Feature","geometry":{"type":"LineString","coordinates":[[-90.9856,43.7245],[-90.9841,43.7238]]},"properties":{}},{"type":"Feature","geometry":{"type":"LineString","coordinates":[[-90.9841,43.7238],[-90.9831,43.7175]]},"properties":{}},{"type":"Feature","geometry":{"type":"LineString","coordinates":[[-90.94,43.7691],[-90.9408,43.7683]]},"properties":{}},{"type":"Feature","geometry":{"type":"LineString","coordinates":[[-90.9408,43.7683],[-90.9402,43.7682]]},"properties":{}},{"type":"Feature","geometry":{"type":"LineString","coordinates":[[-90.9401,43.7669],[-90.9411,43.7653]]},"properties":{}},{"type":"Feature","geometry":{"type":"LineString","coordinates":[[-90.9411,43.7653],[-90.9422,43.7651]]},"properties":{}},{"type":"Feature","geometry":{"type":"LineString","coordinates":[[-90.9422,43.7651],[-90.9424,43.7656]]},"properties":{}},{"type":"Feature","geometry":{"type":"LineString","coordinates":[[-90.9424,43.7656],[-90.9435,43.7652]]},"properties":{}},{"type":"Feature","geometry":{"type":"LineString","coordinates":[[-90.9435,43.7652],[-90.9438,43.7646]]},"properties":{}},{"type":"Feature","geometry":{"type":"LineString","coordinates":[[-90.9438,43.7646],[-90.9432,43.764]]},"properties":{}},{"type":"Feature","geometry":{"type":"LineString","coordinates":[[-90.9432,43.764],[-90.944,43.7641]]},"properties":{}},{"type":"Feature","geometry":{"type":"LineString","coordinates":[[-90.944,43.7641],[-90.9442,43.7633]]},"properties":{}},{"type":"Feature","geometry":{"type":"LineString","coordinates":[[-90.9442,43.7633],[-90.9449,43.7639]]},"properties":{}},{"type":"Feature","geometry":{"type":"LineString","coordinates":[[-90.7871,43.4587],[-90.7876,43.4571]]},"properties":{}},{"type":"Feature","geometry":{"type":"LineString","coordinates":[[-90.7874,43.4538],[-90.788,43.452]]},"properties":{}},{"type":"Feature","geometry":{"type":"LineString","coordinates":[[-90.788,43.452],[-90.7887,43.4519]]},"properties":{}},{"type":"Feature","geometry":{"type":"LineString","coordinates":[[-90.647,43.4506],[-90.6484,43.4517]]},"properties":{}},{"type":"Feature","geometry":{"type":"LineString","coordinates":[[-90.665,43.4549],[-90.669,43.4559]]},"properties":{}},{"type":"Feature","geometry":{"type":"LineString","coordinates":[[-90.669,43.4559],[-90.6694,43.4578]]},"properties":{}},{"type":"Feature","geometry":{"type":"LineString","coordinates":[[-90.6694,43.4578],[-90.6723,43.4584]]},"properties":{}},{"type":"Feature","geometry":{"type":"LineString","coordinates":[[-90.6723,43.4584],[-90.6727,43.459]]},"properties":{}},{"type":"Feature","geometry":{"type":"LineString","coordinates":[[-90.6727,43.459],[-90.6745,43.4594]]},"properties":{}},{"type":"Feature","geometry":{"type":"LineString","coordinates":[[-90.6745,43.4594],[-90.6745,43.4601]]},"properties":{}},{"type":"Feature","geometry":{"type":"LineString","coordinates":[[-90.6745,43.4601],[-90.675,43.4596]]},"properties":{}},{"type":"Feature","geometry":{"type":"LineString","coordinates":[[-90.675,43.4596],[-90.6781,43.4611]]},"properties":{}},{"type":"Feature","geometry":{"type":"LineString","coordinates":[[-90.6796,43.4618],[-90.6791,43.4627]]},"properties":{}},{"type":"Feature","geometry":{"type":"LineString","coordinates":[[-90.6791,43.4627],[-90.6821,43.4645]]},"properties":{}},{"type":"Feature","geometry":{"type":"LineString","coordinates":[[-90.6821,43.4645],[-90.6844,43.4649]]},"properties":{}},{"type":"Feature","geometry":{"type":"LineString","coordinates":[[-90.6844,43.4649],[-90.6897,43.4678]]},"properties":{}},{"type":"Feature","geometry":{"type":"LineString","coordinates":[[-90.8687,44.3467],[-90.8681,44.3455]]},"properties":{}},{"type":"Feature","geometry":{"type":"LineString","coordinates":[[-90.6372,43.221],[-90.6359,43.2197]]},"properties":{}},{"type":"Feature","geometry":{"type":"LineString","coordinates":[[-90.6359,43.2197],[-90.636,43.2191]]},"properties":{}},{"type":"Feature","geometry":{"type":"LineString","coordinates":[[-90.636,43.2191],[-90.6367,43.2191]]},"properties":{}},{"type":"Feature","geometry":{"type":"LineString","coordinates":[[-90.6367,43.2191],[-90.6373,43.2182]]},"properties":{}},{"type":"Feature","geometry":{"type":"LineString","coordinates":[[-90.6373,43.2182],[-90.6362,43.218]]},"properties":{}},{"type":"Feature","geometry":{"type":"LineString","coordinates":[[-90.6362,43.218],[-90.6357,43.2172]]},"properties":{}},{"type":"Feature","geometry":{"type":"LineString","coordinates":[[-90.5839,43.4493],[-90.5826,43.4483]]},"properties":{}},{"type":"Feature","geometry":{"type":"LineString","coordinates":[[-90.5826,43.4483],[-90.5832,43.4477]]},"properties":{}},{"type":"Feature","geometry":{"type":"LineString","coordinates":[[-90.5832,43.4477],[-90.5832,43.4464]]},"properties":{}},{"type":"Feature","geometry":{"type":"LineString","coordinates":[[-90.5832,43.4464],[-90.5838,43.446]]},"properties":{}},{"type":"Feature","geometry":{"type":"LineString","coordinates":[[-90.5838,43.446],[-90.583,43.4449]]},"properties":{}},{"type":"Feature","geometry":{"type":"LineString","coordinates":[[-90.583,43.4449],[-90.5832,43.4444]]},"properties":{}},{"type":"Feature","geometry":{"type":"LineString","coordinates":[[-90.5832,43.4444],[-90.581,43.4437]]},"properties":{}},{"type":"Feature","geometry":{"type":"LineString","coordinates":[[-90.5781,43.4423],[-90.5759,43.44]]},"properties":{}},{"type":"Feature","geometry":{"type":"LineString","coordinates":[[-90.5759,43.44],[-90.5736,43.4386]]},"properties":{}},{"type":"Feature","geometry":{"type":"LineString","coordinates":[[-90.5736,43.4386],[-90.5726,43.437]]},"properties":{}},{"type":"Feature","geometry":{"type":"LineString","coordinates":[[-90.5649,43.43],[-90.5649,43.4271]]},"properties":{}},{"type":"Feature","geometry":{"type":"LineString","coordinates":[[-90.5649,43.4271],[-90.561,43.4267]]},"properties":{}},{"type":"Feature","geometry":{"type":"LineString","coordinates":[[-90.561,43.4267],[-90.5608,43.425]]},"properties":{}},{"type":"Feature","geometry":{"type":"LineString","coordinates":[[-90.5596,43.4233],[-90.5602,43.4221]]},"properties":{}},{"type":"Feature","geometry":{"type":"LineString","coordinates":[[-90.5602,43.4221],[-90.5589,43.4217]]},"properties":{}},{"type":"Feature","geometry":{"type":"LineString","coordinates":[[-90.5545,43.4182],[-90.5535,43.4179]]},"properties":{}},{"type":"Feature","geometry":{"type":"LineString","coordinates":[[-90.5517,43.4171],[-90.552,43.4166]]},"properties":{}},{"type":"Feature","geometry":{"type":"LineString","coordinates":[[-90.552,43.4166],[-90.5484,43.4149]]},"properties":{}},{"type":"Feature","geometry":{"type":"LineString","coordinates":[[-90.5484,43.4149],[-90.5474,43.4141]]},"properties":{}},{"type":"Feature","geometry":{"type":"LineString","coordinates":[[-90.5474,43.4141],[-90.5475,43.4136]]},"properties":{}},{"type":"Feature","geometry":{"type":"LineString","coordinates":[[-90.5475,43.4136],[-90.5462,43.4135]]},"properties":{}},{"type":"Feature","geometry":{"type":"LineString","coordinates":[[-90.545,43.4128],[-90.5446,43.4119]]},"properties":{}},{"type":"Feature","geometry":{"type":"LineString","coordinates":[[-90.5446,43.4119],[-90.5461,43.4101]]},"properties":{}},{"type":"Feature","geometry":{"type":"LineString","coordinates":[[-90.7322,42.9025],[-90.7323,42.9014]]},"properties":{}},{"type":"Feature","geometry":{"type":"LineString","coordinates":[[-90.7323,42.9014],[-90.731,42.8996]]},"properties":{}},{"type":"Feature","geometry":{"type":"LineString","coordinates":[[-90.7311,42.8989],[-90.7298,42.8987]]},"properties":{}},{"type":"Feature","geometry":{"type":"LineString","coordinates":[[-90.7298,42.8987],[-90.7301,42.8982]]},"properties":{}},{"type":"Feature","geometry":{"type":"LineString","coordinates":[[-90.7301,42.8982],[-90.7316,42.8978]]},"properties":{}},{"type":"Feature","geometry":{"type":"LineString","coordinates":[[-90.7316,42.8978],[-90.7315,42.8956]]},"properties":{}},{"type":"Feature","geometry":{"type":"LineString","coordinates":[[-90.7315,42.8956],[-90.7291,42.8943]]},"properties":{}},{"type":"Feature","geometry":{"type":"LineString","coordinates":[[-90.7289,42.8932],[-90.7267,42.8921]]},"properties":{}},{"type":"Feature","geometry":{"type":"LineString","coordinates":[[-90.7267,42.8921],[-90.7273,42.8885]]},"properties":{}},{"type":"Feature","geometry":{"type":"LineString","coordinates":[[-90.5379,44.0834],[-90.5391,44.0825]]},"properties":{}},{"type":"Feature","geometry":{"type":"LineString","coordinates":[[-90.5391,44.0825],[-90.5381,44.0817]]},"properties":{}},{"type":"Feature","geometry":{"type":"LineString","coordinates":[[-90.5381,44.0817],[-90.5357,44.0812]]},"properties":{}},{"type":"Feature","geometry":{"type":"LineString","coordinates":[[-90.5357,44.0812],[-90.5348,44.0802]]},"properties":{}},{"type":"Feature","geometry":{"type":"LineString","coordinates":[[-90.5348,44.0802],[-90.5361,44.0789]]},"properties":{}},{"type":"Feature","geometry":{"type":"LineString","coordinates":[[-90.5361,44.0789],[-90.5357,44.0771]]},"properties":{}},{"type":"Feature","geometry":{"type":"LineString","coordinates":[[-90.5357,44.0771],[-90.5366,44.074]]},"properties":{}},{"type":"Feature","geometry":{"type":"LineString","coordinates":[[-90.5281,44.0664],[-90.5282,44.0653]]},"properties":{}},{"type":"Feature","geometry":{"type":"LineString","coordinates":[[-90.5282,44.0653],[-90.5287,44.065]]},"properties":{}},{"type":"Feature","geometry":{"type":"LineString","coordinates":[[-90.5287,44.065],[-90.5282,44.0644]]},"properties":{}},{"type":"Feature","geometry":{"type":"LineString","coordinates":[[-90.5282,44.0644],[-90.5288,44.0637]]},"properties":{}},{"type":"Feature","geometry":{"type":"LineString","coordinates":[[-90.5288,44.0637],[-90.5234,44.0618]]},"properties":{}},{"type":"Feature","geometry":{"type":"LineString","coordinates":[[-90.5551,43.0397],[-90.5545,43.0406]]},"properties":{}},{"type":"Feature","geometry":{"type":"LineString","coordinates":[[-90.5545,43.0406],[-90.5533,43.0406]]},"properties":{}},{"type":"Feature","geometry":{"type":"LineString","coordinates":[[-90.4479,42.8413],[-90.4491,42.842]]},"properties":{}},{"type":"Feature","geometry":{"type":"LineString","coordinates":[[-90.4497,42.8412],[-90.4483,42.8408]]},"properties":{}},{"type":"Feature","geometry":{"type":"LineString","coordinates":[[-90.4471,42.8418],[-90.4479,42.8413]]},"properties":{}},{"type":"Feature","geometry":{"type":"LineString","coordinates":[[-90.4479,42.8413],[-90.4483,42.8408]]},"properties":{}},{"type":"Feature","geometry":{"type":"LineString","coordinates":[[-90.4483,42.8408],[-90.4488,42.8396]]},"properties":{}},{"type":"Feature","geometry":{"type":"LineString","coordinates":[[-90.4488,42.8396],[-90.4501,42.8388]]},"properties":{}},{"type":"Feature","geometry":{"type":"LineString","coordinates":[[-90.4501,42.8388],[-90.4532,42.8394]]},"properties":{}},{"type":"Feature","geometry":{"type":"LineString","coordinates":[[-90.4543,42.8386],[-90.4578,42.8387]]},"properties":{}},{"type":"Feature","geometry":{"type":"LineString","coordinates":[[-90.4578,42.8387],[-90.4584,42.8376]]},"properties":{}},{"type":"Feature","geometry":{"type":"LineString","coordinates":[[-90.4584,42.8376],[-90.4602,42.8364]]},"properties":{}},{"type":"Feature","geometry":{"type":"LineString","coordinates":[[-90.4602,42.8364],[-90.4624,42.8358]]},"properties":{}},{"type":"Feature","geometry":{"type":"LineString","coordinates":[[-90.4624,42.8358],[-90.463,42.8361]]},"properties":{}},{"type":"Feature","geometry":{"type":"LineString","coordinates":[[-90.463,42.8361],[-90.4631,42.8356]]},"properties":{}},{"type":"Feature","geometry":{"type":"LineString","coordinates":[[-90.4648,42.8358],[-90.4655,42.8346]]},"properties":{}},{"type":"Feature","geometry":{"type":"LineString","coordinates":[[-90.4655,42.8346],[-90.4697,42.8343]]},"properties":{}},{"type":"Feature","geometry":{"type":"LineString","coordinates":[[-90.4695,42.8332],[-90.473,42.8326]]},"properties":{}},{"type":"Feature","geometry":{"type":"LineString","coordinates":[[-90.473,42.8326],[-90.4728,42.832]]},"properties":{}},{"type":"Feature","geometry":{"type":"LineString","coordinates":[[-90.4728,42.832],[-90.4739,42.8322]]},"properties":{}},{"type":"Feature","geometry":{"type":"LineString","coordinates":[[-90.4744,42.8319],[-90.4758,42.8329]]},"properties":{}},{"type":"Feature","geometry":{"type":"LineString","coordinates":[[-90.4697,42.8343],[-90.4756,42.833]]},"properties":{}},{"type":"Feature","geometry":{"type":"LineString","coordinates":[[-90.4756,42.833],[-90.4765,42.8329]]},"properties":{}},{"type":"Feature","geometry":{"type":"LineString","coordinates":[[-90.4765,42.8329],[-90.4761,42.8325]]},"properties":{}},{"type":"Feature","geometry":{"type":"LineString","coordinates":[[-90.4761,42.8325],[-90.4766,42.8319]]},"properties":{}},{"type":"Feature","geometry":{"type":"LineString","coordinates":[[-90.4766,42.8319],[-90.4761,42.8316]]},"properties":{}},{"type":"Feature","geometry":{"type":"LineString","coordinates":[[-90.4756,42.833],[-90.4758,42.8329]]},"properties":{}},{"type":"Feature","geometry":{"type":"LineString","coordinates":[[-90.4758,42.8329],[-90.4761,42.8316]]},"properties":{}},{"type":"Feature","geometry":{"type":"LineString","coordinates":[[-90.4761,42.8316],[-90.4755,42.8308]]},"properties":{}},{"type":"Feature","geometry":{"type":"LineString","coordinates":[[-90.4755,42.8308],[-90.4759,42.8293]]},"properties":{}},{"type":"Feature","geometry":{"type":"LineString","coordinates":[[-90.4759,42.8293],[-90.4763,42.8292]]},"properties":{}},{"type":"Feature","geometry":{"type":"LineString","coordinates":[[-90.4763,42.8292],[-90.4758,42.8286]]},"properties":{}},{"type":"Feature","geometry":{"type":"LineString","coordinates":[[-90.4758,42.8286],[-90.4765,42.828]]},"properties":{}},{"type":"Feature","geometry":{"type":"LineString","coordinates":[[-90.4765,42.828],[-90.4761,42.8276]]},"properties":{}},{"type":"Feature","geometry":{"type":"LineString","coordinates":[[-90.4761,42.8276],[-90.4771,42.8268]]},"properties":{}},{"type":"Feature","geometry":{"type":"LineString","coordinates":[[-90.4771,42.8268],[-90.4761,42.8251]]},"properties":{}},{"type":"Feature","geometry":{"type":"LineString","coordinates":[[-90.4761,42.8251],[-90.4774,42.825]]},"properties":{}},{"type":"Feature","geometry":{"type":"LineString","coordinates":[[-90.4774,42.825],[-90.4762,42.8244]]},"properties":{}},{"type":"Feature","geometry":{"type":"LineString","coordinates":[[-90.4762,42.8244],[-90.4772,42.8239]]},"properties":{}},{"type":"Feature","geometry":{"type":"LineString","coordinates":[[-90.4772,42.8239],[-90.4795,42.8241]]},"properties":{}},{"type":"Feature","geometry":{"type":"LineString","coordinates":[[-90.4795,42.8241],[-90.4797,42.8231]]},"properties":{}},{"type":"Feature","geometry":{"type":"LineString","coordinates":[[-90.4797,42.8231],[-90.4807,42.8233]]},"properties":{}},{"type":"Feature","geometry":{"type":"LineString","coordinates":[[-90.4807,42.8233],[-90.4821,42.8224]]},"properties":{}},{"type":"Feature","geometry":{"type":"LineString","coordinates":[[-90.4821,42.8224],[-90.4814,42.82]]},"properties":{}},{"type":"Feature","geometry":{"type":"LineString","coordinates":[[-90.4433,43.0491],[-90.4488,43.0484]]},"properties":{}},{"type":"Feature","geometry":{"type":"LineString","coordinates":[[-90.4488,43.0484],[-90.4496,43.0495]]},"properties":{}},{"type":"Feature","geometry":{"type":"LineString","coordinates":[[-90.5346,43.4146],[-90.5384,43.4141]]},"properties":{}},{"type":"Feature","geometry":{"type":"LineString","coordinates":[[-90.5384,43.4141],[-90.5387,43.4145]]},"properties":{}},{"type":"Feature","geometry":{"type":"LineString","coordinates":[[-90.5387,43.4145],[-90.5405,43.4134]]},"properties":{}},{"type":"Feature","geometry":{"type":"LineString","coordinates":[[-90.5405,43.4134],[-90.5414,43.4136]]},"properties":{}},{"type":"Feature","geometry":{"type":"LineString","coordinates":[[-90.5414,43.4136],[-90.5423,43.4129]]},"properties":{}},{"type":"Feature","geometry":{"type":"LineString","coordinates":[[-90.5423,43.4129],[-90.5447,43.4125]]},"properties":{}},{"type":"Feature","geometry":{"type":"LineString","coordinates":[[-90.4917,43.4159],[-90.4862,43.4157]]},"properties":{}},{"type":"Feature","geometry":{"type":"LineString","coordinates":[[-90.4862,43.4157],[-90.4805,43.4189]]},"properties":{}},{"type":"Feature","geometry":{"type":"LineString","coordinates":[[-90.4805,43.4189],[-90.48,43.4196]]},"properties":{}},{"type":"Feature","geometry":{"type":"LineString","coordinates":[[-90.48,43.4196],[-90.4774,43.4207]]},"properties":{}},{"type":"Feature","geometry":{"type":"LineString","coordinates":[[-90.4774,43.4207],[-90.4738,43.4238]]},"properties":{}},{"type":"Feature","geometry":{"type":"LineString","coordinates":[[-90.4738,43.4238],[-90.4706,43.424]]},"properties":{}},{"type":"Feature","geometry":{"type":"LineString","coordinates":[[-90.4706,43.424],[-90.4662,43.4266]]},"properties":{}},{"type":"Feature","geometry":{"type":"LineString","coordinates":[[-90.546,43.4161],[-90.5462,43.4152]]},"properties":{}},{"type":"Feature","geometry":{"type":"LineString","coordinates":[[-90.5462,43.4152],[-90.5474,43.4152]]},"properties":{}},{"type":"Feature","geometry":{"type":"LineString","coordinates":[[-90.5474,43.4152],[-90.5475,43.4142]]},"properties":{}},{"type":"Feature","geometry":{"type":"LineString","coordinates":[[-90.3766,43.8813],[-90.3751,43.881]]},"properties":{}},{"type":"Feature","geometry":{"type":"LineString","coordinates":[[-90.3751,43.881],[-90.3736,43.8798]]},"properties":{}},{"type":"Feature","geometry":{"type":"LineString","coordinates":[[-90.3736,43.8798],[-90.3718,43.8798]]},"properties":{}},{"type":"Feature","geometry":{"type":"LineString","coordinates":[[-90.3688,43.8793],[-90.3676,43.8791]]},"properties":{}},{"type":"Feature","geometry":{"type":"LineString","coordinates":[[-90.3676,43.8791],[-90.3666,43.878]]},"properties":{}},{"type":"Feature","geometry":{"type":"LineString","coordinates":[[-90.3666,43.878],[-90.3664,43.8769]]},"properties":{}},{"type":"Feature","geometry":{"type":"LineString","coordinates":[[-90.3664,43.8769],[-90.3657,43.8765]]},"properties":{}},{"type":"Feature","geometry":{"type":"LineString","coordinates":[[-90.3657,43.8765],[-90.3658,43.8756]]},"properties":{}},{"type":"Feature","geometry":{"type":"LineString","coordinates":[[-90.3658,43.8756],[-90.3645,43.8758]]},"properties":{}},{"type":"Feature","geometry":{"type":"LineString","coordinates":[[-90.2618,43.0351],[-90.2616,43.036]]},"properties":{}},{"type":"Feature","geometry":{"type":"LineString","coordinates":[[-90.2616,43.036],[-90.2609,43.0361]]},"properties":{}},{"type":"Feature","geometry":{"type":"LineString","coordinates":[[-90.2609,43.0361],[-90.2623,43.0369]]},"properties":{}},{"type":"Feature","geometry":{"type":"LineString","coordinates":[[-90.2623,43.0369],[-90.2625,43.0379]]},"properties":{}},{"type":"Feature","geometry":{"type":"LineString","coordinates":[[-90.2625,43.0379],[-90.263,43.0377]]},"properties":{}},{"type":"Feature","geometry":{"type":"LineString","coordinates":[[-90.263,43.0377],[-90.2629,43.0386]]},"properties":{}},{"type":"Feature","geometry":{"type":"LineString","coordinates":[[-90.2629,43.0386],[-90.2634,43.0385]]},"properties":{}},{"type":"Feature","geometry":{"type":"LineString","coordinates":[[-90.2634,43.0385],[-90.263,43.0393]]},"properties":{}},{"type":"Feature","geometry":{"type":"LineString","coordinates":[[-90.2572,43.0409],[-90.2588,43.0432]]},"properties":{}},{"type":"Feature","geometry":{"type":"LineString","coordinates":[[-90.2588,43.0432],[-90.26,43.0437]]},"properties":{}},{"type":"Feature","geometry":{"type":"LineString","coordinates":[[-90.26,43.0437],[-90.2613,43.0463]]},"properties":{}},{"type":"Feature","geometry":{"type":"LineString","coordinates":[[-90.2613,43.0463],[-90.2587,43.0495]]},"properties":{}},{"type":"Feature","geometry":{"type":"LineString","coordinates":[[-90.2587,43.0495],[-90.2566,43.051]]},"properties":{}},{"type":"Feature","geometry":{"type":"LineString","coordinates":[[-90.2559,43.0556],[-90.259,43.056]]},"properties":{}},{"type":"Feature","geometry":{"type":"LineString","coordinates":[[-90.259,43.056],[-90.2585,43.0572]]},"properties":{}},{"type":"Feature","geometry":{"type":"LineString","coordinates":[[-90.2585,43.0572],[-90.2588,43.0575]]},"properties":{}},{"type":"Feature","geometry":{"type":"LineString","coordinates":[[-90.2588,43.0575],[-90.2607,43.0579]]},"properties":{}},{"type":"Feature","geometry":{"type":"LineString","coordinates":[[-90.2607,43.0579],[-90.2609,43.0585]]},"properties":{}},{"type":"Feature","geometry":{"type":"LineString","coordinates":[[-90.2609,43.0585],[-90.2622,43.0583]]},"properties":{}},{"type":"Feature","geometry":{"type":"LineString","coordinates":[[-90.2622,43.0583],[-90.2627,43.0596]]},"properties":{}},{"type":"Feature","geometry":{"type":"LineString","coordinates":[[-90.2622,43.0599],[-90.261,43.0589]]},"properties":{}},{"type":"Feature","geometry":{"type":"LineString","coordinates":[[-90.261,43.0589],[-90.2605,43.0609]]},"properties":{}},{"type":"Feature","geometry":{"type":"LineString","coordinates":[[-90.2605,43.0609],[-90.2579,43.0603]]},"properties":{}},{"type":"Feature","geometry":{"type":"LineString","coordinates":[[-90.2579,43.0603],[-90.2574,43.0615]]},"properties":{}},{"type":"Feature","geometry":{"type":"LineString","coordinates":[[-90.2126,46.1699],[-90.2128,46.168]]},"properties":{}},{"type":"Feature","geometry":{"type":"LineString","coordinates":[[-90.2128,46.168],[-90.2124,46.1672]]},"properties":{}},{"type":"Feature","geometry":{"type":"LineString","coordinates":[[-90.2124,46.1672],[-90.2135,46.1656]]},"properties":{}},{"type":"Feature","geometry":{"type":"LineString","coordinates":[[-90.2135,46.1656],[-90.213,46.1649]]},"properties":{}},{"type":"Feature","geometry":{"type":"LineString","coordinates":[[-90.213,46.1649],[-90.2112,46.1644]]},"properties":{}},{"type":"Feature","geometry":{"type":"LineString","coordinates":[[-90.2112,46.1644],[-90.2109,46.1636]]},"properties":{}},{"type":"Feature","geometry":{"type":"LineString","coordinates":[[-90.2109,46.1636],[-90.2097,46.1629]]},"properties":{}},{"type":"Feature","geometry":{"type":"LineString","coordinates":[[-90.2097,46.1629],[-90.2098,46.1616]]},"properties":{}},{"type":"Feature","geometry":{"type":"LineString","coordinates":[[-89.9346,45.1325],[-89.941,45.1289]]},"properties":{}},{"type":"Feature","geometry":{"type":"LineString","coordinates":[[-89.9696,45.0991],[-89.9713,45.0969]]},"properties":{}},{"type":"Feature","geometry":{"type":"LineString","coordinates":[[-90.3074,43.3868],[-90.3076,43.3862]]},"properties":{}},{"type":"Feature","geometry":{"type":"LineString","coordinates":[[-90.3076,43.3862],[-90.3089,43.3854]]},"properties":{}},{"type":"Feature","geometry":{"type":"LineString","coordinates":[[-90.3089,43.3854],[-90.3081,43.383]]},"properties":{}},{"type":"Feature","geometry":{"type":"LineString","coordinates":[[-90.3081,43.383],[-90.3085,43.3821]]},"properties":{}},{"type":"Feature","geometry":{"type":"LineString","coordinates":[[-90.3085,43.3821],[-90.3073,43.3815]]},"properties":{}},{"type":"Feature","geometry":{"type":"LineString","coordinates":[[-90.3073,43.3815],[-90.3077,43.3812]]},"properties":{}},{"type":"Feature","geometry":{"type":"LineString","coordinates":[[-90.3077,43.3812],[-90.3072,43.3811]]},"properties":{}},{"type":"Feature","geometry":{"type":"LineString","coordinates":[[-90.3072,43.3811],[-90.3073,43.3805]]},"properties":{}},{"type":"Feature","geometry":{"type":"LineString","coordinates":[[-89.8064,42.8876],[-89.8066,42.8898]]},"properties":{}},{"type":"Feature","geometry":{"type":"LineString","coordinates":[[-89.8066,42.8898],[-89.8078,42.8922]]},"properties":{}},{"type":"Feature","geometry":{"type":"LineString","coordinates":[[-89.8078,42.8922],[-89.8072,42.8923]]},"properties":{}},{"type":"Feature","geometry":{"type":"LineString","coordinates":[[-89.8072,42.8923],[-89.8059,42.895]]},"properties":{}},{"type":"Feature","geometry":{"type":"LineString","coordinates":[[-89.8878,42.9984],[-89.8875,42.9983]]},"properties":{}},{"type":"Feature","geometry":{"type":"LineString","coordinates":[[-89.8875,42.9983],[-89.8878,42.998]]},"properties":{}},{"type":"Feature","geometry":{"type":"LineString","coordinates":[[-89.8878,42.998],[-89.8876,42.9971]]},"properties":{}},{"type":"Feature","geometry":{"type":"LineString","coordinates":[[-89.8876,42.9971],[-89.8871,42.9971]]},"properties":{}},{"type":"Feature","geometry":{"type":"LineString","coordinates":[[-89.8871,42.9971],[-89.8873,42.9967]]},"properties":{}},{"type":"Feature","geometry":{"type":"LineString","coordinates":[[-89.8873,42.9967],[-89.8868,42.9964]]},"properties":{}},{"type":"Feature","geometry":{"type":"LineString","coordinates":[[-89.9975,42.944],[-89.998,42.9432]]},"properties":{}},{"type":"Feature","geometry":{"type":"LineString","coordinates":[[-89.9983,42.9418],[-89.9995,42.9417]]},"properties":{}},{"type":"Feature","geometry":{"type":"LineString","coordinates":[[-89.9995,42.9417],[-89.9995,42.9411]]},"properties":{}},{"type":"Feature","geometry":{"type":"LineString","coordinates":[[-90.0003,42.9411],[-89.9998,42.9405]]},"properties":{}},{"type":"Feature","geometry":{"type":"LineString","coordinates":[[-90.0002,42.9397],[-89.9999,42.9393]]},"properties":{}},{"type":"Feature","geometry":{"type":"LineString","coordinates":[[-89.9999,42.9393],[-90.0007,42.9387]]},"properties":{}},{"type":"Feature","geometry":{"type":"LineString","coordinates":[[-90.0007,42.9387],[-90.0002,42.9381]]},"properties":{}},{"type":"Feature","geometry":{"type":"LineString","coordinates":[[-90.0002,42.9381],[-90.0007,42.9377]]},"properties":{}},{"type":"Feature","geometry":{"type":"LineString","coordinates":[[-90.0007,42.9377],[-89.9997,42.9375]]},"properties":{}},{"type":"Feature","geometry":{"type":"LineString","coordinates":[[-89.9997,42.9375],[-90.0003,42.9359]]},"properties":{}},{"type":"Feature","geometry":{"type":"LineString","coordinates":[[-90.0003,42.9359],[-89.9999,42.9356]]},"properties":{}},{"type":"Feature","geometry":{"type":"LineString","coordinates":[[-89.9999,42.9356],[-90.0006,42.9354]]},"properties":{}},{"type":"Feature","geometry":{"type":"LineString","coordinates":[[-90.0006,42.9354],[-90.001,42.9339]]},"properties":{}},{"type":"Feature","geometry":{"type":"LineString","coordinates":[[-90.001,42.9339],[-90.0024,42.9326]]},"properties":{}},{"type":"Feature","geometry":{"type":"LineString","coordinates":[[-90.0024,42.9326],[-90.0025,42.9306]]},"properties":{}},{"type":"Feature","geometry":{"type":"LineString","coordinates":[[-90.0025,42.9306],[-90.0034,42.9288]]},"properties":{}},{"type":"Feature","geometry":{"type":"LineString","coordinates":[[-90.0034,42.9288],[-90.0034,42.9283]]},"properties":{}},{"type":"Feature","geometry":{"type":"LineString","coordinates":[[-90.0034,42.9283],[-90.0022,42.9281]]},"properties":{}},{"type":"Feature","geometry":{"type":"LineString","coordinates":[[-90.0022,42.9281],[-90.0031,42.9277]]},"properties":{}},{"type":"Feature","geometry":{"type":"LineString","coordinates":[[-90.0031,42.9277],[-90.0027,42.9272]]},"properties":{}},{"type":"Feature","geometry":{"type":"LineString","coordinates":[[-90.0027,42.9272],[-90.0036,42.9263]]},"properties":{}},{"type":"Feature","geometry":{"type":"LineString","coordinates":[[-90.0036,42.9263],[-90.0028,42.9253]]},"properties":{}},{"type":"Feature","geometry":{"type":"LineString","coordinates":[[-90.0028,42.9253],[-90.0041,42.9245]]},"properties":{}},{"type":"Feature","geometry":{"type":"LineString","coordinates":[[-90.0041,42.9245],[-90.0033,42.9226]]},"properties":{}},{"type":"Feature","geometry":{"type":"LineString","coordinates":[[-89.9969,42.9092],[-89.994,42.9078]]},"properties":{}},{"type":"Feature","geometry":{"type":"LineString","coordinates":[[-89.994,42.9078],[-89.9918,42.9074]]},"properties":{}},{"type":"Feature","geometry":{"type":"LineString","coordinates":[[-89.9807,42.8993],[-89.9772,42.8964]]},"properties":{}},{"type":"Feature","geometry":{"type":"LineString","coordinates":[[-89.732,43.979],[-89.7328,43.9793]]},"properties":{}},{"type":"Feature","geometry":{"type":"LineString","coordinates":[[-89.7328,43.9793],[-89.7331,43.9797]]},"properties":{}},{"type":"Feature","geometry":{"type":"LineString","coordinates":[[-89.7331,43.9797],[-89.7326,43.9803]]},"properties":{}},{"type":"Feature","geometry":{"type":"LineString","coordinates":[[-89.7326,43.9803],[-89.7345,43.9801]]},"properties":{}},{"type":"Feature","geometry":{"type":"LineString","coordinates":[[-89.7356,43.981],[-89.7354,43.9814]]},"properties":{}},{"type":"Feature","geometry":{"type":"LineString","coordinates":[[-89.7354,43.9814],[-89.7363,43.9818]]},"properties":{}},{"type":"Feature","geometry":{"type":"LineString","coordinates":[[-89.7363,43.9818],[-89.7363,43.9824]]},"properties":{}},{"type":"Feature","geometry":{"type":"LineString","coordinates":[[-89.7363,43.9824],[-89.7373,43.9828]]},"properties":{}},{"type":"Feature","geometry":{"type":"LineString","coordinates":[[-89.7373,43.9828],[-89.7379,43.9846]]},"properties":{}},{"type":"Feature","geometry":{"type":"LineString","coordinates":[[-89.7379,43.9846],[-89.7394,43.9838]]},"properties":{}},{"type":"Feature","geometry":{"type":"LineString","coordinates":[[-89.7394,43.9838],[-89.74,43.9843]]},"properties":{}},{"type":"Feature","geometry":{"type":"LineString","coordinates":[[-89.74,43.9843],[-89.7409,43.9843]]},"properties":{}},{"type":"Feature","geometry":{"type":"LineString","coordinates":[[-89.7409,43.9843],[-89.7407,43.9848]]},"properties":{}},{"type":"Feature","geometry":{"type":"LineString","coordinates":[[-89.7407,43.9848],[-89.7411,43.9849]]},"properties":{}},{"type":"Feature","geometry":{"type":"LineString","coordinates":[[-89.7411,43.9849],[-89.7429,43.9846]]},"properties":{}},{"type":"Feature","geometry":{"type":"LineString","coordinates":[[-89.7674,43.9833],[-89.7671,43.9828]]},"properties":{}},{"type":"Feature","geometry":{"type":"LineString","coordinates":[[-89.7671,43.9828],[-89.7686,43.9827]]},"properties":{}},{"type":"Feature","geometry":{"type":"LineString","coordinates":[[-90.0013,45.3751],[-90.0001,45.3747]]},"properties":{}},{"type":"Feature","geometry":{"type":"LineString","coordinates":[[-90.0001,45.3747],[-89.9981,45.3713]]},"properties":{}},{"type":"Feature","geometry":{"type":"LineString","coordinates":[[-89.9981,45.3713],[-89.9995,45.3706]]},"properties":{}},{"type":"Feature","geometry":{"type":"LineString","coordinates":[[-89.9995,45.3706],[-89.9995,45.3701]]},"properties":{}},{"type":"Feature","geometry":{"type":"LineString","coordinates":[[-89.9995,45.3701],[-89.9986,45.368]]},"properties":{}},{"type":"Feature","geometry":{"type":"LineString","coordinates":[[-89.9986,45.368],[-89.9976,45.3668]]},"properties":{}},{"type":"Feature","geometry":{"type":"LineString","coordinates":[[-89.9976,45.3668],[-89.9964,45.3626]]},"properties":{}},{"type":"Feature","geometry":{"type":"LineString","coordinates":[[-89.7104,43.5136],[-89.7081,43.5128]]},"properties":{}},{"type":"Feature","geometry":{"type":"LineString","coordinates":[[-89.7081,43.5128],[-89.7061,43.5147]]},"properties":{}},{"type":"Feature","geometry":{"type":"LineString","coordinates":[[-89.7061,43.5147],[-89.7048,43.5148]]},"properties":{}},{"type":"Feature","geometry":{"type":"LineString","coordinates":[[-89.704,43.5157],[-89.7041,43.5166]]},"properties":{}},{"type":"Feature","geometry":{"type":"LineString","coordinates":[[-89.7041,43.5166],[-89.703,43.5163]]},"properties":{}},{"type":"Feature","geometry":{"type":"LineString","coordinates":[[-89.703,43.5163],[-89.699,43.5178]]},"properties":{}},{"type":"Feature","geometry":{"type":"LineString","coordinates":[[-89.699,43.5178],[-89.6969,43.5179]]},"properties":{}},{"type":"Feature","geometry":{"type":"LineString","coordinates":[[-89.6969,43.5179],[-89.697,43.5182]]},"properties":{}},{"type":"Feature","geometry":{"type":"LineString","coordinates":[[-89.697,43.5182],[-89.6964,43.5184]]},"properties":{}},{"type":"Feature","geometry":{"type":"LineString","coordinates":[[-89.6964,43.5184],[-89.696,43.5191]]},"properties":{}},{"type":"Feature","geometry":{"type":"LineString","coordinates":[[-89.6843,43.5205],[-89.6806,43.5185]]},"properties":{}},{"type":"Feature","geometry":{"type":"LineString","coordinates":[[-89.6806,43.5185],[-89.6785,43.5191]]},"properties":{}},{"type":"Feature","geometry":{"type":"LineString","coordinates":[[-89.6785,43.5191],[-89.6786,43.5194]]},"properties":{}},{"type":"Feature","geometry":{"type":"LineString","coordinates":[[-89.6786,43.5194],[-89.6781,43.5197]]},"properties":{}},{"type":"Feature","geometry":{"type":"LineString","coordinates":[[-89.6781,43.5197],[-89.6787,43.5202]]},"properties":{}},{"type":"Feature","geometry":{"type":"LineString","coordinates":[[-89.6787,43.5202],[-89.6769,43.5214]]},"properties":{}},{"type":"Feature","geometry":{"type":"LineString","coordinates":[[-89.6769,43.5214],[-89.676,43.5211]]},"properties":{}},{"type":"Feature","geometry":{"type":"LineString","coordinates":[[-89.676,43.5211],[-89.6736,43.522]]},"properties":{}},{"type":"Feature","geometry":{"type":"LineString","coordinates":[[-89.92,45.7611],[-89.9177,45.7615]]},"properties":{}},{"type":"Feature","geometry":{"type":"LineString","coordinates":[[-89.9177,45.7615],[-89.9175,45.7623]]},"properties":{}},{"type":"Feature","geometry":{"type":"LineString","coordinates":[[-89.9175,45.7623],[-89.9161,45.7624]]},"properties":{}},{"type":"Feature","geometry":{"type":"LineString","coordinates":[[-89.9161,45.7624],[-89.9129,45.7641]]},"properties":{}},{"type":"Feature","geometry":{"type":"LineString","coordinates":[[-89.5532,45.3375],[-89.5525,45.3361]]},"properties":{}},{"type":"Feature","geometry":{"type":"LineString","coordinates":[[-89.5525,45.3361],[-89.5511,45.3349]]},"properties":{}},{"type":"Feature","geometry":{"type":"LineString","coordinates":[[-89.5511,45.3349],[-89.5474,45.3346]]},"properties":{}},{"type":"Feature","geometry":{"type":"LineString","coordinates":[[-89.5229,45.32],[-89.5229,45.3191]]},"properties":{}},{"type":"Feature","geometry":{"type":"LineString","coordinates":[[-89.5229,45.3191],[-89.5236,45.319]]},"properties":{}},{"type":"Feature","geometry":{"type":"LineString","coordinates":[[-89.5236,45.319],[-89.5236,45.317]]},"properties":{}},{"type":"Feature","geometry":{"type":"LineString","coordinates":[[-89.5236,45.317],[-89.5255,45.3161]]},"properties":{}},{"type":"Feature","geometry":{"type":"LineString","coordinates":[[-89.5255,45.3161],[-89.5255,45.3151]]},"properties":{}},{"type":"Feature","geometry":{"type":"LineString","coordinates":[[-89.5275,45.3085],[-89.5302,45.3074]]},"properties":{}},{"type":"Feature","geometry":{"type":"LineString","coordinates":[[-89.5302,45.3074],[-89.5308,45.3059]]},"properties":{}},{"type":"Feature","geometry":{"type":"LineString","coordinates":[[-89.5322,45.3045],[-89.5336,45.3048]]},"properties":{}},{"type":"Feature","geometry":{"type":"LineString","coordinates":[[-89.5336,45.3048],[-89.5344,45.3041]]},"properties":{}},{"type":"Feature","geometry":{"type":"LineString","coordinates":[[-89.5346,45.3027],[-89.5333,45.3019]]},"properties":{}},{"type":"Feature","geometry":{"type":"LineString","coordinates":[[-89.5381,43.3285],[-89.5388,43.3289]]},"properties":{}},{"type":"Feature","geometry":{"type":"LineString","coordinates":[[-89.5388,43.3289],[-89.5382,43.3294]]},"properties":{}},{"type":"Feature","geometry":{"type":"LineString","coordinates":[[-89.5382,43.3294],[-89.5387,43.3297]]},"properties":{}},{"type":"Feature","geometry":{"type":"LineString","coordinates":[[-89.2851,45.7179],[-89.2863,45.7164]]},"properties":{}},{"type":"Feature","geometry":{"type":"LineString","coordinates":[[-89.2863,45.7164],[-89.2888,45.7156]]},"properties":{}},{"type":"Feature","geometry":{"type":"LineString","coordinates":[[-89.2888,45.7156],[-89.2901,45.7135]]},"properties":{}},{"type":"Feature","geometry":{"type":"LineString","coordinates":[[-89.0471,44.5702],[-89.0447,44.5705]]},"properties":{}},{"type":"Feature","geometry":{"type":"LineString","coordinates":[[-89.0447,44.5705],[-89.0435,44.5714]]},"properties":{}},{"type":"Feature","geometry":{"type":"LineString","coordinates":[[-89.0435,44.5714],[-89.0432,44.5711]]},"properties":{}},{"type":"Feature","geometry":{"type":"LineString","coordinates":[[-89.0432,44.5711],[-89.0407,44.5714]]},"properties":{}},{"type":"Feature","geometry":{"type":"LineString","coordinates":[[-88.7312,45.6141],[-88.7308,45.6146]]},"properties":{}},{"type":"Feature","geometry":{"type":"LineString","coordinates":[[-88.7308,45.6146],[-88.7309,45.6162]]},"properties":{}},{"type":"Feature","geometry":{"type":"LineString","coordinates":[[-88.9224,44.6726],[-88.9203,44.6722]]},"properties":{}},{"type":"Feature","geometry":{"type":"LineString","coordinates":[[-88.4064,45.5509],[-88.4068,45.55]]},"properties":{}},{"type":"Feature","geometry":{"type":"LineString","coordinates":[[-88.4068,45.55],[-88.4085,45.5487]]},"properties":{}},{"type":"Feature","geometry":{"type":"LineString","coordinates":[[-88.4081,45.5882],[-88.4118,45.5865]]},"properties":{}},{"type":"Feature","geometry":{"type":"LineString","coordinates":[[-88.4118,45.5865],[-88.4145,45.5836]]},"properties":{}},{"type":"Feature","geometry":{"type":"LineString","coordinates":[[-88.4145,45.5836],[-88.4155,45.5813]]},"properties":{}},{"type":"Feature","geometry":{"type":"LineString","coordinates":[[-88.4155,45.5813],[-88.4156,45.5786]]},"properties":{}},{"type":"Feature","geometry":{"type":"LineString","coordinates":[[-88.5345,45.8216],[-88.5325,45.8206]]},"properties":{}},{"type":"Feature","geometry":{"type":"LineString","coordinates":[[-88.5325,45.8206],[-88.5288,45.8211]]},"properties":{}},{"type":"Feature","geometry":{"type":"LineString","coordinates":[[-88.5288,45.8211],[-88.5275,45.8229]]},"properties":{}},{"type":"Feature","geometry":{"type":"LineString","coordinates":[[-88.5275,45.8229],[-88.5241,45.8254]]},"properties":{}},{"type":"Feature","geometry":{"type":"LineString","coordinates":[[-88.5241,45.8254],[-88.5235,45.8269]]},"properties":{}},{"type":"Feature","geometry":{"type":"LineString","coordinates":[[-88.5235,45.8269],[-88.5226,45.8274]]},"properties":{}},{"type":"Feature","geometry":{"type":"LineString","coordinates":[[-88.5226,45.8274],[-88.5203,45.8272]]},"properties":{}},{"type":"Feature","geometry":{"type":"LineString","coordinates":[[-88.5203,45.8272],[-88.5194,45.8283]]},"properties":{}},{"type":"Feature","geometry":{"type":"LineString","coordinates":[[-88.5194,45.8283],[-88.515,45.8293]]},"properties":{}},{"type":"Feature","geometry":{"type":"LineString","coordinates":[[-88.515,45.8293],[-88.5146,45.8302]]},"properties":{}},{"type":"Feature","geometry":{"type":"LineString","coordinates":[[-88.5146,45.8302],[-88.5139,45.8304]]},"properties":{}},{"type":"Feature","geometry":{"type":"LineString","coordinates":[[-88.5139,45.8304],[-88.5055,45.8313]]},"properties":{}},{"type":"Feature","geometry":{"type":"LineString","coordinates":[[-88.5055,45.8313],[-88.503,45.8301]]},"properties":{}},{"type":"Feature","geometry":{"type":"LineString","coordinates":[[-88.503,45.8301],[-88.5021,45.8302]]},"properties":{}},{"type":"Feature","geometry":{"type":"LineString","coordinates":[[-88.5021,45.8302],[-88.5006,45.832]]},"properties":{}},{"type":"Feature","geometry":{"type":"LineString","coordinates":[[-88.5006,45.832],[-88.4983,45.8328]]},"properties":{}},{"type":"Feature","geometry":{"type":"LineString","coordinates":[[-88.4983,45.8328],[-88.497,45.8343]]},"properties":{}},{"type":"Feature","geometry":{"type":"LineString","coordinates":[[-88.497,45.8343],[-88.4948,45.8348]]},"properties":{}},{"type":"Feature","geometry":{"type":"LineString","coordinates":[[-88.4948,45.8348],[-88.4935,45.8365]]},"properties":{}},{"type":"Feature","geometry":{"type":"LineString","coordinates":[[-88.4935,45.8365],[-88.4945,45.8384]]},"properties":{}},{"type":"Feature","geometry":{"type":"LineString","coordinates":[[-88.4945,45.8384],[-88.4944,45.8399]]},"properties":{}},{"type":"Feature","geometry":{"type":"LineString","coordinates":[[-88.4944,45.8399],[-88.491,45.8419]]},"properties":{}},{"type":"Feature","geometry":{"type":"LineString","coordinates":[[-88.4803,45.7268],[-88.4813,45.7282]]},"properties":{}},{"type":"Feature","geometry":{"type":"LineString","coordinates":[[-88.4813,45.7282],[-88.4817,45.7296]]},"properties":{}},{"type":"Feature","geometry":{"type":"LineString","coordinates":[[-88.4817,45.7296],[-88.4837,45.7312]]},"properties":{}},{"type":"Feature","geometry":{"type":"LineString","coordinates":[[-88.4837,45.7312],[-88.4845,45.7331]]},"properties":{}},{"type":"Feature","geometry":{"type":"LineString","coordinates":[[-88.4845,45.7331],[-88.4866,45.7355]]},"properties":{}},{"type":"Feature","geometry":{"type":"LineString","coordinates":[[-88.4857,45.7375],[-88.4822,45.7381]]},"properties":{}},{"type":"Feature","geometry":{"type":"LineString","coordinates":[[-88.4822,45.7381],[-88.4803,45.7392]]},"properties":{}},{"type":"Feature","geometry":{"type":"LineString","coordinates":[[-88.4803,45.7392],[-88.4802,45.7403]]},"properties":{}},{"type":"Feature","geometry":{"type":"LineString","coordinates":[[-88.4802,45.7403],[-88.4812,45.7405]]},"properties":{}},{"type":"Feature","geometry":{"type":"LineString","coordinates":[[-88.4812,45.7405],[-88.4812,45.7411]]},"properties":{}},{"type":"Feature","geometry":{"type":"LineString","coordinates":[[-88.5813,45.4614],[-88.5801,45.4601]]},"properties":{}},{"type":"Feature","geometry":{"type":"LineString","coordinates":[[-88.5801,45.4601],[-88.5817,45.46]]},"properties":{}},{"type":"Feature","geometry":{"type":"LineString","coordinates":[[-88.3723,45.6205],[-88.372,45.621]]},"properties":{}},{"type":"Feature","geometry":{"type":"LineString","coordinates":[[-88.372,45.621],[-88.3727,45.6221]]},"properties":{}},{"type":"Feature","geometry":{"type":"LineString","coordinates":[[-88.3727,45.6221],[-88.3721,45.6228]]},"properties":{}},{"type":"Feature","geometry":{"type":"LineString","coordinates":[[-88.3721,45.6228],[-88.371,45.627]]},"properties":{}},{"type":"Feature","geometry":{"type":"LineString","coordinates":[[-88.371,45.627],[-88.3701,45.6275]]},"properties":{}},{"type":"Feature","geometry":{"type":"LineString","coordinates":[[-88.3701,45.6275],[-88.3666,45.6278]]},"properties":{}},{"type":"Feature","geometry":{"type":"LineString","coordinates":[[-88.3666,45.6278],[-88.365,45.6285]]},"properties":{}},{"type":"Feature","geometry":{"type":"LineString","coordinates":[[-88.4387,45.9109],[-88.4388,45.9098]]},"properties":{}},{"type":"Feature","geometry":{"type":"LineString","coordinates":[[-88.4388,45.9098],[-88.4367,45.9081]]},"properties":{}},{"type":"Feature","geometry":{"type":"LineString","coordinates":[[-88.4367,45.9081],[-88.4368,45.9075]]},"properties":{}},{"type":"Feature","geometry":{"type":"LineString","coordinates":[[-88.4368,45.9075],[-88.4343,45.9064]]},"properties":{}},{"type":"Feature","geometry":{"type":"LineString","coordinates":[[-88.4168,45.928],[-88.415,45.928]]},"properties":{}},{"type":"Feature","geometry":{"type":"LineString","coordinates":[[-88.415,45.928],[-88.4124,45.9274]]},"properties":{}},{"type":"Feature","geometry":{"type":"LineString","coordinates":[[-88.4124,45.9274],[-88.4104,45.9262]]},"properties":{}},{"type":"Feature","geometry":{"type":"LineString","coordinates":[[-88.4104,45.9262],[-88.4037,45.9248]]},"properties":{}},{"type":"Feature","geometry":{"type":"LineString","coordinates":[[-88.4037,45.9248],[-88.4012,45.9254]]},"properties":{}},{"type":"Feature","geometry":{"type":"LineString","coordinates":[[-88.4012,45.9254],[-88.399,45.9247]]},"properties":{}},{"type":"Feature","geometry":{"type":"LineString","coordinates":[[-88.399,45.9247],[-88.3965,45.9249]]},"properties":{}},{"type":"Feature","geometry":{"type":"LineString","coordinates":[[-88.3965,45.9249],[-88.3931,45.9272]]},"properties":{}},{"type":"Feature","geometry":{"type":"LineString","coordinates":[[-88.3931,45.9272],[-88.3939,45.9277]]},"properties":{}},{"type":"Feature","geometry":{"type":"LineString","coordinates":[[-88.3939,45.9277],[-88.394,45.9293]]},"properties":{}},{"type":"Feature","geometry":{"type":"LineString","coordinates":[[-88.394,45.9293],[-88.3932,45.9303]]},"properties":{}},{"type":"Feature","geometry":{"type":"LineString","coordinates":[[-88.3932,45.9303],[-88.3942,45.9312]]},"properties":{}},{"type":"Feature","geometry":{"type":"LineString","coordinates":[[-88.3942,45.9312],[-88.3938,45.9319]]},"properties":{}},{"type":"Feature","geometry":{"type":"LineString","coordinates":[[-88.3938,45.9319],[-88.3942,45.9323]]},"properties":{}},{"type":"Feature","geometry":{"type":"LineString","coordinates":[[-88.3942,45.9323],[-88.3916,45.934]]},"properties":{}},{"type":"Feature","geometry":{"type":"LineString","coordinates":[[-88.0338,45.1453],[-88.0317,45.1463]]},"properties":{}},{"type":"Feature","geometry":{"type":"LineString","coordinates":[[-88.0317,45.1463],[-88.0299,45.1458]]},"properties":{}},{"type":"Feature","geometry":{"type":"LineString","coordinates":[[-88.0299,45.1458],[-88.0276,45.1459]]},"properties":{}},{"type":"Feature","geometry":{"type":"LineString","coordinates":[[-87.9941,43.5958],[-87.9992,43.5965]]},"properties":{}},{"type":"Feature","geometry":{"type":"LineString","coordinates":[[-88.1807,45.8397],[-88.1793,45.8416]]},"properties":{}},{"type":"Feature","geometry":{"type":"LineString","coordinates":[[-88.1793,45.8416],[-88.1795,45.8433]]},"properties":{}},{"type":"Feature","geometry":{"type":"LineString","coordinates":[[-88.1795,45.8433],[-88.1788,45.8437]]},"properties":{}},{"type":"Feature","geometry":{"type":"LineString","coordinates":[[-88.1788,45.8437],[-88.1788,45.8442]]},"properties":{}},{"type":"Feature","geometry":{"type":"LineString","coordinates":[[-92.0787,44.8851],[-92.0779,44.8847]]},"properties":{}},{"type":"Feature","geometry":{"type":"LineString","coordinates":[[-92.0779,44.8847],[-92.0767,44.8854]]},"properties":{}},{"type":"Feature","geometry":{"type":"LineString","coordinates":[[-92.0767,44.8854],[-92.075,44.8853]]},"properties":{}},{"type":"Feature","geometry":{"type":"LineString","coordinates":[[-92.075,44.8853],[-92.0739,44.8863]]},"properties":{}},{"type":"Feature","geometry":{"type":"LineString","coordinates":[[-92.0625,44.8869],[-92.0551,44.8871]]},"properties":{}},{"type":"Feature","geometry":{"type":"LineString","coordinates":[[-92.0551,44.8871],[-92.0539,44.8877]]},"properties":{}},{"type":"Feature","geometry":{"type":"LineString","coordinates":[[-92.0539,44.8877],[-92.0526,44.8877]]},"properties":{}},{"type":"Feature","geometry":{"type":"LineString","coordinates":[[-92.0526,44.8877],[-92.0527,44.8881]]},"properties":{}},{"type":"Feature","geometry":{"type":"LineString","coordinates":[[-92.0527,44.8881],[-92.0523,44.8883]]},"properties":{}},{"type":"Feature","geometry":{"type":"LineString","coordinates":[[-92.0523,44.8883],[-92.0506,44.8882]]},"properties":{}},{"type":"Feature","geometry":{"type":"LineString","coordinates":[[-92.0506,44.8882],[-92.0504,44.8889]]},"properties":{}},{"type":"Feature","geometry":{"type":"LineString","coordinates":[[-92.0504,44.8889],[-92.0494,44.8885]]},"properties":{}},{"type":"Feature","geometry":{"type":"LineString","coordinates":[[-92.048,44.8896],[-92.048,44.8901]]},"properties":{}},{"type":"Feature","geometry":{"type":"LineString","coordinates":[[-92.048,44.8901],[-92.0452,44.8907]]},"properties":{}},{"type":"Feature","geometry":{"type":"LineString","coordinates":[[-91.9617,44.8805],[-91.962,44.8793]]},"properties":{}},{"type":"Feature","geometry":{"type":"LineString","coordinates":[[-91.962,44.8793],[-91.9611,44.8785]]},"properties":{}},{"type":"Feature","geometry":{"type":"LineString","coordinates":[[-91.9617,44.8768],[-91.959,44.8773]]},"properties":{}},{"type":"Feature","geometry":{"type":"LineString","coordinates":[[-91.959,44.8773],[-91.9581,44.8746]]},"properties":{}},{"type":"Feature","geometry":{"type":"LineString","coordinates":[[-91.9581,44.8746],[-91.9564,44.8751]]},"properties":{}},{"type":"Feature","geometry":{"type":"LineString","coordinates":[[-92.0664,44.9356],[-92.0662,44.9351]]},"properties":{}},{"type":"Feature","geometry":{"type":"LineString","coordinates":[[-92.1714,46.5662],[-92.1706,46.5671]]},"properties":{}},{"type":"Feature","geometry":{"type":"LineString","coordinates":[[-92.1706,46.5671],[-92.1696,46.5672]]},"properties":{}},{"type":"Feature","geometry":{"type":"LineString","coordinates":[[-92.0691,44.9334],[-92.0658,44.9353]]},"properties":{}},{"type":"Feature","geometry":{"type":"LineString","coordinates":[[-92.1215,45.2081],[-92.1201,45.2078]]},"properties":{}},{"type":"Feature","geometry":{"type":"LineString","coordinates":[[-92.1201,45.2078],[-92.121,45.2068]]},"properties":{}},{"type":"Feature","geometry":{"type":"LineString","coordinates":[[-92.121,45.2068],[-92.1206,45.2056]]},"properties":{}},{"type":"Feature","geometry":{"type":"LineString","coordinates":[[-92.1195,45.1967],[-92.1189,45.1944]]},"properties":{}},{"type":"Feature","geometry":{"type":"LineString","coordinates":[[-92.1189,45.1944],[-92.1153,45.1927]]},"properties":{}},{"type":"Feature","geometry":{"type":"LineString","coordinates":[[-92.1153,45.1927],[-92.1153,45.192]]},"properties":{}},{"type":"Feature","geometry":{"type":"LineString","coordinates":[[-92.1153,45.192],[-92.1138,45.1913]]},"properties":{}},{"type":"Feature","geometry":{"type":"LineString","coordinates":[[-92.1138,45.1913],[-92.114,45.1892]]},"properties":{}},{"type":"Feature","geometry":{"type":"LineString","coordinates":[[-92.114,45.1892],[-92.1119,45.1883]]},"properties":{}},{"type":"Feature","geometry":{"type":"LineString","coordinates":[[-92.1119,45.1883],[-92.1114,45.1867]]},"properties":{}},{"type":"Feature","geometry":{"type":"LineString","coordinates":[[-92.1114,45.1867],[-92.1107,45.1862]]},"properties":{}},{"type":"Feature","geometry":{"type":"LineString","coordinates":[[-92.1107,45.1862],[-92.1113,45.1845]]},"properties":{}},{"type":"Feature","geometry":{"type":"LineString","coordinates":[[-92.1143,45.1812],[-92.114,45.1806]]},"properties":{}},{"type":"Feature","geometry":{"type":"LineString","coordinates":[[-92.114,45.1806],[-92.1149,45.1804]]},"properties":{}},{"type":"Feature","geometry":{"type":"LineString","coordinates":[[-92.1149,45.1804],[-92.1156,45.1794]]},"properties":{}},{"type":"Feature","geometry":{"type":"LineString","coordinates":[[-92.1147,45.1782],[-92.1136,45.178]]},"properties":{}},{"type":"Feature","geometry":{"type":"LineString","coordinates":[[-92.1136,45.178],[-92.113,45.1773]]},"properties":{}},{"type":"Feature","geometry":{"type":"LineString","coordinates":[[-92.113,45.1773],[-92.1126,45.1774]]},"properties":{}},{"type":"Feature","geometry":{"type":"LineString","coordinates":[[-92.1126,45.1774],[-92.1129,45.1782]]},"properties":{}},{"type":"Feature","geometry":{"type":"LineString","coordinates":[[-92.1129,45.1782],[-92.1124,45.1783]]},"properties":{}},{"type":"Feature","geometry":{"type":"LineString","coordinates":[[-92.1124,45.1783],[-92.1123,45.1777]]},"properties":{}},{"type":"Feature","geometry":{"type":"LineString","coordinates":[[-92.1123,45.1777],[-92.1099,45.177]]},"properties":{}},{"type":"Feature","geometry":{"type":"LineString","coordinates":[[-92.1099,45.177],[-92.1118,45.1749]]},"properties":{}},{"type":"Feature","geometry":{"type":"LineString","coordinates":[[-92.1118,45.1749],[-92.1114,45.1737]]},"properties":{}},{"type":"Feature","geometry":{"type":"LineString","coordinates":[[-92.1114,45.1737],[-92.1103,45.1734]]},"properties":{}},{"type":"Feature","geometry":{"type":"LineString","coordinates":[[-92.1103,45.1734],[-92.1102,45.172]]},"properties":{}},{"type":"Feature","geometry":{"type":"LineString","coordinates":[[-92.1102,45.172],[-92.1088,45.171]]},"properties":{}},{"type":"Feature","geometry":{"type":"LineString","coordinates":[[-92.1088,45.171],[-92.1091,45.1701]]},"properties":{}},{"type":"Feature","geometry":{"type":"LineString","coordinates":[[-92.1091,45.1701],[-92.1087,45.1695]]},"properties":{}},{"type":"Feature","geometry":{"type":"LineString","coordinates":[[-92.1087,45.1695],[-92.1072,45.1692]]},"properties":{}},{"type":"Feature","geometry":{"type":"LineString","coordinates":[[-92.1049,45.1677],[-92.1057,45.1673]]},"properties":{}},{"type":"Feature","geometry":{"type":"LineString","coordinates":[[-92.1057,45.1673],[-92.1052,45.1666]]},"properties":{}},{"type":"Feature","geometry":{"type":"LineString","coordinates":[[-92.1052,45.1666],[-92.1039,45.1668]]},"properties":{}},{"type":"Feature","geometry":{"type":"LineString","coordinates":[[-92.1039,45.1668],[-92.1039,45.1672]]},"properties":{}},{"type":"Feature","geometry":{"type":"LineString","coordinates":[[-92.1039,45.1672],[-92.1012,45.1669]]},"properties":{}},{"type":"Feature","geometry":{"type":"LineString","coordinates":[[-92.1012,45.1669],[-92.1007,45.1675]]},"properties":{}},{"type":"Feature","geometry":{"type":"LineString","coordinates":[[-92.1007,45.1675],[-92.1003,45.1663]]},"properties":{}},{"type":"Feature","geometry":{"type":"LineString","coordinates":[[-92.1003,45.1663],[-92.101,45.166]]},"properties":{}},{"type":"Feature","geometry":{"type":"LineString","coordinates":[[-92.1172,45.2102],[-92.1201,45.2075]]},"properties":{}},{"type":"Feature","geometry":{"type":"LineString","coordinates":[[-91.8402,45.2806],[-91.8378,45.2819]]},"properties":{}},{"type":"Feature","geometry":{"type":"LineString","coordinates":[[-91.8378,45.2819],[-91.8368,45.2819]]},"properties":{}},{"type":"Feature","geometry":{"type":"LineString","coordinates":[[-91.8368,45.2819],[-91.8361,45.281]]},"properties":{}},{"type":"Feature","geometry":{"type":"LineString","coordinates":[[-91.8361,45.281],[-91.8368,45.2795]]},"properties":{}},{"type":"Feature","geometry":{"type":"LineString","coordinates":[[-91.8368,45.2795],[-91.8364,45.2787]]},"properties":{}},{"type":"Feature","geometry":{"type":"LineString","coordinates":[[-91.8364,45.2787],[-91.8372,45.2776]]},"properties":{}},{"type":"Feature","geometry":{"type":"LineString","coordinates":[[-91.833,45.2767],[-91.8332,45.2761]]},"properties":{}},{"type":"Feature","geometry":{"type":"LineString","coordinates":[[-91.8332,45.2761],[-91.8326,45.2754]]},"properties":{}},{"type":"Feature","geometry":{"type":"LineString","coordinates":[[-91.8296,45.274],[-91.8286,45.2738]]},"properties":{}},{"type":"Feature","geometry":{"type":"LineString","coordinates":[[-91.8286,45.2738],[-91.8283,45.2743]]},"properties":{}},{"type":"Feature","geometry":{"type":"LineString","coordinates":[[-91.8268,45.2746],[-91.8265,45.2739]]},"properties":{}},{"type":"Feature","geometry":{"type":"LineString","coordinates":[[-91.8265,45.2739],[-91.8258,45.2741]]},"properties":{}},{"type":"Feature","geometry":{"type":"LineString","coordinates":[[-91.8258,45.2741],[-91.8259,45.2731]]},"properties":{}},{"type":"Feature","geometry":{"type":"LineString","coordinates":[[-91.8259,45.2731],[-91.8249,45.2729]]},"properties":{}},{"type":"Feature","geometry":{"type":"LineString","coordinates":[[-91.8249,45.2729],[-91.8255,45.2723]]},"properties":{}},{"type":"Feature","geometry":{"type":"LineString","coordinates":[[-91.8255,45.2723],[-91.8242,45.271]]},"properties":{}},{"type":"Feature","geometry":{"type":"LineString","coordinates":[[-91.8282,45.2689],[-91.8288,45.2684]]},"properties":{}},{"type":"Feature","geometry":{"type":"LineString","coordinates":[[-91.8288,45.2684],[-91.8287,45.2676]]},"properties":{}},{"type":"Feature","geometry":{"type":"LineString","coordinates":[[-91.8287,45.2676],[-91.828,45.2676]]},"properties":{}},{"type":"Feature","geometry":{"type":"LineString","coordinates":[[-91.9388,45.7682],[-91.9383,45.7687]]},"properties":{}},{"type":"Feature","geometry":{"type":"LineString","coordinates":[[-91.9383,45.7687],[-91.9386,45.769]]},"properties":{}},{"type":"Feature","geometry":{"type":"LineString","coordinates":[[-91.9386,45.769],[-91.938,45.7692]]},"properties":{}},{"type":"Feature","geometry":{"type":"LineString","coordinates":[[-91.938,45.7692],[-91.9386,45.7702]]},"properties":{}},{"type":"Feature","geometry":{"type":"LineString","coordinates":[[-91.9386,45.7702],[-91.9371,45.7713]]},"properties":{}},{"type":"Feature","geometry":{"type":"LineString","coordinates":[[-91.9371,45.7759],[-91.9364,45.7768]]},"properties":{}},{"type":"Feature","geometry":{"type":"LineString","coordinates":[[-91.9364,45.7768],[-91.9368,45.7772]]},"properties":{}},{"type":"Feature","geometry":{"type":"LineString","coordinates":[[-91.9368,45.7772],[-91.9364,45.7783]]},"properties":{}},{"type":"Feature","geometry":{"type":"LineString","coordinates":[[-91.9364,45.7783],[-91.9377,45.7807]]},"properties":{}},{"type":"Feature","geometry":{"type":"LineString","coordinates":[[-91.956,45.7844],[-91.9556,45.785]]},"properties":{}},{"type":"Feature","geometry":{"type":"LineString","coordinates":[[-91.9556,45.785],[-91.9565,45.785]]},"properties":{}},{"type":"Feature","geometry":{"type":"LineString","coordinates":[[-91.9565,45.785],[-91.957,45.7857]]},"properties":{}},{"type":"Feature","geometry":{"type":"LineString","coordinates":[[-91.957,45.7857],[-91.9564,45.7857]]},"properties":{}},{"type":"Feature","geometry":{"type":"LineString","coordinates":[[-91.9564,45.7857],[-91.9563,45.7864]]},"properties":{}},{"type":"Feature","geometry":{"type":"LineString","coordinates":[[-91.5388,44.9522],[-91.5397,44.9502]]},"properties":{}},{"type":"Feature","geometry":{"type":"LineString","coordinates":[[-91.5397,44.9502],[-91.5452,44.9487]]},"properties":{}},{"type":"Feature","geometry":{"type":"LineString","coordinates":[[-91.5452,44.9487],[-91.547,44.9487]]},"properties":{}},{"type":"Feature","geometry":{"type":"LineString","coordinates":[[-91.547,44.9487],[-91.5481,44.9482]]},"properties":{}},{"type":"Feature","geometry":{"type":"LineString","coordinates":[[-91.5836,44.9463],[-91.5853,44.9471]]},"properties":{}},{"type":"Feature","geometry":{"type":"LineString","coordinates":[[-91.5853,44.9471],[-91.5853,44.9476]]},"properties":{}},{"type":"Feature","geometry":{"type":"LineString","coordinates":[[-91.5873,44.9476],[-91.5886,44.9465]]},"properties":{}},{"type":"Feature","geometry":{"type":"LineString","coordinates":[[-91.5886,44.9465],[-91.5891,44.9469]]},"properties":{}},{"type":"Feature","geometry":{"type":"LineString","coordinates":[[-91.5891,44.9469],[-91.5903,44.9465]]},"properties":{}},{"type":"Feature","geometry":{"type":"LineString","coordinates":[[-91.5903,44.9465],[-91.5907,44.9458]]},"properties":{}},{"type":"Feature","geometry":{"type":"LineString","coordinates":[[-91.5907,44.9458],[-91.5945,44.9449]]},"properties":{}},{"type":"Feature","geometry":{"type":"LineString","coordinates":[[-91.5945,44.9449],[-91.5943,44.9446]]},"properties":{}},{"type":"Feature","geometry":{"type":"LineString","coordinates":[[-91.5943,44.9446],[-91.5967,44.9433]]},"properties":{}},{"type":"Feature","geometry":{"type":"LineString","coordinates":[[-91.6114,44.9346],[-91.611,44.9341]]},"properties":{}},{"type":"Feature","geometry":{"type":"LineString","coordinates":[[-91.611,44.9341],[-91.6122,44.9323]]},"properties":{}},{"type":"Feature","geometry":{"type":"LineString","coordinates":[[-91.6122,44.9323],[-91.6136,44.9322]]},"properties":{}},{"type":"Feature","geometry":{"type":"LineString","coordinates":[[-91.6136,44.9322],[-91.6144,44.9316]]},"properties":{}},{"type":"Feature","geometry":{"type":"LineString","coordinates":[[-91.6144,44.9316],[-91.6151,44.93]]},"properties":{}},{"type":"Feature","geometry":{"type":"LineString","coordinates":[[-91.6151,44.93],[-91.6162,44.9297]]},"properties":{}},{"type":"Feature","geometry":{"type":"LineString","coordinates":[[-91.6175,44.9283],[-91.6171,44.9268]]},"properties":{}},{"type":"Feature","geometry":{"type":"LineString","coordinates":[[-91.6171,44.9268],[-91.6186,44.9262]]},"properties":{}},{"type":"Feature","geometry":{"type":"LineString","coordinates":[[-91.6186,44.9262],[-91.618,44.925]]},"properties":{}},{"type":"Feature","geometry":{"type":"LineString","coordinates":[[-91.618,44.925],[-91.6184,44.9247]]},"properties":{}},{"type":"Feature","geometry":{"type":"LineString","coordinates":[[-91.6184,44.9247],[-91.618,44.9244]]},"properties":{}},{"type":"Feature","geometry":{"type":"LineString","coordinates":[[-91.6182,44.9238],[-91.6189,44.9238]]},"properties":{}},{"type":"Feature","geometry":{"type":"LineString","coordinates":[[-91.6189,44.9238],[-91.6189,44.9229]]},"properties":{}},{"type":"Feature","geometry":{"type":"LineString","coordinates":[[-91.6189,44.9229],[-91.6196,44.9229]]},"properties":{}},{"type":"Feature","geometry":{"type":"LineString","coordinates":[[-91.6196,44.9229],[-91.6193,44.9221]]},"properties":{}},{"type":"Feature","geometry":{"type":"LineString","coordinates":[[-91.632,44.9004],[-91.6328,44.8985]]},"properties":{}},{"type":"Feature","geometry":{"type":"LineString","coordinates":[[-91.6328,44.8985],[-91.6327,44.8972]]},"properties":{}},{"type":"Feature","geometry":{"type":"LineString","coordinates":[[-91.6315,44.8966],[-91.6325,44.8923]]},"properties":{}},{"type":"Feature","geometry":{"type":"LineString","coordinates":[[-91.6325,44.8923],[-91.632,44.8919]]},"properties":{}},{"type":"Feature","geometry":{"type":"LineString","coordinates":[[-91.6333,44.8868],[-91.6333,44.8849]]},"properties":{}},{"type":"Feature","geometry":{"type":"LineString","coordinates":[[-91.6333,44.8849],[-91.6327,44.8843]]},"properties":{}},{"type":"Feature","geometry":{"type":"LineString","coordinates":[[-91.6327,44.8843],[-91.6333,44.8844]]},"properties":{}},{"type":"Feature","geometry":{"type":"LineString","coordinates":[[-91.6333,44.8844],[-91.6333,44.8831]]},"properties":{}},{"type":"Feature","geometry":{"type":"LineString","coordinates":[[-91.6333,44.8831],[-91.6354,44.8833]]},"properties":{}},{"type":"Feature","geometry":{"type":"LineString","coordinates":[[-91.6354,44.8833],[-91.6353,44.8828]]},"properties":{}},{"type":"Feature","geometry":{"type":"LineString","coordinates":[[-91.6353,44.8828],[-91.6367,44.8825]]},"properties":{}},{"type":"Feature","geometry":{"type":"LineString","coordinates":[[-91.65,44.8525],[-91.651,44.8524]]},"properties":{}},{"type":"Feature","geometry":{"type":"LineString","coordinates":[[-91.6515,44.8514],[-91.6499,44.8504]]},"properties":{}},{"type":"Feature","geometry":{"type":"LineString","coordinates":[[-91.6499,44.8504],[-91.6516,44.8502]]},"properties":{}},{"type":"Feature","geometry":{"type":"LineString","coordinates":[[-91.6516,44.8502],[-91.6524,44.849]]},"properties":{}},{"type":"Feature","geometry":{"type":"LineString","coordinates":[[-91.6658,44.9129],[-91.6615,44.9134]]},"properties":{}},{"type":"Feature","geometry":{"type":"LineString","coordinates":[[-91.6615,44.9134],[-91.6569,44.9123]]},"properties":{}},{"type":"Feature","geometry":{"type":"LineString","coordinates":[[-91.6191,45.2042],[-91.6205,45.2035]]},"properties":{}},{"type":"Feature","geometry":{"type":"LineString","coordinates":[[-91.6205,45.2035],[-91.6217,45.2035]]},"properties":{}},{"type":"Feature","geometry":{"type":"LineString","coordinates":[[-91.6217,45.2035],[-91.621,45.2016]]},"properties":{}},{"type":"Feature","geometry":{"type":"LineString","coordinates":[[-91.621,45.2016],[-91.6213,45.2009]]},"properties":{}},{"type":"Feature","geometry":{"type":"LineString","coordinates":[[-91.6213,45.2009],[-91.6235,45.1979]]},"properties":{}},{"type":"Feature","geometry":{"type":"LineString","coordinates":[[-91.6235,45.1979],[-91.627,45.1955]]},"properties":{}},{"type":"Feature","geometry":{"type":"LineString","coordinates":[[-91.627,45.1955],[-91.6262,45.1936]]},"properties":{}},{"type":"Feature","geometry":{"type":"LineString","coordinates":[[-91.6262,45.1936],[-91.6269,45.1925]]},"properties":{}},{"type":"Feature","geometry":{"type":"LineString","coordinates":[[-91.6269,45.1925],[-91.6304,45.19]]},"properties":{}},{"type":"Feature","geometry":{"type":"LineString","coordinates":[[-91.6304,45.19],[-91.6303,45.1889]]},"properties":{}},{"type":"Feature","geometry":{"type":"LineString","coordinates":[[-90.9946,43.3076],[-90.9963,43.308]]},"properties":{}},{"type":"Feature","geometry":{"type":"LineString","coordinates":[[-90.9963,43.308],[-90.9954,43.3094]]},"properties":{}},{"type":"Feature","geometry":{"type":"LineString","coordinates":[[-90.9954,43.3094],[-90.996,43.3099]]},"properties":{}},{"type":"Feature","geometry":{"type":"LineString","coordinates":[[-90.996,43.3099],[-90.9974,43.3099]]},"properties":{}},{"type":"Feature","geometry":{"type":"LineString","coordinates":[[-90.9974,43.3099],[-90.9971,43.311]]},"properties":{}},{"type":"Feature","geometry":{"type":"LineString","coordinates":[[-90.9998,43.3126],[-91.0041,43.3139]]},"properties":{}},{"type":"Feature","geometry":{"type":"LineString","coordinates":[[-90.9939,43.3177],[-90.9925,43.3189]]},"properties":{}},{"type":"Feature","geometry":{"type":"LineString","coordinates":[[-91.3012,44.5975],[-91.3014,44.5963]]},"properties":{}},{"type":"Feature","geometry":{"type":"LineString","coordinates":[[-91.3014,44.5963],[-91.2995,44.5957]]},"properties":{}},{"type":"Feature","geometry":{"type":"LineString","coordinates":[[-91.2995,44.5957],[-91.2995,44.5945]]},"properties":{}},{"type":"Feature","geometry":{"type":"LineString","coordinates":[[-91.2995,44.5945],[-91.2989,44.5942]]},"properties":{}},{"type":"Feature","geometry":{"type":"LineString","coordinates":[[-91.2989,44.5942],[-91.296,44.5945]]},"properties":{}},{"type":"Feature","geometry":{"type":"LineString","coordinates":[[-91.296,44.5945],[-91.2922,44.5937]]},"properties":{}},{"type":"Feature","geometry":{"type":"LineString","coordinates":[[-91.2922,44.5937],[-91.2867,44.5912]]},"properties":{}},{"type":"Feature","geometry":{"type":"LineString","coordinates":[[-91.2757,44.5822],[-91.2752,44.5819]]},"properties":{}},{"type":"Feature","geometry":{"type":"LineString","coordinates":[[-91.2752,44.5819],[-91.2756,44.5818]]},"properties":{}},{"type":"Feature","geometry":{"type":"LineString","coordinates":[[-91.2756,44.5818],[-91.2755,44.5812]]},"properties":{}},{"type":"Feature","geometry":{"type":"LineString","coordinates":[[-91.2749,44.581],[-91.2765,44.581]]},"properties":{}},{"type":"Feature","geometry":{"type":"LineString","coordinates":[[-91.2765,44.581],[-91.2764,44.5803]]},"properties":{}},{"type":"Feature","geometry":{"type":"LineString","coordinates":[[-91.2764,44.5803],[-91.2776,44.5802]]},"properties":{}},{"type":"Feature","geometry":{"type":"LineString","coordinates":[[-91.2776,44.5802],[-91.2779,44.5785]]},"properties":{}},{"type":"Feature","geometry":{"type":"LineString","coordinates":[[-91.2779,44.5785],[-91.2783,44.5784]]},"properties":{}},{"type":"Feature","geometry":{"type":"LineString","coordinates":[[-91.2783,44.5784],[-91.278,44.5774]]},"properties":{}},{"type":"Feature","geometry":{"type":"LineString","coordinates":[[-91.278,44.5774],[-91.2786,44.5776]]},"properties":{}},{"type":"Feature","geometry":{"type":"LineString","coordinates":[[-91.2786,44.5776],[-91.2788,44.5772]]},"properties":{}},{"type":"Feature","geometry":{"type":"LineString","coordinates":[[-91.0132,44.5312],[-91.0142,44.5319]]},"properties":{}},{"type":"Feature","geometry":{"type":"LineString","coordinates":[[-91.0142,44.5319],[-91.019,44.5326]]},"properties":{}},{"type":"Feature","geometry":{"type":"LineString","coordinates":[[-91.019,44.5326],[-91.0198,44.5335]]},"properties":{}},{"type":"Feature","geometry":{"type":"LineString","coordinates":[[-91.0198,44.5335],[-91.0218,44.5342]]},"properties":{}},{"type":"Feature","geometry":{"type":"LineString","coordinates":[[-90.8013,43.6044],[-90.801,43.6035]]},"properties":{}},{"type":"Feature","geometry":{"type":"LineString","coordinates":[[-90.801,43.6035],[-90.799,43.6038]]},"properties":{}},{"type":"Feature","geometry":{"type":"LineString","coordinates":[[-90.799,43.6038],[-90.7965,43.6032]]},"properties":{}},{"type":"Feature","geometry":{"type":"LineString","coordinates":[[-90.7965,43.6032],[-90.7941,43.6039]]},"properties":{}},{"type":"Feature","geometry":{"type":"LineString","coordinates":[[-90.7941,43.6039],[-90.7917,43.6024]]},"properties":{}},{"type":"Feature","geometry":{"type":"LineString","coordinates":[[-90.7889,43.5891],[-90.7868,43.5898]]},"properties":{}},{"type":"Feature","geometry":{"type":"LineString","coordinates":[[-90.7833,43.5898],[-90.7829,43.5906]]},"properties":{}},{"type":"Feature","geometry":{"type":"LineString","coordinates":[[-90.7829,43.5906],[-90.7804,43.5903]]},"properties":{}},{"type":"Feature","geometry":{"type":"LineString","coordinates":[[-90.7804,43.5903],[-90.7782,43.5913]]},"properties":{}},{"type":"Feature","geometry":{"type":"LineString","coordinates":[[-90.8444,43.7323],[-90.8445,43.7351]]},"properties":{}},{"type":"Feature","geometry":{"type":"LineString","coordinates":[[-90.8485,43.7358],[-90.85,43.7373]]},"properties":{}},{"type":"Feature","geometry":{"type":"LineString","coordinates":[[-90.85,43.7373],[-90.8513,43.7399]]},"properties":{}},{"type":"Feature","geometry":{"type":"LineString","coordinates":[[-90.8582,43.7391],[-90.8585,43.7383]]},"properties":{}},{"type":"Feature","geometry":{"type":"LineString","coordinates":[[-90.8405,42.9112],[-90.8399,42.9107]]},"properties":{}},{"type":"Feature","geometry":{"type":"LineString","coordinates":[[-90.8399,42.9107],[-90.841,42.9107]]},"properties":{}},{"type":"Feature","geometry":{"type":"LineString","coordinates":[[-90.841,42.9107],[-90.8406,42.9101]]},"properties":{}},{"type":"Feature","geometry":{"type":"LineString","coordinates":[[-90.8406,42.9101],[-90.8416,42.9094]]},"properties":{}},{"type":"Feature","geometry":{"type":"LineString","coordinates":[[-90.8416,42.9093],[-90.8416,42.9082]]},"properties":{}},{"type":"Feature","geometry":{"type":"LineString","coordinates":[[-90.8416,42.9082],[-90.8422,42.9076]]},"properties":{}},{"type":"Feature","geometry":{"type":"LineString","coordinates":[[-90.8422,42.9076],[-90.8419,42.9071]]},"properties":{}},{"type":"Feature","geometry":{"type":"LineString","coordinates":[[-90.8419,42.9071],[-90.8427,42.9068]]},"properties":{}},{"type":"Feature","geometry":{"type":"LineString","coordinates":[[-90.8427,42.9068],[-90.8425,42.9058]]},"properties":{}},{"type":"Feature","geometry":{"type":"LineString","coordinates":[[-90.8425,42.9058],[-90.8437,42.9047]]},"properties":{}},{"type":"Feature","geometry":{"type":"LineString","coordinates":[[-90.8439,42.9039],[-90.8447,42.9037]]},"properties":{}},{"type":"Feature","geometry":{"type":"LineString","coordinates":[[-90.8447,42.9037],[-90.8445,42.9029]]},"properties":{}},{"type":"Feature","geometry":{"type":"LineString","coordinates":[[-90.8445,42.9029],[-90.8456,42.9025]]},"properties":{}},{"type":"Feature","geometry":{"type":"LineString","coordinates":[[-90.8456,42.9025],[-90.8463,42.901]]},"properties":{}},{"type":"Feature","geometry":{"type":"LineString","coordinates":[[-90.8463,42.901],[-90.8464,42.8994]]},"properties":{}},{"type":"Feature","geometry":{"type":"LineString","coordinates":[[-90.8464,42.8994],[-90.8452,42.8972]]},"properties":{}},{"type":"Feature","geometry":{"type":"LineString","coordinates":[[-90.8408,42.8943],[-90.8398,42.8944]]},"properties":{}},{"type":"Feature","geometry":{"type":"LineString","coordinates":[[-90.8398,42.8944],[-90.8372,42.8936]]},"properties":{}},{"type":"Feature","geometry":{"type":"LineString","coordinates":[[-90.8351,42.8912],[-90.8339,42.8903]]},"properties":{}},{"type":"Feature","geometry":{"type":"LineString","coordinates":[[-90.8339,42.8903],[-90.8333,42.8907]]},"properties":{}},{"type":"Feature","geometry":{"type":"LineString","coordinates":[[-90.8299,42.8899],[-90.8298,42.8891]]},"properties":{}},{"type":"Feature","geometry":{"type":"LineString","coordinates":[[-90.8298,42.8891],[-90.8277,42.8886]]},"properties":{}},{"type":"Feature","geometry":{"type":"LineString","coordinates":[[-90.8277,42.8886],[-90.826,42.8888]]},"properties":{}},{"type":"Feature","geometry":{"type":"LineString","coordinates":[[-90.8236,42.8905],[-90.8226,42.89]]},"properties":{}},{"type":"Feature","geometry":{"type":"LineString","coordinates":[[-90.8226,42.89],[-90.8218,42.8903]]},"properties":{}},{"type":"Feature","geometry":{"type":"LineString","coordinates":[[-90.8218,42.8903],[-90.8192,42.8884]]},"properties":{}},{"type":"Feature","geometry":{"type":"LineString","coordinates":[[-90.6855,43.0856],[-90.6927,43.0884]]},"properties":{}},{"type":"Feature","geometry":{"type":"LineString","coordinates":[[-90.6927,43.0884],[-90.6946,43.0897]]},"properties":{}},{"type":"Feature","geometry":{"type":"LineString","coordinates":[[-90.6946,43.0897],[-90.697,43.0901]]},"properties":{}},{"type":"Feature","geometry":{"type":"LineString","coordinates":[[-90.6972,43.0946],[-90.6982,43.0953]]},"properties":{}},{"type":"Feature","geometry":{"type":"LineString","coordinates":[[-90.6982,43.0953],[-90.6984,43.0962]]},"properties":{}},{"type":"Feature","geometry":{"type":"LineString","coordinates":[[-90.6984,43.0962],[-90.6965,43.1005]]},"properties":{}},{"type":"Feature","geometry":{"type":"LineString","coordinates":[[-90.6965,43.1005],[-90.7003,43.1039]]},"properties":{}},{"type":"Feature","geometry":{"type":"LineString","coordinates":[[-90.7058,43.1069],[-90.7027,43.1102]]},"properties":{}},{"type":"Feature","geometry":{"type":"LineString","coordinates":[[-90.7027,43.1102],[-90.7038,43.1108]]},"properties":{}},{"type":"Feature","geometry":{"type":"LineString","coordinates":[[-90.7083,43.1238],[-90.713,43.1235]]},"properties":{}},{"type":"Feature","geometry":{"type":"LineString","coordinates":[[-90.713,43.1235],[-90.7212,43.1201]]},"properties":{}},{"type":"Feature","geometry":{"type":"LineString","coordinates":[[-90.7212,43.1201],[-90.7244,43.1201]]},"properties":{}},{"type":"Feature","geometry":{"type":"LineString","coordinates":[[-90.7244,43.1201],[-90.7264,43.1189]]},"properties":{}},{"type":"Feature","geometry":{"type":"LineString","coordinates":[[-90.7264,43.1189],[-90.7271,43.1196]]},"properties":{}},{"type":"Feature","geometry":{"type":"LineString","coordinates":[[-90.7271,43.1196],[-90.7303,43.1179]]},"properties":{}},{"type":"Feature","geometry":{"type":"LineString","coordinates":[[-90.7303,43.1179],[-90.7331,43.1188]]},"properties":{}},{"type":"Feature","geometry":{"type":"LineString","coordinates":[[-90.6928,43.4662],[-90.6942,43.4666]]},"properties":{}},{"type":"Feature","geometry":{"type":"LineString","coordinates":[[-90.6942,43.4666],[-90.695,43.4676]]},"properties":{}},{"type":"Feature","geometry":{"type":"LineString","coordinates":[[-90.695,43.4676],[-90.6929,43.4691]]},"properties":{}},{"type":"Feature","geometry":{"type":"LineString","coordinates":[[-90.5497,43.4038],[-90.5512,43.4035]]},"properties":{}},{"type":"Feature","geometry":{"type":"LineString","coordinates":[[-90.5512,43.4035],[-90.5503,43.4027]]},"properties":{}},{"type":"Feature","geometry":{"type":"LineString","coordinates":[[-90.5503,43.4027],[-90.5508,43.4023]]},"properties":{}},{"type":"Feature","geometry":{"type":"LineString","coordinates":[[-90.5508,43.4023],[-90.5498,43.4026]]},"properties":{}},{"type":"Feature","geometry":{"type":"LineString","coordinates":[[-90.5498,43.4026],[-90.5495,43.4021]]},"properties":{}},{"type":"Feature","geometry":{"type":"LineString","coordinates":[[-90.5495,43.4021],[-90.55,43.4019]]},"properties":{}},{"type":"Feature","geometry":{"type":"LineString","coordinates":[[-90.55,43.4019],[-90.5497,43.4014]]},"properties":{}},{"type":"Feature","geometry":{"type":"LineString","coordinates":[[-90.5497,43.4014],[-90.5505,43.4012]]},"properties":{}},{"type":"Feature","geometry":{"type":"LineString","coordinates":[[-90.5505,43.4012],[-90.5504,43.4005]]},"properties":{}},{"type":"Feature","geometry":{"type":"LineString","coordinates":[[-90.552,43.3999],[-90.552,43.3982]]},"properties":{}},{"type":"Feature","geometry":{"type":"LineString","coordinates":[[-90.5527,43.3976],[-90.5536,43.3969]]},"properties":{}},{"type":"Feature","geometry":{"type":"LineString","coordinates":[[-90.5536,43.3969],[-90.5539,43.3929]]},"properties":{}},{"type":"Feature","geometry":{"type":"LineString","coordinates":[[-90.5539,43.3929],[-90.5525,43.3924]]},"properties":{}},{"type":"Feature","geometry":{"type":"LineString","coordinates":[[-90.5525,43.3924],[-90.5534,43.3917]]},"properties":{}},{"type":"Feature","geometry":{"type":"LineString","coordinates":[[-90.5534,43.3917],[-90.5533,43.3912]]},"properties":{}},{"type":"Feature","geometry":{"type":"LineString","coordinates":[[-90.5533,43.3912],[-90.5524,43.3909]]},"properties":{}},{"type":"Feature","geometry":{"type":"LineString","coordinates":[[-90.5524,43.3909],[-90.552,43.3902]]},"properties":{}},{"type":"Feature","geometry":{"type":"LineString","coordinates":[[-90.552,43.3902],[-90.5507,43.3905]]},"properties":{}},{"type":"Feature","geometry":{"type":"LineString","coordinates":[[-90.5507,43.3905],[-90.5497,43.3901]]},"properties":{}},{"type":"Feature","geometry":{"type":"LineString","coordinates":[[-90.5497,43.3901],[-90.5492,43.3893]]},"properties":{}},{"type":"Feature","geometry":{"type":"LineString","coordinates":[[-90.5492,43.3893],[-90.5496,43.3888]]},"properties":{}},{"type":"Feature","geometry":{"type":"LineString","coordinates":[[-90.5496,43.3888],[-90.5488,43.3886]]},"properties":{}},{"type":"Feature","geometry":{"type":"LineString","coordinates":[[-90.5504,43.3876],[-90.5487,43.3854]]},"properties":{}},{"type":"Feature","geometry":{"type":"LineString","coordinates":[[-90.5487,43.3854],[-90.5492,43.3851]]},"properties":{}},{"type":"Feature","geometry":{"type":"LineString","coordinates":[[-90.5497,43.3853],[-90.5498,43.3845]]},"properties":{}},{"type":"Feature","geometry":{"type":"LineString","coordinates":[[-90.5498,43.3845],[-90.5491,43.3843]]},"properties":{}},{"type":"Feature","geometry":{"type":"LineString","coordinates":[[-90.5491,43.3843],[-90.548,43.3847]]},"properties":{}},{"type":"Feature","geometry":{"type":"LineString","coordinates":[[-90.548,43.3847],[-90.5454,43.3832]]},"properties":{}},{"type":"Feature","geometry":{"type":"LineString","coordinates":[[-90.5454,43.3832],[-90.5452,43.3818]]},"properties":{}},{"type":"Feature","geometry":{"type":"LineString","coordinates":[[-90.5456,43.3773],[-90.5466,43.3773]]},"properties":{}},{"type":"Feature","geometry":{"type":"LineString","coordinates":[[-90.5466,43.3773],[-90.547,43.3761]]},"properties":{}},{"type":"Feature","geometry":{"type":"LineString","coordinates":[[-90.547,43.3761],[-90.5455,43.3748]]},"properties":{}},{"type":"Feature","geometry":{"type":"LineString","coordinates":[[-90.5455,43.3748],[-90.5459,43.3737]]},"properties":{}},{"type":"Feature","geometry":{"type":"LineString","coordinates":[[-90.5459,43.3737],[-90.545,43.3734]]},"properties":{}},{"type":"Feature","geometry":{"type":"LineString","coordinates":[[-90.5455,43.3724],[-90.545,43.3718]]},"properties":{}},{"type":"Feature","geometry":{"type":"LineString","coordinates":[[-90.545,43.3718],[-90.5461,43.3714]]},"properties":{}},{"type":"Feature","geometry":{"type":"LineString","coordinates":[[-90.7279,43.8385],[-90.729,43.8359]]},"properties":{}},{"type":"Feature","geometry":{"type":"LineString","coordinates":[[-90.5533,43.0405],[-90.5533,43.0406]]},"properties":{}},{"type":"Feature","geometry":{"type":"LineString","coordinates":[[-90.53,43.0489],[-90.5292,43.047]]},"properties":{}},{"type":"Feature","geometry":{"type":"LineString","coordinates":[[-90.4426,42.8446],[-90.4466,42.8454]]},"properties":{}},{"type":"Feature","geometry":{"type":"LineString","coordinates":[[-90.4466,42.8454],[-90.4471,42.8418]]},"properties":{}},{"type":"Feature","geometry":{"type":"LineString","coordinates":[[-90.4454,43.0067],[-90.4445,43.007]]},"properties":{}},{"type":"Feature","geometry":{"type":"LineString","coordinates":[[-90.5827,43.4253],[-90.5792,43.4282]]},"properties":{}},{"type":"Feature","geometry":{"type":"LineString","coordinates":[[-90.5792,43.4282],[-90.5781,43.4278]]},"properties":{}},{"type":"Feature","geometry":{"type":"LineString","coordinates":[[-90.5781,43.4278],[-90.5765,43.4283]]},"properties":{}},{"type":"Feature","geometry":{"type":"LineString","coordinates":[[-90.5765,43.4283],[-90.5757,43.4279]]},"properties":{}},{"type":"Feature","geometry":{"type":"LineString","coordinates":[[-90.5757,43.4279],[-90.5728,43.4277]]},"properties":{}},{"type":"Feature","geometry":{"type":"LineString","coordinates":[[-90.5728,43.4277],[-90.5679,43.4291]]},"properties":{}},{"type":"Feature","geometry":{"type":"LineString","coordinates":[[-90.5679,43.4291],[-90.5659,43.4271]]},"properties":{}},{"type":"Feature","geometry":{"type":"LineString","coordinates":[[-90.5659,43.4271],[-90.565,43.4274]]},"properties":{}},{"type":"Feature","geometry":{"type":"LineString","coordinates":[[-90.5669,43.4515],[-90.5685,43.4472]]},"properties":{}},{"type":"Feature","geometry":{"type":"LineString","coordinates":[[-90.5685,43.4472],[-90.568,43.4467]]},"properties":{}},{"type":"Feature","geometry":{"type":"LineString","coordinates":[[-90.568,43.4467],[-90.5685,43.4468]]},"properties":{}},{"type":"Feature","geometry":{"type":"LineString","coordinates":[[-90.5685,43.4468],[-90.5693,43.4462]]},"properties":{}},{"type":"Feature","geometry":{"type":"LineString","coordinates":[[-90.5693,43.4462],[-90.569,43.4459]]},"properties":{}},{"type":"Feature","geometry":{"type":"LineString","coordinates":[[-90.569,43.4459],[-90.5721,43.4438]]},"properties":{}},{"type":"Feature","geometry":{"type":"LineString","coordinates":[[-90.5721,43.4438],[-90.5726,43.4406]]},"properties":{}},{"type":"Feature","geometry":{"type":"LineString","coordinates":[[-90.5726,43.4406],[-90.5737,43.439]]},"properties":{}},{"type":"Feature","geometry":{"type":"LineString","coordinates":[[-90.5737,43.439],[-90.5735,43.4384]]},"properties":{}},{"type":"Feature","geometry":{"type":"LineString","coordinates":[[-90.5108,43.5233],[-90.5103,43.5227]]},"properties":{}},{"type":"Feature","geometry":{"type":"LineString","coordinates":[[-90.5103,43.5227],[-90.5096,43.5232]]},"properties":{}},{"type":"Feature","geometry":{"type":"LineString","coordinates":[[-90.6345,46.3096],[-90.6381,46.3101]]},"properties":{}},{"type":"Feature","geometry":{"type":"LineString","coordinates":[[-90.6381,46.3101],[-90.6395,46.3119]]},"properties":{}},{"type":"Feature","geometry":{"type":"LineString","coordinates":[[-90.6395,46.3119],[-90.6412,46.313]]},"properties":{}},{"type":"Feature","geometry":{"type":"LineString","coordinates":[[-90.6412,46.313],[-90.6438,46.3126]]},"properties":{}},{"type":"Feature","geometry":{"type":"LineString","coordinates":[[-90.2442,43.059],[-90.245,43.0601]]},"properties":{}},{"type":"Feature","geometry":{"type":"LineString","coordinates":[[-90.245,43.0601],[-90.2469,43.0605]]},"properties":{}},{"type":"Feature","geometry":{"type":"LineString","coordinates":[[-90.2469,43.0605],[-90.2475,43.0613]]},"properties":{}},{"type":"Feature","geometry":{"type":"LineString","coordinates":[[-90.2475,43.0613],[-90.2485,43.0616]]},"properties":{}},{"type":"Feature","geometry":{"type":"LineString","coordinates":[[-90.402,43.539],[-90.4029,43.5375]]},"properties":{}},{"type":"Feature","geometry":{"type":"LineString","coordinates":[[-90.4029,43.5375],[-90.4068,43.5359]]},"properties":{}},{"type":"Feature","geometry":{"type":"LineString","coordinates":[[-90.3436,43.5533],[-90.3442,43.5519]]},"properties":{}},{"type":"Feature","geometry":{"type":"LineString","coordinates":[[-90.3442,43.5519],[-90.3458,43.5504]]},"properties":{}},{"type":"Feature","geometry":{"type":"LineString","coordinates":[[-90.3458,43.5504],[-90.3502,43.5483]]},"properties":{}},{"type":"Feature","geometry":{"type":"LineString","coordinates":[[-90.1499,43.7598],[-90.1501,43.7591]]},"properties":{}},{"type":"Feature","geometry":{"type":"LineString","coordinates":[[-90.1501,43.7591],[-90.149,43.7593]]},"properties":{}},{"type":"Feature","geometry":{"type":"LineString","coordinates":[[-90.149,43.7593],[-90.1488,43.7588]]},"properties":{}},{"type":"Feature","geometry":{"type":"LineString","coordinates":[[-90.1488,43.7588],[-90.1466,43.7586]]},"properties":{}},{"type":"Feature","geometry":{"type":"LineString","coordinates":[[-90.1466,43.7586],[-90.1462,43.7574]]},"properties":{}},{"type":"Feature","geometry":{"type":"LineString","coordinates":[[-90.1462,43.7574],[-90.1451,43.757]]},"properties":{}},{"type":"Feature","geometry":{"type":"LineString","coordinates":[[-90.1451,43.757],[-90.1453,43.7567]]},"properties":{}},{"type":"Feature","geometry":{"type":"LineString","coordinates":[[-90.1453,43.7567],[-90.1446,43.7567]]},"properties":{}},{"type":"Feature","geometry":{"type":"LineString","coordinates":[[-90.1446,43.7567],[-90.1438,43.7559]]},"properties":{}},{"type":"Feature","geometry":{"type":"LineString","coordinates":[[-90.1438,43.7559],[-90.142,43.7556]]},"properties":{}},{"type":"Feature","geometry":{"type":"LineString","coordinates":[[-90.142,43.7556],[-90.14,43.7537]]},"properties":{}},{"type":"Feature","geometry":{"type":"LineString","coordinates":[[-90.14,43.7537],[-90.1388,43.7535]]},"properties":{}},{"type":"Feature","geometry":{"type":"LineString","coordinates":[[-90.1388,43.7535],[-90.1382,43.7529]]},"properties":{}},{"type":"Feature","geometry":{"type":"LineString","coordinates":[[-90.1382,43.7529],[-90.1367,43.7528]]},"properties":{}},{"type":"Feature","geometry":{"type":"LineString","coordinates":[[-90.1367,43.7528],[-90.1358,43.7538]]},"properties":{}},{"type":"Feature","geometry":{"type":"LineString","coordinates":[[-90.1358,43.7538],[-90.136,43.7543]]},"properties":{}},{"type":"Feature","geometry":{"type":"LineString","coordinates":[[-90.136,43.7543],[-90.1344,43.7543]]},"properties":{}},{"type":"Feature","geometry":{"type":"LineString","coordinates":[[-90.1344,43.7543],[-90.1336,43.7549]]},"properties":{}},{"type":"Feature","geometry":{"type":"LineString","coordinates":[[-90.1336,43.7549],[-90.1328,43.7546]]},"properties":{}},{"type":"Feature","geometry":{"type":"LineString","coordinates":[[-90.1328,43.7546],[-90.1307,43.7558]]},"properties":{}},{"type":"Feature","geometry":{"type":"LineString","coordinates":[[-90.1307,43.7558],[-90.1308,43.7564]]},"properties":{}},{"type":"Feature","geometry":{"type":"LineString","coordinates":[[-90.1308,43.7564],[-90.13,43.7563]]},"properties":{}},{"type":"Feature","geometry":{"type":"LineString","coordinates":[[-90.13,43.7563],[-90.129,43.7568]]},"properties":{}},{"type":"Feature","geometry":{"type":"LineString","coordinates":[[-90.129,43.7568],[-90.1264,43.7542]]},"properties":{}},{"type":"Feature","geometry":{"type":"LineString","coordinates":[[-90.1264,43.7542],[-90.1258,43.7529]]},"properties":{}},{"type":"Feature","geometry":{"type":"LineString","coordinates":[[-90.1258,43.7529],[-90.126,43.7525]]},"properties":{}},{"type":"Feature","geometry":{"type":"LineString","coordinates":[[-90.126,43.7525],[-90.1239,43.7516]]},"properties":{}},{"type":"Feature","geometry":{"type":"LineString","coordinates":[[-90.1239,43.7516],[-90.1211,43.7534]]},"properties":{}},{"type":"Feature","geometry":{"type":"LineString","coordinates":[[-90.1211,43.7534],[-90.1205,43.754]]},"properties":{}},{"type":"Feature","geometry":{"type":"LineString","coordinates":[[-90.1205,43.754],[-90.1208,43.7546]]},"properties":{}},{"type":"Feature","geometry":{"type":"LineString","coordinates":[[-90.1208,43.7546],[-90.1187,43.7548]]},"properties":{}},{"type":"Feature","geometry":{"type":"LineString","coordinates":[[-90.1187,43.7548],[-90.1184,43.7556]]},"properties":{}},{"type":"Feature","geometry":{"type":"LineString","coordinates":[[-90.1184,43.7556],[-90.1047,43.7561]]},"properties":{}},{"type":"Feature","geometry":{"type":"LineString","coordinates":[[-90.0956,43.7609],[-90.0957,43.7614]]},"properties":{}},{"type":"Feature","geometry":{"type":"LineString","coordinates":[[-90.0957,43.7614],[-90.0935,43.7637]]},"properties":{}},{"type":"Feature","geometry":{"type":"LineString","coordinates":[[-90.0935,43.7637],[-90.0938,43.7642]]},"properties":{}},{"type":"Feature","geometry":{"type":"LineString","coordinates":[[-90.0938,43.7642],[-90.0928,43.764]]},"properties":{}},{"type":"Feature","geometry":{"type":"LineString","coordinates":[[-90.0928,43.764],[-90.0928,43.7647]]},"properties":{}},{"type":"Feature","geometry":{"type":"LineString","coordinates":[[-90.0928,43.7647],[-90.0911,43.7652]]},"properties":{}},{"type":"Feature","geometry":{"type":"LineString","coordinates":[[-90.0911,43.7652],[-90.0893,43.7654]]},"properties":{}},{"type":"Feature","geometry":{"type":"LineString","coordinates":[[-90.0893,43.7654],[-90.0869,43.7637]]},"properties":{}},{"type":"Feature","geometry":{"type":"LineString","coordinates":[[-90.3825,46.315],[-90.3837,46.3154]]},"properties":{}},{"type":"Feature","geometry":{"type":"LineString","coordinates":[[-90.3837,46.3154],[-90.3835,46.3159]]},"properties":{}},{"type":"Feature","geometry":{"type":"LineString","coordinates":[[-90.3835,46.3159],[-90.3842,46.3168]]},"properties":{}},{"type":"Feature","geometry":{"type":"LineString","coordinates":[[-90.3842,46.3168],[-90.3856,46.3173]]},"properties":{}},{"type":"Feature","geometry":{"type":"LineString","coordinates":[[-90.3856,46.3173],[-90.3872,46.3185]]},"properties":{}},{"type":"Feature","geometry":{"type":"LineString","coordinates":[[-90.3872,46.3185],[-90.3876,46.3195]]},"properties":{}},{"type":"Feature","geometry":{"type":"LineString","coordinates":[[-90.3876,46.3195],[-90.3886,46.3198]]},"properties":{}},{"type":"Feature","geometry":{"type":"LineString","coordinates":[[-90.3886,46.3198],[-90.3885,46.3215]]},"properties":{}},{"type":"Feature","geometry":{"type":"LineString","coordinates":[[-90.3885,46.3215],[-90.3894,46.323]]},"properties":{}},{"type":"Feature","geometry":{"type":"LineString","coordinates":[[-90.3894,46.323],[-90.3894,46.3243]]},"properties":{}},{"type":"Feature","geometry":{"type":"LineString","coordinates":[[-90.3894,46.3243],[-90.3915,46.324]]},"properties":{}},{"type":"Feature","geometry":{"type":"LineString","coordinates":[[-90.3915,46.324],[-90.3934,46.3243]]},"properties":{}},{"type":"Feature","geometry":{"type":"LineString","coordinates":[[-90.3934,46.3243],[-90.3945,46.3257]]},"properties":{}},{"type":"Feature","geometry":{"type":"LineString","coordinates":[[-90.3945,46.3257],[-90.3954,46.3255]]},"properties":{}},{"type":"Feature","geometry":{"type":"LineString","coordinates":[[-90.3954,46.3255],[-90.396,46.3265]]},"properties":{}},{"type":"Feature","geometry":{"type":"LineString","coordinates":[[-90.396,46.3265],[-90.3969,46.3264]]},"properties":{}},{"type":"Feature","geometry":{"type":"LineString","coordinates":[[-90.3969,46.3264],[-90.3984,46.3272]]},"properties":{}},{"type":"Feature","geometry":{"type":"LineString","coordinates":[[-90.0634,42.6836],[-90.062,42.683]]},"properties":{}},{"type":"Feature","geometry":{"type":"LineString","coordinates":[[-90.062,42.683],[-90.0612,42.6837]]},"properties":{}},{"type":"Feature","geometry":{"type":"LineString","coordinates":[[-90.0612,42.6837],[-90.0616,42.6841]]},"properties":{}},{"type":"Feature","geometry":{"type":"LineString","coordinates":[[-90.0616,42.6841],[-90.0612,42.6845]]},"properties":{}},{"type":"Feature","geometry":{"type":"LineString","coordinates":[[-90.0612,42.6845],[-90.0622,42.6843]]},"properties":{}},{"type":"Feature","geometry":{"type":"LineString","coordinates":[[-90.0607,42.6865],[-90.062,42.6868]]},"properties":{}},{"type":"Feature","geometry":{"type":"LineString","coordinates":[[-90.062,42.6868],[-90.0615,42.6868]]},"properties":{}},{"type":"Feature","geometry":{"type":"LineString","coordinates":[[-90.0615,42.6868],[-90.0612,42.6882]]},"properties":{}},{"type":"Feature","geometry":{"type":"LineString","coordinates":[[-90.0612,42.6882],[-90.058,42.6913]]},"properties":{}},{"type":"Feature","geometry":{"type":"LineString","coordinates":[[-90.0565,42.6944],[-90.0567,42.695]]},"properties":{}},{"type":"Feature","geometry":{"type":"LineString","coordinates":[[-89.7333,43.1346],[-89.7373,43.1344]]},"properties":{}},{"type":"Feature","geometry":{"type":"LineString","coordinates":[[-89.7373,43.1344],[-89.7382,43.134]]},"properties":{}},{"type":"Feature","geometry":{"type":"LineString","coordinates":[[-89.7382,43.134],[-89.7379,43.133]]},"properties":{}},{"type":"Feature","geometry":{"type":"LineString","coordinates":[[-89.7451,43.1454],[-89.7483,43.1445]]},"properties":{}},{"type":"Feature","geometry":{"type":"LineString","coordinates":[[-89.7483,43.1445],[-89.7501,43.1429]]},"properties":{}},{"type":"Feature","geometry":{"type":"LineString","coordinates":[[-89.9811,45.1351],[-89.9805,45.1331]]},"properties":{}},{"type":"Feature","geometry":{"type":"LineString","coordinates":[[-89.9805,45.1331],[-89.9816,45.132]]},"properties":{}},{"type":"Feature","geometry":{"type":"LineString","coordinates":[[-89.9816,45.132],[-89.9819,45.1307]]},"properties":{}},{"type":"Feature","geometry":{"type":"LineString","coordinates":[[-89.9819,45.1307],[-89.9815,45.13]]},"properties":{}},{"type":"Feature","geometry":{"type":"LineString","coordinates":[[-89.9815,45.13],[-89.9819,45.1298]]},"properties":{}},{"type":"Feature","geometry":{"type":"LineString","coordinates":[[-89.9819,45.1298],[-89.9816,45.1286]]},"properties":{}},{"type":"Feature","geometry":{"type":"LineString","coordinates":[[-89.9816,45.1286],[-89.982,45.128]]},"properties":{}},{"type":"Feature","geometry":{"type":"LineString","coordinates":[[-89.982,45.128],[-89.9813,45.1267]]},"properties":{}},{"type":"Feature","geometry":{"type":"LineString","coordinates":[[-89.9813,45.1267],[-89.9831,45.1248]]},"properties":{}},{"type":"Feature","geometry":{"type":"LineString","coordinates":[[-90.1193,45.2766],[-90.1194,45.275]]},"properties":{}},{"type":"Feature","geometry":{"type":"LineString","coordinates":[[-90.1194,45.275],[-90.1224,45.2736]]},"properties":{}},{"type":"Feature","geometry":{"type":"LineString","coordinates":[[-90.1265,45.2707],[-90.1271,45.2703]]},"properties":{}},{"type":"Feature","geometry":{"type":"LineString","coordinates":[[-90.1271,45.2703],[-90.127,45.2694]]},"properties":{}},{"type":"Feature","geometry":{"type":"LineString","coordinates":[[-90.133,45.2484],[-90.1341,45.2471]]},"properties":{}},{"type":"Feature","geometry":{"type":"LineString","coordinates":[[-90.1341,45.2471],[-90.135,45.247]]},"properties":{}},{"type":"Feature","geometry":{"type":"LineString","coordinates":[[-90.135,45.247],[-90.1353,45.2455]]},"properties":{}},{"type":"Feature","geometry":{"type":"LineString","coordinates":[[-90.0188,45.285],[-90.0217,45.2792]]},"properties":{}},{"type":"Feature","geometry":{"type":"LineString","coordinates":[[-90.0217,45.2792],[-90.0216,45.2786]]},"properties":{}},{"type":"Feature","geometry":{"type":"LineString","coordinates":[[-90.0216,45.2786],[-90.0202,45.2787]]},"properties":{}},{"type":"Feature","geometry":{"type":"LineString","coordinates":[[-90.0202,45.2787],[-90.0181,45.2763]]},"properties":{}},{"type":"Feature","geometry":{"type":"LineString","coordinates":[[-90.0041,45.2701],[-90.005,45.2683]]},"properties":{}},{"type":"Feature","geometry":{"type":"LineString","coordinates":[[-90.005,45.2683],[-90.0032,45.2668]]},"properties":{}},{"type":"Feature","geometry":{"type":"LineString","coordinates":[[-90.0032,45.2668],[-89.999,45.2663]]},"properties":{}},{"type":"Feature","geometry":{"type":"LineString","coordinates":[[-89.999,45.2663],[-89.9935,45.2675]]},"properties":{}},{"type":"Feature","geometry":{"type":"LineString","coordinates":[[-89.9496,45.2691],[-89.9561,45.2692]]},"properties":{}},{"type":"Feature","geometry":{"type":"LineString","coordinates":[[-89.9561,45.2692],[-89.9567,45.2676]]},"properties":{}},{"type":"Feature","geometry":{"type":"LineString","coordinates":[[-89.9567,45.2676],[-89.9578,45.2664]]},"properties":{}},{"type":"Feature","geometry":{"type":"LineString","coordinates":[[-89.9578,45.2664],[-89.9601,45.2646]]},"properties":{}},{"type":"Feature","geometry":{"type":"LineString","coordinates":[[-89.9601,45.2646],[-89.9622,45.2637]]},"properties":{}},{"type":"Feature","geometry":{"type":"LineString","coordinates":[[-90.0105,45.3661],[-90.0119,45.3662]]},"properties":{}},{"type":"Feature","geometry":{"type":"LineString","coordinates":[[-90.0119,45.3662],[-90.0123,45.3658]]},"properties":{}},{"type":"Feature","geometry":{"type":"LineString","coordinates":[[-90.0123,45.3658],[-90.011,45.3643]]},"properties":{}},{"type":"Feature","geometry":{"type":"LineString","coordinates":[[-90.011,45.3643],[-90.0104,45.3643]]},"properties":{}},{"type":"Feature","geometry":{"type":"LineString","coordinates":[[-90.0104,45.3643],[-90.0111,45.363]]},"properties":{}},{"type":"Feature","geometry":{"type":"LineString","coordinates":[[-90.0111,45.363],[-90.0108,45.3621]]},"properties":{}},{"type":"Feature","geometry":{"type":"LineString","coordinates":[[-89.6914,43.0865],[-89.6875,43.088]]},"properties":{}},{"type":"Feature","geometry":{"type":"LineString","coordinates":[[-89.6875,43.088],[-89.6846,43.0927]]},"properties":{}},{"type":"Feature","geometry":{"type":"LineString","coordinates":[[-89.6819,43.1122],[-89.684,43.1125]]},"properties":{}},{"type":"Feature","geometry":{"type":"LineString","coordinates":[[-89.8499,42.9203],[-89.8514,42.9192]]},"properties":{}},{"type":"Feature","geometry":{"type":"LineString","coordinates":[[-89.8639,42.9156],[-89.8654,42.9133]]},"properties":{}},{"type":"Feature","geometry":{"type":"LineString","coordinates":[[-89.8654,42.9133],[-89.8644,42.9128]]},"properties":{}},{"type":"Feature","geometry":{"type":"LineString","coordinates":[[-89.8652,42.9121],[-89.8644,42.9118]]},"properties":{}},{"type":"Feature","geometry":{"type":"LineString","coordinates":[[-89.8663,42.9103],[-89.866,42.9095]]},"properties":{}},{"type":"Feature","geometry":{"type":"LineString","coordinates":[[-89.866,42.9095],[-89.8648,42.9088]]},"properties":{}},{"type":"Feature","geometry":{"type":"LineString","coordinates":[[-89.8656,42.9076],[-89.8616,42.9038]]},"properties":{}},{"type":"Feature","geometry":{"type":"LineString","coordinates":[[-89.8616,42.9038],[-89.8623,42.9025]]},"properties":{}},{"type":"Feature","geometry":{"type":"LineString","coordinates":[[-89.8623,42.9025],[-89.8644,42.9016]]},"properties":{}},{"type":"Feature","geometry":{"type":"LineString","coordinates":[[-89.8644,42.9016],[-89.8637,42.9015]]},"properties":{}},{"type":"Feature","geometry":{"type":"LineString","coordinates":[[-89.8637,42.9015],[-89.8636,42.9009]]},"properties":{}},{"type":"Feature","geometry":{"type":"LineString","coordinates":[[-89.8623,42.8991],[-89.8617,42.8994]]},"properties":{}},{"type":"Feature","geometry":{"type":"LineString","coordinates":[[-89.8617,42.8994],[-89.8603,42.8989]]},"properties":{}},{"type":"Feature","geometry":{"type":"LineString","coordinates":[[-89.8603,42.8989],[-89.8598,42.8982]]},"properties":{}},{"type":"Feature","geometry":{"type":"LineString","coordinates":[[-89.8598,42.8982],[-89.8604,42.8977]]},"properties":{}},{"type":"Feature","geometry":{"type":"LineString","coordinates":[[-89.8604,42.8977],[-89.8607,42.8966]]},"properties":{}},{"type":"Feature","geometry":{"type":"LineString","coordinates":[[-89.8607,42.8966],[-89.8603,42.8965]]},"properties":{}},{"type":"Feature","geometry":{"type":"LineString","coordinates":[[-89.8603,42.8965],[-89.8603,42.8958]]},"properties":{}},{"type":"Feature","geometry":{"type":"LineString","coordinates":[[-89.8603,42.8958],[-89.8595,42.8957]]},"properties":{}},{"type":"Feature","geometry":{"type":"LineString","coordinates":[[-89.8595,42.8957],[-89.8586,42.8937]]},"properties":{}},{"type":"Feature","geometry":{"type":"LineString","coordinates":[[-89.8586,42.8937],[-89.8606,42.8928]]},"properties":{}},{"type":"Feature","geometry":{"type":"LineString","coordinates":[[-89.8606,42.8928],[-89.8627,42.8899]]},"properties":{}},{"type":"Feature","geometry":{"type":"LineString","coordinates":[[-89.8627,42.8899],[-89.8647,42.8897]]},"properties":{}},{"type":"Feature","geometry":{"type":"LineString","coordinates":[[-89.8647,42.8897],[-89.8646,42.8891]]},"properties":{}},{"type":"Feature","geometry":{"type":"LineString","coordinates":[[-89.8646,42.8891],[-89.8657,42.8887]]},"properties":{}},{"type":"Feature","geometry":{"type":"LineString","coordinates":[[-89.8657,42.8887],[-89.8667,42.8873]]},"properties":{}},{"type":"Feature","geometry":{"type":"LineString","coordinates":[[-89.8667,42.8873],[-89.8654,42.8858]]},"properties":{}},{"type":"Feature","geometry":{"type":"LineString","coordinates":[[-89.8654,42.8858],[-89.8647,42.886]]},"properties":{}},{"type":"Feature","geometry":{"type":"LineString","coordinates":[[-89.8647,42.886],[-89.8645,42.8851]]},"properties":{}},{"type":"Feature","geometry":{"type":"LineString","coordinates":[[-89.8604,42.8828],[-89.8601,42.8822]]},"properties":{}},{"type":"Feature","geometry":{"type":"LineString","coordinates":[[-89.8601,42.8822],[-89.8613,42.8818]]},"properties":{}},{"type":"Feature","geometry":{"type":"LineString","coordinates":[[-89.8613,42.8818],[-89.8602,42.8817]]},"properties":{}},{"type":"Feature","geometry":{"type":"LineString","coordinates":[[-89.8602,42.8817],[-89.8602,42.8813]]},"properties":{}},{"type":"Feature","geometry":{"type":"LineString","coordinates":[[-89.8602,42.8813],[-89.8611,42.8812]]},"properties":{}},{"type":"Feature","geometry":{"type":"LineString","coordinates":[[-89.8611,42.8812],[-89.8613,42.8807]]},"properties":{}},{"type":"Feature","geometry":{"type":"LineString","coordinates":[[-89.8613,42.8807],[-89.8602,42.8788]]},"properties":{}},{"type":"Feature","geometry":{"type":"LineString","coordinates":[[-89.8602,42.8788],[-89.8632,42.877]]},"properties":{}},{"type":"Feature","geometry":{"type":"LineString","coordinates":[[-89.8632,42.877],[-89.8662,42.8765]]},"properties":{}},{"type":"Feature","geometry":{"type":"LineString","coordinates":[[-89.8662,42.8765],[-89.8675,42.8758]]},"properties":{}},{"type":"Feature","geometry":{"type":"LineString","coordinates":[[-89.8675,42.8758],[-89.8663,42.8756]]},"properties":{}},{"type":"Feature","geometry":{"type":"LineString","coordinates":[[-89.8663,42.8756],[-89.867,42.8752]]},"properties":{}},{"type":"Feature","geometry":{"type":"LineString","coordinates":[[-89.867,42.8752],[-89.8665,42.8746]]},"properties":{}},{"type":"Feature","geometry":{"type":"LineString","coordinates":[[-89.8665,42.8746],[-89.8671,42.8744]]},"properties":{}},{"type":"Feature","geometry":{"type":"LineString","coordinates":[[-89.8671,42.8744],[-89.8649,42.8725]]},"properties":{}},{"type":"Feature","geometry":{"type":"LineString","coordinates":[[-89.8649,42.8725],[-89.8654,42.8717]]},"properties":{}},{"type":"Feature","geometry":{"type":"LineString","coordinates":[[-89.8654,42.8717],[-89.8644,42.872]]},"properties":{}},{"type":"Feature","geometry":{"type":"LineString","coordinates":[[-89.8644,42.872],[-89.8648,42.8713]]},"properties":{}},{"type":"Feature","geometry":{"type":"LineString","coordinates":[[-89.8648,42.8713],[-89.8641,42.871]]},"properties":{}},{"type":"Feature","geometry":{"type":"LineString","coordinates":[[-89.8641,42.871],[-89.8636,42.8692]]},"properties":{}},{"type":"Feature","geometry":{"type":"LineString","coordinates":[[-89.8636,42.8692],[-89.8641,42.8686]]},"properties":{}},{"type":"Feature","geometry":{"type":"LineString","coordinates":[[-89.8641,42.8686],[-89.8638,42.8682]]},"properties":{}},{"type":"Feature","geometry":{"type":"LineString","coordinates":[[-89.8638,42.8682],[-89.8649,42.8677]]},"properties":{}},{"type":"Feature","geometry":{"type":"LineString","coordinates":[[-89.8647,42.8672],[-89.8642,42.8671]]},"properties":{}},{"type":"Feature","geometry":{"type":"LineString","coordinates":[[-89.8642,42.8671],[-89.8644,42.8666]]},"properties":{}},{"type":"Feature","geometry":{"type":"LineString","coordinates":[[-89.8644,42.8666],[-89.8637,42.8663]]},"properties":{}},{"type":"Feature","geometry":{"type":"LineString","coordinates":[[-89.8637,42.8663],[-89.8643,42.8655]]},"properties":{}},{"type":"Feature","geometry":{"type":"LineString","coordinates":[[-89.8643,42.8655],[-89.8631,42.8645]]},"properties":{}},{"type":"Feature","geometry":{"type":"LineString","coordinates":[[-89.8635,42.8641],[-89.8612,42.8619]]},"properties":{}},{"type":"Feature","geometry":{"type":"LineString","coordinates":[[-89.8612,42.8619],[-89.8611,42.8612]]},"properties":{}},{"type":"Feature","geometry":{"type":"LineString","coordinates":[[-89.8611,42.8612],[-89.8603,42.8613]]},"properties":{}},{"type":"Feature","geometry":{"type":"LineString","coordinates":[[-89.8603,42.8613],[-89.8594,42.8606]]},"properties":{}},{"type":"Feature","geometry":{"type":"LineString","coordinates":[[-89.8576,42.8563],[-89.8568,42.8559]]},"properties":{}},{"type":"Feature","geometry":{"type":"LineString","coordinates":[[-89.8568,42.8559],[-89.8567,42.8545]]},"properties":{}},{"type":"Feature","geometry":{"type":"LineString","coordinates":[[-89.8567,42.8545],[-89.8561,42.8545]]},"properties":{}},{"type":"Feature","geometry":{"type":"LineString","coordinates":[[-89.8561,42.8545],[-89.8568,42.8538]]},"properties":{}},{"type":"Feature","geometry":{"type":"LineString","coordinates":[[-89.8568,42.8538],[-89.8553,42.853]]},"properties":{}},{"type":"Feature","geometry":{"type":"LineString","coordinates":[[-89.8553,42.853],[-89.8551,42.8521]]},"properties":{}},{"type":"Feature","geometry":{"type":"LineString","coordinates":[[-89.7942,43.068],[-89.7941,43.0693]]},"properties":{}},{"type":"Feature","geometry":{"type":"LineString","coordinates":[[-89.7941,43.0693],[-89.7953,43.0706]]},"properties":{}},{"type":"Feature","geometry":{"type":"LineString","coordinates":[[-89.8993,45.7671],[-89.8988,45.7681]]},"properties":{}},{"type":"Feature","geometry":{"type":"LineString","coordinates":[[-89.8988,45.7681],[-89.8994,45.7684]]},"properties":{}},{"type":"Feature","geometry":{"type":"LineString","coordinates":[[-89.8994,45.7684],[-89.8989,45.7692]]},"properties":{}},{"type":"Feature","geometry":{"type":"LineString","coordinates":[[-89.7126,42.8105],[-89.7132,42.8092]]},"properties":{}},{"type":"Feature","geometry":{"type":"LineString","coordinates":[[-89.7132,42.8092],[-89.7122,42.8086]]},"properties":{}},{"type":"Feature","geometry":{"type":"LineString","coordinates":[[-89.7122,42.8086],[-89.7126,42.8083]]},"properties":{}},{"type":"Feature","geometry":{"type":"LineString","coordinates":[[-89.7126,42.8083],[-89.712,42.808]]},"properties":{}},{"type":"Feature","geometry":{"type":"LineString","coordinates":[[-89.712,42.808],[-89.7124,42.8077]]},"properties":{}},{"type":"Feature","geometry":{"type":"LineString","coordinates":[[-89.7124,42.8077],[-89.7121,42.8071]]},"properties":{}},{"type":"Feature","geometry":{"type":"LineString","coordinates":[[-89.7121,42.8071],[-89.7125,42.807]]},"properties":{}},{"type":"Feature","geometry":{"type":"LineString","coordinates":[[-89.7125,42.807],[-89.7119,42.8067]]},"properties":{}},{"type":"Feature","geometry":{"type":"LineString","coordinates":[[-89.7129,42.8014],[-89.7123,42.8005]]},"properties":{}},{"type":"Feature","geometry":{"type":"LineString","coordinates":[[-89.7123,42.8005],[-89.7127,42.7996]]},"properties":{}},{"type":"Feature","geometry":{"type":"LineString","coordinates":[[-89.7127,42.7996],[-89.7121,42.7979]]},"properties":{}},{"type":"Feature","geometry":{"type":"LineString","coordinates":[[-89.7121,42.7979],[-89.7125,42.7977]]},"properties":{}},{"type":"Feature","geometry":{"type":"LineString","coordinates":[[-89.7125,42.7977],[-89.712,42.7973]]},"properties":{}},{"type":"Feature","geometry":{"type":"LineString","coordinates":[[-89.712,42.7973],[-89.712,42.7954]]},"properties":{}},{"type":"Feature","geometry":{"type":"LineString","coordinates":[[-89.712,42.7954],[-89.7104,42.7936]]},"properties":{}},{"type":"Feature","geometry":{"type":"LineString","coordinates":[[-89.7104,42.7936],[-89.7105,42.7929]]},"properties":{}},{"type":"Feature","geometry":{"type":"LineString","coordinates":[[-89.7078,42.7913],[-89.7035,42.7899]]},"properties":{}},{"type":"Feature","geometry":{"type":"LineString","coordinates":[[-89.6953,42.7901],[-89.6913,42.7886]]},"properties":{}},{"type":"Feature","geometry":{"type":"LineString","coordinates":[[-89.6913,42.7886],[-89.688,42.7883]]},"properties":{}},{"type":"Feature","geometry":{"type":"LineString","coordinates":[[-89.688,42.7883],[-89.6878,42.7878]]},"properties":{}},{"type":"Feature","geometry":{"type":"LineString","coordinates":[[-89.6878,42.7878],[-89.6856,42.7868]]},"properties":{}},{"type":"Feature","geometry":{"type":"LineString","coordinates":[[-89.6856,42.7868],[-89.6852,42.7871]]},"properties":{}},{"type":"Feature","geometry":{"type":"LineString","coordinates":[[-89.6852,42.7871],[-89.6849,42.7865]]},"properties":{}},{"type":"Feature","geometry":{"type":"LineString","coordinates":[[-89.6849,42.7865],[-89.6845,42.7868]]},"properties":{}},{"type":"Feature","geometry":{"type":"LineString","coordinates":[[-89.6845,42.7868],[-89.6837,42.7859]]},"properties":{}},{"type":"Feature","geometry":{"type":"LineString","coordinates":[[-89.6837,42.7859],[-89.6794,42.7839]]},"properties":{}},{"type":"Feature","geometry":{"type":"LineString","coordinates":[[-89.6794,42.7839],[-89.6797,42.7834]]},"properties":{}},{"type":"Feature","geometry":{"type":"LineString","coordinates":[[-89.6788,42.7822],[-89.6784,42.7824]]},"properties":{}},{"type":"Feature","geometry":{"type":"LineString","coordinates":[[-89.6784,42.7824],[-89.6778,42.7811]]},"properties":{}},{"type":"Feature","geometry":{"type":"LineString","coordinates":[[-89.6778,42.7811],[-89.676,42.7793]]},"properties":{}},{"type":"Feature","geometry":{"type":"LineString","coordinates":[[-89.6689,42.7563],[-89.6696,42.7559]]},"properties":{}},{"type":"Feature","geometry":{"type":"LineString","coordinates":[[-89.6696,42.7559],[-89.6693,42.7554]]},"properties":{}},{"type":"Feature","geometry":{"type":"LineString","coordinates":[[-89.6639,42.7503],[-89.6613,42.7464]]},"properties":{}},{"type":"Feature","geometry":{"type":"LineString","coordinates":[[-89.3174,44.0522],[-89.3163,44.0516]]},"properties":{}},{"type":"Feature","geometry":{"type":"LineString","coordinates":[[-89.3163,44.0516],[-89.3157,44.052]]},"properties":{}},{"type":"Feature","geometry":{"type":"LineString","coordinates":[[-89.3157,44.052],[-89.3146,44.0513]]},"properties":{}},{"type":"Feature","geometry":{"type":"LineString","coordinates":[[-89.3146,44.0513],[-89.3134,44.0516]]},"properties":{}},{"type":"Feature","geometry":{"type":"LineString","coordinates":[[-89.3134,44.0516],[-89.3134,44.0511]]},"properties":{}},{"type":"Feature","geometry":{"type":"LineString","coordinates":[[-89.3134,44.0511],[-89.3116,44.0498]]},"properties":{}},{"type":"Feature","geometry":{"type":"LineString","coordinates":[[-89.2931,44.0495],[-89.2927,44.0491]]},"properties":{}},{"type":"Feature","geometry":{"type":"LineString","coordinates":[[-89.2927,44.0491],[-89.292,44.0495]]},"properties":{}},{"type":"Feature","geometry":{"type":"LineString","coordinates":[[-89.3041,44.5769],[-89.3031,44.5767]]},"properties":{}},{"type":"Feature","geometry":{"type":"LineString","coordinates":[[-89.3031,44.5767],[-89.3005,44.5786]]},"properties":{}},{"type":"Feature","geometry":{"type":"LineString","coordinates":[[-89.3005,44.5786],[-89.3003,44.5794]]},"properties":{}},{"type":"Feature","geometry":{"type":"LineString","coordinates":[[-89.3003,44.5794],[-89.2984,44.5804]]},"properties":{}},{"type":"Feature","geometry":{"type":"LineString","coordinates":[[-89.2984,44.5804],[-89.2999,44.5806]]},"properties":{}},{"type":"Feature","geometry":{"type":"LineString","coordinates":[[-89.3,44.5811],[-89.2973,44.5822]]},"properties":{}},{"type":"Feature","geometry":{"type":"LineString","coordinates":[[-89.2973,44.5822],[-89.2951,44.5843]]},"properties":{}},{"type":"Feature","geometry":{"type":"LineString","coordinates":[[-89.2951,44.5843],[-89.2943,44.5852]]},"properties":{}},{"type":"Feature","geometry":{"type":"LineString","coordinates":[[-89.2943,44.5852],[-89.2947,44.5858]]},"properties":{}},{"type":"Feature","geometry":{"type":"LineString","coordinates":[[-89.2947,44.5858],[-89.2944,44.5868]]},"properties":{}},{"type":"Feature","geometry":{"type":"LineString","coordinates":[[-89.2944,44.5868],[-89.2932,44.5874]]},"properties":{}},{"type":"Feature","geometry":{"type":"LineString","coordinates":[[-89.1945,44.8041],[-89.1952,44.8038]]},"properties":{}},{"type":"Feature","geometry":{"type":"LineString","coordinates":[[-89.1952,44.8038],[-89.1962,44.8015]]},"properties":{}},{"type":"Feature","geometry":{"type":"LineString","coordinates":[[-89.2021,44.3091],[-89.2005,44.3093]]},"properties":{}},{"type":"Feature","geometry":{"type":"LineString","coordinates":[[-89.2005,44.3093],[-89.199,44.3121]]},"properties":{}},{"type":"Feature","geometry":{"type":"LineString","coordinates":[[-88.7785,45.5881],[-88.7791,45.5888]]},"properties":{}},{"type":"Feature","geometry":{"type":"LineString","coordinates":[[-88.7791,45.5888],[-88.7774,45.5903]]},"properties":{}},{"type":"Feature","geometry":{"type":"LineString","coordinates":[[-88.7733,45.5928],[-88.7715,45.5953]]},"properties":{}},{"type":"Feature","geometry":{"type":"LineString","coordinates":[[-88.7715,45.5953],[-88.7715,45.5966]]},"properties":{}},{"type":"Feature","geometry":{"type":"LineString","coordinates":[[-88.7715,45.5966],[-88.7702,45.5968]]},"properties":{}},{"type":"Feature","geometry":{"type":"LineString","coordinates":[[-88.7702,45.5968],[-88.7677,45.5987]]},"properties":{}},{"type":"Feature","geometry":{"type":"LineString","coordinates":[[-88.7677,45.5987],[-88.767,45.5987]]},"properties":{}},{"type":"Feature","geometry":{"type":"LineString","coordinates":[[-88.767,45.5987],[-88.7669,45.5991]]},"properties":{}},{"type":"Feature","geometry":{"type":"LineString","coordinates":[[-88.7669,45.5991],[-88.7676,45.5998]]},"properties":{}},{"type":"Feature","geometry":{"type":"LineString","coordinates":[[-88.7676,45.5998],[-88.7671,45.6006]]},"properties":{}},{"type":"Feature","geometry":{"type":"LineString","coordinates":[[-88.7671,45.6006],[-88.7676,45.602]]},"properties":{}},{"type":"Feature","geometry":{"type":"LineString","coordinates":[[-88.9154,44.8704],[-88.9146,44.8691]]},"properties":{}},{"type":"Feature","geometry":{"type":"LineString","coordinates":[[-88.9146,44.8691],[-88.9153,44.868]]},"properties":{}},{"type":"Feature","geometry":{"type":"LineString","coordinates":[[-88.5067,45.6214],[-88.5044,45.6205]]},"properties":{}},{"type":"Feature","geometry":{"type":"LineString","coordinates":[[-88.5044,45.6205],[-88.5048,45.619]]},"properties":{}},{"type":"Feature","geometry":{"type":"LineString","coordinates":[[-88.5048,45.619],[-88.5062,45.618]]},"properties":{}},{"type":"Feature","geometry":{"type":"LineString","coordinates":[[-88.5062,45.618],[-88.5066,45.6168]]},"properties":{}},{"type":"Feature","geometry":{"type":"LineString","coordinates":[[-88.5066,45.6168],[-88.5056,45.6154]]},"properties":{}},{"type":"Feature","geometry":{"type":"LineString","coordinates":[[-88.5056,45.6154],[-88.5055,45.6139]]},"properties":{}},{"type":"Feature","geometry":{"type":"LineString","coordinates":[[-88.5055,45.6139],[-88.5035,45.6132]]},"properties":{}},{"type":"Feature","geometry":{"type":"LineString","coordinates":[[-88.5035,45.6132],[-88.5022,45.6112]]},"properties":{}},{"type":"Feature","geometry":{"type":"LineString","coordinates":[[-88.5022,45.6112],[-88.5023,45.6108]]},"properties":{}},{"type":"Feature","geometry":{"type":"LineString","coordinates":[[-88.5023,45.6108],[-88.5005,45.6104]]},"properties":{}},{"type":"Feature","geometry":{"type":"LineString","coordinates":[[-88.5005,45.6104],[-88.5001,45.6099]]},"properties":{}},{"type":"Feature","geometry":{"type":"LineString","coordinates":[[-88.5001,45.6099],[-88.4999,45.6093]]},"properties":{}},{"type":"Feature","geometry":{"type":"LineString","coordinates":[[-88.4999,45.6093],[-88.5009,45.6078]]},"properties":{}},{"type":"Feature","geometry":{"type":"LineString","coordinates":[[-88.5009,45.6078],[-88.501,45.6069]]},"properties":{}},{"type":"Feature","geometry":{"type":"LineString","coordinates":[[-88.501,45.6069],[-88.4981,45.6061]]},"properties":{}},{"type":"Feature","geometry":{"type":"LineString","coordinates":[[-88.4981,45.6061],[-88.497,45.6049]]},"properties":{}},{"type":"Feature","geometry":{"type":"LineString","coordinates":[[-88.497,45.6049],[-88.4991,45.6024]]},"properties":{}},{"type":"Feature","geometry":{"type":"LineString","coordinates":[[-88.4991,45.6024],[-88.4991,45.6011]]},"properties":{}},{"type":"Feature","geometry":{"type":"LineString","coordinates":[[-88.4991,45.6011],[-88.4972,45.6001]]},"properties":{}},{"type":"Feature","geometry":{"type":"LineString","coordinates":[[-88.4972,45.6001],[-88.4952,45.6009]]},"properties":{}},{"type":"Feature","geometry":{"type":"LineString","coordinates":[[-88.4952,45.6009],[-88.4934,45.6007]]},"properties":{}},{"type":"Feature","geometry":{"type":"LineString","coordinates":[[-88.4934,45.6007],[-88.4923,45.5992]]},"properties":{}},{"type":"Feature","geometry":{"type":"LineString","coordinates":[[-88.4923,45.5992],[-88.4881,45.5961]]},"properties":{}},{"type":"Feature","geometry":{"type":"LineString","coordinates":[[-88.4881,45.5961],[-88.4888,45.5945]]},"properties":{}},{"type":"Feature","geometry":{"type":"LineString","coordinates":[[-88.4888,45.5945],[-88.4886,45.5925]]},"properties":{}},{"type":"Feature","geometry":{"type":"LineString","coordinates":[[-88.4886,45.5925],[-88.4922,45.5911]]},"properties":{}},{"type":"Feature","geometry":{"type":"LineString","coordinates":[[-88.4922,45.5911],[-88.4926,45.5899]]},"properties":{}},{"type":"Feature","geometry":{"type":"LineString","coordinates":[[-88.4926,45.5899],[-88.4936,45.5892]]},"properties":{}},{"type":"Feature","geometry":{"type":"LineString","coordinates":[[-88.4936,45.5892],[-88.4935,45.5883]]},"properties":{}},{"type":"Feature","geometry":{"type":"LineString","coordinates":[[-88.4697,45.7404],[-88.4716,45.743]]},"properties":{}},{"type":"Feature","geometry":{"type":"LineString","coordinates":[[-88.4716,45.743],[-88.4737,45.7441]]},"properties":{}},{"type":"Feature","geometry":{"type":"LineString","coordinates":[[-88.4737,45.7441],[-88.4743,45.7454]]},"properties":{}},{"type":"Feature","geometry":{"type":"LineString","coordinates":[[-88.3682,45.7034],[-88.3668,45.7016]]},"properties":{}},{"type":"Feature","geometry":{"type":"LineString","coordinates":[[-88.3668,45.7016],[-88.3663,45.6991]]},"properties":{}},{"type":"Feature","geometry":{"type":"LineString","coordinates":[[-88.3663,45.6991],[-88.3652,45.6981]]},"properties":{}},{"type":"Feature","geometry":{"type":"LineString","coordinates":[[-88.3652,45.6981],[-88.3652,45.6972]]},"properties":{}},{"type":"Feature","geometry":{"type":"LineString","coordinates":[[-88.3652,45.6972],[-88.3696,45.6963]]},"properties":{}},{"type":"Feature","geometry":{"type":"LineString","coordinates":[[-88.3696,45.6963],[-88.3693,45.6952]]},"properties":{}},{"type":"Feature","geometry":{"type":"LineString","coordinates":[[-88.3693,45.6952],[-88.3708,45.6934]]},"properties":{}},{"type":"Feature","geometry":{"type":"LineString","coordinates":[[-88.3708,45.6934],[-88.3699,45.6924]]},"properties":{}},{"type":"Feature","geometry":{"type":"LineString","coordinates":[[-88.3699,45.6924],[-88.3699,45.6907]]},"properties":{}},{"type":"Feature","geometry":{"type":"LineString","coordinates":[[-88.3699,45.6907],[-88.375,45.6868]]},"properties":{}},{"type":"Feature","geometry":{"type":"LineString","coordinates":[[-88.375,45.6868],[-88.3731,45.6851]]},"properties":{}},{"type":"Feature","geometry":{"type":"LineString","coordinates":[[-88.3469,45.6055],[-88.3469,45.6066]]},"properties":{}},{"type":"Feature","geometry":{"type":"LineString","coordinates":[[-88.3469,45.6066],[-88.3479,45.6079]]},"properties":{}},{"type":"Feature","geometry":{"type":"LineString","coordinates":[[-88.3479,45.6079],[-88.3471,45.6101]]},"properties":{}},{"type":"Feature","geometry":{"type":"LineString","coordinates":[[-88.3471,45.6101],[-88.3475,45.6122]]},"properties":{}},{"type":"Feature","geometry":{"type":"LineString","coordinates":[[-88.3475,45.6122],[-88.3471,45.6133]]},"properties":{}},{"type":"Feature","geometry":{"type":"LineString","coordinates":[[-87.9905,43.7101],[-87.989,43.7099]]},"properties":{}},{"type":"Feature","geometry":{"type":"LineString","coordinates":[[-87.989,43.7099],[-87.9857,43.7075]]},"properties":{}},{"type":"Feature","geometry":{"type":"LineString","coordinates":[[-87.9842,43.707],[-87.984,43.7054]]},"properties":{}},{"type":"Feature","geometry":{"type":"LineString","coordinates":[[-87.984,43.7054],[-87.9833,43.7054]]},"properties":{}},{"type":"Feature","geometry":{"type":"LineString","coordinates":[[-87.9833,43.7054],[-87.9831,43.7044]]},"properties":{}},{"type":"Feature","geometry":{"type":"LineString","coordinates":[[-87.9831,43.7044],[-87.9825,43.705]]},"properties":{}},{"type":"Feature","geometry":{"type":"LineString","coordinates":[[-87.9825,43.705],[-87.9812,43.7047]]},"properties":{}},{"type":"Feature","geometry":{"type":"LineString","coordinates":[[-87.9812,43.7047],[-87.9812,43.704]]},"properties":{}},{"type":"Feature","geometry":{"type":"LineString","coordinates":[[-92.0063,44.9213],[-92.0043,44.9211]]},"properties":{}},{"type":"Feature","geometry":{"type":"LineString","coordinates":[[-92.0043,44.9211],[-92.0011,44.922]]},"properties":{}},{"type":"Feature","geometry":{"type":"LineString","coordinates":[[-91.9958,44.9228],[-91.9954,44.9243]]},"properties":{}},{"type":"Feature","geometry":{"type":"LineString","coordinates":[[-91.9954,44.9243],[-91.9929,44.9247]]},"properties":{}},{"type":"Feature","geometry":{"type":"LineString","coordinates":[[-91.9929,44.9247],[-91.9914,44.9257]]},"properties":{}},{"type":"Feature","geometry":{"type":"LineString","coordinates":[[-91.9914,44.9257],[-91.9894,44.9254]]},"properties":{}},{"type":"Feature","geometry":{"type":"LineString","coordinates":[[-92.5032,44.9199],[-92.505,44.9195]]},"properties":{}},{"type":"Feature","geometry":{"type":"LineString","coordinates":[[-92.0306,44.813],[-92.0325,44.8102]]},"properties":{}},{"type":"Feature","geometry":{"type":"LineString","coordinates":[[-92.0325,44.8102],[-92.0321,44.8077]]},"properties":{}},{"type":"Feature","geometry":{"type":"LineString","coordinates":[[-92.0082,45.2058],[-92.0058,45.2042]]},"properties":{}},{"type":"Feature","geometry":{"type":"LineString","coordinates":[[-92.1644,44.5852],[-92.1613,44.5845]]},"properties":{}},{"type":"Feature","geometry":{"type":"LineString","coordinates":[[-91.8136,44.6527],[-91.821,44.6584]]},"properties":{}},{"type":"Feature","geometry":{"type":"LineString","coordinates":[[-91.821,44.6584],[-91.8221,44.6609]]},"properties":{}},{"type":"Feature","geometry":{"type":"LineString","coordinates":[[-91.8221,44.6609],[-91.8235,44.6618]]},"properties":{}},{"type":"Feature","geometry":{"type":"LineString","coordinates":[[-91.8235,44.6618],[-91.8259,44.6664]]},"properties":{}},{"type":"Feature","geometry":{"type":"LineString","coordinates":[[-91.8263,44.6684],[-91.8274,44.6713]]},"properties":{}},{"type":"Feature","geometry":{"type":"LineString","coordinates":[[-91.8274,44.6713],[-91.8274,44.6728]]},"properties":{}},{"type":"Feature","geometry":{"type":"LineString","coordinates":[[-91.8274,44.6728],[-91.8281,44.6732]]},"properties":{}},{"type":"Feature","geometry":{"type":"LineString","coordinates":[[-91.8281,44.6732],[-91.8306,44.6774]]},"properties":{}},{"type":"Feature","geometry":{"type":"LineString","coordinates":[[-91.8306,44.6774],[-91.8321,44.6786]]},"properties":{}},{"type":"Feature","geometry":{"type":"LineString","coordinates":[[-91.8321,44.6786],[-91.8331,44.6803]]},"properties":{}},{"type":"Feature","geometry":{"type":"LineString","coordinates":[[-91.8364,44.6818],[-91.8378,44.6832]]},"properties":{}},{"type":"Feature","geometry":{"type":"LineString","coordinates":[[-91.6307,44.9572],[-91.6292,44.9562]]},"properties":{}},{"type":"Feature","geometry":{"type":"LineString","coordinates":[[-91.6292,44.9562],[-91.629,44.9546]]},"properties":{}},{"type":"Feature","geometry":{"type":"LineString","coordinates":[[-91.629,44.9546],[-91.6273,44.952]]},"properties":{}},{"type":"Feature","geometry":{"type":"LineString","coordinates":[[-91.6273,44.952],[-91.6278,44.9512]]},"properties":{}},{"type":"Feature","geometry":{"type":"LineString","coordinates":[[-91.6277,44.9504],[-91.6264,44.9495]]},"properties":{}},{"type":"Feature","geometry":{"type":"LineString","coordinates":[[-91.6264,44.9495],[-91.6247,44.9465]]},"properties":{}},{"type":"Feature","geometry":{"type":"LineString","coordinates":[[-91.6247,44.9465],[-91.6248,44.9452]]},"properties":{}},{"type":"Feature","geometry":{"type":"LineString","coordinates":[[-91.6248,44.9452],[-91.6254,44.9443]]},"properties":{}},{"type":"Feature","geometry":{"type":"LineString","coordinates":[[-91.6255,44.9416],[-91.6246,44.9381]]},"properties":{}},{"type":"Feature","geometry":{"type":"LineString","coordinates":[[-91.6246,44.9381],[-91.6225,44.9375]]},"properties":{}},{"type":"Feature","geometry":{"type":"LineString","coordinates":[[-91.6164,44.9323],[-91.6151,44.9323]]},"properties":{}},{"type":"Feature","geometry":{"type":"LineString","coordinates":[[-91.6151,44.9323],[-91.6144,44.9316]]},"properties":{}},{"type":"Feature","geometry":{"type":"LineString","coordinates":[[-91.5656,45.0352],[-91.5631,45.0367]]},"properties":{}},{"type":"Feature","geometry":{"type":"LineString","coordinates":[[-91.5631,45.0367],[-91.5621,45.0377]]},"properties":{}},{"type":"Feature","geometry":{"type":"LineString","coordinates":[[-91.558,45.0408],[-91.5549,45.0407]]},"properties":{}},{"type":"Feature","geometry":{"type":"LineString","coordinates":[[-91.5549,45.0407],[-91.5529,45.04]]},"properties":{}},{"type":"Feature","geometry":{"type":"LineString","coordinates":[[-91.5529,45.04],[-91.5513,45.0409]]},"properties":{}},{"type":"Feature","geometry":{"type":"LineString","coordinates":[[-91.5513,45.0409],[-91.5514,45.0423]]},"properties":{}},{"type":"Feature","geometry":{"type":"LineString","coordinates":[[-91.5514,45.0423],[-91.5495,45.0428]]},"properties":{}},{"type":"Feature","geometry":{"type":"LineString","coordinates":[[-91.5495,45.0428],[-91.5484,45.0422]]},"properties":{}},{"type":"Feature","geometry":{"type":"LineString","coordinates":[[-91.5484,45.0422],[-91.5474,45.0403]]},"properties":{}},{"type":"Feature","geometry":{"type":"LineString","coordinates":[[-91.5401,45.0418],[-91.5376,45.0421]]},"properties":{}},{"type":"Feature","geometry":{"type":"LineString","coordinates":[[-91.5376,45.0421],[-91.5361,45.0407]]},"properties":{}},{"type":"Feature","geometry":{"type":"LineString","coordinates":[[-91.5361,45.0407],[-91.5328,45.039]]},"properties":{}},{"type":"Feature","geometry":{"type":"LineString","coordinates":[[-91.5328,45.039],[-91.5314,45.0393]]},"properties":{}},{"type":"Feature","geometry":{"type":"LineString","coordinates":[[-91.5314,45.0393],[-91.5316,45.0399]]},"properties":{}},{"type":"Feature","geometry":{"type":"LineString","coordinates":[[-91.5316,45.0399],[-91.5299,45.0404]]},"properties":{}},{"type":"Feature","geometry":{"type":"LineString","coordinates":[[-91.5299,45.0404],[-91.5279,45.0421]]},"properties":{}},{"type":"Feature","geometry":{"type":"LineString","coordinates":[[-91.5279,45.0421],[-91.5251,45.0408]]},"properties":{}},{"type":"Feature","geometry":{"type":"LineString","coordinates":[[-91.5251,45.0408],[-91.5255,45.0404]]},"properties":{}},{"type":"Feature","geometry":{"type":"LineString","coordinates":[[-91.5255,45.0404],[-91.5249,45.04]]},"properties":{}},{"type":"Feature","geometry":{"type":"LineString","coordinates":[[-91.5249,45.04],[-91.5239,45.0399]]},"properties":{}},{"type":"Feature","geometry":{"type":"LineString","coordinates":[[-91.5239,45.0399],[-91.5212,45.0404]]},"properties":{}},{"type":"Feature","geometry":{"type":"LineString","coordinates":[[-91.5212,45.0404],[-91.52,45.0418]]},"properties":{}},{"type":"Feature","geometry":{"type":"LineString","coordinates":[[-91.52,45.0418],[-91.5194,45.0419]]},"properties":{}},{"type":"Feature","geometry":{"type":"LineString","coordinates":[[-91.5194,45.0419],[-91.5193,45.0425]]},"properties":{}},{"type":"Feature","geometry":{"type":"LineString","coordinates":[[-91.5193,45.0425],[-91.5186,45.0425]]},"properties":{}},{"type":"Feature","geometry":{"type":"LineString","coordinates":[[-91.5156,45.0405],[-91.5156,45.04]]},"properties":{}},{"type":"Feature","geometry":{"type":"LineString","coordinates":[[-91.5156,45.04],[-91.5145,45.0393]]},"properties":{}},{"type":"Feature","geometry":{"type":"LineString","coordinates":[[-91.5145,45.0393],[-91.5145,45.0386]]},"properties":{}},{"type":"Feature","geometry":{"type":"LineString","coordinates":[[-91.5145,45.0386],[-91.5132,45.0384]]},"properties":{}},{"type":"Feature","geometry":{"type":"LineString","coordinates":[[-91.5132,45.0384],[-91.5109,45.0372]]},"properties":{}},{"type":"Feature","geometry":{"type":"LineString","coordinates":[[-91.5109,45.0372],[-91.5053,45.0371]]},"properties":{}},{"type":"Feature","geometry":{"type":"LineString","coordinates":[[-91.5053,45.0371],[-91.5048,45.0376]]},"properties":{}},{"type":"Feature","geometry":{"type":"LineString","coordinates":[[-91.5048,45.0376],[-91.5041,45.0374]]},"properties":{}},{"type":"Feature","geometry":{"type":"LineString","coordinates":[[-91.5041,45.0374],[-91.5036,45.0379]]},"properties":{}},{"type":"Feature","geometry":{"type":"LineString","coordinates":[[-91.5036,45.0379],[-91.503,45.0375]]},"properties":{}},{"type":"Feature","geometry":{"type":"LineString","coordinates":[[-91.503,45.0375],[-91.5015,45.0378]]},"properties":{}},{"type":"Feature","geometry":{"type":"LineString","coordinates":[[-91.5015,45.0378],[-91.5004,45.0384]]},"properties":{}},{"type":"Feature","geometry":{"type":"LineString","coordinates":[[-91.5004,45.0384],[-91.4967,45.0379]]},"properties":{}},{"type":"Feature","geometry":{"type":"LineString","coordinates":[[-91.4953,45.0382],[-91.4952,45.0389]]},"properties":{}},{"type":"Feature","geometry":{"type":"LineString","coordinates":[[-91.4952,45.0389],[-91.4932,45.0387]]},"properties":{}},{"type":"Feature","geometry":{"type":"LineString","coordinates":[[-91.4932,45.0387],[-91.49,45.04]]},"properties":{}},{"type":"Feature","geometry":{"type":"LineString","coordinates":[[-91.49,45.04],[-91.4899,45.0394]]},"properties":{}},{"type":"Feature","geometry":{"type":"LineString","coordinates":[[-91.4888,45.0385],[-91.4881,45.0388]]},"properties":{}},{"type":"Feature","geometry":{"type":"LineString","coordinates":[[-91.4881,45.0388],[-91.4881,45.0381]]},"properties":{}},{"type":"Feature","geometry":{"type":"LineString","coordinates":[[-91.4856,45.0369],[-91.4835,45.0357]]},"properties":{}},{"type":"Feature","geometry":{"type":"LineString","coordinates":[[-91.4835,45.0357],[-91.483,45.0365]]},"properties":{}},{"type":"Feature","geometry":{"type":"LineString","coordinates":[[-91.483,45.0365],[-91.4825,45.036]]},"properties":{}},{"type":"Feature","geometry":{"type":"LineString","coordinates":[[-91.4825,45.036],[-91.482,45.0363]]},"properties":{}},{"type":"Feature","geometry":{"type":"LineString","coordinates":[[-91.482,45.0363],[-91.4819,45.0356]]},"properties":{}},{"type":"Feature","geometry":{"type":"LineString","coordinates":[[-91.4819,45.0356],[-91.4812,45.0358]]},"properties":{}},{"type":"Feature","geometry":{"type":"LineString","coordinates":[[-91.4812,45.0358],[-91.4813,45.0354]]},"properties":{}},{"type":"Feature","geometry":{"type":"LineString","coordinates":[[-91.4813,45.0354],[-91.4806,45.0353]]},"properties":{}},{"type":"Feature","geometry":{"type":"LineString","coordinates":[[-91.4806,45.0353],[-91.4809,45.0349]]},"properties":{}},{"type":"Feature","geometry":{"type":"LineString","coordinates":[[-91.2357,44.2039],[-91.2364,44.2033]]},"properties":{}},{"type":"Feature","geometry":{"type":"LineString","coordinates":[[-91.2364,44.2033],[-91.2384,44.2032]]},"properties":{}},{"type":"Feature","geometry":{"type":"LineString","coordinates":[[-91.8057,46.641],[-91.8062,46.6454]]},"properties":{}},{"type":"Feature","geometry":{"type":"LineString","coordinates":[[-91.8062,46.6454],[-91.8038,46.6481]]},"properties":{}},{"type":"Feature","geometry":{"type":"LineString","coordinates":[[-91.0578,43.7575],[-91.0593,43.7574]]},"properties":{}},{"type":"Feature","geometry":{"type":"LineString","coordinates":[[-91.0593,43.7574],[-91.0677,43.7526]]},"properties":{}},{"type":"Feature","geometry":{"type":"LineString","coordinates":[[-91.0677,43.7526],[-91.0696,43.7531]]},"properties":{}},{"type":"Feature","geometry":{"type":"LineString","coordinates":[[-91.1232,43.758],[-91.1253,43.7583]]},"properties":{}},{"type":"Feature","geometry":{"type":"LineString","coordinates":[[-91.1253,43.7583],[-91.125,43.7595]]},"properties":{}},{"type":"Feature","geometry":{"type":"LineString","coordinates":[[-91.125,43.7595],[-91.1279,43.7608]]},"properties":{}},{"type":"Feature","geometry":{"type":"LineString","coordinates":[[-91.1279,43.7608],[-91.1281,43.7624]]},"properties":{}},{"type":"Feature","geometry":{"type":"LineString","coordinates":[[-91.1281,43.7624],[-91.1266,43.7635]]},"properties":{}},{"type":"Feature","geometry":{"type":"LineString","coordinates":[[-91.1266,43.7635],[-91.1264,43.7647]]},"properties":{}},{"type":"Feature","geometry":{"type":"LineString","coordinates":[[-91.1318,43.7648],[-91.1328,43.7657]]},"properties":{}},{"type":"Feature","geometry":{"type":"LineString","coordinates":[[-91.1559,43.7658],[-91.1569,43.7676]]},"properties":{}},{"type":"Feature","geometry":{"type":"LineString","coordinates":[[-91.1569,43.7676],[-91.1589,43.7687]]},"properties":{}},{"type":"Feature","geometry":{"type":"LineString","coordinates":[[-91.1646,43.7665],[-91.1643,43.7655]]},"properties":{}},{"type":"Feature","geometry":{"type":"LineString","coordinates":[[-91.1643,43.7655],[-91.1653,43.7642]]},"properties":{}},{"type":"Feature","geometry":{"type":"LineString","coordinates":[[-91.1653,43.7642],[-91.1647,43.7624]]},"properties":{}},{"type":"Feature","geometry":{"type":"LineString","coordinates":[[-91.1647,43.7624],[-91.1651,43.7608]]},"properties":{}},{"type":"Feature","geometry":{"type":"LineString","coordinates":[[-91.1672,43.7608],[-91.168,43.7622]]},"properties":{}},{"type":"Feature","geometry":{"type":"LineString","coordinates":[[-91.168,43.7622],[-91.1693,43.7635]]},"properties":{}},{"type":"Feature","geometry":{"type":"LineString","coordinates":[[-91.1759,43.7585],[-91.1764,43.7594]]},"properties":{}},{"type":"Feature","geometry":{"type":"LineString","coordinates":[[-91.1764,43.7594],[-91.1783,43.7602]]},"properties":{}},{"type":"Feature","geometry":{"type":"LineString","coordinates":[[-91.1873,43.75],[-91.1882,43.7487]]},"properties":{}},{"type":"Feature","geometry":{"type":"LineString","coordinates":[[-91.0791,43.7503],[-91.0809,43.7483]]},"properties":{}},{"type":"Feature","geometry":{"type":"LineString","coordinates":[[-91.0809,43.7483],[-91.0815,43.7488]]},"properties":{}},{"type":"Feature","geometry":{"type":"LineString","coordinates":[[-91.0815,43.7488],[-91.0824,43.7481]]},"properties":{}},{"type":"Feature","geometry":{"type":"LineString","coordinates":[[-91.0965,43.7492],[-91.0978,43.7511]]},"properties":{}},{"type":"Feature","geometry":{"type":"LineString","coordinates":[[-91.0978,43.7511],[-91.101,43.7516]]},"properties":{}},{"type":"Feature","geometry":{"type":"LineString","coordinates":[[-91.101,43.7516],[-91.1022,43.7531]]},"properties":{}},{"type":"Feature","geometry":{"type":"LineString","coordinates":[[-91.1022,43.7531],[-91.104,43.7526]]},"properties":{}},{"type":"Feature","geometry":{"type":"LineString","coordinates":[[-91.104,43.7526],[-91.106,43.7537]]},"properties":{}},{"type":"Feature","geometry":{"type":"LineString","coordinates":[[-91.6203,45.1734],[-91.622,45.1744]]},"properties":{}},{"type":"Feature","geometry":{"type":"LineString","coordinates":[[-91.622,45.1744],[-91.6266,45.1728]]},"properties":{}},{"type":"Feature","geometry":{"type":"LineString","coordinates":[[-91.546,45.0533],[-91.549,45.0518]]},"properties":{}},{"type":"Feature","geometry":{"type":"LineString","coordinates":[[-91.549,45.0518],[-91.5488,45.0512]]},"properties":{}},{"type":"Feature","geometry":{"type":"LineString","coordinates":[[-91.5488,45.0512],[-91.5492,45.0507]]},"properties":{}},{"type":"Feature","geometry":{"type":"LineString","coordinates":[[-91.5492,45.0507],[-91.5487,45.049]]},"properties":{}},{"type":"Feature","geometry":{"type":"LineString","coordinates":[[-91.5487,45.049],[-91.5501,45.0459]]},"properties":{}},{"type":"Feature","geometry":{"type":"LineString","coordinates":[[-91.5501,45.0459],[-91.5486,45.0444]]},"properties":{}},{"type":"Feature","geometry":{"type":"LineString","coordinates":[[-91.5486,45.0444],[-91.5483,45.0435]]},"properties":{}},{"type":"Feature","geometry":{"type":"LineString","coordinates":[[-91.5483,45.0435],[-91.5489,45.0427]]},"properties":{}},{"type":"Feature","geometry":{"type":"LineString","coordinates":[[-91.629,45.8933],[-91.6349,45.8948]]},"properties":{}},{"type":"Feature","geometry":{"type":"LineString","coordinates":[[-91.6349,45.8948],[-91.638,45.894]]},"properties":{}},{"type":"Feature","geometry":{"type":"LineString","coordinates":[[-91.638,45.894],[-91.6402,45.8944]]},"properties":{}},{"type":"Feature","geometry":{"type":"LineString","coordinates":[[-91.5435,45.9271],[-91.5479,45.9288]]},"properties":{}},{"type":"Feature","geometry":{"type":"LineString","coordinates":[[-91.5479,45.9288],[-91.5488,45.9318]]},"properties":{}},{"type":"Feature","geometry":{"type":"LineString","coordinates":[[-91.5488,45.9318],[-91.55,45.9338]]},"properties":{}},{"type":"Feature","geometry":{"type":"LineString","coordinates":[[-91.55,45.9338],[-91.5492,45.9358]]},"properties":{}},{"type":"Feature","geometry":{"type":"LineString","coordinates":[[-91.5493,45.9368],[-91.5509,45.9373]]},"properties":{}},{"type":"Feature","geometry":{"type":"LineString","coordinates":[[-90.9576,43.1339],[-90.9573,43.1331]]},"properties":{}},{"type":"Feature","geometry":{"type":"LineString","coordinates":[[-90.9573,43.1331],[-90.9523,43.1314]]},"properties":{}},{"type":"Feature","geometry":{"type":"LineString","coordinates":[[-90.9523,43.1314],[-90.9499,43.1326]]},"properties":{}},{"type":"Feature","geometry":{"type":"LineString","coordinates":[[-90.9499,43.1326],[-90.9484,43.1342]]},"properties":{}},{"type":"Feature","geometry":{"type":"LineString","coordinates":[[-90.9484,43.1342],[-90.9459,43.135]]},"properties":{}},{"type":"Feature","geometry":{"type":"LineString","coordinates":[[-90.9459,43.135],[-90.9455,43.1349]]},"properties":{}},{"type":"Feature","geometry":{"type":"LineString","coordinates":[[-90.9455,43.1349],[-90.9455,43.1345]]},"properties":{}},{"type":"Feature","geometry":{"type":"LineString","coordinates":[[-90.9455,43.1345],[-90.944,43.1347]]},"properties":{}},{"type":"Feature","geometry":{"type":"LineString","coordinates":[[-90.9367,43.1317],[-90.9306,43.1315]]},"properties":{}},{"type":"Feature","geometry":{"type":"LineString","coordinates":[[-90.9306,43.1315],[-90.929,43.1307]]},"properties":{}},{"type":"Feature","geometry":{"type":"LineString","coordinates":[[-90.929,43.1307],[-90.9279,43.1315]]},"properties":{}},{"type":"Feature","geometry":{"type":"LineString","coordinates":[[-90.9279,43.1315],[-90.9264,43.1313]]},"properties":{}},{"type":"Feature","geometry":{"type":"LineString","coordinates":[[-90.9264,43.1313],[-90.9262,43.132]]},"properties":{}},{"type":"Feature","geometry":{"type":"LineString","coordinates":[[-90.9262,43.132],[-90.9249,43.1327]]},"properties":{}},{"type":"Feature","geometry":{"type":"LineString","coordinates":[[-90.9249,43.1327],[-90.9236,43.1327]]},"properties":{}},{"type":"Feature","geometry":{"type":"LineString","coordinates":[[-90.9236,43.1327],[-90.9228,43.132]]},"properties":{}},{"type":"Feature","geometry":{"type":"LineString","coordinates":[[-90.9228,43.132],[-90.9202,43.1328]]},"properties":{}},{"type":"Feature","geometry":{"type":"LineString","coordinates":[[-90.9202,43.1328],[-90.9192,43.1326]]},"properties":{}},{"type":"Feature","geometry":{"type":"LineString","coordinates":[[-90.9192,43.1326],[-90.9187,43.1311]]},"properties":{}},{"type":"Feature","geometry":{"type":"LineString","coordinates":[[-90.9187,43.1311],[-90.9178,43.1315]]},"properties":{}},{"type":"Feature","geometry":{"type":"LineString","coordinates":[[-90.918,43.1306],[-90.9165,43.1298]]},"properties":{}},{"type":"Feature","geometry":{"type":"LineString","coordinates":[[-90.9165,43.1298],[-90.9137,43.1292]]},"properties":{}},{"type":"Feature","geometry":{"type":"LineString","coordinates":[[-90.9137,43.1292],[-90.9137,43.1288]]},"properties":{}},{"type":"Feature","geometry":{"type":"LineString","coordinates":[[-90.9137,43.1288],[-90.9128,43.1288]]},"properties":{}},{"type":"Feature","geometry":{"type":"LineString","coordinates":[[-90.9128,43.1288],[-90.9129,43.1284]]},"properties":{}},{"type":"Feature","geometry":{"type":"LineString","coordinates":[[-90.9129,43.1284],[-90.91,43.1271]]},"properties":{}},{"type":"Feature","geometry":{"type":"LineString","coordinates":[[-90.91,43.1271],[-90.9086,43.1271]]},"properties":{}},{"type":"Feature","geometry":{"type":"LineString","coordinates":[[-90.9086,43.1271],[-90.9068,43.1242]]},"properties":{}},{"type":"Feature","geometry":{"type":"LineString","coordinates":[[-90.982,43.3795],[-90.9853,43.3805]]},"properties":{}},{"type":"Feature","geometry":{"type":"LineString","coordinates":[[-90.9853,43.3805],[-90.9865,43.3799]]},"properties":{}},{"type":"Feature","geometry":{"type":"LineString","coordinates":[[-90.9865,43.3799],[-90.9918,43.3806]]},"properties":{}},{"type":"Feature","geometry":{"type":"LineString","coordinates":[[-91.2596,46.1989],[-91.2607,46.2001]]},"properties":{}},{"type":"Feature","geometry":{"type":"LineString","coordinates":[[-91.2684,46.2],[-91.2693,46.2007]]},"properties":{}},{"type":"Feature","geometry":{"type":"LineString","coordinates":[[-91.2693,46.2007],[-91.2806,46.2012]]},"properties":{}},{"type":"Feature","geometry":{"type":"LineString","coordinates":[[-91.2932,46.19],[-91.2943,46.1901]]},"properties":{}},{"type":"Feature","geometry":{"type":"LineString","coordinates":[[-91.2943,46.1901],[-91.2994,46.1891]]},"properties":{}},{"type":"Feature","geometry":{"type":"LineString","coordinates":[[-91.3009,46.1893],[-91.3027,46.1886]]},"properties":{}},{"type":"Feature","geometry":{"type":"LineString","coordinates":[[-91.3027,46.1886],[-91.3042,46.1894]]},"properties":{}},{"type":"Feature","geometry":{"type":"LineString","coordinates":[[-91.3076,46.1891],[-91.3088,46.1881]]},"properties":{}},{"type":"Feature","geometry":{"type":"LineString","coordinates":[[-91.3088,46.1881],[-91.3121,46.1881]]},"properties":{}},{"type":"Feature","geometry":{"type":"LineString","coordinates":[[-91.3226,46.1866],[-91.324,46.1842]]},"properties":{}},{"type":"Feature","geometry":{"type":"LineString","coordinates":[[-91.324,46.1842],[-91.3242,46.1829]]},"properties":{}},{"type":"Feature","geometry":{"type":"LineString","coordinates":[[-91.3274,46.1777],[-91.3292,46.176]]},"properties":{}},{"type":"Feature","geometry":{"type":"LineString","coordinates":[[-91.3292,46.176],[-91.3287,46.1752]]},"properties":{}},{"type":"Feature","geometry":{"type":"LineString","coordinates":[[-91.3287,46.1752],[-91.3296,46.1741]]},"properties":{}},{"type":"Feature","geometry":{"type":"LineString","coordinates":[[-91.3296,46.1741],[-91.3292,46.1731]]},"properties":{}},{"type":"Feature","geometry":{"type":"LineString","coordinates":[[-91.3343,46.1547],[-91.3341,46.1561]]},"properties":{}},{"type":"Feature","geometry":{"type":"LineString","coordinates":[[-91.3948,46.1022],[-91.3966,46.1014]]},"properties":{}},{"type":"Feature","geometry":{"type":"LineString","coordinates":[[-91.3966,46.1014],[-91.3984,46.0992]]},"properties":{}},{"type":"Feature","geometry":{"type":"LineString","coordinates":[[-91.3984,46.0992],[-91.3984,46.0983]]},"properties":{}},{"type":"Feature","geometry":{"type":"LineString","coordinates":[[-91.3984,46.0983],[-91.3997,46.0958]]},"properties":{}},{"type":"Feature","geometry":{"type":"LineString","coordinates":[[-91.1355,45.839],[-91.1357,45.8375]]},"properties":{}},{"type":"Feature","geometry":{"type":"LineString","coordinates":[[-91.1357,45.8375],[-91.1365,45.8371]]},"properties":{}},{"type":"Feature","geometry":{"type":"LineString","coordinates":[[-91.1365,45.8371],[-91.1374,45.8351]]},"properties":{}},{"type":"Feature","geometry":{"type":"LineString","coordinates":[[-91.1374,45.8351],[-91.1391,45.8335]]},"properties":{}},{"type":"Feature","geometry":{"type":"LineString","coordinates":[[-91.1391,45.8335],[-91.1373,45.8279]]},"properties":{}},{"type":"Feature","geometry":{"type":"LineString","coordinates":[[-91.1373,45.8279],[-91.14,45.8264]]},"properties":{}},{"type":"Feature","geometry":{"type":"LineString","coordinates":[[-91.14,45.8264],[-91.1404,45.8259]]},"properties":{}},{"type":"Feature","geometry":{"type":"LineString","coordinates":[[-91.1404,45.8259],[-91.14,45.8253]]},"properties":{}},{"type":"Feature","geometry":{"type":"LineString","coordinates":[[-91.14,45.8253],[-91.1402,45.8249]]},"properties":{}},{"type":"Feature","geometry":{"type":"LineString","coordinates":[[-91.1402,45.8249],[-91.1416,45.8245]]},"properties":{}},{"type":"Feature","geometry":{"type":"LineString","coordinates":[[-91.1416,45.8245],[-91.1412,45.8221]]},"properties":{}},{"type":"Feature","geometry":{"type":"LineString","coordinates":[[-91.1412,45.8221],[-91.142,45.8213]]},"properties":{}},{"type":"Feature","geometry":{"type":"LineString","coordinates":[[-91.142,45.8213],[-91.1423,45.8197]]},"properties":{}},{"type":"Feature","geometry":{"type":"LineString","coordinates":[[-91.1423,45.8197],[-91.1463,45.8169]]},"properties":{}},{"type":"Feature","geometry":{"type":"LineString","coordinates":[[-91.1463,45.8169],[-91.1457,45.8148]]},"properties":{}},{"type":"Feature","geometry":{"type":"LineString","coordinates":[[-91.1457,45.8148],[-91.1468,45.8142]]},"properties":{}},{"type":"Feature","geometry":{"type":"LineString","coordinates":[[-91.1468,45.8142],[-91.1468,45.813]]},"properties":{}},{"type":"Feature","geometry":{"type":"LineString","coordinates":[[-91.1468,45.813],[-91.1481,45.811]]},"properties":{}},{"type":"Feature","geometry":{"type":"LineString","coordinates":[[-91.1629,45.8836],[-91.1662,45.888]]},"properties":{}},{"type":"Feature","geometry":{"type":"LineString","coordinates":[[-91.1662,45.888],[-91.1662,45.8907]]},"properties":{}},{"type":"Feature","geometry":{"type":"LineString","coordinates":[[-91.1662,45.8907],[-91.1685,45.8936]]},"properties":{}},{"type":"Feature","geometry":{"type":"LineString","coordinates":[[-91.1137,44.5391],[-91.1151,44.5378]]},"properties":{}},{"type":"Feature","geometry":{"type":"LineString","coordinates":[[-91.1151,44.5378],[-91.1242,44.5373]]},"properties":{}},{"type":"Feature","geometry":{"type":"LineString","coordinates":[[-91.1821,44.557],[-91.1854,44.5578]]},"properties":{}},{"type":"Feature","geometry":{"type":"LineString","coordinates":[[-91.1854,44.5578],[-91.1856,44.5586]]},"properties":{}},{"type":"Feature","geometry":{"type":"LineString","coordinates":[[-91.1856,44.5586],[-91.188,44.5601]]},"properties":{}},{"type":"Feature","geometry":{"type":"LineString","coordinates":[[-91.188,44.5601],[-91.1889,44.56]]},"properties":{}},{"type":"Feature","geometry":{"type":"LineString","coordinates":[[-91.1889,44.56],[-91.1889,44.5609]]},"properties":{}},{"type":"Feature","geometry":{"type":"LineString","coordinates":[[-91.1889,44.5609],[-91.1897,44.5618]]},"properties":{}},{"type":"Feature","geometry":{"type":"LineString","coordinates":[[-91.1897,44.5618],[-91.1903,44.5628]]},"properties":{}},{"type":"Feature","geometry":{"type":"LineString","coordinates":[[-91.1903,44.5628],[-91.1901,44.5636]]},"properties":{}},{"type":"Feature","geometry":{"type":"LineString","coordinates":[[-91.1901,44.5636],[-91.1909,44.5638]]},"properties":{}},{"type":"Feature","geometry":{"type":"LineString","coordinates":[[-91.1909,44.5638],[-91.1908,44.5642]]},"properties":{}},{"type":"Feature","geometry":{"type":"LineString","coordinates":[[-91.1908,44.5642],[-91.1919,44.5638]]},"properties":{}},{"type":"Feature","geometry":{"type":"LineString","coordinates":[[-91.1919,44.5638],[-91.1922,44.5647]]},"properties":{}},{"type":"Feature","geometry":{"type":"LineString","coordinates":[[-90.9339,43.6855],[-90.9346,43.6866]]},"properties":{}},{"type":"Feature","geometry":{"type":"LineString","coordinates":[[-90.9346,43.6866],[-90.9344,43.6875]]},"properties":{}},{"type":"Feature","geometry":{"type":"LineString","coordinates":[[-90.9344,43.6875],[-90.9352,43.6886]]},"properties":{}},{"type":"Feature","geometry":{"type":"LineString","coordinates":[[-90.9416,43.6959],[-90.9428,43.6981]]},"properties":{}},{"type":"Feature","geometry":{"type":"LineString","coordinates":[[-90.9428,43.6981],[-90.9452,43.6995]]},"properties":{}},{"type":"Feature","geometry":{"type":"LineString","coordinates":[[-90.9452,43.6995],[-90.9446,43.6997]]},"properties":{}},{"type":"Feature","geometry":{"type":"LineString","coordinates":[[-90.9446,43.6997],[-90.9453,43.7003]]},"properties":{}},{"type":"Feature","geometry":{"type":"LineString","coordinates":[[-90.9453,43.7003],[-90.9487,43.6998]]},"properties":{}},{"type":"Feature","geometry":{"type":"LineString","coordinates":[[-90.9636,43.7041],[-90.9646,43.7056]]},"properties":{}},{"type":"Feature","geometry":{"type":"LineString","coordinates":[[-90.9657,43.7055],[-90.9694,43.7076]]},"properties":{}},{"type":"Feature","geometry":{"type":"LineString","coordinates":[[-90.9694,43.7076],[-90.9725,43.7083]]},"properties":{}},{"type":"Feature","geometry":{"type":"LineString","coordinates":[[-90.9725,43.7083],[-90.9758,43.7079]]},"properties":{}},{"type":"Feature","geometry":{"type":"LineString","coordinates":[[-90.9758,43.7079],[-90.9812,43.7103]]},"properties":{}},{"type":"Feature","geometry":{"type":"LineString","coordinates":[[-90.9812,43.7103],[-90.982,43.7101]]},"properties":{}},{"type":"Feature","geometry":{"type":"LineString","coordinates":[[-90.982,43.7101],[-90.9846,43.7108]]},"properties":{}},{"type":"Feature","geometry":{"type":"LineString","coordinates":[[-90.9846,43.7108],[-90.9877,43.71]]},"properties":{}},{"type":"Feature","geometry":{"type":"LineString","coordinates":[[-90.9877,43.71],[-90.9879,43.7108]]},"properties":{}},{"type":"Feature","geometry":{"type":"LineString","coordinates":[[-90.9879,43.7108],[-90.9888,43.7108]]},"properties":{}},{"type":"Feature","geometry":{"type":"LineString","coordinates":[[-90.9888,43.7108],[-90.9898,43.7119]]},"properties":{}},{"type":"Feature","geometry":{"type":"LineString","coordinates":[[-90.9898,43.7119],[-90.9919,43.7116]]},"properties":{}},{"type":"Feature","geometry":{"type":"LineString","coordinates":[[-90.9204,43.6801],[-90.9207,43.6806]]},"properties":{}},{"type":"Feature","geometry":{"type":"LineString","coordinates":[[-90.9207,43.6806],[-90.9272,43.6823]]},"properties":{}},{"type":"Feature","geometry":{"type":"LineString","coordinates":[[-90.9272,43.6823],[-90.9296,43.6816]]},"properties":{}},{"type":"Feature","geometry":{"type":"LineString","coordinates":[[-90.8043,42.9142],[-90.8045,42.9124]]},"properties":{}},{"type":"Feature","geometry":{"type":"LineString","coordinates":[[-90.8045,42.9124],[-90.8041,42.9116]]},"properties":{}},{"type":"Feature","geometry":{"type":"LineString","coordinates":[[-90.8041,42.9116],[-90.8051,42.911]]},"properties":{}},{"type":"Feature","geometry":{"type":"LineString","coordinates":[[-90.8051,42.911],[-90.8038,42.9099]]},"properties":{}},{"type":"Feature","geometry":{"type":"LineString","coordinates":[[-90.8047,42.9091],[-90.8033,42.9086]]},"properties":{}},{"type":"Feature","geometry":{"type":"LineString","coordinates":[[-90.8033,42.9086],[-90.8041,42.9078]]},"properties":{}},{"type":"Feature","geometry":{"type":"LineString","coordinates":[[-90.8041,42.9078],[-90.8034,42.9071]]},"properties":{}},{"type":"Feature","geometry":{"type":"LineString","coordinates":[[-90.8034,42.9071],[-90.8033,42.9057]]},"properties":{}},{"type":"Feature","geometry":{"type":"LineString","coordinates":[[-90.8033,42.9057],[-90.8042,42.9055]]},"properties":{}},{"type":"Feature","geometry":{"type":"LineString","coordinates":[[-90.8042,42.9055],[-90.8031,42.9051]]},"properties":{}},{"type":"Feature","geometry":{"type":"LineString","coordinates":[[-90.8031,42.9051],[-90.8028,42.9037]]},"properties":{}},{"type":"Feature","geometry":{"type":"LineString","coordinates":[[-90.8028,42.9037],[-90.8015,42.9022]]},"properties":{}},{"type":"Feature","geometry":{"type":"LineString","coordinates":[[-90.8015,42.9022],[-90.8023,42.9015]]},"properties":{}},{"type":"Feature","geometry":{"type":"LineString","coordinates":[[-90.8023,42.9015],[-90.8017,42.9009]]},"properties":{}},{"type":"Feature","geometry":{"type":"LineString","coordinates":[[-90.8017,42.9009],[-90.8032,42.9004]]},"properties":{}},{"type":"Feature","geometry":{"type":"LineString","coordinates":[[-90.8032,42.9004],[-90.8007,42.8986]]},"properties":{}},{"type":"Feature","geometry":{"type":"LineString","coordinates":[[-90.8007,42.8986],[-90.8003,42.8975]]},"properties":{}},{"type":"Feature","geometry":{"type":"LineString","coordinates":[[-90.8003,42.8975],[-90.7991,42.8976]]},"properties":{}},{"type":"Feature","geometry":{"type":"LineString","coordinates":[[-90.7991,42.8976],[-90.7987,42.896]]},"properties":{}},{"type":"Feature","geometry":{"type":"LineString","coordinates":[[-90.7987,42.896],[-90.7977,42.8957]]},"properties":{}},{"type":"Feature","geometry":{"type":"LineString","coordinates":[[-90.7977,42.8957],[-90.7965,42.8944]]},"properties":{}},{"type":"Feature","geometry":{"type":"LineString","coordinates":[[-90.7965,42.8944],[-90.7962,42.8927]]},"properties":{}},{"type":"Feature","geometry":{"type":"LineString","coordinates":[[-90.7962,42.8927],[-90.7973,42.8914]]},"properties":{}},{"type":"Feature","geometry":{"type":"LineString","coordinates":[[-90.7973,42.8914],[-90.7962,42.89]]},"properties":{}},{"type":"Feature","geometry":{"type":"LineString","coordinates":[[-90.7962,42.89],[-90.7963,42.8887]]},"properties":{}},{"type":"Feature","geometry":{"type":"LineString","coordinates":[[-90.7963,42.8887],[-90.7984,42.8889]]},"properties":{}},{"type":"Feature","geometry":{"type":"LineString","coordinates":[[-90.7984,42.8889],[-90.7985,42.8879]]},"properties":{}},{"type":"Feature","geometry":{"type":"LineString","coordinates":[[-90.7985,42.8879],[-90.7998,42.8885]]},"properties":{}},{"type":"Feature","geometry":{"type":"LineString","coordinates":[[-90.7998,42.8885],[-90.8009,42.8865]]},"properties":{}},{"type":"Feature","geometry":{"type":"LineString","coordinates":[[-90.8009,42.8865],[-90.8021,42.8863]]},"properties":{}},{"type":"Feature","geometry":{"type":"LineString","coordinates":[[-90.8033,42.8843],[-90.804,42.8825]]},"properties":{}},{"type":"Feature","geometry":{"type":"LineString","coordinates":[[-90.804,42.8825],[-90.8054,42.8814]]},"properties":{}},{"type":"Feature","geometry":{"type":"LineString","coordinates":[[-90.7948,42.8937],[-90.7952,42.8942]]},"properties":{}},{"type":"Feature","geometry":{"type":"LineString","coordinates":[[-90.7952,42.8942],[-90.7964,42.8941]]},"properties":{}},{"type":"Feature","geometry":{"type":"LineString","coordinates":[[-90.9033,45.8604],[-90.905,45.8588]]},"properties":{}},{"type":"Feature","geometry":{"type":"LineString","coordinates":[[-90.905,45.8588],[-90.9008,45.8553]]},"properties":{}},{"type":"Feature","geometry":{"type":"LineString","coordinates":[[-90.9008,45.8553],[-90.9061,45.8525]]},"properties":{}},{"type":"Feature","geometry":{"type":"LineString","coordinates":[[-90.9061,45.8525],[-90.9078,45.8522]]},"properties":{}},{"type":"Feature","geometry":{"type":"LineString","coordinates":[[-90.9078,45.8522],[-90.908,45.8505]]},"properties":{}},{"type":"Feature","geometry":{"type":"LineString","coordinates":[[-90.908,45.8505],[-90.9102,45.8484]]},"properties":{}},{"type":"Feature","geometry":{"type":"LineString","coordinates":[[-90.9102,45.8484],[-90.9131,45.8476]]},"properties":{}},{"type":"Feature","geometry":{"type":"LineString","coordinates":[[-90.9131,45.8476],[-90.9153,45.8476]]},"properties":{}},{"type":"Feature","geometry":{"type":"LineString","coordinates":[[-90.9153,45.8476],[-90.9171,45.8463]]},"properties":{}},{"type":"Feature","geometry":{"type":"LineString","coordinates":[[-90.9171,45.8463],[-90.9173,45.8457]]},"properties":{}},{"type":"Feature","geometry":{"type":"LineString","coordinates":[[-90.9173,45.8457],[-90.916,45.8448]]},"properties":{}},{"type":"Feature","geometry":{"type":"LineString","coordinates":[[-90.916,45.8448],[-90.9161,45.8443]]},"properties":{}},{"type":"Feature","geometry":{"type":"LineString","coordinates":[[-90.9161,45.8443],[-90.9172,45.8432]]},"properties":{}},{"type":"Feature","geometry":{"type":"LineString","coordinates":[[-90.9172,45.8432],[-90.9189,45.8425]]},"properties":{}},{"type":"Feature","geometry":{"type":"LineString","coordinates":[[-90.9189,45.8425],[-90.9207,45.8407]]},"properties":{}},{"type":"Feature","geometry":{"type":"LineString","coordinates":[[-90.9725,46.6825],[-90.9709,46.6829]]},"properties":{}},{"type":"Feature","geometry":{"type":"LineString","coordinates":[[-90.9709,46.6829],[-90.9704,46.6829]]},"properties":{}},{"type":"Feature","geometry":{"type":"LineString","coordinates":[[-90.9691,46.6824],[-90.9699,46.6833]]},"properties":{}},{"type":"Feature","geometry":{"type":"LineString","coordinates":[[-90.9488,46.6904],[-90.9484,46.6909]]},"properties":{}},{"type":"Feature","geometry":{"type":"LineString","coordinates":[[-90.9484,46.6909],[-90.949,46.6914]]},"properties":{}},{"type":"Feature","geometry":{"type":"LineString","coordinates":[[-90.933,46.7032],[-90.9346,46.7044]]},"properties":{}},{"type":"Feature","geometry":{"type":"LineString","coordinates":[[-90.9346,46.7044],[-90.9344,46.7062]]},"properties":{}},{"type":"Feature","geometry":{"type":"LineString","coordinates":[[-90.7912,43.0408],[-90.7906,43.042]]},"properties":{}},{"type":"Feature","geometry":{"type":"LineString","coordinates":[[-90.7906,43.042],[-90.7903,43.0416]]},"properties":{}},{"type":"Feature","geometry":{"type":"LineString","coordinates":[[-90.7903,43.0416],[-90.7873,43.0435]]},"properties":{}},{"type":"Feature","geometry":{"type":"LineString","coordinates":[[-90.7878,43.0478],[-90.7888,43.0496]]},"properties":{}},{"type":"Feature","geometry":{"type":"LineString","coordinates":[[-90.7888,43.0496],[-90.7922,43.0517]]},"properties":{}},{"type":"Feature","geometry":{"type":"LineString","coordinates":[[-90.7948,43.0519],[-90.797,43.0506]]},"properties":{}},{"type":"Feature","geometry":{"type":"LineString","coordinates":[[-90.797,43.0506],[-90.7981,43.0507]]},"properties":{}},{"type":"Feature","geometry":{"type":"LineString","coordinates":[[-90.7981,43.0507],[-90.7991,43.0498]]},"properties":{}},{"type":"Feature","geometry":{"type":"LineString","coordinates":[[-90.7991,43.0498],[-90.8005,43.0499]]},"properties":{}},{"type":"Feature","geometry":{"type":"LineString","coordinates":[[-90.8005,43.0499],[-90.8033,43.0489]]},"properties":{}},{"type":"Feature","geometry":{"type":"LineString","coordinates":[[-90.8059,43.0512],[-90.8071,43.0514]]},"properties":{}},{"type":"Feature","geometry":{"type":"LineString","coordinates":[[-90.8079,43.053],[-90.8102,43.0534]]},"properties":{}},{"type":"Feature","geometry":{"type":"LineString","coordinates":[[-90.8102,43.0534],[-90.81,43.0544]]},"properties":{}},{"type":"Feature","geometry":{"type":"LineString","coordinates":[[-90.81,43.0544],[-90.8109,43.0553]]},"properties":{}},{"type":"Feature","geometry":{"type":"LineString","coordinates":[[-90.8109,43.0553],[-90.81,43.0557]]},"properties":{}},{"type":"Feature","geometry":{"type":"LineString","coordinates":[[-90.81,43.0557],[-90.8111,43.0573]]},"properties":{}},{"type":"Feature","geometry":{"type":"LineString","coordinates":[[-90.8111,43.0573],[-90.8119,43.057]]},"properties":{}},{"type":"Feature","geometry":{"type":"LineString","coordinates":[[-90.8119,43.057],[-90.8123,43.0575]]},"properties":{}},{"type":"Feature","geometry":{"type":"LineString","coordinates":[[-90.8123,43.0575],[-90.8146,43.0576]]},"properties":{}},{"type":"Feature","geometry":{"type":"LineString","coordinates":[[-90.8146,43.0576],[-90.8166,43.0583]]},"properties":{}},{"type":"Feature","geometry":{"type":"LineString","coordinates":[[-90.8166,43.0583],[-90.8184,43.0596]]},"properties":{}},{"type":"Feature","geometry":{"type":"LineString","coordinates":[[-90.8184,43.0596],[-90.8193,43.0616]]},"properties":{}},{"type":"Feature","geometry":{"type":"LineString","coordinates":[[-90.8193,43.0616],[-90.8207,43.0616]]},"properties":{}},{"type":"Feature","geometry":{"type":"LineString","coordinates":[[-90.8207,43.0616],[-90.8207,43.0636]]},"properties":{}},{"type":"Feature","geometry":{"type":"LineString","coordinates":[[-90.8207,43.0636],[-90.8216,43.0643]]},"properties":{}},{"type":"Feature","geometry":{"type":"LineString","coordinates":[[-90.8216,43.0643],[-90.8233,43.0639]]},"properties":{}},{"type":"Feature","geometry":{"type":"LineString","coordinates":[[-90.8233,43.0639],[-90.8243,43.0642]]},"properties":{}},{"type":"Feature","geometry":{"type":"LineString","coordinates":[[-90.8243,43.0642],[-90.825,43.0651]]},"properties":{}},{"type":"Feature","geometry":{"type":"LineString","coordinates":[[-90.7123,43.0198],[-90.7159,43.0194]]},"properties":{}},{"type":"Feature","geometry":{"type":"LineString","coordinates":[[-90.7159,43.0194],[-90.7178,43.0197]]},"properties":{}},{"type":"Feature","geometry":{"type":"LineString","coordinates":[[-90.7178,43.0197],[-90.7203,43.0184]]},"properties":{}},{"type":"Feature","geometry":{"type":"LineString","coordinates":[[-90.7203,43.0184],[-90.7199,43.019]]},"properties":{}},{"type":"Feature","geometry":{"type":"LineString","coordinates":[[-90.7199,43.019],[-90.7202,43.0193]]},"properties":{}},{"type":"Feature","geometry":{"type":"LineString","coordinates":[[-90.7202,43.0193],[-90.7233,43.0186]]},"properties":{}},{"type":"Feature","geometry":{"type":"LineString","coordinates":[[-90.7436,43.0188],[-90.7475,43.0182]]},"properties":{}},{"type":"Feature","geometry":{"type":"LineString","coordinates":[[-90.7475,43.0182],[-90.748,43.0175]]},"properties":{}},{"type":"Feature","geometry":{"type":"LineString","coordinates":[[-90.748,43.0175],[-90.7499,43.0184]]},"properties":{}},{"type":"Feature","geometry":{"type":"LineString","coordinates":[[-90.7499,43.0184],[-90.7511,43.0184]]},"properties":{}},{"type":"Feature","geometry":{"type":"LineString","coordinates":[[-90.7511,43.0184],[-90.7534,43.0172]]},"properties":{}},{"type":"Feature","geometry":{"type":"LineString","coordinates":[[-90.7534,43.0172],[-90.7551,43.0175]]},"properties":{}},{"type":"Feature","geometry":{"type":"LineString","coordinates":[[-90.7551,43.0175],[-90.7556,43.0167]]},"properties":{}},{"type":"Feature","geometry":{"type":"LineString","coordinates":[[-90.7556,43.0167],[-90.7577,43.0168]]},"properties":{}},{"type":"Feature","geometry":{"type":"LineString","coordinates":[[-90.7577,43.0168],[-90.7579,43.0158]]},"properties":{}},{"type":"Feature","geometry":{"type":"LineString","coordinates":[[-90.7579,43.0158],[-90.759,43.0151]]},"properties":{}},{"type":"Feature","geometry":{"type":"LineString","coordinates":[[-90.759,43.0151],[-90.7617,43.0153]]},"properties":{}},{"type":"Feature","geometry":{"type":"LineString","coordinates":[[-90.7617,43.0153],[-90.7638,43.0171]]},"properties":{}},{"type":"Feature","geometry":{"type":"LineString","coordinates":[[-90.7638,43.0171],[-90.7646,43.0171]]},"properties":{}},{"type":"Feature","geometry":{"type":"LineString","coordinates":[[-90.7646,43.0171],[-90.7663,43.0183]]},"properties":{}},{"type":"Feature","geometry":{"type":"LineString","coordinates":[[-90.7663,43.0183],[-90.771,43.0187]]},"properties":{}},{"type":"Feature","geometry":{"type":"LineString","coordinates":[[-90.771,43.0187],[-90.7722,43.0202]]},"properties":{}},{"type":"Feature","geometry":{"type":"LineString","coordinates":[[-90.7722,43.0202],[-90.7737,43.0209]]},"properties":{}},{"type":"Feature","geometry":{"type":"LineString","coordinates":[[-90.7737,43.0209],[-90.7745,43.0219]]},"properties":{}},{"type":"Feature","geometry":{"type":"LineString","coordinates":[[-90.7745,43.0219],[-90.7761,43.0211]]},"properties":{}},{"type":"Feature","geometry":{"type":"LineString","coordinates":[[-90.7771,43.0223],[-90.7774,43.0241]]},"properties":{}},{"type":"Feature","geometry":{"type":"LineString","coordinates":[[-90.7774,43.0241],[-90.778,43.025]]},"properties":{}},{"type":"Feature","geometry":{"type":"LineString","coordinates":[[-90.778,43.025],[-90.7826,43.0287]]},"properties":{}},{"type":"Feature","geometry":{"type":"LineString","coordinates":[[-90.7826,43.0287],[-90.7816,43.0303]]},"properties":{}},{"type":"Feature","geometry":{"type":"LineString","coordinates":[[-90.7816,43.0303],[-90.7839,43.0325]]},"properties":{}},{"type":"Feature","geometry":{"type":"LineString","coordinates":[[-90.7839,43.0325],[-90.7871,43.0342]]},"properties":{}},{"type":"Feature","geometry":{"type":"LineString","coordinates":[[-90.7869,43.0353],[-90.7879,43.0359]]},"properties":{}},{"type":"Feature","geometry":{"type":"LineString","coordinates":[[-90.7879,43.0359],[-90.7878,43.0365]]},"properties":{}},{"type":"Feature","geometry":{"type":"LineString","coordinates":[[-90.7878,43.0365],[-90.7916,43.0377]]},"properties":{}},{"type":"Feature","geometry":{"type":"LineString","coordinates":[[-90.7916,43.0377],[-90.7921,43.039]]},"properties":{}},{"type":"Feature","geometry":{"type":"LineString","coordinates":[[-90.7921,43.039],[-90.7903,43.0416]]},"properties":{}},{"type":"Feature","geometry":{"type":"LineString","coordinates":[[-90.7475,43.4787],[-90.7442,43.4771]]},"properties":{}},{"type":"Feature","geometry":{"type":"LineString","coordinates":[[-90.7442,43.4771],[-90.744,43.4759]]},"properties":{}},{"type":"Feature","geometry":{"type":"LineString","coordinates":[[-90.744,43.4759],[-90.745,43.476]]},"properties":{}},{"type":"Feature","geometry":{"type":"LineString","coordinates":[[-90.636,43.4998],[-90.6362,43.5002]]},"properties":{}},{"type":"Feature","geometry":{"type":"LineString","coordinates":[[-90.6362,43.5002],[-90.6382,43.4998]]},"properties":{}},{"type":"Feature","geometry":{"type":"LineString","coordinates":[[-90.6382,43.4998],[-90.639,43.5007]]},"properties":{}},{"type":"Feature","geometry":{"type":"LineString","coordinates":[[-90.639,43.5007],[-90.6407,43.5004]]},"properties":{}},{"type":"Feature","geometry":{"type":"LineString","coordinates":[[-90.6407,43.5004],[-90.6421,43.498]]},"properties":{}},{"type":"Feature","geometry":{"type":"LineString","coordinates":[[-90.6421,43.498],[-90.6424,43.4985]]},"properties":{}},{"type":"Feature","geometry":{"type":"LineString","coordinates":[[-90.6424,43.4985],[-90.6436,43.4983]]},"properties":{}},{"type":"Feature","geometry":{"type":"LineString","coordinates":[[-90.6436,43.4983],[-90.644,43.4979]]},"properties":{}},{"type":"Feature","geometry":{"type":"LineString","coordinates":[[-90.644,43.4979],[-90.6453,43.4979]]},"properties":{}},{"type":"Feature","geometry":{"type":"LineString","coordinates":[[-90.6453,43.4979],[-90.6459,43.4986]]},"properties":{}},{"type":"Feature","geometry":{"type":"LineString","coordinates":[[-90.6459,43.4986],[-90.6473,43.4989]]},"properties":{}},{"type":"Feature","geometry":{"type":"LineString","coordinates":[[-90.6473,43.4989],[-90.648,43.5001]]},"properties":{}},{"type":"Feature","geometry":{"type":"LineString","coordinates":[[-90.648,43.5001],[-90.6496,43.501]]},"properties":{}},{"type":"Feature","geometry":{"type":"LineString","coordinates":[[-90.6496,43.501],[-90.6497,43.5023]]},"properties":{}},{"type":"Feature","geometry":{"type":"LineString","coordinates":[[-90.6497,43.5023],[-90.6509,43.5032]]},"properties":{}},{"type":"Feature","geometry":{"type":"LineString","coordinates":[[-90.5721,43.4952],[-90.5767,43.4953]]},"properties":{}},{"type":"Feature","geometry":{"type":"LineString","coordinates":[[-90.5767,43.4953],[-90.5781,43.4966]]},"properties":{}},{"type":"Feature","geometry":{"type":"LineString","coordinates":[[-90.5781,43.4966],[-90.58,43.4972]]},"properties":{}},{"type":"Feature","geometry":{"type":"LineString","coordinates":[[-90.8305,44.8124],[-90.8323,44.8113]]},"properties":{}},{"type":"Feature","geometry":{"type":"LineString","coordinates":[[-90.8323,44.8113],[-90.8333,44.8094]]},"properties":{}},{"type":"Feature","geometry":{"type":"LineString","coordinates":[[-90.8333,44.8094],[-90.835,44.8085]]},"properties":{}},{"type":"Feature","geometry":{"type":"LineString","coordinates":[[-90.835,44.8085],[-90.8365,44.8047]]},"properties":{}},{"type":"Feature","geometry":{"type":"LineString","coordinates":[[-90.8365,44.8047],[-90.838,44.8037]]},"properties":{}},{"type":"Feature","geometry":{"type":"LineString","coordinates":[[-90.838,44.8037],[-90.8393,44.8015]]},"properties":{}},{"type":"Feature","geometry":{"type":"LineString","coordinates":[[-90.8393,44.8015],[-90.8376,44.7987]]},"properties":{}},{"type":"Feature","geometry":{"type":"LineString","coordinates":[[-90.8376,44.7987],[-90.8375,44.7957]]},"properties":{}},{"type":"Feature","geometry":{"type":"LineString","coordinates":[[-90.8375,44.7957],[-90.8351,44.794]]},"properties":{}},{"type":"Feature","geometry":{"type":"LineString","coordinates":[[-90.8351,44.794],[-90.8345,44.7925]]},"properties":{}},{"type":"Feature","geometry":{"type":"LineString","coordinates":[[-90.8345,44.7925],[-90.8321,44.7912]]},"properties":{}},{"type":"Feature","geometry":{"type":"LineString","coordinates":[[-90.5329,45.639],[-90.5326,45.6396]]},"properties":{}},{"type":"Feature","geometry":{"type":"LineString","coordinates":[[-90.5326,45.6396],[-90.5331,45.6402]]},"properties":{}},{"type":"Feature","geometry":{"type":"LineString","coordinates":[[-90.5331,45.6402],[-90.5329,45.6408]]},"properties":{}},{"type":"Feature","geometry":{"type":"LineString","coordinates":[[-90.5329,45.6408],[-90.5337,45.6411]]},"properties":{}},{"type":"Feature","geometry":{"type":"LineString","coordinates":[[-90.5337,45.6411],[-90.5334,45.6419]]},"properties":{}},{"type":"Feature","geometry":{"type":"LineString","coordinates":[[-90.5334,45.6419],[-90.5339,45.6421]]},"properties":{}},{"type":"Feature","geometry":{"type":"LineString","coordinates":[[-90.5339,45.6421],[-90.5332,45.6429]]},"properties":{}},{"type":"Feature","geometry":{"type":"LineString","coordinates":[[-90.5332,45.6429],[-90.5337,45.6429]]},"properties":{}},{"type":"Feature","geometry":{"type":"LineString","coordinates":[[-90.5337,45.6429],[-90.5335,45.6434]]},"properties":{}},{"type":"Feature","geometry":{"type":"LineString","coordinates":[[-90.5335,45.6434],[-90.5339,45.6434]]},"properties":{}},{"type":"Feature","geometry":{"type":"LineString","coordinates":[[-90.5339,45.6434],[-90.5332,45.6442]]},"properties":{}},{"type":"Feature","geometry":{"type":"LineString","coordinates":[[-90.5332,45.6442],[-90.5337,45.6451]]},"properties":{}},{"type":"Feature","geometry":{"type":"LineString","coordinates":[[-90.5337,45.6451],[-90.5327,45.6459]]},"properties":{}},{"type":"Feature","geometry":{"type":"LineString","coordinates":[[-90.5327,45.6459],[-90.5306,45.6463]]},"properties":{}},{"type":"Feature","geometry":{"type":"LineString","coordinates":[[-90.5306,45.6463],[-90.5302,45.6471]]},"properties":{}},{"type":"Feature","geometry":{"type":"LineString","coordinates":[[-90.5302,45.6471],[-90.5315,45.6486]]},"properties":{}},{"type":"Feature","geometry":{"type":"LineString","coordinates":[[-90.5315,45.6486],[-90.5309,45.6495]]},"properties":{}},{"type":"Feature","geometry":{"type":"LineString","coordinates":[[-90.5309,45.6495],[-90.5316,45.6502]]},"properties":{}},{"type":"Feature","geometry":{"type":"LineString","coordinates":[[-90.5316,45.6502],[-90.5312,45.6504]]},"properties":{}},{"type":"Feature","geometry":{"type":"LineString","coordinates":[[-90.5312,45.6504],[-90.5316,45.6511]]},"properties":{}},{"type":"Feature","geometry":{"type":"LineString","coordinates":[[-90.5316,45.6511],[-90.5312,45.6513]]},"properties":{}},{"type":"Feature","geometry":{"type":"LineString","coordinates":[[-90.5312,45.6513],[-90.5319,45.6518]]},"properties":{}},{"type":"Feature","geometry":{"type":"LineString","coordinates":[[-90.5319,45.6518],[-90.5312,45.6521]]},"properties":{}},{"type":"Feature","geometry":{"type":"LineString","coordinates":[[-90.5312,45.6521],[-90.5328,45.6523]]},"properties":{}},{"type":"Feature","geometry":{"type":"LineString","coordinates":[[-90.5383,45.6643],[-90.5399,45.6656]]},"properties":{}},{"type":"Feature","geometry":{"type":"LineString","coordinates":[[-90.5399,45.6656],[-90.5396,45.6666]]},"properties":{}},{"type":"Feature","geometry":{"type":"LineString","coordinates":[[-90.5396,45.6666],[-90.5401,45.6672]]},"properties":{}},{"type":"Feature","geometry":{"type":"LineString","coordinates":[[-90.5401,45.6672],[-90.5386,45.6676]]},"properties":{}},{"type":"Feature","geometry":{"type":"LineString","coordinates":[[-90.5386,45.6676],[-90.5379,45.6693]]},"properties":{}},{"type":"Feature","geometry":{"type":"LineString","coordinates":[[-90.5379,45.6693],[-90.5371,45.6698]]},"properties":{}},{"type":"Feature","geometry":{"type":"LineString","coordinates":[[-90.5371,45.6698],[-90.5401,45.673]]},"properties":{}},{"type":"Feature","geometry":{"type":"LineString","coordinates":[[-90.2392,43.0041],[-90.2368,43.0067]]},"properties":{}},{"type":"Feature","geometry":{"type":"LineString","coordinates":[[-90.2368,43.0067],[-90.2375,43.0081]]},"properties":{}},{"type":"Feature","geometry":{"type":"LineString","coordinates":[[-90.2375,43.0081],[-90.2397,43.0103]]},"properties":{}},{"type":"Feature","geometry":{"type":"LineString","coordinates":[[-90.2397,43.0103],[-90.24,43.0132]]},"properties":{}},{"type":"Feature","geometry":{"type":"LineString","coordinates":[[-90.0644,42.9033],[-90.0624,42.9057]]},"properties":{}},{"type":"Feature","geometry":{"type":"LineString","coordinates":[[-90.0624,42.9057],[-90.06,42.906]]},"properties":{}},{"type":"Feature","geometry":{"type":"LineString","coordinates":[[-90.1654,42.8255],[-90.1654,42.8241]]},"properties":{}},{"type":"Feature","geometry":{"type":"LineString","coordinates":[[-90.1654,42.8241],[-90.1665,42.8237]]},"properties":{}},{"type":"Feature","geometry":{"type":"LineString","coordinates":[[-90.1665,42.8237],[-90.1669,42.823]]},"properties":{}},{"type":"Feature","geometry":{"type":"LineString","coordinates":[[-90.0312,45.2648],[-90.0293,45.2633]]},"properties":{}},{"type":"Feature","geometry":{"type":"LineString","coordinates":[[-90.0293,45.2633],[-90.0289,45.2623]]},"properties":{}},{"type":"Feature","geometry":{"type":"LineString","coordinates":[[-90.0289,45.2623],[-90.0287,45.2611]]},"properties":{}},{"type":"Feature","geometry":{"type":"LineString","coordinates":[[-90.0287,45.2611],[-90.03,45.2604]]},"properties":{}},{"type":"Feature","geometry":{"type":"LineString","coordinates":[[-90.03,45.2604],[-90.03,45.2585]]},"properties":{}},{"type":"Feature","geometry":{"type":"LineString","coordinates":[[-90.03,45.2585],[-90.0255,45.2574]]},"properties":{}},{"type":"Feature","geometry":{"type":"LineString","coordinates":[[-90.0255,45.2574],[-90.0226,45.2551]]},"properties":{}},{"type":"Feature","geometry":{"type":"LineString","coordinates":[[-90.0226,45.2551],[-90.0208,45.2528]]},"properties":{}},{"type":"Feature","geometry":{"type":"LineString","coordinates":[[-90.0208,45.2528],[-90.0199,45.2525]]},"properties":{}},{"type":"Feature","geometry":{"type":"LineString","coordinates":[[-90.0199,45.2525],[-90.02,45.2514]]},"properties":{}},{"type":"Feature","geometry":{"type":"LineString","coordinates":[[-90.02,45.2514],[-90.0172,45.2495]]},"properties":{}},{"type":"Feature","geometry":{"type":"LineString","coordinates":[[-90.0172,45.2495],[-90.0125,45.2491]]},"properties":{}},{"type":"Feature","geometry":{"type":"LineString","coordinates":[[-90.1759,43.3281],[-90.1754,43.3278]]},"properties":{}},{"type":"Feature","geometry":{"type":"LineString","coordinates":[[-90.1754,43.3278],[-90.1757,43.3275]]},"properties":{}},{"type":"Feature","geometry":{"type":"LineString","coordinates":[[-90.1934,43.4655],[-90.1939,43.4635]]},"properties":{}},{"type":"Feature","geometry":{"type":"LineString","coordinates":[[-90.1939,43.4635],[-90.1963,43.461]]},"properties":{}},{"type":"Feature","geometry":{"type":"LineString","coordinates":[[-90.1963,43.461],[-90.1963,43.4597]]},"properties":{}},{"type":"Feature","geometry":{"type":"LineString","coordinates":[[-89.8595,43.5884],[-89.8648,43.5857]]},"properties":{}},{"type":"Feature","geometry":{"type":"LineString","coordinates":[[-89.8648,43.5857],[-89.8704,43.5846]]},"properties":{}},{"type":"Feature","geometry":{"type":"LineString","coordinates":[[-89.7595,44.26],[-89.7621,44.2586]]},"properties":{}},{"type":"Feature","geometry":{"type":"LineString","coordinates":[[-89.7621,44.2586],[-89.7625,44.259]]},"properties":{}},{"type":"Feature","geometry":{"type":"LineString","coordinates":[[-89.7625,44.259],[-89.7635,44.2588]]},"properties":{}},{"type":"Feature","geometry":{"type":"LineString","coordinates":[[-89.7635,44.2588],[-89.7638,44.2591]]},"properties":{}},{"type":"Feature","geometry":{"type":"LineString","coordinates":[[-89.8198,42.7256],[-89.8211,42.724]]},"properties":{}},{"type":"Feature","geometry":{"type":"LineString","coordinates":[[-89.8211,42.724],[-89.8234,42.7223]]},"properties":{}},{"type":"Feature","geometry":{"type":"LineString","coordinates":[[-89.8234,42.7223],[-89.8262,42.7207]]},"properties":{}},{"type":"Feature","geometry":{"type":"LineString","coordinates":[[-89.8326,42.715],[-89.8396,42.715]]},"properties":{}},{"type":"Feature","geometry":{"type":"LineString","coordinates":[[-89.7038,45.6382],[-89.7022,45.6384]]},"properties":{}},{"type":"Feature","geometry":{"type":"LineString","coordinates":[[-89.7022,45.6384],[-89.7023,45.6397]]},"properties":{}},{"type":"Feature","geometry":{"type":"LineString","coordinates":[[-89.4658,43.9574],[-89.4645,43.9579]]},"properties":{}},{"type":"Feature","geometry":{"type":"LineString","coordinates":[[-89.4645,43.9579],[-89.4638,43.9574]]},"properties":{}},{"type":"Feature","geometry":{"type":"LineString","coordinates":[[-89.4638,43.9574],[-89.4637,43.9556]]},"properties":{}},{"type":"Feature","geometry":{"type":"LineString","coordinates":[[-89.4511,43.9463],[-89.4503,43.9462]]},"properties":{}},{"type":"Feature","geometry":{"type":"LineString","coordinates":[[-89.4503,43.9462],[-89.4503,43.9457]]},"properties":{}},{"type":"Feature","geometry":{"type":"LineString","coordinates":[[-89.4503,43.9457],[-89.4496,43.9456]]},"properties":{}},{"type":"Feature","geometry":{"type":"LineString","coordinates":[[-89.4496,43.9456],[-89.4496,43.9447]]},"properties":{}},{"type":"Feature","geometry":{"type":"LineString","coordinates":[[-89.4496,43.9447],[-89.4488,43.9442]]},"properties":{}},{"type":"Feature","geometry":{"type":"LineString","coordinates":[[-89.4488,43.9442],[-89.4488,43.9431]]},"properties":{}},{"type":"Feature","geometry":{"type":"LineString","coordinates":[[-89.4488,43.9431],[-89.4483,43.9426]]},"properties":{}},{"type":"Feature","geometry":{"type":"LineString","coordinates":[[-89.4483,43.9426],[-89.4486,43.9417]]},"properties":{}},{"type":"Feature","geometry":{"type":"LineString","coordinates":[[-89.4486,43.9417],[-89.4479,43.9415]]},"properties":{}},{"type":"Feature","geometry":{"type":"LineString","coordinates":[[-89.4479,43.9415],[-89.4485,43.941]]},"properties":{}},{"type":"Feature","geometry":{"type":"LineString","coordinates":[[-89.4485,43.941],[-89.4458,43.9398]]},"properties":{}},{"type":"Feature","geometry":{"type":"LineString","coordinates":[[-89.4458,43.9398],[-89.4451,43.937]]},"properties":{}},{"type":"Feature","geometry":{"type":"LineString","coordinates":[[-89.4415,43.9228],[-89.4422,43.9223]]},"properties":{}},{"type":"Feature","geometry":{"type":"LineString","coordinates":[[-89.4422,43.9223],[-89.4407,43.9212]]},"properties":{}},{"type":"Feature","geometry":{"type":"LineString","coordinates":[[-89.4407,43.9212],[-89.4417,43.9202]]},"properties":{}},{"type":"Feature","geometry":{"type":"LineString","coordinates":[[-89.4417,43.9202],[-89.4409,43.9201]]},"properties":{}},{"type":"Feature","geometry":{"type":"LineString","coordinates":[[-89.4409,43.9201],[-89.4401,43.9189]]},"properties":{}},{"type":"Feature","geometry":{"type":"LineString","coordinates":[[-89.422,43.9086],[-89.4222,43.9078]]},"properties":{}},{"type":"Feature","geometry":{"type":"LineString","coordinates":[[-89.4222,43.9078],[-89.4211,43.9073]]},"properties":{}},{"type":"Feature","geometry":{"type":"LineString","coordinates":[[-89.4211,43.9073],[-89.4209,43.9063]]},"properties":{}},{"type":"Feature","geometry":{"type":"LineString","coordinates":[[-89.8563,45.8105],[-89.8559,45.8087]]},"properties":{}},{"type":"Feature","geometry":{"type":"LineString","coordinates":[[-89.8559,45.8087],[-89.8571,45.8074]]},"properties":{}},{"type":"Feature","geometry":{"type":"LineString","coordinates":[[-89.2044,45.596],[-89.2079,45.5945]]},"properties":{}},{"type":"Feature","geometry":{"type":"LineString","coordinates":[[-89.2079,45.5945],[-89.2106,45.595]]},"properties":{}},{"type":"Feature","geometry":{"type":"LineString","coordinates":[[-89.2106,45.595],[-89.2126,45.5945]]},"properties":{}},{"type":"Feature","geometry":{"type":"LineString","coordinates":[[-89.2126,45.5945],[-89.2132,45.593]]},"properties":{}},{"type":"Feature","geometry":{"type":"LineString","coordinates":[[-89.2132,45.593],[-89.2139,45.5927]]},"properties":{}},{"type":"Feature","geometry":{"type":"LineString","coordinates":[[-89.2139,45.5927],[-89.2148,45.591]]},"properties":{}},{"type":"Feature","geometry":{"type":"LineString","coordinates":[[-89.2148,45.591],[-89.2141,45.5903]]},"properties":{}},{"type":"Feature","geometry":{"type":"LineString","coordinates":[[-89.2141,45.5903],[-89.2142,45.5896]]},"properties":{}},{"type":"Feature","geometry":{"type":"LineString","coordinates":[[-89.2142,45.5896],[-89.2178,45.5881]]},"properties":{}},{"type":"Feature","geometry":{"type":"LineString","coordinates":[[-89.2178,45.5881],[-89.2173,45.5858]]},"properties":{}},{"type":"Feature","geometry":{"type":"LineString","coordinates":[[-89.0726,44.3556],[-89.0736,44.3563]]},"properties":{}},{"type":"Feature","geometry":{"type":"LineString","coordinates":[[-89.0268,44.5387],[-89.0253,44.5383]]},"properties":{}},{"type":"Feature","geometry":{"type":"LineString","coordinates":[[-89.0253,44.5383],[-89.0238,44.5391]]},"properties":{}},{"type":"Feature","geometry":{"type":"LineString","coordinates":[[-89.0238,44.5391],[-89.0217,44.5382]]},"properties":{}},{"type":"Feature","geometry":{"type":"LineString","coordinates":[[-89.0459,44.6322],[-89.0423,44.6313]]},"properties":{}},{"type":"Feature","geometry":{"type":"LineString","coordinates":[[-89.0423,44.6313],[-89.0384,44.6342]]},"properties":{}},{"type":"Feature","geometry":{"type":"LineString","coordinates":[[-89.0384,44.6342],[-89.0352,44.6342]]},"properties":{}},{"type":"Feature","geometry":{"type":"LineString","coordinates":[[-89.0352,44.6342],[-89.0326,44.6326]]},"properties":{}},{"type":"Feature","geometry":{"type":"LineString","coordinates":[[-89.0326,44.6326],[-89.0328,44.6322]]},"properties":{}},{"type":"Feature","geometry":{"type":"LineString","coordinates":[[-89.0328,44.6322],[-89.0317,44.6304]]},"properties":{}},{"type":"Feature","geometry":{"type":"LineString","coordinates":[[-89.0266,44.6302],[-89.0249,44.633]]},"properties":{}},{"type":"Feature","geometry":{"type":"LineString","coordinates":[[-89.0249,44.633],[-89.0232,44.6335]]},"properties":{}},{"type":"Feature","geometry":{"type":"LineString","coordinates":[[-89.0232,44.6335],[-89.0225,44.6367]]},"properties":{}},{"type":"Feature","geometry":{"type":"LineString","coordinates":[[-89.0225,44.6367],[-89.0201,44.6372]]},"properties":{}},{"type":"Feature","geometry":{"type":"LineString","coordinates":[[-89.0201,44.6372],[-89.0198,44.6378]]},"properties":{}},{"type":"Feature","geometry":{"type":"LineString","coordinates":[[-89.0198,44.6378],[-89.0179,44.6377]]},"properties":{}},{"type":"Feature","geometry":{"type":"LineString","coordinates":[[-89.0179,44.6377],[-89.0167,44.6383]]},"properties":{}},{"type":"Feature","geometry":{"type":"LineString","coordinates":[[-89.0167,44.6383],[-89.0129,44.6381]]},"properties":{}},{"type":"Feature","geometry":{"type":"LineString","coordinates":[[-89.0129,44.6381],[-89.0111,44.6389]]},"properties":{}},{"type":"Feature","geometry":{"type":"LineString","coordinates":[[-89.0014,44.6347],[-89.0004,44.6334]]},"properties":{}},{"type":"Feature","geometry":{"type":"LineString","coordinates":[[-89.0004,44.6334],[-88.9991,44.633]]},"properties":{}},{"type":"Feature","geometry":{"type":"LineString","coordinates":[[-88.9991,44.633],[-88.9987,44.6322]]},"properties":{}},{"type":"Feature","geometry":{"type":"LineString","coordinates":[[-88.9987,44.6322],[-88.9968,44.6318]]},"properties":{}},{"type":"Feature","geometry":{"type":"LineString","coordinates":[[-88.9964,44.623],[-88.9996,44.6205]]},"properties":{}},{"type":"Feature","geometry":{"type":"LineString","coordinates":[[-88.9996,44.6205],[-89.0012,44.6202]]},"properties":{}},{"type":"Feature","geometry":{"type":"LineString","coordinates":[[-89.0012,44.6202],[-89.0034,44.6188]]},"properties":{}},{"type":"Feature","geometry":{"type":"LineString","coordinates":[[-89.0034,44.6188],[-89.0029,44.6183]]},"properties":{}},{"type":"Feature","geometry":{"type":"LineString","coordinates":[[-89.0029,44.6183],[-89.0033,44.6179]]},"properties":{}},{"type":"Feature","geometry":{"type":"LineString","coordinates":[[-89.0033,44.6179],[-89.0032,44.6167]]},"properties":{}},{"type":"Feature","geometry":{"type":"LineString","coordinates":[[-89.0032,44.6167],[-89.0039,44.6153]]},"properties":{}},{"type":"Feature","geometry":{"type":"LineString","coordinates":[[-88.7322,45.5422],[-88.7322,45.5446]]},"properties":{}},{"type":"Feature","geometry":{"type":"LineString","coordinates":[[-88.7322,45.5446],[-88.7329,45.5461]]},"properties":{}},{"type":"Feature","geometry":{"type":"LineString","coordinates":[[-88.7329,45.5461],[-88.732,45.5475]]},"properties":{}},{"type":"Feature","geometry":{"type":"LineString","coordinates":[[-88.732,45.5475],[-88.7305,45.5478]]},"properties":{}},{"type":"Feature","geometry":{"type":"LineString","coordinates":[[-88.7305,45.5478],[-88.7305,45.549]]},"properties":{}},{"type":"Feature","geometry":{"type":"LineString","coordinates":[[-88.7305,45.549],[-88.73,45.5494]]},"properties":{}},{"type":"Feature","geometry":{"type":"LineString","coordinates":[[-88.73,45.5494],[-88.7315,45.5512]]},"properties":{}},{"type":"Feature","geometry":{"type":"LineString","coordinates":[[-88.7315,45.5512],[-88.7326,45.5511]]},"properties":{}},{"type":"Feature","geometry":{"type":"LineString","coordinates":[[-88.7326,45.5511],[-88.7337,45.5516]]},"properties":{}},{"type":"Feature","geometry":{"type":"LineString","coordinates":[[-88.7337,45.5516],[-88.7349,45.5533]]},"properties":{}},{"type":"Feature","geometry":{"type":"LineString","coordinates":[[-88.7349,45.5533],[-88.7346,45.5546]]},"properties":{}},{"type":"Feature","geometry":{"type":"LineString","coordinates":[[-88.7346,45.5546],[-88.7336,45.5547]]},"properties":{}},{"type":"Feature","geometry":{"type":"LineString","coordinates":[[-88.7336,45.5547],[-88.7335,45.5553]]},"properties":{}},{"type":"Feature","geometry":{"type":"LineString","coordinates":[[-88.7335,45.5553],[-88.7326,45.5558]]},"properties":{}},{"type":"Feature","geometry":{"type":"LineString","coordinates":[[-88.7326,45.5558],[-88.7328,45.557]]},"properties":{}},{"type":"Feature","geometry":{"type":"LineString","coordinates":[[-88.7328,45.557],[-88.7309,45.5581]]},"properties":{}},{"type":"Feature","geometry":{"type":"LineString","coordinates":[[-88.7641,45.5972],[-88.7651,45.5973]]},"properties":{}},{"type":"Feature","geometry":{"type":"LineString","coordinates":[[-88.7651,45.5973],[-88.767,45.5987]]},"properties":{}},{"type":"Feature","geometry":{"type":"LineString","coordinates":[[-88.7687,45.597],[-88.7686,45.5967]]},"properties":{}},{"type":"Feature","geometry":{"type":"LineString","coordinates":[[-88.7686,45.5967],[-88.7687,45.5976]]},"properties":{}},{"type":"Feature","geometry":{"type":"LineString","coordinates":[[-88.764,45.597],[-88.7641,45.5972]]},"properties":{}},{"type":"Feature","geometry":{"type":"LineString","coordinates":[[-88.7641,45.5972],[-88.7637,45.5972]]},"properties":{}},{"type":"Feature","geometry":{"type":"LineString","coordinates":[[-88.7637,45.5972],[-88.764,45.597]]},"properties":{}},{"type":"Feature","geometry":{"type":"LineString","coordinates":[[-88.764,45.5969],[-88.764,45.597]]},"properties":{}},{"type":"Feature","geometry":{"type":"LineString","coordinates":[[-88.7634,45.5967],[-88.7641,45.5969]]},"properties":{}},{"type":"Feature","geometry":{"type":"LineString","coordinates":[[-88.7641,45.5969],[-88.7641,45.5966]]},"properties":{}},{"type":"Feature","geometry":{"type":"LineString","coordinates":[[-88.7641,45.5966],[-88.7634,45.5967]]},"properties":{}},{"type":"Feature","geometry":{"type":"LineString","coordinates":[[-88.7634,45.5967],[-88.764,45.5969]]},"properties":{}},{"type":"Feature","geometry":{"type":"LineString","coordinates":[[-88.7772,45.5871],[-88.7786,45.588]]},"properties":{}},{"type":"Feature","geometry":{"type":"LineString","coordinates":[[-88.7786,45.588],[-88.7783,45.5882]]},"properties":{}},{"type":"Feature","geometry":{"type":"LineString","coordinates":[[-88.7783,45.5882],[-88.7772,45.5871]]},"properties":{}},{"type":"Feature","geometry":{"type":"LineString","coordinates":[[-88.7775,45.5866],[-88.7779,45.5862]]},"properties":{}},{"type":"Feature","geometry":{"type":"LineString","coordinates":[[-88.7779,45.5862],[-88.7775,45.5857]]},"properties":{}},{"type":"Feature","geometry":{"type":"LineString","coordinates":[[-88.7772,45.5846],[-88.7781,45.5844]]},"properties":{}},{"type":"Feature","geometry":{"type":"LineString","coordinates":[[-88.7781,45.5844],[-88.7782,45.584]]},"properties":{}},{"type":"Feature","geometry":{"type":"LineString","coordinates":[[-88.7782,45.584],[-88.7767,45.5841]]},"properties":{}},{"type":"Feature","geometry":{"type":"LineString","coordinates":[[-88.4714,45.0634],[-88.4703,45.0622]]},"properties":{}},{"type":"Feature","geometry":{"type":"LineString","coordinates":[[-88.4703,45.0622],[-88.4706,45.0613]]},"properties":{}},{"type":"Feature","geometry":{"type":"LineString","coordinates":[[-88.4706,45.0613],[-88.4718,45.0608]]},"properties":{}},{"type":"Feature","geometry":{"type":"LineString","coordinates":[[-88.4718,45.0608],[-88.4709,45.0595]]},"properties":{}},{"type":"Feature","geometry":{"type":"LineString","coordinates":[[-88.4709,45.0595],[-88.4722,45.058]]},"properties":{}},{"type":"Feature","geometry":{"type":"LineString","coordinates":[[-88.4722,45.058],[-88.4703,45.0572]]},"properties":{}},{"type":"Feature","geometry":{"type":"LineString","coordinates":[[-88.4703,45.0572],[-88.4711,45.0556]]},"properties":{}},{"type":"Feature","geometry":{"type":"LineString","coordinates":[[-88.4711,45.0556],[-88.4708,45.0551]]},"properties":{}},{"type":"Feature","geometry":{"type":"LineString","coordinates":[[-88.4708,45.0551],[-88.4721,45.0549]]},"properties":{}},{"type":"Feature","geometry":{"type":"LineString","coordinates":[[-88.4712,45.054],[-88.4702,45.0533]]},"properties":{}},{"type":"Feature","geometry":{"type":"LineString","coordinates":[[-88.4702,45.0533],[-88.4699,45.0518]]},"properties":{}},{"type":"Feature","geometry":{"type":"LineString","coordinates":[[-88.4699,45.0518],[-88.4691,45.0518]]},"properties":{}},{"type":"Feature","geometry":{"type":"LineString","coordinates":[[-88.4691,45.0518],[-88.4684,45.051]]},"properties":{}},{"type":"Feature","geometry":{"type":"LineString","coordinates":[[-88.3704,45.5795],[-88.3661,45.5835]]},"properties":{}},{"type":"Feature","geometry":{"type":"LineString","coordinates":[[-88.3629,45.5791],[-88.362,45.5803]]},"properties":{}},{"type":"Feature","geometry":{"type":"LineString","coordinates":[[-88.362,45.5803],[-88.3458,45.5835]]},"properties":{}},{"type":"Feature","geometry":{"type":"LineString","coordinates":[[-88.4326,45.633],[-88.4336,45.6323]]},"properties":{}},{"type":"Feature","geometry":{"type":"LineString","coordinates":[[-88.4336,45.6323],[-88.4331,45.6316]]},"properties":{}},{"type":"Feature","geometry":{"type":"LineString","coordinates":[[-88.4331,45.6316],[-88.4342,45.6314]]},"properties":{}},{"type":"Feature","geometry":{"type":"LineString","coordinates":[[-88.4342,45.6314],[-88.4349,45.6306]]},"properties":{}},{"type":"Feature","geometry":{"type":"LineString","coordinates":[[-88.4349,45.6306],[-88.435,45.629]]},"properties":{}},{"type":"Feature","geometry":{"type":"LineString","coordinates":[[-88.435,45.629],[-88.4342,45.6286]]},"properties":{}},{"type":"Feature","geometry":{"type":"LineString","coordinates":[[-88.4342,45.6286],[-88.432,45.6291]]},"properties":{}},{"type":"Feature","geometry":{"type":"LineString","coordinates":[[-88.432,45.6291],[-88.4301,45.6289]]},"properties":{}},{"type":"Feature","geometry":{"type":"LineString","coordinates":[[-88.4301,45.6289],[-88.4314,45.6272]]},"properties":{}},{"type":"Feature","geometry":{"type":"LineString","coordinates":[[-88.4314,45.6272],[-88.4341,45.6257]]},"properties":{}},{"type":"Feature","geometry":{"type":"LineString","coordinates":[[-88.4341,45.6257],[-88.4317,45.6232]]},"properties":{}},{"type":"Feature","geometry":{"type":"LineString","coordinates":[[-88.432,45.6222],[-88.434,45.6192]]},"properties":{}},{"type":"Feature","geometry":{"type":"LineString","coordinates":[[-88.434,45.6192],[-88.4365,45.6178]]},"properties":{}},{"type":"Feature","geometry":{"type":"LineString","coordinates":[[-88.4477,45.6076],[-88.4464,45.6048]]},"properties":{}},{"type":"Feature","geometry":{"type":"LineString","coordinates":[[-88.4464,45.6048],[-88.4477,45.6041]]},"properties":{}},{"type":"Feature","geometry":{"type":"LineString","coordinates":[[-88.4477,45.6041],[-88.45,45.6017]]},"properties":{}},{"type":"Feature","geometry":{"type":"LineString","coordinates":[[-88.4513,45.6014],[-88.4541,45.599]]},"properties":{}},{"type":"Feature","geometry":{"type":"LineString","coordinates":[[-88.4541,45.599],[-88.4539,45.5979]]},"properties":{}},{"type":"Feature","geometry":{"type":"LineString","coordinates":[[-88.4539,45.5979],[-88.456,45.5976]]},"properties":{}},{"type":"Feature","geometry":{"type":"LineString","coordinates":[[-88.456,45.5976],[-88.4572,45.5981]]},"properties":{}},{"type":"Feature","geometry":{"type":"LineString","coordinates":[[-88.4572,45.5981],[-88.4576,45.5974]]},"properties":{}},{"type":"Feature","geometry":{"type":"LineString","coordinates":[[-88.4576,45.5974],[-88.4629,45.5943]]},"properties":{}},{"type":"Feature","geometry":{"type":"LineString","coordinates":[[-88.4642,45.5945],[-88.4685,45.5927]]},"properties":{}},{"type":"Feature","geometry":{"type":"LineString","coordinates":[[-88.4685,45.5927],[-88.4691,45.5905]]},"properties":{}},{"type":"Feature","geometry":{"type":"LineString","coordinates":[[-88.4718,45.5877],[-88.4729,45.5865]]},"properties":{}},{"type":"Feature","geometry":{"type":"LineString","coordinates":[[-88.4729,45.5865],[-88.473,45.5852]]},"properties":{}},{"type":"Feature","geometry":{"type":"LineString","coordinates":[[-88.473,45.5852],[-88.4717,45.5827]]},"properties":{}},{"type":"Feature","geometry":{"type":"LineString","coordinates":[[-88.4827,45.7997],[-88.4807,45.8027]]},"properties":{}},{"type":"Feature","geometry":{"type":"LineString","coordinates":[[-88.4807,45.8027],[-88.4814,45.8027]]},"properties":{}},{"type":"Feature","geometry":{"type":"LineString","coordinates":[[-88.4814,45.8027],[-88.4818,45.8048]]},"properties":{}},{"type":"Feature","geometry":{"type":"LineString","coordinates":[[-88.4818,45.8048],[-88.4837,45.8054]]},"properties":{}},{"type":"Feature","geometry":{"type":"LineString","coordinates":[[-88.4837,45.8054],[-88.4839,45.806]]},"properties":{}},{"type":"Feature","geometry":{"type":"LineString","coordinates":[[-88.4839,45.806],[-88.4858,45.8072]]},"properties":{}},{"type":"Feature","geometry":{"type":"LineString","coordinates":[[-88.4858,45.8072],[-88.4865,45.8094]]},"properties":{}},{"type":"Feature","geometry":{"type":"LineString","coordinates":[[-88.4865,45.8094],[-88.4816,45.8102]]},"properties":{}},{"type":"Feature","geometry":{"type":"LineString","coordinates":[[-88.4816,45.8102],[-88.4777,45.8102]]},"properties":{}},{"type":"Feature","geometry":{"type":"LineString","coordinates":[[-88.4777,45.8102],[-88.4738,45.8117]]},"properties":{}},{"type":"Feature","geometry":{"type":"LineString","coordinates":[[-88.4738,45.8117],[-88.4709,45.8142]]},"properties":{}},{"type":"Feature","geometry":{"type":"LineString","coordinates":[[-88.4709,45.8142],[-88.4685,45.815]]},"properties":{}},{"type":"Feature","geometry":{"type":"LineString","coordinates":[[-88.4685,45.815],[-88.4663,45.8148]]},"properties":{}},{"type":"Feature","geometry":{"type":"LineString","coordinates":[[-88.4663,45.8148],[-88.4648,45.8159]]},"properties":{}},{"type":"Feature","geometry":{"type":"LineString","coordinates":[[-88.4648,45.8159],[-88.4608,45.8156]]},"properties":{}},{"type":"Feature","geometry":{"type":"LineString","coordinates":[[-88.4608,45.8156],[-88.4577,45.8163]]},"properties":{}},{"type":"Feature","geometry":{"type":"LineString","coordinates":[[-88.4577,45.8163],[-88.4571,45.8146]]},"properties":{}},{"type":"Feature","geometry":{"type":"LineString","coordinates":[[-88.4571,45.8146],[-88.456,45.8139]]},"properties":{}},{"type":"Feature","geometry":{"type":"LineString","coordinates":[[-88.456,45.8139],[-88.4562,45.8123]]},"properties":{}},{"type":"Feature","geometry":{"type":"LineString","coordinates":[[-88.4562,45.8123],[-88.4555,45.8116]]},"properties":{}},{"type":"Feature","geometry":{"type":"LineString","coordinates":[[-88.4555,45.8116],[-88.4494,45.809]]},"properties":{}},{"type":"Feature","geometry":{"type":"LineString","coordinates":[[-88.4494,45.809],[-88.4476,45.8092]]},"properties":{}},{"type":"Feature","geometry":{"type":"LineString","coordinates":[[-88.4476,45.8092],[-88.4434,45.8064]]},"properties":{}},{"type":"Feature","geometry":{"type":"LineString","coordinates":[[-88.4434,45.8064],[-88.4402,45.8055]]},"properties":{}},{"type":"Feature","geometry":{"type":"LineString","coordinates":[[-88.4402,45.8055],[-88.438,45.8031]]},"properties":{}},{"type":"Feature","geometry":{"type":"LineString","coordinates":[[-88.438,45.8031],[-88.4361,45.7983]]},"properties":{}},{"type":"Feature","geometry":{"type":"LineString","coordinates":[[-88.4361,45.7983],[-88.4295,45.7972]]},"properties":{}},{"type":"Feature","geometry":{"type":"LineString","coordinates":[[-88.0118,43.7048],[-88.0046,43.7039]]},"properties":{}},{"type":"Feature","geometry":{"type":"LineString","coordinates":[[-88.0046,43.7039],[-88.0017,43.7035]]},"properties":{}},{"type":"Feature","geometry":{"type":"LineString","coordinates":[[-87.9925,43.7107],[-87.9905,43.7101]]},"properties":{}},{"type":"Feature","geometry":{"type":"LineString","coordinates":[[-92.1855,44.6176],[-92.1871,44.6173]]},"properties":{}},{"type":"Feature","geometry":{"type":"LineString","coordinates":[[-92.1868,44.6161],[-92.1853,44.6159]]},"properties":{}},{"type":"Feature","geometry":{"type":"LineString","coordinates":[[-92.1853,44.6159],[-92.1855,44.6142]]},"properties":{}},{"type":"Feature","geometry":{"type":"LineString","coordinates":[[-92.1855,44.6142],[-92.1836,44.613]]},"properties":{}},{"type":"Feature","geometry":{"type":"LineString","coordinates":[[-92.1836,44.613],[-92.1853,44.6116]]},"properties":{}},{"type":"Feature","geometry":{"type":"LineString","coordinates":[[-92.1853,44.6116],[-92.1854,44.6109]]},"properties":{}},{"type":"Feature","geometry":{"type":"LineString","coordinates":[[-92.1854,44.6109],[-92.1846,44.61]]},"properties":{}},{"type":"Feature","geometry":{"type":"LineString","coordinates":[[-92.1846,44.61],[-92.1853,44.6085]]},"properties":{}},{"type":"Feature","geometry":{"type":"LineString","coordinates":[[-92.1853,44.6085],[-92.1852,44.6058]]},"properties":{}},{"type":"Feature","geometry":{"type":"LineString","coordinates":[[-92.1852,44.6058],[-92.1798,44.6046]]},"properties":{}},{"type":"Feature","geometry":{"type":"LineString","coordinates":[[-92.1793,44.5994],[-92.1762,44.599]]},"properties":{}},{"type":"Feature","geometry":{"type":"LineString","coordinates":[[-92.1762,44.599],[-92.1761,44.5985]]},"properties":{}},{"type":"Feature","geometry":{"type":"LineString","coordinates":[[-92.1761,44.5985],[-92.171,44.5994]]},"properties":{}},{"type":"Feature","geometry":{"type":"LineString","coordinates":[[-92.171,44.5994],[-92.1704,44.5988]]},"properties":{}},{"type":"Feature","geometry":{"type":"LineString","coordinates":[[-92.1704,44.5988],[-92.1713,44.5979]]},"properties":{}},{"type":"Feature","geometry":{"type":"LineString","coordinates":[[-92.1713,44.5979],[-92.1694,44.598]]},"properties":{}},{"type":"Feature","geometry":{"type":"LineString","coordinates":[[-92.1655,44.5949],[-92.1661,44.5937]]},"properties":{}},{"type":"Feature","geometry":{"type":"LineString","coordinates":[[-92.1654,44.5934],[-92.1647,44.5915]]},"properties":{}},{"type":"Feature","geometry":{"type":"LineString","coordinates":[[-92.1647,44.5915],[-92.165,44.5908]]},"properties":{}},{"type":"Feature","geometry":{"type":"LineString","coordinates":[[-92.165,44.5908],[-92.1666,44.5899]]},"properties":{}},{"type":"Feature","geometry":{"type":"LineString","coordinates":[[-92.1666,44.5899],[-92.167,44.5893]]},"properties":{}},{"type":"Feature","geometry":{"type":"LineString","coordinates":[[-92.167,44.5893],[-92.1667,44.5885]]},"properties":{}},{"type":"Feature","geometry":{"type":"LineString","coordinates":[[-92.1667,44.5885],[-92.1653,44.5871]]},"properties":{}},{"type":"Feature","geometry":{"type":"LineString","coordinates":[[-92.1632,44.5867],[-92.1613,44.5845]]},"properties":{}},{"type":"Feature","geometry":{"type":"LineString","coordinates":[[-92.1613,44.5845],[-92.1599,44.5842]]},"properties":{}},{"type":"Feature","geometry":{"type":"LineString","coordinates":[[-92.1599,44.5842],[-92.1575,44.5826]]},"properties":{}},{"type":"Feature","geometry":{"type":"LineString","coordinates":[[-92.1575,44.5826],[-92.1585,44.5812]]},"properties":{}},{"type":"Feature","geometry":{"type":"LineString","coordinates":[[-92.1585,44.5812],[-92.1576,44.5804]]},"properties":{}},{"type":"Feature","geometry":{"type":"LineString","coordinates":[[-92.1576,44.5804],[-92.157,44.5802]]},"properties":{}},{"type":"Feature","geometry":{"type":"LineString","coordinates":[[-92.157,44.5802],[-92.1557,44.5811]]},"properties":{}},{"type":"Feature","geometry":{"type":"LineString","coordinates":[[-92.1476,44.5789],[-92.1445,44.5782]]},"properties":{}},{"type":"Feature","geometry":{"type":"LineString","coordinates":[[-92.1418,44.5754],[-92.1416,44.5749]]},"properties":{}},{"type":"Feature","geometry":{"type":"LineString","coordinates":[[-92.1416,44.5749],[-92.1395,44.574]]},"properties":{}},{"type":"Feature","geometry":{"type":"LineString","coordinates":[[-92.0714,44.815],[-92.0677,44.8129]]},"properties":{}},{"type":"Feature","geometry":{"type":"LineString","coordinates":[[-92.0677,44.8129],[-92.0664,44.8127]]},"properties":{}},{"type":"Feature","geometry":{"type":"LineString","coordinates":[[-92.1683,45.0451],[-92.167,45.0473]]},"properties":{}},{"type":"Feature","geometry":{"type":"LineString","coordinates":[[-92.4894,44.9077],[-92.4931,44.9121]]},"properties":{}},{"type":"Feature","geometry":{"type":"LineString","coordinates":[[-92.4931,44.9121],[-92.4946,44.9128]]},"properties":{}},{"type":"Feature","geometry":{"type":"LineString","coordinates":[[-92.497,44.9115],[-92.4988,44.9119]]},"properties":{}},{"type":"Feature","geometry":{"type":"LineString","coordinates":[[-92.4988,44.9119],[-92.4993,44.9124]]},"properties":{}},{"type":"Feature","geometry":{"type":"LineString","coordinates":[[-92.4993,44.9124],[-92.4998,44.9151]]},"properties":{}},{"type":"Feature","geometry":{"type":"LineString","coordinates":[[-92.4998,44.9151],[-92.5035,44.9161]]},"properties":{}},{"type":"Feature","geometry":{"type":"LineString","coordinates":[[-92.5035,44.9161],[-92.5045,44.9158]]},"properties":{}},{"type":"Feature","geometry":{"type":"LineString","coordinates":[[-92.5045,44.9158],[-92.505,44.9163]]},"properties":{}},{"type":"Feature","geometry":{"type":"LineString","coordinates":[[-92.505,44.9163],[-92.5046,44.9185]]},"properties":{}},{"type":"Feature","geometry":{"type":"LineString","coordinates":[[-92.5046,44.9185],[-92.5052,44.9198]]},"properties":{}},{"type":"Feature","geometry":{"type":"LineString","coordinates":[[-92.5052,44.9198],[-92.5065,44.9207]]},"properties":{}},{"type":"Feature","geometry":{"type":"LineString","coordinates":[[-92.5065,44.9207],[-92.5086,44.921]]},"properties":{}},{"type":"Feature","geometry":{"type":"LineString","coordinates":[[-92.5154,44.919],[-92.517,44.917]]},"properties":{}},{"type":"Feature","geometry":{"type":"LineString","coordinates":[[-92.517,44.917],[-92.5171,44.916]]},"properties":{}},{"type":"Feature","geometry":{"type":"LineString","coordinates":[[-92.5171,44.916],[-92.5198,44.9155]]},"properties":{}},{"type":"Feature","geometry":{"type":"LineString","coordinates":[[-92.5198,44.9155],[-92.52,44.9161]]},"properties":{}},{"type":"Feature","geometry":{"type":"LineString","coordinates":[[-92.52,44.9161],[-92.519,44.9163]]},"properties":{}},{"type":"Feature","geometry":{"type":"LineString","coordinates":[[-92.519,44.9163],[-92.5197,44.9174]]},"properties":{}},{"type":"Feature","geometry":{"type":"LineString","coordinates":[[-92.5197,44.9174],[-92.5202,44.9169]]},"properties":{}},{"type":"Feature","geometry":{"type":"LineString","coordinates":[[-92.5207,44.9172],[-92.5202,44.9184]]},"properties":{}},{"type":"Feature","geometry":{"type":"LineString","coordinates":[[-92.5215,44.9198],[-92.5229,44.9201]]},"properties":{}},{"type":"Feature","geometry":{"type":"LineString","coordinates":[[-92.5229,44.9201],[-92.5231,44.9209]]},"properties":{}},{"type":"Feature","geometry":{"type":"LineString","coordinates":[[-92.5231,44.9209],[-92.5239,44.9207]]},"properties":{}},{"type":"Feature","geometry":{"type":"LineString","coordinates":[[-92.5239,44.9207],[-92.5246,44.9215]]},"properties":{}},{"type":"Feature","geometry":{"type":"LineString","coordinates":[[-92.5246,44.9215],[-92.5262,44.9204]]},"properties":{}},{"type":"Feature","geometry":{"type":"LineString","coordinates":[[-92.5262,44.9204],[-92.5265,44.9209]]},"properties":{}},{"type":"Feature","geometry":{"type":"LineString","coordinates":[[-92.5265,44.9209],[-92.5275,44.9201]]},"properties":{}},{"type":"Feature","geometry":{"type":"LineString","coordinates":[[-92.5275,44.9201],[-92.5294,44.9198]]},"properties":{}},{"type":"Feature","geometry":{"type":"LineString","coordinates":[[-92.0803,45.4424],[-92.0807,45.442]]},"properties":{}},{"type":"Feature","geometry":{"type":"LineString","coordinates":[[-92.0807,45.442],[-92.0809,45.4398]]},"properties":{}},{"type":"Feature","geometry":{"type":"LineString","coordinates":[[-92.0809,45.4398],[-92.082,45.439]]},"properties":{}},{"type":"Feature","geometry":{"type":"LineString","coordinates":[[-92.0767,45.4348],[-92.0759,45.4337]]},"properties":{}},{"type":"Feature","geometry":{"type":"LineString","coordinates":[[-92.0759,45.4337],[-92.0739,45.4325]]},"properties":{}},{"type":"Feature","geometry":{"type":"LineString","coordinates":[[-92.0739,45.4325],[-92.0722,45.4306]]},"properties":{}},{"type":"Feature","geometry":{"type":"LineString","coordinates":[[-92.0722,45.4306],[-92.072,45.4292]]},"properties":{}},{"type":"Feature","geometry":{"type":"LineString","coordinates":[[-92.072,45.4292],[-92.0709,45.4286]]},"properties":{}},{"type":"Feature","geometry":{"type":"LineString","coordinates":[[-92.0709,45.4286],[-92.0669,45.4283]]},"properties":{}},{"type":"Feature","geometry":{"type":"LineString","coordinates":[[-92.0669,45.4283],[-92.0661,45.4261]]},"properties":{}},{"type":"Feature","geometry":{"type":"LineString","coordinates":[[-92.0642,45.4255],[-92.064,45.4243]]},"properties":{}},{"type":"Feature","geometry":{"type":"LineString","coordinates":[[-92.064,45.4243],[-92.0626,45.4241]]},"properties":{}},{"type":"Feature","geometry":{"type":"LineString","coordinates":[[-92.0626,45.4241],[-92.0623,45.4237]]},"properties":{}},{"type":"Feature","geometry":{"type":"LineString","coordinates":[[-91.6855,44.9384],[-91.6813,44.9368]]},"properties":{}},{"type":"Feature","geometry":{"type":"LineString","coordinates":[[-91.6813,44.9368],[-91.6736,44.9388]]},"properties":{}},{"type":"Feature","geometry":{"type":"LineString","coordinates":[[-91.6736,44.9388],[-91.6683,44.9388]]},"properties":{}},{"type":"Feature","geometry":{"type":"LineString","coordinates":[[-91.6683,44.9388],[-91.6627,44.9408]]},"properties":{}},{"type":"Feature","geometry":{"type":"LineString","coordinates":[[-91.6627,44.9408],[-91.6614,44.9407]]},"properties":{}},{"type":"Feature","geometry":{"type":"LineString","coordinates":[[-91.6602,44.9409],[-91.654,44.9409]]},"properties":{}},{"type":"Feature","geometry":{"type":"LineString","coordinates":[[-91.6302,44.9294],[-91.6293,44.9283]]},"properties":{}},{"type":"Feature","geometry":{"type":"LineString","coordinates":[[-91.6293,44.9283],[-91.6294,44.9278]]},"properties":{}},{"type":"Feature","geometry":{"type":"LineString","coordinates":[[-91.6294,44.9278],[-91.6289,44.9275]]},"properties":{}},{"type":"Feature","geometry":{"type":"LineString","coordinates":[[-91.6289,44.9275],[-91.6292,44.9273]]},"properties":{}},{"type":"Feature","geometry":{"type":"LineString","coordinates":[[-91.6292,44.9273],[-91.6283,44.927]]},"properties":{}},{"type":"Feature","geometry":{"type":"LineString","coordinates":[[-91.6283,44.927],[-91.6283,44.9266]]},"properties":{}},{"type":"Feature","geometry":{"type":"LineString","coordinates":[[-91.6283,44.9266],[-91.6274,44.926]]},"properties":{}},{"type":"Feature","geometry":{"type":"LineString","coordinates":[[-91.67,45.1735],[-91.6717,45.1735]]},"properties":{}},{"type":"Feature","geometry":{"type":"LineString","coordinates":[[-91.6717,45.1735],[-91.6721,45.173]]},"properties":{}},{"type":"Feature","geometry":{"type":"LineString","coordinates":[[-91.6721,45.173],[-91.674,45.1733]]},"properties":{}},{"type":"Feature","geometry":{"type":"LineString","coordinates":[[-91.6757,45.1726],[-91.6773,45.1727]]},"properties":{}},{"type":"Feature","geometry":{"type":"LineString","coordinates":[[-91.6773,45.1727],[-91.6789,45.1712]]},"properties":{}},{"type":"Feature","geometry":{"type":"LineString","coordinates":[[-91.6789,45.1712],[-91.6803,45.1714]]},"properties":{}},{"type":"Feature","geometry":{"type":"LineString","coordinates":[[-91.6803,45.1714],[-91.6803,45.1706]]},"properties":{}},{"type":"Feature","geometry":{"type":"LineString","coordinates":[[-91.6803,45.1706],[-91.681,45.1706]]},"properties":{}},{"type":"Feature","geometry":{"type":"LineString","coordinates":[[-91.4699,45.0488],[-91.4707,45.0486]]},"properties":{}},{"type":"Feature","geometry":{"type":"LineString","coordinates":[[-91.4707,45.0486],[-91.4703,45.0475]]},"properties":{}},{"type":"Feature","geometry":{"type":"LineString","coordinates":[[-91.4724,45.0462],[-91.4729,45.046]]},"properties":{}},{"type":"Feature","geometry":{"type":"LineString","coordinates":[[-91.3511,46.2363],[-91.3508,46.2351]]},"properties":{}},{"type":"Feature","geometry":{"type":"LineString","coordinates":[[-91.3508,46.2351],[-91.3549,46.2354]]},"properties":{}},{"type":"Feature","geometry":{"type":"LineString","coordinates":[[-91.3549,46.2354],[-91.3548,46.235]]},"properties":{}},{"type":"Feature","geometry":{"type":"LineString","coordinates":[[-91.3548,46.235],[-91.3551,46.2351]]},"properties":{}},{"type":"Feature","geometry":{"type":"LineString","coordinates":[[-91.3549,46.2354],[-91.3551,46.2351]]},"properties":{}},{"type":"Feature","geometry":{"type":"LineString","coordinates":[[-91.3551,46.2351],[-91.3566,46.2337]]},"properties":{}},{"type":"Feature","geometry":{"type":"LineString","coordinates":[[-91.3719,46.2407],[-91.3677,46.2376]]},"properties":{}},{"type":"Feature","geometry":{"type":"LineString","coordinates":[[-91.3677,46.2376],[-91.3676,46.237]]},"properties":{}},{"type":"Feature","geometry":{"type":"LineString","coordinates":[[-91.3676,46.237],[-91.3656,46.2359]]},"properties":{}},{"type":"Feature","geometry":{"type":"LineString","coordinates":[[-91.3656,46.2359],[-91.364,46.2355]]},"properties":{}},{"type":"Feature","geometry":{"type":"LineString","coordinates":[[-91.364,46.2355],[-91.3634,46.2359]]},"properties":{}},{"type":"Feature","geometry":{"type":"LineString","coordinates":[[-91.3634,46.2359],[-91.3624,46.2354]]},"properties":{}},{"type":"Feature","geometry":{"type":"LineString","coordinates":[[-91.3624,46.2354],[-91.3625,46.2348]]},"properties":{}},{"type":"Feature","geometry":{"type":"LineString","coordinates":[[-91.3608,46.2342],[-91.358,46.2345]]},"properties":{}},{"type":"Feature","geometry":{"type":"LineString","coordinates":[[-91.358,46.2345],[-91.3564,46.2335]]},"properties":{}},{"type":"Feature","geometry":{"type":"LineString","coordinates":[[-91.3564,46.2335],[-91.3523,46.2328]]},"properties":{}},{"type":"Feature","geometry":{"type":"LineString","coordinates":[[-91.3523,46.2328],[-91.3508,46.2322]]},"properties":{}},{"type":"Feature","geometry":{"type":"LineString","coordinates":[[-91.3508,46.2322],[-91.3502,46.2314]]},"properties":{}},{"type":"Feature","geometry":{"type":"LineString","coordinates":[[-91.3502,46.2314],[-91.3503,46.2305]]},"properties":{}},{"type":"Feature","geometry":{"type":"LineString","coordinates":[[-91.3503,46.2305],[-91.3496,46.2298]]},"properties":{}},{"type":"Feature","geometry":{"type":"LineString","coordinates":[[-91.3496,46.2298],[-91.3498,46.2296]]},"properties":{}},{"type":"Feature","geometry":{"type":"LineString","coordinates":[[-91.3498,46.2296],[-91.3491,46.2291]]},"properties":{}},{"type":"Feature","geometry":{"type":"LineString","coordinates":[[-91.3491,46.2291],[-91.3499,46.2283]]},"properties":{}},{"type":"Feature","geometry":{"type":"LineString","coordinates":[[-91.3499,46.2283],[-91.3495,46.2271]]},"properties":{}},{"type":"Feature","geometry":{"type":"LineString","coordinates":[[-91.3484,46.2268],[-91.3476,46.2257]]},"properties":{}},{"type":"Feature","geometry":{"type":"LineString","coordinates":[[-91.3476,46.2257],[-91.3452,46.2248]]},"properties":{}},{"type":"Feature","geometry":{"type":"LineString","coordinates":[[-91.3428,46.2222],[-91.3425,46.2212]]},"properties":{}},{"type":"Feature","geometry":{"type":"LineString","coordinates":[[-91.3358,46.2159],[-91.3278,46.2083]]},"properties":{}},{"type":"Feature","geometry":{"type":"LineString","coordinates":[[-91.3278,46.2083],[-91.3279,46.2072]]},"properties":{}},{"type":"Feature","geometry":{"type":"LineString","coordinates":[[-91.3225,46.1906],[-91.3258,46.1908]]},"properties":{}},{"type":"Feature","geometry":{"type":"LineString","coordinates":[[-91.3258,46.1908],[-91.3276,46.189]]},"properties":{}},{"type":"Feature","geometry":{"type":"LineString","coordinates":[[-91.3276,46.189],[-91.3267,46.1882]]},"properties":{}},{"type":"Feature","geometry":{"type":"LineString","coordinates":[[-91.3267,46.1882],[-91.3288,46.1865]]},"properties":{}},{"type":"Feature","geometry":{"type":"LineString","coordinates":[[-91.3288,46.1865],[-91.3276,46.1851]]},"properties":{}},{"type":"Feature","geometry":{"type":"LineString","coordinates":[[-91.2777,46.4623],[-91.2754,46.4623]]},"properties":{}},{"type":"Feature","geometry":{"type":"LineString","coordinates":[[-91.2754,46.4623],[-91.2742,46.4634]]},"properties":{}},{"type":"Feature","geometry":{"type":"LineString","coordinates":[[-91.2742,46.4634],[-91.271,46.464]]},"properties":{}},{"type":"Feature","geometry":{"type":"LineString","coordinates":[[-91.0757,43.5012],[-91.0766,43.5035]]},"properties":{}},{"type":"Feature","geometry":{"type":"LineString","coordinates":[[-91.0766,43.5035],[-91.0759,43.5044]]},"properties":{}},{"type":"Feature","geometry":{"type":"LineString","coordinates":[[-91.0759,43.5044],[-91.0765,43.5057]]},"properties":{}},{"type":"Feature","geometry":{"type":"LineString","coordinates":[[-91.0765,43.5057],[-91.0766,43.507]]},"properties":{}},{"type":"Feature","geometry":{"type":"LineString","coordinates":[[-91.0766,43.507],[-91.0761,43.5082]]},"properties":{}},{"type":"Feature","geometry":{"type":"LineString","coordinates":[[-91.0761,43.5082],[-91.0768,43.5098]]},"properties":{}},{"type":"Feature","geometry":{"type":"LineString","coordinates":[[-91.0751,43.5132],[-91.0754,43.5137]]},"properties":{}},{"type":"Feature","geometry":{"type":"LineString","coordinates":[[-91.1739,44.5289],[-91.1741,44.5306]]},"properties":{}},{"type":"Feature","geometry":{"type":"LineString","coordinates":[[-91.1741,44.5306],[-91.1737,44.5312]]},"properties":{}},{"type":"Feature","geometry":{"type":"LineString","coordinates":[[-91.1737,44.5312],[-91.1742,44.5317]]},"properties":{}},{"type":"Feature","geometry":{"type":"LineString","coordinates":[[-91.1742,44.5317],[-91.1739,44.535]]},"properties":{}},{"type":"Feature","geometry":{"type":"LineString","coordinates":[[-91.1739,44.535],[-91.1724,44.5364]]},"properties":{}},{"type":"Feature","geometry":{"type":"LineString","coordinates":[[-91.1724,44.5364],[-91.1717,44.5386]]},"properties":{}},{"type":"Feature","geometry":{"type":"LineString","coordinates":[[-91.1717,44.5386],[-91.1707,44.5394]]},"properties":{}},{"type":"Feature","geometry":{"type":"LineString","coordinates":[[-91.1707,44.5394],[-91.1698,44.5417]]},"properties":{}},{"type":"Feature","geometry":{"type":"LineString","coordinates":[[-91.1218,44.528],[-91.1245,44.5294]]},"properties":{}},{"type":"Feature","geometry":{"type":"LineString","coordinates":[[-91.1245,44.5294],[-91.128,44.5344]]},"properties":{}},{"type":"Feature","geometry":{"type":"LineString","coordinates":[[-91.1155,43.9461],[-91.1172,43.9455]]},"properties":{}},{"type":"Feature","geometry":{"type":"LineString","coordinates":[[-91.1011,43.922],[-91.0981,43.9212]]},"properties":{}},{"type":"Feature","geometry":{"type":"LineString","coordinates":[[-91.0981,43.9212],[-91.0972,43.9207]]},"properties":{}},{"type":"Feature","geometry":{"type":"LineString","coordinates":[[-91.0972,43.9207],[-91.0956,43.9182]]},"properties":{}},{"type":"Feature","geometry":{"type":"LineString","coordinates":[[-91.0956,43.9182],[-91.0937,43.918]]},"properties":{}},{"type":"Feature","geometry":{"type":"LineString","coordinates":[[-91.0937,43.918],[-91.0942,43.9173]]},"properties":{}},{"type":"Feature","geometry":{"type":"LineString","coordinates":[[-91.0942,43.9173],[-91.0933,43.9172]]},"properties":{}},{"type":"Feature","geometry":{"type":"LineString","coordinates":[[-91.0933,43.9172],[-91.0932,43.9166]]},"properties":{}},{"type":"Feature","geometry":{"type":"LineString","coordinates":[[-91.0932,43.9166],[-91.0958,43.9162]]},"properties":{}},{"type":"Feature","geometry":{"type":"LineString","coordinates":[[-91.0958,43.9162],[-91.0961,43.9155]]},"properties":{}},{"type":"Feature","geometry":{"type":"LineString","coordinates":[[-91.0961,43.9155],[-91.0955,43.9149]]},"properties":{}},{"type":"Feature","geometry":{"type":"LineString","coordinates":[[-91.0955,43.9149],[-91.097,43.9144]]},"properties":{}},{"type":"Feature","geometry":{"type":"LineString","coordinates":[[-91.0942,43.9137],[-91.093,43.9143]]},"properties":{}},{"type":"Feature","geometry":{"type":"LineString","coordinates":[[-91.092,43.9131],[-91.0913,43.9133]]},"properties":{}},{"type":"Feature","geometry":{"type":"LineString","coordinates":[[-91.0913,43.9133],[-91.0913,43.9127]]},"properties":{}},{"type":"Feature","geometry":{"type":"LineString","coordinates":[[-91.1557,45.821],[-91.1591,45.8185]]},"properties":{}},{"type":"Feature","geometry":{"type":"LineString","coordinates":[[-91.1591,45.8185],[-91.162,45.8174]]},"properties":{}},{"type":"Feature","geometry":{"type":"LineString","coordinates":[[-91.162,45.8174],[-91.1613,45.8166]]},"properties":{}},{"type":"Feature","geometry":{"type":"LineString","coordinates":[[-91.1613,45.8166],[-91.1623,45.8143]]},"properties":{}},{"type":"Feature","geometry":{"type":"LineString","coordinates":[[-91.1623,45.8143],[-91.1635,45.8134]]},"properties":{}},{"type":"Feature","geometry":{"type":"LineString","coordinates":[[-91.0508,44.5717],[-91.0565,44.5738]]},"properties":{}},{"type":"Feature","geometry":{"type":"LineString","coordinates":[[-91.0565,44.5738],[-91.059,44.5752]]},"properties":{}},{"type":"Feature","geometry":{"type":"LineString","coordinates":[[-91.059,44.5752],[-91.0618,44.5754]]},"properties":{}},{"type":"Feature","geometry":{"type":"LineString","coordinates":[[-91.0618,44.5754],[-91.0632,44.5764]]},"properties":{}},{"type":"Feature","geometry":{"type":"LineString","coordinates":[[-90.9795,46.7033],[-90.9775,46.703]]},"properties":{}},{"type":"Feature","geometry":{"type":"LineString","coordinates":[[-90.9775,46.703],[-90.9767,46.7035]]},"properties":{}},{"type":"Feature","geometry":{"type":"LineString","coordinates":[[-90.9672,43.9687],[-90.9658,43.9677]]},"properties":{}},{"type":"Feature","geometry":{"type":"LineString","coordinates":[[-90.7235,42.8862],[-90.7247,42.8867]]},"properties":{}},{"type":"Feature","geometry":{"type":"LineString","coordinates":[[-90.7247,42.8867],[-90.7259,42.8856]]},"properties":{}},{"type":"Feature","geometry":{"type":"LineString","coordinates":[[-90.7484,43.2183],[-90.7476,43.2165]]},"properties":{}},{"type":"Feature","geometry":{"type":"LineString","coordinates":[[-90.7476,43.2165],[-90.743,43.2156]]},"properties":{}},{"type":"Feature","geometry":{"type":"LineString","coordinates":[[-90.7408,43.2026],[-90.7401,43.2021]]},"properties":{}},{"type":"Feature","geometry":{"type":"LineString","coordinates":[[-90.7401,43.2021],[-90.7409,43.2016]]},"properties":{}},{"type":"Feature","geometry":{"type":"LineString","coordinates":[[-90.7409,43.2016],[-90.7407,43.2007]]},"properties":{}},{"type":"Feature","geometry":{"type":"LineString","coordinates":[[-90.7407,43.2007],[-90.7422,43.2]]},"properties":{}},{"type":"Feature","geometry":{"type":"LineString","coordinates":[[-90.7422,43.2],[-90.7437,43.1944]]},"properties":{}},{"type":"Feature","geometry":{"type":"LineString","coordinates":[[-90.8299,43.4784],[-90.8283,43.4744]]},"properties":{}},{"type":"Feature","geometry":{"type":"LineString","coordinates":[[-90.8283,43.4744],[-90.8279,43.4722]]},"properties":{}},{"type":"Feature","geometry":{"type":"LineString","coordinates":[[-90.8279,43.4722],[-90.8234,43.4681]]},"properties":{}},{"type":"Feature","geometry":{"type":"LineString","coordinates":[[-90.8029,43.456],[-90.8015,43.4561]]},"properties":{}},{"type":"Feature","geometry":{"type":"LineString","coordinates":[[-90.8015,43.4561],[-90.8007,43.4552]]},"properties":{}},{"type":"Feature","geometry":{"type":"LineString","coordinates":[[-90.8007,43.4552],[-90.7996,43.4553]]},"properties":{}},{"type":"Feature","geometry":{"type":"LineString","coordinates":[[-90.7977,43.4545],[-90.797,43.4532]]},"properties":{}},{"type":"Feature","geometry":{"type":"LineString","coordinates":[[-90.797,43.4532],[-90.7955,43.4522]]},"properties":{}},{"type":"Feature","geometry":{"type":"LineString","coordinates":[[-90.7955,43.4522],[-90.7945,43.4524]]},"properties":{}},{"type":"Feature","geometry":{"type":"LineString","coordinates":[[-90.7945,43.4524],[-90.7941,43.4512]]},"properties":{}},{"type":"Feature","geometry":{"type":"LineString","coordinates":[[-90.7941,43.4512],[-90.7909,43.4512]]},"properties":{}},{"type":"Feature","geometry":{"type":"LineString","coordinates":[[-90.7909,43.4512],[-90.7889,43.4519]]},"properties":{}},{"type":"Feature","geometry":{"type":"LineString","coordinates":[[-90.7889,43.4519],[-90.7873,43.4517]]},"properties":{}},{"type":"Feature","geometry":{"type":"LineString","coordinates":[[-90.7873,43.4517],[-90.7868,43.4507]]},"properties":{}},{"type":"Feature","geometry":{"type":"LineString","coordinates":[[-90.7868,43.4507],[-90.7841,43.4496]]},"properties":{}},{"type":"Feature","geometry":{"type":"LineString","coordinates":[[-90.7841,43.4496],[-90.7838,43.4491]]},"properties":{}},{"type":"Feature","geometry":{"type":"LineString","coordinates":[[-90.7838,43.4491],[-90.782,43.4489]]},"properties":{}},{"type":"Feature","geometry":{"type":"LineString","coordinates":[[-90.782,43.4489],[-90.7812,43.448]]},"properties":{}},{"type":"Feature","geometry":{"type":"LineString","coordinates":[[-90.7718,43.7964],[-90.7722,43.7988]]},"properties":{}},{"type":"Feature","geometry":{"type":"LineString","coordinates":[[-90.7722,43.7988],[-90.7718,43.7996]]},"properties":{}},{"type":"Feature","geometry":{"type":"LineString","coordinates":[[-90.7718,43.7996],[-90.7724,43.7996]]},"properties":{}},{"type":"Feature","geometry":{"type":"LineString","coordinates":[[-90.7724,43.7996],[-90.7729,43.8007]]},"properties":{}},{"type":"Feature","geometry":{"type":"LineString","coordinates":[[-90.726,43.8351],[-90.73,43.836]]},"properties":{}},{"type":"Feature","geometry":{"type":"LineString","coordinates":[[-90.5587,43.394],[-90.5576,43.3932]]},"properties":{}},{"type":"Feature","geometry":{"type":"LineString","coordinates":[[-90.5576,43.3932],[-90.5534,43.3917]]},"properties":{}},{"type":"Feature","geometry":{"type":"LineString","coordinates":[[-90.5576,43.3932],[-90.5577,43.3928]]},"properties":{}},{"type":"Feature","geometry":{"type":"LineString","coordinates":[[-90.6747,43.449],[-90.6706,43.4511]]},"properties":{}},{"type":"Feature","geometry":{"type":"LineString","coordinates":[[-90.6694,43.4531],[-90.6698,43.4558]]},"properties":{}},{"type":"Feature","geometry":{"type":"LineString","coordinates":[[-90.6698,43.4558],[-90.669,43.4567]]},"properties":{}},{"type":"Feature","geometry":{"type":"LineString","coordinates":[[-90.64,42.7938],[-90.6386,42.7935]]},"properties":{}},{"type":"Feature","geometry":{"type":"LineString","coordinates":[[-90.6386,42.7935],[-90.6382,42.7939]]},"properties":{}},{"type":"Feature","geometry":{"type":"LineString","coordinates":[[-90.6382,42.7939],[-90.638,42.793]]},"properties":{}},{"type":"Feature","geometry":{"type":"LineString","coordinates":[[-90.638,42.793],[-90.6346,42.791]]},"properties":{}},{"type":"Feature","geometry":{"type":"LineString","coordinates":[[-90.6346,42.791],[-90.6338,42.7893]]},"properties":{}},{"type":"Feature","geometry":{"type":"LineString","coordinates":[[-90.6338,42.7893],[-90.6319,42.7884]]},"properties":{}},{"type":"Feature","geometry":{"type":"LineString","coordinates":[[-90.6319,42.7884],[-90.6293,42.7858]]},"properties":{}},{"type":"Feature","geometry":{"type":"LineString","coordinates":[[-90.6293,42.7858],[-90.6271,42.7854]]},"properties":{}},{"type":"Feature","geometry":{"type":"LineString","coordinates":[[-90.6271,42.7854],[-90.6267,42.7844]]},"properties":{}},{"type":"Feature","geometry":{"type":"LineString","coordinates":[[-90.3687,43.8556],[-90.3687,43.857]]},"properties":{}},{"type":"Feature","geometry":{"type":"LineString","coordinates":[[-90.3687,43.857],[-90.368,43.8582]]},"properties":{}},{"type":"Feature","geometry":{"type":"LineString","coordinates":[[-90.368,43.8582],[-90.3661,43.8589]]},"properties":{}},{"type":"Feature","geometry":{"type":"LineString","coordinates":[[-90.3661,43.8589],[-90.366,43.8596]]},"properties":{}},{"type":"Feature","geometry":{"type":"LineString","coordinates":[[-90.366,43.8596],[-90.365,43.8597]]},"properties":{}},{"type":"Feature","geometry":{"type":"LineString","coordinates":[[-90.365,43.8597],[-90.362,43.8621]]},"properties":{}},{"type":"Feature","geometry":{"type":"LineString","coordinates":[[-90.4025,46.2943],[-90.4067,46.2919]]},"properties":{}},{"type":"Feature","geometry":{"type":"LineString","coordinates":[[-90.4067,46.2919],[-90.4076,46.2919]]},"properties":{}},{"type":"Feature","geometry":{"type":"LineString","coordinates":[[-90.4076,46.2919],[-90.4078,46.2927]]},"properties":{}},{"type":"Feature","geometry":{"type":"LineString","coordinates":[[-90.4078,46.2927],[-90.4095,46.2924]]},"properties":{}},{"type":"Feature","geometry":{"type":"LineString","coordinates":[[-90.4095,46.2924],[-90.4099,46.2931]]},"properties":{}},{"type":"Feature","geometry":{"type":"LineString","coordinates":[[-90.4099,46.2931],[-90.4135,46.2942]]},"properties":{}},{"type":"Feature","geometry":{"type":"LineString","coordinates":[[-90.4135,46.2942],[-90.4168,46.292]]},"properties":{}},{"type":"Feature","geometry":{"type":"LineString","coordinates":[[-90.4168,46.292],[-90.418,46.2923]]},"properties":{}},{"type":"Feature","geometry":{"type":"LineString","coordinates":[[-90.418,46.2923],[-90.4186,46.2932]]},"properties":{}},{"type":"Feature","geometry":{"type":"LineString","coordinates":[[-90.4186,46.2932],[-90.4196,46.293]]},"properties":{}},{"type":"Feature","geometry":{"type":"LineString","coordinates":[[-90.4196,46.293],[-90.4212,46.2913]]},"properties":{}},{"type":"Feature","geometry":{"type":"LineString","coordinates":[[-90.4212,46.2913],[-90.4219,46.2915]]},"properties":{}},{"type":"Feature","geometry":{"type":"LineString","coordinates":[[-90.4219,46.2915],[-90.4241,46.2906]]},"properties":{}},{"type":"Feature","geometry":{"type":"LineString","coordinates":[[-90.4241,46.2906],[-90.4243,46.2911]]},"properties":{}},{"type":"Feature","geometry":{"type":"LineString","coordinates":[[-90.4243,46.2911],[-90.425,46.2905]]},"properties":{}},{"type":"Feature","geometry":{"type":"LineString","coordinates":[[-90.425,46.2905],[-90.427,46.2903]]},"properties":{}},{"type":"Feature","geometry":{"type":"LineString","coordinates":[[-90.3307,45.236],[-90.3313,45.2345]]},"properties":{}},{"type":"Feature","geometry":{"type":"LineString","coordinates":[[-90.3313,45.2345],[-90.3292,45.233]]},"properties":{}},{"type":"Feature","geometry":{"type":"LineString","coordinates":[[-90.3292,45.233],[-90.3293,45.2325]]},"properties":{}},{"type":"Feature","geometry":{"type":"LineString","coordinates":[[-90.3293,45.2325],[-90.3281,45.2324]]},"properties":{}},{"type":"Feature","geometry":{"type":"LineString","coordinates":[[-90.3281,45.2324],[-90.3278,45.2308]]},"properties":{}},{"type":"Feature","geometry":{"type":"LineString","coordinates":[[-90.3286,45.2293],[-90.3304,45.2293]]},"properties":{}},{"type":"Feature","geometry":{"type":"LineString","coordinates":[[-90.3304,45.2293],[-90.331,45.2278]]},"properties":{}},{"type":"Feature","geometry":{"type":"LineString","coordinates":[[-90.331,45.2278],[-90.3319,45.2276]]},"properties":{}},{"type":"Feature","geometry":{"type":"LineString","coordinates":[[-90.3319,45.2276],[-90.3325,45.2284]]},"properties":{}},{"type":"Feature","geometry":{"type":"LineString","coordinates":[[-90.3325,45.2284],[-90.3335,45.2286]]},"properties":{}},{"type":"Feature","geometry":{"type":"LineString","coordinates":[[-90.3335,45.2286],[-90.334,45.2275]]},"properties":{}},{"type":"Feature","geometry":{"type":"LineString","coordinates":[[-90.5606,43.4304],[-90.5615,43.4268]]},"properties":{}},{"type":"Feature","geometry":{"type":"LineString","coordinates":[[-90.5215,43.6376],[-90.5264,43.6387]]},"properties":{}},{"type":"Feature","geometry":{"type":"LineString","coordinates":[[-90.5337,43.6398],[-90.5334,43.6406]]},"properties":{}},{"type":"Feature","geometry":{"type":"LineString","coordinates":[[-90.5334,43.6406],[-90.5389,43.6404]]},"properties":{}},{"type":"Feature","geometry":{"type":"LineString","coordinates":[[-90.5389,43.6404],[-90.5391,43.6395]]},"properties":{}},{"type":"Feature","geometry":{"type":"LineString","coordinates":[[-90.2877,43.0809],[-90.2871,43.0814]]},"properties":{}},{"type":"Feature","geometry":{"type":"LineString","coordinates":[[-90.2871,43.0814],[-90.2866,43.0809]]},"properties":{}},{"type":"Feature","geometry":{"type":"LineString","coordinates":[[-90.2866,43.0809],[-90.2854,43.0815]]},"properties":{}},{"type":"Feature","geometry":{"type":"LineString","coordinates":[[-90.4841,43.0937],[-90.4836,43.0892]]},"properties":{}},{"type":"Feature","geometry":{"type":"LineString","coordinates":[[-90.4836,43.0892],[-90.4839,43.0884]]},"properties":{}},{"type":"Feature","geometry":{"type":"LineString","coordinates":[[-90.4839,43.0884],[-90.4853,43.088]]},"properties":{}},{"type":"Feature","geometry":{"type":"LineString","coordinates":[[-90.4862,43.0859],[-90.4854,43.0857]]},"properties":{}},{"type":"Feature","geometry":{"type":"LineString","coordinates":[[-90.4854,43.0857],[-90.4854,43.0851]]},"properties":{}},{"type":"Feature","geometry":{"type":"LineString","coordinates":[[-90.4854,43.0851],[-90.4865,43.0843]]},"properties":{}},{"type":"Feature","geometry":{"type":"LineString","coordinates":[[-90.4865,43.0843],[-90.4867,43.0827]]},"properties":{}},{"type":"Feature","geometry":{"type":"LineString","coordinates":[[-90.4867,43.0827],[-90.4888,43.0804]]},"properties":{}},{"type":"Feature","geometry":{"type":"LineString","coordinates":[[-90.4888,43.0804],[-90.4885,43.078]]},"properties":{}},{"type":"Feature","geometry":{"type":"LineString","coordinates":[[-90.4885,43.078],[-90.4877,43.0773]]},"properties":{}},{"type":"Feature","geometry":{"type":"LineString","coordinates":[[-90.4573,43.0223],[-90.4561,43.023]]},"properties":{}},{"type":"Feature","geometry":{"type":"LineString","coordinates":[[-90.4555,43.0228],[-90.4565,43.022]]},"properties":{}},{"type":"Feature","geometry":{"type":"LineString","coordinates":[[-90.4565,43.022],[-90.4555,43.0218]]},"properties":{}},{"type":"Feature","geometry":{"type":"LineString","coordinates":[[-90.4555,43.0218],[-90.4559,43.0213]]},"properties":{}},{"type":"Feature","geometry":{"type":"LineString","coordinates":[[-90.4559,43.0213],[-90.4549,43.0206]]},"properties":{}},{"type":"Feature","geometry":{"type":"LineString","coordinates":[[-90.4549,43.0206],[-90.4559,43.0206]]},"properties":{}},{"type":"Feature","geometry":{"type":"LineString","coordinates":[[-90.4423,43.111],[-90.4469,43.1106]]},"properties":{}},{"type":"Feature","geometry":{"type":"LineString","coordinates":[[-90.4469,43.1106],[-90.4494,43.1092]]},"properties":{}},{"type":"Feature","geometry":{"type":"LineString","coordinates":[[-90.4494,43.1092],[-90.4507,43.1093]]},"properties":{}},{"type":"Feature","geometry":{"type":"LineString","coordinates":[[-90.4577,43.1081],[-90.4597,43.1085]]},"properties":{}},{"type":"Feature","geometry":{"type":"LineString","coordinates":[[-90.4597,43.1085],[-90.4604,43.1081]]},"properties":{}},{"type":"Feature","geometry":{"type":"LineString","coordinates":[[-90.4604,43.1081],[-90.4607,43.1087]]},"properties":{}},{"type":"Feature","geometry":{"type":"LineString","coordinates":[[-90.4607,43.1087],[-90.4633,43.1069]]},"properties":{}},{"type":"Feature","geometry":{"type":"LineString","coordinates":[[-90.277,43.8629],[-90.2757,43.8632]]},"properties":{}},{"type":"Feature","geometry":{"type":"LineString","coordinates":[[-90.2757,43.8632],[-90.2755,43.8637]]},"properties":{}},{"type":"Feature","geometry":{"type":"LineString","coordinates":[[-90.2755,43.8637],[-90.2771,43.8649]]},"properties":{}},{"type":"Feature","geometry":{"type":"LineString","coordinates":[[-90.2768,43.8664],[-90.2758,43.8669]]},"properties":{}},{"type":"Feature","geometry":{"type":"LineString","coordinates":[[-90.2758,43.8669],[-90.2755,43.8676]]},"properties":{}},{"type":"Feature","geometry":{"type":"LineString","coordinates":[[-90.2755,43.8676],[-90.2738,43.868]]},"properties":{}},{"type":"Feature","geometry":{"type":"LineString","coordinates":[[-90.2738,43.868],[-90.2726,43.8688]]},"properties":{}},{"type":"Feature","geometry":{"type":"LineString","coordinates":[[-90.2726,43.8688],[-90.2714,43.8684]]},"properties":{}},{"type":"Feature","geometry":{"type":"LineString","coordinates":[[-90.2714,43.8684],[-90.2696,43.8688]]},"properties":{}},{"type":"Feature","geometry":{"type":"LineString","coordinates":[[-90.2712,43.8727],[-90.2694,43.8745]]},"properties":{}},{"type":"Feature","geometry":{"type":"LineString","coordinates":[[-90.2668,43.8754],[-90.2654,43.8772]]},"properties":{}},{"type":"Feature","geometry":{"type":"LineString","coordinates":[[-90.2654,43.8772],[-90.2638,43.8777]]},"properties":{}},{"type":"Feature","geometry":{"type":"LineString","coordinates":[[-90.2638,43.8777],[-90.2641,43.8779]]},"properties":{}},{"type":"Feature","geometry":{"type":"LineString","coordinates":[[-90.2641,43.8779],[-90.2636,43.8783]]},"properties":{}},{"type":"Feature","geometry":{"type":"LineString","coordinates":[[-90.2636,43.8783],[-90.2626,43.8779]]},"properties":{}},{"type":"Feature","geometry":{"type":"LineString","coordinates":[[-90.2626,43.8779],[-90.2607,43.8782]]},"properties":{}},{"type":"Feature","geometry":{"type":"LineString","coordinates":[[-90.2607,43.8782],[-90.2591,43.8775]]},"properties":{}},{"type":"Feature","geometry":{"type":"LineString","coordinates":[[-90.2591,43.8775],[-90.2586,43.878]]},"properties":{}},{"type":"Feature","geometry":{"type":"LineString","coordinates":[[-90.2586,43.878],[-90.257,43.8777]]},"properties":{}},{"type":"Feature","geometry":{"type":"LineString","coordinates":[[-90.257,43.8777],[-90.2566,43.8783]]},"properties":{}},{"type":"Feature","geometry":{"type":"LineString","coordinates":[[-90.2566,43.8783],[-90.2554,43.8785]]},"properties":{}},{"type":"Feature","geometry":{"type":"LineString","coordinates":[[-90.1599,46.1891],[-90.161,46.1884]]},"properties":{}},{"type":"Feature","geometry":{"type":"LineString","coordinates":[[-90.161,46.1884],[-90.1603,46.1868]]},"properties":{}},{"type":"Feature","geometry":{"type":"LineString","coordinates":[[-90.1603,46.1868],[-90.1615,46.1853]]},"properties":{}},{"type":"Feature","geometry":{"type":"LineString","coordinates":[[-90.1615,46.1853],[-90.161,46.1846]]},"properties":{}},{"type":"Feature","geometry":{"type":"LineString","coordinates":[[-90.161,46.1846],[-90.1616,46.1844]]},"properties":{}},{"type":"Feature","geometry":{"type":"LineString","coordinates":[[-90.1616,46.1844],[-90.1615,46.1839]]},"properties":{}},{"type":"Feature","geometry":{"type":"LineString","coordinates":[[-90.1615,46.1839],[-90.1627,46.1837]]},"properties":{}},{"type":"Feature","geometry":{"type":"LineString","coordinates":[[-90.1627,46.1837],[-90.1624,46.1832]]},"properties":{}},{"type":"Feature","geometry":{"type":"LineString","coordinates":[[-90.1624,46.1832],[-90.1629,46.1827]]},"properties":{}},{"type":"Feature","geometry":{"type":"LineString","coordinates":[[-90.1629,46.1827],[-90.1619,46.1818]]},"properties":{}},{"type":"Feature","geometry":{"type":"LineString","coordinates":[[-90.1619,46.1818],[-90.161,46.1819]]},"properties":{}},{"type":"Feature","geometry":{"type":"LineString","coordinates":[[-90.161,46.1819],[-90.1603,46.1803]]},"properties":{}},{"type":"Feature","geometry":{"type":"LineString","coordinates":[[-90.1603,46.1803],[-90.1592,46.1798]]},"properties":{}},{"type":"Feature","geometry":{"type":"LineString","coordinates":[[-90.1592,46.1798],[-90.1592,46.1792]]},"properties":{}},{"type":"Feature","geometry":{"type":"LineString","coordinates":[[-90.1592,46.1792],[-90.1568,46.1767]]},"properties":{}},{"type":"Feature","geometry":{"type":"LineString","coordinates":[[-90.2341,43.3999],[-90.2343,43.3995]]},"properties":{}},{"type":"Feature","geometry":{"type":"LineString","coordinates":[[-90.2343,43.3995],[-90.2351,43.4001]]},"properties":{}},{"type":"Feature","geometry":{"type":"LineString","coordinates":[[-90.2351,43.4001],[-90.2366,43.4001]]},"properties":{}},{"type":"Feature","geometry":{"type":"LineString","coordinates":[[-90.2115,43.4269],[-90.2155,43.4259]]},"properties":{}},{"type":"Feature","geometry":{"type":"LineString","coordinates":[[-89.9924,42.8836],[-89.991,42.8851]]},"properties":{}},{"type":"Feature","geometry":{"type":"LineString","coordinates":[[-89.991,42.8851],[-89.9912,42.8856]]},"properties":{}},{"type":"Feature","geometry":{"type":"LineString","coordinates":[[-89.9912,42.8856],[-89.9907,42.8875]]},"properties":{}},{"type":"Feature","geometry":{"type":"LineString","coordinates":[[-89.9907,42.8875],[-89.9895,42.8882]]},"properties":{}},{"type":"Feature","geometry":{"type":"LineString","coordinates":[[-90.0591,42.907],[-90.0594,42.9065]]},"properties":{}},{"type":"Feature","geometry":{"type":"LineString","coordinates":[[-90.0594,42.9065],[-90.0585,42.9065]]},"properties":{}},{"type":"Feature","geometry":{"type":"LineString","coordinates":[[-90.0585,42.9065],[-90.0584,42.906]]},"properties":{}},{"type":"Feature","geometry":{"type":"LineString","coordinates":[[-89.9396,45.2922],[-89.9405,45.2921]]},"properties":{}},{"type":"Feature","geometry":{"type":"LineString","coordinates":[[-89.9405,45.2921],[-89.9423,45.2935]]},"properties":{}},{"type":"Feature","geometry":{"type":"LineString","coordinates":[[-89.9423,45.2935],[-89.9454,45.2924]]},"properties":{}},{"type":"Feature","geometry":{"type":"LineString","coordinates":[[-89.9454,45.2924],[-89.9494,45.2936]]},"properties":{}},{"type":"Feature","geometry":{"type":"LineString","coordinates":[[-89.9494,45.2936],[-89.9519,45.2927]]},"properties":{}},{"type":"Feature","geometry":{"type":"LineString","coordinates":[[-89.9519,45.2927],[-89.958,45.2928]]},"properties":{}},{"type":"Feature","geometry":{"type":"LineString","coordinates":[[-89.958,45.2928],[-89.9614,45.2904]]},"properties":{}},{"type":"Feature","geometry":{"type":"LineString","coordinates":[[-89.9614,45.2904],[-89.964,45.2876]]},"properties":{}},{"type":"Feature","geometry":{"type":"LineString","coordinates":[[-89.964,45.2876],[-89.9683,45.2859]]},"properties":{}},{"type":"Feature","geometry":{"type":"LineString","coordinates":[[-89.9683,45.2859],[-89.9683,45.2847]]},"properties":{}},{"type":"Feature","geometry":{"type":"LineString","coordinates":[[-89.9683,45.2847],[-89.9687,45.2841]]},"properties":{}},{"type":"Feature","geometry":{"type":"LineString","coordinates":[[-89.9687,45.2841],[-89.9704,45.2843]]},"properties":{}},{"type":"Feature","geometry":{"type":"LineString","coordinates":[[-89.9704,45.2843],[-89.9707,45.2848]]},"properties":{}},{"type":"Feature","geometry":{"type":"LineString","coordinates":[[-89.9707,45.2848],[-89.9716,45.2831]]},"properties":{}},{"type":"Feature","geometry":{"type":"LineString","coordinates":[[-89.9716,45.2831],[-89.9727,45.282]]},"properties":{}},{"type":"Feature","geometry":{"type":"LineString","coordinates":[[-89.9727,45.282],[-89.9725,45.2808]]},"properties":{}},{"type":"Feature","geometry":{"type":"LineString","coordinates":[[-89.9725,45.2808],[-89.9758,45.2769]]},"properties":{}},{"type":"Feature","geometry":{"type":"LineString","coordinates":[[-89.7979,45.7976],[-89.7977,45.7967]]},"properties":{}},{"type":"Feature","geometry":{"type":"LineString","coordinates":[[-89.7977,45.7967],[-89.7966,45.7972]]},"properties":{}},{"type":"Feature","geometry":{"type":"LineString","coordinates":[[-89.7966,45.7972],[-89.7968,45.7964]]},"properties":{}},{"type":"Feature","geometry":{"type":"LineString","coordinates":[[-89.7968,45.7964],[-89.7955,45.7957]]},"properties":{}},{"type":"Feature","geometry":{"type":"LineString","coordinates":[[-89.7141,45.5929],[-89.7191,45.5882]]},"properties":{}},{"type":"Feature","geometry":{"type":"LineString","coordinates":[[-89.7191,45.5882],[-89.7193,45.5857]]},"properties":{}},{"type":"Feature","geometry":{"type":"LineString","coordinates":[[-89.4995,43.9272],[-89.4979,43.9235]]},"properties":{}},{"type":"Feature","geometry":{"type":"LineString","coordinates":[[-89.4979,43.9235],[-89.4968,43.9223]]},"properties":{}},{"type":"Feature","geometry":{"type":"LineString","coordinates":[[-89.4528,43.9074],[-89.4512,43.906]]},"properties":{}},{"type":"Feature","geometry":{"type":"LineString","coordinates":[[-89.4512,43.906],[-89.4509,43.9042]]},"properties":{}},{"type":"Feature","geometry":{"type":"LineString","coordinates":[[-89.4509,43.9042],[-89.4513,43.9039]]},"properties":{}},{"type":"Feature","geometry":{"type":"LineString","coordinates":[[-89.4513,43.9039],[-89.4507,43.9039]]},"properties":{}},{"type":"Feature","geometry":{"type":"LineString","coordinates":[[-89.4507,43.9039],[-89.4508,43.9023]]},"properties":{}},{"type":"Feature","geometry":{"type":"LineString","coordinates":[[-89.4508,43.9023],[-89.4513,43.9022]]},"properties":{}},{"type":"Feature","geometry":{"type":"LineString","coordinates":[[-89.4513,43.9022],[-89.4513,43.9014]]},"properties":{}},{"type":"Feature","geometry":{"type":"LineString","coordinates":[[-89.4513,43.9014],[-89.4518,43.9014]]},"properties":{}},{"type":"Feature","geometry":{"type":"LineString","coordinates":[[-89.3351,44.5171],[-89.3365,44.5187]]},"properties":{}},{"type":"Feature","geometry":{"type":"LineString","coordinates":[[-89.3365,44.5187],[-89.3362,44.5192]]},"properties":{}},{"type":"Feature","geometry":{"type":"LineString","coordinates":[[-89.3362,44.5192],[-89.3375,44.5201]]},"properties":{}},{"type":"Feature","geometry":{"type":"LineString","coordinates":[[-89.3375,44.5201],[-89.3374,44.521]]},"properties":{}},{"type":"Feature","geometry":{"type":"LineString","coordinates":[[-89.2948,43.9126],[-89.2945,43.9116]]},"properties":{}},{"type":"Feature","geometry":{"type":"LineString","coordinates":[[-89.2945,43.9116],[-89.2957,43.9114]]},"properties":{}},{"type":"Feature","geometry":{"type":"LineString","coordinates":[[-89.2957,43.9114],[-89.2944,43.9097]]},"properties":{}},{"type":"Feature","geometry":{"type":"LineString","coordinates":[[-89.2935,43.9098],[-89.2941,43.9111]]},"properties":{}},{"type":"Feature","geometry":{"type":"LineString","coordinates":[[-89.2941,43.9111],[-89.2918,43.9099]]},"properties":{}},{"type":"Feature","geometry":{"type":"LineString","coordinates":[[-89.2918,43.9099],[-89.2921,43.9094]]},"properties":{}},{"type":"Feature","geometry":{"type":"LineString","coordinates":[[-89.2905,43.9089],[-89.2906,43.9097]]},"properties":{}},{"type":"Feature","geometry":{"type":"LineString","coordinates":[[-89.2906,43.9097],[-89.2887,43.9097]]},"properties":{}},{"type":"Feature","geometry":{"type":"LineString","coordinates":[[-89.2887,43.9097],[-89.2857,43.9087]]},"properties":{}},{"type":"Feature","geometry":{"type":"LineString","coordinates":[[-89.3439,44.4315],[-89.3426,44.4326]]},"properties":{}},{"type":"Feature","geometry":{"type":"LineString","coordinates":[[-89.3426,44.4326],[-89.3432,44.4345]]},"properties":{}},{"type":"Feature","geometry":{"type":"LineString","coordinates":[[-89.3432,44.4345],[-89.341,44.4349]]},"properties":{}},{"type":"Feature","geometry":{"type":"LineString","coordinates":[[-89.3343,44.4364],[-89.3326,44.4348]]},"properties":{}},{"type":"Feature","geometry":{"type":"LineString","coordinates":[[-89.3326,44.4348],[-89.3319,44.4348]]},"properties":{}},{"type":"Feature","geometry":{"type":"LineString","coordinates":[[-89.3319,44.4348],[-89.3318,44.4344]]},"properties":{}},{"type":"Feature","geometry":{"type":"LineString","coordinates":[[-89.3318,44.4344],[-89.3312,44.4346]]},"properties":{}},{"type":"Feature","geometry":{"type":"LineString","coordinates":[[-89.329,44.433],[-89.3285,44.4333]]},"properties":{}},{"type":"Feature","geometry":{"type":"LineString","coordinates":[[-89.3285,44.4333],[-89.327,44.4327]]},"properties":{}},{"type":"Feature","geometry":{"type":"LineString","coordinates":[[-89.327,44.4327],[-89.3261,44.4331]]},"properties":{}},{"type":"Feature","geometry":{"type":"LineString","coordinates":[[-89.3261,44.4331],[-89.3254,44.4329]]},"properties":{}},{"type":"Feature","geometry":{"type":"LineString","coordinates":[[-89.3254,44.4329],[-89.3253,44.4335]]},"properties":{}},{"type":"Feature","geometry":{"type":"LineString","coordinates":[[-89.3226,44.4324],[-89.3215,44.433]]},"properties":{}},{"type":"Feature","geometry":{"type":"LineString","coordinates":[[-89.3215,44.433],[-89.321,44.4325]]},"properties":{}},{"type":"Feature","geometry":{"type":"LineString","coordinates":[[-89.321,44.4325],[-89.3205,44.4328]]},"properties":{}},{"type":"Feature","geometry":{"type":"LineString","coordinates":[[-89.3205,44.4328],[-89.3193,44.4326]]},"properties":{}},{"type":"Feature","geometry":{"type":"LineString","coordinates":[[-89.22,44.4757],[-89.2185,44.4735]]},"properties":{}},{"type":"Feature","geometry":{"type":"LineString","coordinates":[[-89.2185,44.4735],[-89.2167,44.4735]]},"properties":{}},{"type":"Feature","geometry":{"type":"LineString","coordinates":[[-89.1789,44.4355],[-89.1776,44.4358]]},"properties":{}},{"type":"Feature","geometry":{"type":"LineString","coordinates":[[-89.1776,44.4358],[-89.1773,44.4353]]},"properties":{}},{"type":"Feature","geometry":{"type":"LineString","coordinates":[[-89.1773,44.4353],[-89.1758,44.4361]]},"properties":{}},{"type":"Feature","geometry":{"type":"LineString","coordinates":[[-89.1758,44.4361],[-89.1749,44.4359]]},"properties":{}},{"type":"Feature","geometry":{"type":"LineString","coordinates":[[-89.1749,44.4359],[-89.1738,44.4363]]},"properties":{}},{"type":"Feature","geometry":{"type":"LineString","coordinates":[[-89.1738,44.4363],[-89.1736,44.4358]]},"properties":{}},{"type":"Feature","geometry":{"type":"LineString","coordinates":[[-89.1736,44.4358],[-89.1713,44.435]]},"properties":{}},{"type":"Feature","geometry":{"type":"LineString","coordinates":[[-89.1713,44.435],[-89.1704,44.4355]]},"properties":{}},{"type":"Feature","geometry":{"type":"LineString","coordinates":[[-89.1704,44.4355],[-89.1693,44.4353]]},"properties":{}},{"type":"Feature","geometry":{"type":"LineString","coordinates":[[-89.1693,44.4353],[-89.1683,44.436]]},"properties":{}},{"type":"Feature","geometry":{"type":"LineString","coordinates":[[-89.2087,44.8814],[-89.2097,44.8806]]},"properties":{}},{"type":"Feature","geometry":{"type":"LineString","coordinates":[[-89.2097,44.8806],[-89.2122,44.8806]]},"properties":{}},{"type":"Feature","geometry":{"type":"LineString","coordinates":[[-89.192,44.9438],[-89.1908,44.9424]]},"properties":{}},{"type":"Feature","geometry":{"type":"LineString","coordinates":[[-89.1908,44.9424],[-89.19,44.9404]]},"properties":{}},{"type":"Feature","geometry":{"type":"LineString","coordinates":[[-89.19,44.9404],[-89.1901,44.9393]]},"properties":{}},{"type":"Feature","geometry":{"type":"LineString","coordinates":[[-89.1863,44.9446],[-89.1908,44.9424]]},"properties":{}},{"type":"Feature","geometry":{"type":"LineString","coordinates":[[-89.2516,44.8539],[-89.252,44.8531]]},"properties":{}},{"type":"Feature","geometry":{"type":"LineString","coordinates":[[-89.0832,45.5564],[-89.083,45.5555]]},"properties":{}},{"type":"Feature","geometry":{"type":"LineString","coordinates":[[-89.083,45.5555],[-89.0839,45.5547]]},"properties":{}},{"type":"Feature","geometry":{"type":"LineString","coordinates":[[-89.0839,45.5547],[-89.0831,45.5533]]},"properties":{}},{"type":"Feature","geometry":{"type":"LineString","coordinates":[[-89.0831,45.5533],[-89.0843,45.5518]]},"properties":{}},{"type":"Feature","geometry":{"type":"LineString","coordinates":[[-89.0843,45.5518],[-89.0845,45.5508]]},"properties":{}},{"type":"Feature","geometry":{"type":"LineString","coordinates":[[-89.0845,45.5508],[-89.0836,45.5497]]},"properties":{}},{"type":"Feature","geometry":{"type":"LineString","coordinates":[[-89.0836,45.5497],[-89.0837,45.5476]]},"properties":{}},{"type":"Feature","geometry":{"type":"LineString","coordinates":[[-88.7881,45.3502],[-88.7895,45.3489]]},"properties":{}},{"type":"Feature","geometry":{"type":"LineString","coordinates":[[-88.7895,45.3489],[-88.7906,45.3487]]},"properties":{}},{"type":"Feature","geometry":{"type":"LineString","coordinates":[[-88.7906,45.3487],[-88.7909,45.3496]]},"properties":{}},{"type":"Feature","geometry":{"type":"LineString","coordinates":[[-88.7994,45.3499],[-88.8005,45.3491]]},"properties":{}},{"type":"Feature","geometry":{"type":"LineString","coordinates":[[-88.8005,45.3491],[-88.8016,45.3465]]},"properties":{}},{"type":"Feature","geometry":{"type":"LineString","coordinates":[[-88.8016,45.3465],[-88.8035,45.3459]]},"properties":{}},{"type":"Feature","geometry":{"type":"LineString","coordinates":[[-88.7926,45.3268],[-88.7929,45.3246]]},"properties":{}},{"type":"Feature","geometry":{"type":"LineString","coordinates":[[-88.7929,45.3246],[-88.7917,45.323]]},"properties":{}},{"type":"Feature","geometry":{"type":"LineString","coordinates":[[-88.7917,45.323],[-88.7925,45.3215]]},"properties":{}},{"type":"Feature","geometry":{"type":"LineString","coordinates":[[-88.7925,45.3215],[-88.7893,45.3209]]},"properties":{}},{"type":"Feature","geometry":{"type":"LineString","coordinates":[[-88.7893,45.3209],[-88.7883,45.3185]]},"properties":{}},{"type":"Feature","geometry":{"type":"LineString","coordinates":[[-88.7817,45.3101],[-88.7754,45.3102]]},"properties":{}},{"type":"Feature","geometry":{"type":"LineString","coordinates":[[-88.6062,45.5579],[-88.6078,45.5577]]},"properties":{}},{"type":"Feature","geometry":{"type":"LineString","coordinates":[[-88.6078,45.5577],[-88.6079,45.5555]]},"properties":{}},{"type":"Feature","geometry":{"type":"LineString","coordinates":[[-88.6079,45.5555],[-88.6113,45.5508]]},"properties":{}},{"type":"Feature","geometry":{"type":"LineString","coordinates":[[-88.6113,45.5508],[-88.6092,45.5498]]},"properties":{}},{"type":"Feature","geometry":{"type":"LineString","coordinates":[[-88.6092,45.5498],[-88.6074,45.5498]]},"properties":{}},{"type":"Feature","geometry":{"type":"LineString","coordinates":[[-88.6074,45.5498],[-88.6053,45.5466]]},"properties":{}},{"type":"Feature","geometry":{"type":"LineString","coordinates":[[-88.6053,45.5466],[-88.6037,45.5463]]},"properties":{}},{"type":"Feature","geometry":{"type":"LineString","coordinates":[[-88.6037,45.5463],[-88.6032,45.5454]]},"properties":{}},{"type":"Feature","geometry":{"type":"LineString","coordinates":[[-88.5739,45.5888],[-88.5706,45.5882]]},"properties":{}},{"type":"Feature","geometry":{"type":"LineString","coordinates":[[-88.5706,45.5882],[-88.5696,45.5873]]},"properties":{}},{"type":"Feature","geometry":{"type":"LineString","coordinates":[[-88.5696,45.5873],[-88.5654,45.5883]]},"properties":{}},{"type":"Feature","geometry":{"type":"LineString","coordinates":[[-88.5654,45.5883],[-88.5608,45.5861]]},"properties":{}},{"type":"Feature","geometry":{"type":"LineString","coordinates":[[-88.5608,45.5861],[-88.5602,45.5851]]},"properties":{}},{"type":"Feature","geometry":{"type":"LineString","coordinates":[[-88.5602,45.5851],[-88.5621,45.583]]},"properties":{}},{"type":"Feature","geometry":{"type":"LineString","coordinates":[[-88.5621,45.583],[-88.5618,45.582]]},"properties":{}},{"type":"Feature","geometry":{"type":"LineString","coordinates":[[-88.5618,45.582],[-88.5625,45.5811]]},"properties":{}},{"type":"Feature","geometry":{"type":"LineString","coordinates":[[-88.5625,45.5811],[-88.5622,45.5801]]},"properties":{}},{"type":"Feature","geometry":{"type":"LineString","coordinates":[[-88.5622,45.5801],[-88.5577,45.5781]]},"properties":{}},{"type":"Feature","geometry":{"type":"LineString","coordinates":[[-88.4364,45.7985],[-88.4399,45.7987]]},"properties":{}},{"type":"Feature","geometry":{"type":"LineString","coordinates":[[-88.4399,45.7987],[-88.4423,45.7978]]},"properties":{}},{"type":"Feature","geometry":{"type":"LineString","coordinates":[[-88.4423,45.7978],[-88.443,45.7968]]},"properties":{}},{"type":"Feature","geometry":{"type":"LineString","coordinates":[[-88.443,45.7968],[-88.445,45.7966]]},"properties":{}},{"type":"Feature","geometry":{"type":"LineString","coordinates":[[-88.445,45.7966],[-88.446,45.7955]]},"properties":{}},{"type":"Feature","geometry":{"type":"LineString","coordinates":[[-88.3752,45.6125],[-88.3751,45.6127]]},"properties":{}},{"type":"Feature","geometry":{"type":"LineString","coordinates":[[-88.3751,45.6126],[-88.3752,45.6125]]},"properties":{}},{"type":"Feature","geometry":{"type":"LineString","coordinates":[[-88.3769,45.6094],[-88.3752,45.6125]]},"properties":{}},{"type":"Feature","geometry":{"type":"LineString","coordinates":[[-88.3752,45.6125],[-88.3765,45.6102]]},"properties":{}},{"type":"Feature","geometry":{"type":"LineString","coordinates":[[-88.3765,45.6102],[-88.3769,45.6094]]},"properties":{}},{"type":"Feature","geometry":{"type":"LineString","coordinates":[[-88.378,45.6081],[-88.3769,45.6094]]},"properties":{}},{"type":"Feature","geometry":{"type":"LineString","coordinates":[[-88.3769,45.6094],[-88.3776,45.6084]]},"properties":{}},{"type":"Feature","geometry":{"type":"LineString","coordinates":[[-88.3776,45.6084],[-88.378,45.6081]]},"properties":{}},{"type":"Feature","geometry":{"type":"LineString","coordinates":[[-88.3792,45.6067],[-88.378,45.6081]]},"properties":{}},{"type":"Feature","geometry":{"type":"LineString","coordinates":[[-88.378,45.6081],[-88.3785,45.6076]]},"properties":{}},{"type":"Feature","geometry":{"type":"LineString","coordinates":[[-88.3785,45.6076],[-88.3792,45.6067]]},"properties":{}},{"type":"Feature","geometry":{"type":"LineString","coordinates":[[-88.3797,45.6061],[-88.3792,45.6067]]},"properties":{}},{"type":"Feature","geometry":{"type":"LineString","coordinates":[[-88.3792,45.6067],[-88.3792,45.6067]]},"properties":{}},{"type":"Feature","geometry":{"type":"LineString","coordinates":[[-88.3792,45.6067],[-88.3797,45.6061]]},"properties":{}},{"type":"Feature","geometry":{"type":"LineString","coordinates":[[-88.3799,45.6059],[-88.3797,45.6061]]},"properties":{}},{"type":"Feature","geometry":{"type":"LineString","coordinates":[[-88.3797,45.6061],[-88.3799,45.6059]]},"properties":{}},{"type":"Feature","geometry":{"type":"LineString","coordinates":[[-88.3803,45.6057],[-88.3799,45.6059]]},"properties":{}},{"type":"Feature","geometry":{"type":"LineString","coordinates":[[-88.3799,45.6059],[-88.3803,45.6057]]},"properties":{}},{"type":"Feature","geometry":{"type":"LineString","coordinates":[[-88.3818,45.6049],[-88.3811,45.6052]]},"properties":{}},{"type":"Feature","geometry":{"type":"LineString","coordinates":[[-88.3811,45.6052],[-88.3803,45.6057]]},"properties":{}},{"type":"Feature","geometry":{"type":"LineString","coordinates":[[-88.3803,45.6057],[-88.3818,45.6049]]},"properties":{}},{"type":"Feature","geometry":{"type":"LineString","coordinates":[[-88.3818,45.6049],[-88.3818,45.6049]]},"properties":{}},{"type":"Feature","geometry":{"type":"LineString","coordinates":[[-88.3828,45.6038],[-88.3818,45.6049]]},"properties":{}},{"type":"Feature","geometry":{"type":"LineString","coordinates":[[-88.3818,45.6049],[-88.3822,45.6046]]},"properties":{}},{"type":"Feature","geometry":{"type":"LineString","coordinates":[[-88.3822,45.6046],[-88.3828,45.6038]]},"properties":{}},{"type":"Feature","geometry":{"type":"LineString","coordinates":[[-88.3831,45.6036],[-88.3828,45.6038]]},"properties":{}},{"type":"Feature","geometry":{"type":"LineString","coordinates":[[-88.3828,45.6038],[-88.3831,45.6036]]},"properties":{}},{"type":"Feature","geometry":{"type":"LineString","coordinates":[[-88.3853,45.6018],[-88.3843,45.6023]]},"properties":{}},{"type":"Feature","geometry":{"type":"LineString","coordinates":[[-88.3843,45.6023],[-88.3831,45.6036]]},"properties":{}},{"type":"Feature","geometry":{"type":"LineString","coordinates":[[-88.3831,45.6036],[-88.3853,45.6018]]},"properties":{}},{"type":"Feature","geometry":{"type":"LineString","coordinates":[[-88.3856,45.6016],[-88.3853,45.6018]]},"properties":{}},{"type":"Feature","geometry":{"type":"LineString","coordinates":[[-88.3853,45.6018],[-88.3856,45.6016]]},"properties":{}},{"type":"Feature","geometry":{"type":"LineString","coordinates":[[-88.3856,45.6013],[-88.3856,45.6016]]},"properties":{}},{"type":"Feature","geometry":{"type":"LineString","coordinates":[[-88.3856,45.6016],[-88.3856,45.6013]]},"properties":{}},{"type":"Feature","geometry":{"type":"LineString","coordinates":[[-88.3857,45.6011],[-88.388,45.5981]]},"properties":{}},{"type":"Feature","geometry":{"type":"LineString","coordinates":[[-88.388,45.5981],[-88.3877,45.5969]]},"properties":{}},{"type":"Feature","geometry":{"type":"LineString","coordinates":[[-88.3877,45.5969],[-88.3882,45.5964]]},"properties":{}},{"type":"Feature","geometry":{"type":"LineString","coordinates":[[-88.3882,45.5964],[-88.3896,45.5955]]},"properties":{}},{"type":"Feature","geometry":{"type":"LineString","coordinates":[[-88.3896,45.5955],[-88.3921,45.5948]]},"properties":{}},{"type":"Feature","geometry":{"type":"LineString","coordinates":[[-88.3921,45.5948],[-88.393,45.5936]]},"properties":{}},{"type":"Feature","geometry":{"type":"LineString","coordinates":[[-88.393,45.5936],[-88.3939,45.5933]]},"properties":{}},{"type":"Feature","geometry":{"type":"LineString","coordinates":[[-88.3939,45.5933],[-88.3977,45.59]]},"properties":{}},{"type":"Feature","geometry":{"type":"LineString","coordinates":[[-88.3982,45.589],[-88.3967,45.5877]]},"properties":{}},{"type":"Feature","geometry":{"type":"LineString","coordinates":[[-88.3967,45.5877],[-88.3973,45.587]]},"properties":{}},{"type":"Feature","geometry":{"type":"LineString","coordinates":[[-88.3973,45.587],[-88.3988,45.5869]]},"properties":{}},{"type":"Feature","geometry":{"type":"LineString","coordinates":[[-88.3988,45.5869],[-88.3993,45.5857]]},"properties":{}},{"type":"Feature","geometry":{"type":"LineString","coordinates":[[-88.3993,45.5857],[-88.3982,45.585]]},"properties":{}},{"type":"Feature","geometry":{"type":"LineString","coordinates":[[-88.3356,45.6087],[-88.3365,45.6069]]},"properties":{}},{"type":"Feature","geometry":{"type":"LineString","coordinates":[[-88.3365,45.6069],[-88.3328,45.6049]]},"properties":{}},{"type":"Feature","geometry":{"type":"LineString","coordinates":[[-88.3328,45.6049],[-88.3323,45.6034]]},"properties":{}},{"type":"Feature","geometry":{"type":"LineString","coordinates":[[-88.3323,45.6034],[-88.3326,45.6017]]},"properties":{}},{"type":"Feature","geometry":{"type":"LineString","coordinates":[[-88.3326,45.6017],[-88.3316,45.5995]]},"properties":{}},{"type":"Feature","geometry":{"type":"LineString","coordinates":[[-88.3316,45.5995],[-88.3284,45.5987]]},"properties":{}},{"type":"Feature","geometry":{"type":"LineString","coordinates":[[-88.3872,45.5744],[-88.3835,45.575]]},"properties":{}},{"type":"Feature","geometry":{"type":"LineString","coordinates":[[-88.3835,45.575],[-88.3813,45.5761]]},"properties":{}},{"type":"Feature","geometry":{"type":"LineString","coordinates":[[-88.3813,45.5761],[-88.374,45.5755]]},"properties":{}},{"type":"Feature","geometry":{"type":"LineString","coordinates":[[-88.374,45.5755],[-88.3714,45.5766]]},"properties":{}},{"type":"Feature","geometry":{"type":"LineString","coordinates":[[-88.3714,45.5766],[-88.3716,45.5775]]},"properties":{}},{"type":"Feature","geometry":{"type":"LineString","coordinates":[[-88.3716,45.5775],[-88.3706,45.5785]]},"properties":{}},{"type":"Feature","geometry":{"type":"LineString","coordinates":[[-88.3706,45.5785],[-88.3675,45.5784]]},"properties":{}},{"type":"Feature","geometry":{"type":"LineString","coordinates":[[-88.3675,45.5784],[-88.3642,45.58]]},"properties":{}},{"type":"Feature","geometry":{"type":"LineString","coordinates":[[-88.3642,45.58],[-88.3629,45.579]]},"properties":{}},{"type":"Feature","geometry":{"type":"LineString","coordinates":[[-88.3629,45.579],[-88.3635,45.5775]]},"properties":{}},{"type":"Feature","geometry":{"type":"LineString","coordinates":[[-88.3635,45.5775],[-88.3629,45.576]]},"properties":{}},{"type":"Feature","geometry":{"type":"LineString","coordinates":[[-88.3629,45.576],[-88.3644,45.573]]},"properties":{}},{"type":"Feature","geometry":{"type":"LineString","coordinates":[[-88.3644,45.573],[-88.3635,45.5722]]},"properties":{}},{"type":"Feature","geometry":{"type":"LineString","coordinates":[[-88.3635,45.5722],[-88.3595,45.5721]]},"properties":{}},{"type":"Feature","geometry":{"type":"LineString","coordinates":[[-88.3595,45.5721],[-88.3586,45.573]]},"properties":{}},{"type":"Feature","geometry":{"type":"LineString","coordinates":[[-88.3586,45.573],[-88.3551,45.5735]]},"properties":{}},{"type":"Feature","geometry":{"type":"LineString","coordinates":[[-88.3551,45.5735],[-88.3539,45.5734]]},"properties":{}},{"type":"Feature","geometry":{"type":"LineString","coordinates":[[-88.3539,45.5734],[-88.3536,45.5729]]},"properties":{}},{"type":"Feature","geometry":{"type":"LineString","coordinates":[[-88.3536,45.5729],[-88.3522,45.5729]]},"properties":{}},{"type":"Feature","geometry":{"type":"LineString","coordinates":[[-88.3522,45.5729],[-88.3498,45.5716]]},"properties":{}},{"type":"Feature","geometry":{"type":"LineString","coordinates":[[-88.3498,45.5716],[-88.3469,45.5713]]},"properties":{}},{"type":"Feature","geometry":{"type":"LineString","coordinates":[[-88.3469,45.5713],[-88.3449,45.572]]},"properties":{}},{"type":"Feature","geometry":{"type":"LineString","coordinates":[[-88.3449,45.572],[-88.3386,45.5727]]},"properties":{}},{"type":"Feature","geometry":{"type":"LineString","coordinates":[[-88.3386,45.5727],[-88.3369,45.5712]]},"properties":{}},{"type":"Feature","geometry":{"type":"LineString","coordinates":[[-88.3369,45.5712],[-88.3338,45.5705]]},"properties":{}},{"type":"Feature","geometry":{"type":"LineString","coordinates":[[-88.3338,45.5705],[-88.3331,45.5694]]},"properties":{}},{"type":"Feature","geometry":{"type":"LineString","coordinates":[[-88.3331,45.5694],[-88.3316,45.5693]]},"properties":{}},{"type":"Feature","geometry":{"type":"LineString","coordinates":[[-88.3316,45.5693],[-88.3316,45.5687]]},"properties":{}},{"type":"Feature","geometry":{"type":"LineString","coordinates":[[-88.3316,45.5687],[-88.3309,45.5678]]},"properties":{}},{"type":"Feature","geometry":{"type":"LineString","coordinates":[[-88.3309,45.5678],[-88.331,45.5665]]},"properties":{}},{"type":"Feature","geometry":{"type":"LineString","coordinates":[[-88.331,45.5665],[-88.3299,45.566]]},"properties":{}},{"type":"Feature","geometry":{"type":"LineString","coordinates":[[-88.3299,45.566],[-88.3274,45.5664]]},"properties":{}},{"type":"Feature","geometry":{"type":"LineString","coordinates":[[-88.2486,45.8497],[-88.246,45.8498]]},"properties":{}},{"type":"Feature","geometry":{"type":"LineString","coordinates":[[-88.246,45.8498],[-88.2428,45.8491]]},"properties":{}},{"type":"Feature","geometry":{"type":"LineString","coordinates":[[-88.2428,45.8491],[-88.2411,45.8498]]},"properties":{}},{"type":"Feature","geometry":{"type":"LineString","coordinates":[[-88.3634,45.5945],[-88.3672,45.5962]]},"properties":{}},{"type":"Feature","geometry":{"type":"LineString","coordinates":[[-88.3672,45.5962],[-88.3677,45.5959]]},"properties":{}},{"type":"Feature","geometry":{"type":"LineString","coordinates":[[-88.3677,45.5959],[-88.3698,45.5965]]},"properties":{}},{"type":"Feature","geometry":{"type":"LineString","coordinates":[[-88.3698,45.5965],[-88.3745,45.5961]]},"properties":{}},{"type":"Feature","geometry":{"type":"LineString","coordinates":[[-88.3745,45.5961],[-88.3753,45.5951]]},"properties":{}},{"type":"Feature","geometry":{"type":"LineString","coordinates":[[-88.3753,45.5951],[-88.3787,45.5937]]},"properties":{}},{"type":"Feature","geometry":{"type":"LineString","coordinates":[[-88.3787,45.5937],[-88.3798,45.5926]]},"properties":{}},{"type":"Feature","geometry":{"type":"LineString","coordinates":[[-88.3798,45.5926],[-88.3805,45.5884]]},"properties":{}},{"type":"Feature","geometry":{"type":"LineString","coordinates":[[-88.3805,45.5884],[-88.3801,45.5883]]},"properties":{}},{"type":"Feature","geometry":{"type":"LineString","coordinates":[[-88.3801,45.5883],[-88.38,45.5874]]},"properties":{}},{"type":"Feature","geometry":{"type":"LineString","coordinates":[[-88.38,45.5874],[-88.3775,45.5843]]},"properties":{}},{"type":"Feature","geometry":{"type":"LineString","coordinates":[[-88.3775,45.5843],[-88.3787,45.5837]]},"properties":{}},{"type":"Feature","geometry":{"type":"LineString","coordinates":[[-88.3787,45.5837],[-88.379,45.5828]]},"properties":{}},{"type":"Feature","geometry":{"type":"LineString","coordinates":[[-88.379,45.5828],[-88.377,45.582]]},"properties":{}},{"type":"Feature","geometry":{"type":"LineString","coordinates":[[-88.377,45.582],[-88.3751,45.5823]]},"properties":{}},{"type":"Feature","geometry":{"type":"LineString","coordinates":[[-88.3751,45.5823],[-88.3728,45.5818]]},"properties":{}},{"type":"Feature","geometry":{"type":"LineString","coordinates":[[-88.3728,45.5818],[-88.3722,45.5804]]},"properties":{}},{"type":"Feature","geometry":{"type":"LineString","coordinates":[[-88.3722,45.5804],[-88.3706,45.5797]]},"properties":{}},{"type":"Feature","geometry":{"type":"LineString","coordinates":[[-88.3706,45.5797],[-88.3701,45.5787]]},"properties":{}},{"type":"Feature","geometry":{"type":"LineString","coordinates":[[-90.6717,43.3546],[-90.6709,43.3545]]},"properties":{}},{"type":"Feature","geometry":{"type":"LineString","coordinates":[[-90.6709,43.3545],[-90.6707,43.3535]]},"properties":{}},{"type":"Feature","geometry":{"type":"LineString","coordinates":[[-90.6687,43.3524],[-90.6684,43.3515]]},"properties":{}},{"type":"Feature","geometry":{"type":"LineString","coordinates":[[-89.1848,44.2047],[-89.1864,44.2009]]},"properties":{}},{"type":"Feature","geometry":{"type":"LineString","coordinates":[[-89.1864,44.2009],[-89.1858,44.1999]]},"properties":{}},{"type":"Feature","geometry":{"type":"LineString","coordinates":[[-88.763,45.5571],[-88.7604,45.5566]]},"properties":{}},{"type":"Feature","geometry":{"type":"LineString","coordinates":[[-88.7604,45.5566],[-88.7596,45.5589]]},"properties":{}},{"type":"Feature","geometry":{"type":"LineString","coordinates":[[-88.7596,45.5589],[-88.7588,45.5595]]},"properties":{}},{"type":"Feature","geometry":{"type":"LineString","coordinates":[[-88.7588,45.5595],[-88.7553,45.5596]]},"properties":{}},{"type":"Feature","geometry":{"type":"LineString","coordinates":[[-88.7553,45.5596],[-88.7558,45.5608]]},"properties":{}},{"type":"Feature","geometry":{"type":"LineString","coordinates":[[-88.7558,45.5608],[-88.7546,45.5616]]},"properties":{}},{"type":"Feature","geometry":{"type":"LineString","coordinates":[[-88.7546,45.5616],[-88.7534,45.5611]]},"properties":{}},{"type":"Feature","geometry":{"type":"LineString","coordinates":[[-88.7534,45.5611],[-88.7506,45.5619]]},"properties":{}},{"type":"Feature","geometry":{"type":"LineString","coordinates":[[-88.7506,45.5619],[-88.7492,45.5609]]},"properties":{}},{"type":"Feature","geometry":{"type":"LineString","coordinates":[[-88.7492,45.5609],[-88.7463,45.5601]]},"properties":{}},{"type":"Feature","geometry":{"type":"LineString","coordinates":[[-88.7463,45.5601],[-88.7406,45.5616]]},"properties":{}},{"type":"Feature","geometry":{"type":"LineString","coordinates":[[-88.7274,45.5647],[-88.7246,45.5668]]},"properties":{}},{"type":"Feature","geometry":{"type":"LineString","coordinates":[[-88.7246,45.5668],[-88.721,45.5665]]},"properties":{}},{"type":"Feature","geometry":{"type":"LineString","coordinates":[[-88.721,45.5665],[-88.7181,45.5657]]},"properties":{}},{"type":"Feature","geometry":{"type":"LineString","coordinates":[[-88.7181,45.5657],[-88.7106,45.5663]]},"properties":{}},{"type":"Feature","geometry":{"type":"LineString","coordinates":[[-88.7106,45.5663],[-88.705,45.566]]},"properties":{}},{"type":"Feature","geometry":{"type":"LineString","coordinates":[[-88.705,45.566],[-88.7027,45.5664]]},"properties":{}},{"type":"Feature","geometry":{"type":"LineString","coordinates":[[-88.6982,45.5657],[-88.6961,45.567]]},"properties":{}},{"type":"Feature","geometry":{"type":"LineString","coordinates":[[-88.6961,45.567],[-88.6926,45.5719]]},"properties":{}},{"type":"Feature","geometry":{"type":"LineString","coordinates":[[-90.5533,43.0406],[-90.5511,43.0418]]},"properties":{}},{"type":"Feature","geometry":{"type":"LineString","coordinates":[[-90.5511,43.0418],[-90.55,43.0417]]},"properties":{}},{"type":"Feature","geometry":{"type":"LineString","coordinates":[[-90.55,43.0417],[-90.5496,43.0425]]},"properties":{}},{"type":"Feature","geometry":{"type":"LineString","coordinates":[[-90.5496,43.0425],[-90.5482,43.042]]},"properties":{}},{"type":"Feature","geometry":{"type":"LineString","coordinates":[[-90.5482,43.042],[-90.5486,43.0425]]},"properties":{}},{"type":"Feature","geometry":{"type":"LineString","coordinates":[[-90.5445,43.0432],[-90.5427,43.0438]]},"properties":{}},{"type":"Feature","geometry":{"type":"LineString","coordinates":[[-90.5427,43.0438],[-90.5398,43.0459]]},"properties":{}},{"type":"Feature","geometry":{"type":"LineString","coordinates":[[-90.553,43.0395],[-90.5533,43.0405]]},"properties":{}},{"type":"Feature","geometry":{"type":"LineString","coordinates":[[-89.9213,42.874],[-89.9209,42.8765]]},"properties":{}},{"type":"Feature","geometry":{"type":"LineString","coordinates":[[-89.9209,42.8765],[-89.9216,42.8772]]},"properties":{}},{"type":"Feature","geometry":{"type":"LineString","coordinates":[[-89.9216,42.8772],[-89.9208,42.8776]]},"properties":{}},{"type":"Feature","geometry":{"type":"LineString","coordinates":[[-89.9208,42.8776],[-89.9212,42.8788]]},"properties":{}},{"type":"Feature","geometry":{"type":"LineString","coordinates":[[-89.903,42.8863],[-89.9013,42.886]]},"properties":{}},{"type":"Feature","geometry":{"type":"LineString","coordinates":[[-89.9013,42.886],[-89.9021,42.8868]]},"properties":{}},{"type":"Feature","geometry":{"type":"LineString","coordinates":[[-89.9021,42.8868],[-89.9019,42.888]]},"properties":{}},{"type":"Feature","geometry":{"type":"LineString","coordinates":[[-88.4778,45.751],[-88.4714,45.7514]]},"properties":{}},{"type":"Feature","geometry":{"type":"LineString","coordinates":[[-88.4714,45.7514],[-88.471,45.7524]]},"properties":{}},{"type":"Feature","geometry":{"type":"LineString","coordinates":[[-88.471,45.7524],[-88.4715,45.7542]]},"properties":{}},{"type":"Feature","geometry":{"type":"LineString","coordinates":[[-88.4715,45.7542],[-88.4689,45.756]]},"properties":{}},{"type":"Feature","geometry":{"type":"LineString","coordinates":[[-88.4689,45.756],[-88.4693,45.757]]},"properties":{}},{"type":"Feature","geometry":{"type":"LineString","coordinates":[[-88.4693,45.757],[-88.4713,45.7576]]},"properties":{}},{"type":"Feature","geometry":{"type":"LineString","coordinates":[[-88.4713,45.7576],[-88.4722,45.7598]]},"properties":{}},{"type":"Feature","geometry":{"type":"LineString","coordinates":[[-88.4722,45.7598],[-88.4718,45.7606]]},"properties":{}},{"type":"Feature","geometry":{"type":"LineString","coordinates":[[-88.4712,45.761],[-88.4676,45.7607]]},"properties":{}},{"type":"Feature","geometry":{"type":"LineString","coordinates":[[-88.4676,45.7607],[-88.4669,45.7619]]},"properties":{}},{"type":"Feature","geometry":{"type":"LineString","coordinates":[[-88.4642,45.7635],[-88.4619,45.7635]]},"properties":{}},{"type":"Feature","geometry":{"type":"LineString","coordinates":[[-88.4619,45.7635],[-88.4616,45.7659]]},"properties":{}},{"type":"Feature","geometry":{"type":"LineString","coordinates":[[-87.9726,43.3903],[-87.9713,43.3885]]},"properties":{}},{"type":"Feature","geometry":{"type":"LineString","coordinates":[[-87.9713,43.3885],[-87.9676,43.3877]]},"properties":{}},{"type":"Feature","geometry":{"type":"LineString","coordinates":[[-87.9676,43.3877],[-87.967,43.3864]]},"properties":{}},{"type":"Feature","geometry":{"type":"LineString","coordinates":[[-87.967,43.3864],[-87.9684,43.3756]]},"properties":{}},{"type":"Feature","geometry":{"type":"LineString","coordinates":[[-90.6244,42.785],[-90.6269,42.7842]]},"properties":{}},{"type":"Feature","geometry":{"type":"LineString","coordinates":[[-90.6269,42.7842],[-90.627,42.7835]]},"properties":{}},{"type":"Feature","geometry":{"type":"LineString","coordinates":[[-89.6603,42.7459],[-89.6607,42.7453]]},"properties":{}},{"type":"Feature","geometry":{"type":"LineString","coordinates":[[-89.6607,42.7453],[-89.6644,42.7459]]},"properties":{}},{"type":"Feature","geometry":{"type":"LineString","coordinates":[[-89.0407,44.5714],[-89.0432,44.5711]]},"properties":{}},{"type":"Feature","geometry":{"type":"LineString","coordinates":[[-89.0432,44.5711],[-89.0435,44.5714]]},"properties":{}},{"type":"Feature","geometry":{"type":"LineString","coordinates":[[-89.0435,44.5714],[-89.0447,44.5705]]},"properties":{}},{"type":"Feature","geometry":{"type":"LineString","coordinates":[[-89.0447,44.5705],[-89.0471,44.5702]]},"properties":{}},{"type":"Feature","geometry":{"type":"LineString","coordinates":[[-90.0671,43.3459],[-90.0728,43.3479]]},"properties":{}},{"type":"Feature","geometry":{"type":"LineString","coordinates":[[-90.7691,43.6358],[-90.7693,43.636]]},"properties":{}},{"type":"Feature","geometry":{"type":"LineString","coordinates":[[-90.7693,43.636],[-90.7686,43.6363]]},"properties":{}},{"type":"Feature","geometry":{"type":"LineString","coordinates":[[-90.7686,43.6363],[-90.7639,43.6377]]},"properties":{}},{"type":"Feature","geometry":{"type":"LineString","coordinates":[[-90.1828,43.4575],[-90.1835,43.4569]]},"properties":{}},{"type":"Feature","geometry":{"type":"LineString","coordinates":[[-90.1835,43.4569],[-90.1851,43.4568]]},"properties":{}},{"type":"Feature","geometry":{"type":"LineString","coordinates":[[-90.1851,43.4568],[-90.1919,43.4569]]},"properties":{}},{"type":"Feature","geometry":{"type":"LineString","coordinates":[[-90.196,43.4581],[-90.1996,43.4586]]},"properties":{}},{"type":"Feature","geometry":{"type":"LineString","coordinates":[[-90.1996,43.4586],[-90.2004,43.4578]]},"properties":{}},{"type":"Feature","geometry":{"type":"LineString","coordinates":[[-90.2004,43.4578],[-90.2053,43.4578]]},"properties":{}},{"type":"Feature","geometry":{"type":"LineString","coordinates":[[-90.3874,42.9873],[-90.3886,42.9892]]},"properties":{}},{"type":"Feature","geometry":{"type":"LineString","coordinates":[[-90.3886,42.9892],[-90.3909,42.9913]]},"properties":{}},{"type":"Feature","geometry":{"type":"LineString","coordinates":[[-90.3924,42.9928],[-90.395,42.9959]]},"properties":{}},{"type":"Feature","geometry":{"type":"LineString","coordinates":[[-90.395,42.9959],[-90.3996,42.9987]]},"properties":{}},{"type":"Feature","geometry":{"type":"LineString","coordinates":[[-90.3996,42.9987],[-90.3992,42.9992]]},"properties":{}},{"type":"Feature","geometry":{"type":"LineString","coordinates":[[-90.3992,42.9992],[-90.4007,43.0003]]},"properties":{}},{"type":"Feature","geometry":{"type":"LineString","coordinates":[[-90.4007,43.0003],[-90.403,43.0002]]},"properties":{}},{"type":"Feature","geometry":{"type":"LineString","coordinates":[[-90.403,43.0002],[-90.4044,43.0009]]},"properties":{}},{"type":"Feature","geometry":{"type":"LineString","coordinates":[[-90.2366,43.4001],[-90.237,43.4007]]},"properties":{}},{"type":"Feature","geometry":{"type":"LineString","coordinates":[[-90.237,43.4007],[-90.2379,43.4005]]},"properties":{}},{"type":"Feature","geometry":{"type":"LineString","coordinates":[[-90.2379,43.4005],[-90.2382,43.4034]]},"properties":{}},{"type":"Feature","geometry":{"type":"LineString","coordinates":[[-90.2382,43.4034],[-90.2386,43.4036]]},"properties":{}},{"type":"Feature","geometry":{"type":"LineString","coordinates":[[-90.2386,43.4036],[-90.2394,43.4028]]},"properties":{}},{"type":"Feature","geometry":{"type":"LineString","coordinates":[[-90.2394,43.4028],[-90.2395,43.4036]]},"properties":{}},{"type":"Feature","geometry":{"type":"LineString","coordinates":[[-90.2395,43.4036],[-90.2401,43.4039]]},"properties":{}},{"type":"Feature","geometry":{"type":"LineString","coordinates":[[-90.2401,43.4039],[-90.238,43.4055]]},"properties":{}},{"type":"Feature","geometry":{"type":"LineString","coordinates":[[-90.2377,43.4068],[-90.2362,43.4075]]},"properties":{}},{"type":"Feature","geometry":{"type":"LineString","coordinates":[[-90.2362,43.4075],[-90.237,43.4078]]},"properties":{}},{"type":"Feature","geometry":{"type":"LineString","coordinates":[[-90.2386,43.4134],[-90.2373,43.4137]]},"properties":{}},{"type":"Feature","geometry":{"type":"LineString","coordinates":[[-90.2373,43.4137],[-90.2381,43.4141]]},"properties":{}},{"type":"Feature","geometry":{"type":"LineString","coordinates":[[-90.2381,43.4141],[-90.2374,43.4145]]},"properties":{}},{"type":"Feature","geometry":{"type":"LineString","coordinates":[[-90.2374,43.4145],[-90.2376,43.4153]]},"properties":{}},{"type":"Feature","geometry":{"type":"LineString","coordinates":[[-90.2376,43.4153],[-90.2385,43.4154]]},"properties":{}},{"type":"Feature","geometry":{"type":"LineString","coordinates":[[-90.2385,43.4154],[-90.2373,43.4164]]},"properties":{}},{"type":"Feature","geometry":{"type":"LineString","coordinates":[[-90.2373,43.4164],[-90.2395,43.4169]]},"properties":{}},{"type":"Feature","geometry":{"type":"LineString","coordinates":[[-90.2395,43.4169],[-90.2398,43.4189]]},"properties":{}},{"type":"Feature","geometry":{"type":"LineString","coordinates":[[-90.2398,43.4189],[-90.2405,43.4194]]},"properties":{}},{"type":"Feature","geometry":{"type":"LineString","coordinates":[[-90.2405,43.4194],[-90.2407,43.4215]]},"properties":{}},{"type":"Feature","geometry":{"type":"LineString","coordinates":[[-90.2407,43.4215],[-90.2413,43.4225]]},"properties":{}},{"type":"Feature","geometry":{"type":"LineString","coordinates":[[-90.2413,43.4225],[-90.2399,43.4241]]},"properties":{}},{"type":"Feature","geometry":{"type":"LineString","coordinates":[[-90.2399,43.4241],[-90.2411,43.4242]]},"properties":{}},{"type":"Feature","geometry":{"type":"LineString","coordinates":[[-90.2387,43.4295],[-90.2408,43.4297]]},"properties":{}},{"type":"Feature","geometry":{"type":"LineString","coordinates":[[-89.1149,44.6687],[-89.117,44.6683]]},"properties":{}},{"type":"Feature","geometry":{"type":"LineString","coordinates":[[-89.117,44.6683],[-89.1179,44.6691]]},"properties":{}},{"type":"Feature","geometry":{"type":"LineString","coordinates":[[-89.1179,44.6691],[-89.1191,44.6686]]},"properties":{}},{"type":"Feature","geometry":{"type":"LineString","coordinates":[[-89.1191,44.6686],[-89.1211,44.6688]]},"properties":{}},{"type":"Feature","geometry":{"type":"LineString","coordinates":[[-89.1211,44.6688],[-89.1213,44.6695]]},"properties":{}},{"type":"Feature","geometry":{"type":"LineString","coordinates":[[-89.1213,44.6695],[-89.1219,44.6692]]},"properties":{}},{"type":"Feature","geometry":{"type":"LineString","coordinates":[[-90.3934,43.8702],[-90.3918,43.8695]]},"properties":{}},{"type":"Feature","geometry":{"type":"LineString","coordinates":[[-90.3918,43.8695],[-90.3893,43.8698]]},"properties":{}},{"type":"Feature","geometry":{"type":"LineString","coordinates":[[-90.3893,43.8698],[-90.3879,43.8693]]},"properties":{}},{"type":"Feature","geometry":{"type":"LineString","coordinates":[[-90.3868,43.8696],[-90.3858,43.8701]]},"properties":{}},{"type":"Feature","geometry":{"type":"LineString","coordinates":[[-90.3858,43.8701],[-90.3859,43.8708]]},"properties":{}},{"type":"Feature","geometry":{"type":"LineString","coordinates":[[-90.3859,43.8708],[-90.3849,43.8714]]},"properties":{}},{"type":"Feature","geometry":{"type":"LineString","coordinates":[[-90.3849,43.8714],[-90.3845,43.8709]]},"properties":{}},{"type":"Feature","geometry":{"type":"LineString","coordinates":[[-90.3845,43.8709],[-90.3817,43.8711]]},"properties":{}},{"type":"Feature","geometry":{"type":"LineString","coordinates":[[-90.3817,43.8711],[-90.3811,43.8704]]},"properties":{}},{"type":"Feature","geometry":{"type":"LineString","coordinates":[[-90.3811,43.8704],[-90.3793,43.871]]},"properties":{}},{"type":"Feature","geometry":{"type":"LineString","coordinates":[[-90.3793,43.871],[-90.3794,43.8707]]},"properties":{}},{"type":"Feature","geometry":{"type":"LineString","coordinates":[[-90.3794,43.8707],[-90.3778,43.8705]]},"properties":{}},{"type":"Feature","geometry":{"type":"LineString","coordinates":[[-90.3778,43.8705],[-90.3776,43.8698]]},"properties":{}},{"type":"Feature","geometry":{"type":"LineString","coordinates":[[-90.3776,43.8698],[-90.3769,43.8698]]},"properties":{}},{"type":"Feature","geometry":{"type":"LineString","coordinates":[[-90.3769,43.8698],[-90.3764,43.8704]]},"properties":{}},{"type":"Feature","geometry":{"type":"LineString","coordinates":[[-90.3764,43.8704],[-90.3759,43.8701]]},"properties":{}},{"type":"Feature","geometry":{"type":"LineString","coordinates":[[-90.3759,43.8701],[-90.3748,43.8704]]},"properties":{}},{"type":"Feature","geometry":{"type":"LineString","coordinates":[[-90.3748,43.8704],[-90.3744,43.8715]]},"properties":{}},{"type":"Feature","geometry":{"type":"LineString","coordinates":[[-90.3716,43.8733],[-90.3707,43.8734]]},"properties":{}},{"type":"Feature","geometry":{"type":"LineString","coordinates":[[-90.3707,43.8734],[-90.3701,43.874]]},"properties":{}},{"type":"Feature","geometry":{"type":"LineString","coordinates":[[-90.3701,43.874],[-90.3703,43.8745]]},"properties":{}},{"type":"Feature","geometry":{"type":"LineString","coordinates":[[-90.3703,43.8745],[-90.3691,43.874]]},"properties":{}},{"type":"Feature","geometry":{"type":"LineString","coordinates":[[-90.3691,43.874],[-90.3679,43.8743]]},"properties":{}},{"type":"Feature","geometry":{"type":"LineString","coordinates":[[-90.3679,43.8743],[-90.3673,43.8733]]},"properties":{}},{"type":"Feature","geometry":{"type":"LineString","coordinates":[[-90.3673,43.8733],[-90.366,43.8737]]},"properties":{}},{"type":"Feature","geometry":{"type":"LineString","coordinates":[[-90.366,43.8737],[-90.3657,43.8749]]},"properties":{}},{"type":"Feature","geometry":{"type":"LineString","coordinates":[[-90.3657,43.8749],[-90.3646,43.8748]]},"properties":{}},{"type":"Feature","geometry":{"type":"LineString","coordinates":[[-90.3429,43.8712],[-90.3418,43.8716]]},"properties":{}},{"type":"Feature","geometry":{"type":"LineString","coordinates":[[-90.3418,43.8716],[-90.3413,43.8724]]},"properties":{}},{"type":"Feature","geometry":{"type":"LineString","coordinates":[[-90.3413,43.8724],[-90.3402,43.8728]]},"properties":{}},{"type":"Feature","geometry":{"type":"LineString","coordinates":[[-90.3402,43.8728],[-90.3401,43.8725]]},"properties":{}},{"type":"Feature","geometry":{"type":"LineString","coordinates":[[-90.3401,43.8725],[-90.3398,43.8731]]},"properties":{}},{"type":"Feature","geometry":{"type":"LineString","coordinates":[[-90.3398,43.8731],[-90.3378,43.8722]]},"properties":{}},{"type":"Feature","geometry":{"type":"LineString","coordinates":[[-90.3378,43.8722],[-90.337,43.8728]]},"properties":{}},{"type":"Feature","geometry":{"type":"LineString","coordinates":[[-90.337,43.8728],[-90.3375,43.8731]]},"properties":{}},{"type":"Feature","geometry":{"type":"LineString","coordinates":[[-90.3375,43.8731],[-90.336,43.8734]]},"properties":{}},{"type":"Feature","geometry":{"type":"LineString","coordinates":[[-90.336,43.8734],[-90.3368,43.874]]},"properties":{}},{"type":"Feature","geometry":{"type":"LineString","coordinates":[[-90.3368,43.874],[-90.3354,43.8738]]},"properties":{}},{"type":"Feature","geometry":{"type":"LineString","coordinates":[[-90.3354,43.8738],[-90.3352,43.8742]]},"properties":{}},{"type":"Feature","geometry":{"type":"LineString","coordinates":[[-90.3352,43.8742],[-90.3357,43.8751]]},"properties":{}},{"type":"Feature","geometry":{"type":"LineString","coordinates":[[-90.3357,43.8751],[-90.3343,43.8751]]},"properties":{}},{"type":"Feature","geometry":{"type":"LineString","coordinates":[[-90.3343,43.8751],[-90.334,43.8746]]},"properties":{}},{"type":"Feature","geometry":{"type":"LineString","coordinates":[[-90.334,43.8746],[-90.3338,43.8756]]},"properties":{}},{"type":"Feature","geometry":{"type":"LineString","coordinates":[[-90.3338,43.8756],[-90.3329,43.8753]]},"properties":{}},{"type":"Feature","geometry":{"type":"LineString","coordinates":[[-90.3329,43.8753],[-90.3329,43.8758]]},"properties":{}},{"type":"Feature","geometry":{"type":"LineString","coordinates":[[-90.3329,43.8758],[-90.3319,43.8761]]},"properties":{}},{"type":"Feature","geometry":{"type":"LineString","coordinates":[[-90.3319,43.8761],[-90.3316,43.8756]]},"properties":{}},{"type":"Feature","geometry":{"type":"LineString","coordinates":[[-90.3316,43.8756],[-90.3312,43.8762]]},"properties":{}},{"type":"Feature","geometry":{"type":"LineString","coordinates":[[-90.3312,43.8762],[-90.3309,43.8758]]},"properties":{}},{"type":"Feature","geometry":{"type":"LineString","coordinates":[[-90.3309,43.8758],[-90.3304,43.8763]]},"properties":{}},{"type":"Feature","geometry":{"type":"LineString","coordinates":[[-90.3304,43.8763],[-90.33,43.8758]]},"properties":{}},{"type":"Feature","geometry":{"type":"LineString","coordinates":[[-90.33,43.8758],[-90.3294,43.8759]]},"properties":{}},{"type":"Feature","geometry":{"type":"LineString","coordinates":[[-90.3294,43.8759],[-90.3295,43.8752]]},"properties":{}},{"type":"Feature","geometry":{"type":"LineString","coordinates":[[-90.3295,43.8752],[-90.3285,43.8749]]},"properties":{}},{"type":"Feature","geometry":{"type":"LineString","coordinates":[[-90.3285,43.8749],[-90.3288,43.8746]]},"properties":{}},{"type":"Feature","geometry":{"type":"LineString","coordinates":[[-90.3288,43.8746],[-90.3271,43.8744]]},"properties":{}},{"type":"Feature","geometry":{"type":"LineString","coordinates":[[-90.3271,43.8744],[-90.3262,43.8732]]},"properties":{}},{"type":"Feature","geometry":{"type":"LineString","coordinates":[[-90.3262,43.8732],[-90.3254,43.873]]},"properties":{}},{"type":"Feature","geometry":{"type":"LineString","coordinates":[[-90.3254,43.873],[-90.3261,43.8728]]},"properties":{}},{"type":"Feature","geometry":{"type":"LineString","coordinates":[[-90.3261,43.8728],[-90.3257,43.8723]]},"properties":{}},{"type":"Feature","geometry":{"type":"LineString","coordinates":[[-90.3257,43.8723],[-90.3249,43.8725]]},"properties":{}},{"type":"Feature","geometry":{"type":"LineString","coordinates":[[-90.3249,43.8725],[-90.3245,43.872]]},"properties":{}},{"type":"Feature","geometry":{"type":"LineString","coordinates":[[-90.3245,43.872],[-90.3235,43.8729]]},"properties":{}},{"type":"Feature","geometry":{"type":"LineString","coordinates":[[-90.3235,43.8729],[-90.3224,43.8729]]},"properties":{}},{"type":"Feature","geometry":{"type":"LineString","coordinates":[[-90.3224,43.8729],[-90.322,43.8723]]},"properties":{}},{"type":"Feature","geometry":{"type":"LineString","coordinates":[[-90.322,43.8723],[-90.3213,43.8727]]},"properties":{}},{"type":"Feature","geometry":{"type":"LineString","coordinates":[[-90.3213,43.8727],[-90.3198,43.8726]]},"properties":{}},{"type":"Feature","geometry":{"type":"LineString","coordinates":[[-90.3198,43.8726],[-90.3177,43.8737]]},"properties":{}},{"type":"Feature","geometry":{"type":"LineString","coordinates":[[-90.3177,43.8737],[-90.316,43.8729]]},"properties":{}},{"type":"Feature","geometry":{"type":"LineString","coordinates":[[-90.316,43.8729],[-90.3147,43.8735]]},"properties":{}},{"type":"Feature","geometry":{"type":"LineString","coordinates":[[-90.3147,43.8735],[-90.313,43.8726]]},"properties":{}},{"type":"Feature","geometry":{"type":"LineString","coordinates":[[-90.313,43.8726],[-90.3136,43.8738]]},"properties":{}},{"type":"Feature","geometry":{"type":"LineString","coordinates":[[-90.3136,43.8738],[-90.312,43.8741]]},"properties":{}},{"type":"Feature","geometry":{"type":"LineString","coordinates":[[-90.3743,43.7964],[-90.3714,43.7949]]},"properties":{}},{"type":"Feature","geometry":{"type":"LineString","coordinates":[[-90.3714,43.7949],[-90.3674,43.7943]]},"properties":{}},{"type":"Feature","geometry":{"type":"LineString","coordinates":[[-89.1486,44.0627],[-89.1483,44.0619]]},"properties":{}},{"type":"Feature","geometry":{"type":"LineString","coordinates":[[-89.1483,44.0619],[-89.1468,44.0611]]},"properties":{}},{"type":"Feature","geometry":{"type":"LineString","coordinates":[[-89.1468,44.0611],[-89.1468,44.0602]]},"properties":{}},{"type":"Feature","geometry":{"type":"LineString","coordinates":[[-89.1468,44.0602],[-89.1474,44.0597]]},"properties":{}},{"type":"Feature","geometry":{"type":"LineString","coordinates":[[-89.1474,44.0597],[-89.1467,44.0594]]},"properties":{}},{"type":"Feature","geometry":{"type":"LineString","coordinates":[[-89.1467,44.0594],[-89.1471,44.0591]]},"properties":{}},{"type":"Feature","geometry":{"type":"LineString","coordinates":[[-89.1471,44.0591],[-89.1462,44.059]]},"properties":{}},{"type":"Feature","geometry":{"type":"LineString","coordinates":[[-89.1462,44.059],[-89.146,44.0595]]},"properties":{}},{"type":"Feature","geometry":{"type":"LineString","coordinates":[[-89.146,44.0595],[-89.1439,44.059]]},"properties":{}},{"type":"Feature","geometry":{"type":"LineString","coordinates":[[-89.1439,44.059],[-89.1446,44.0576]]},"properties":{}},{"type":"Feature","geometry":{"type":"LineString","coordinates":[[-89.1446,44.0576],[-89.1437,44.0576]]},"properties":{}},{"type":"Feature","geometry":{"type":"LineString","coordinates":[[-89.1437,44.0576],[-89.1426,44.0562]]},"properties":{}},{"type":"Feature","geometry":{"type":"LineString","coordinates":[[-89.1426,44.0562],[-89.1419,44.0561]]},"properties":{}},{"type":"Feature","geometry":{"type":"LineString","coordinates":[[-89.1419,44.0561],[-89.1424,44.0553]]},"properties":{}},{"type":"Feature","geometry":{"type":"LineString","coordinates":[[-89.117,44.0489],[-89.1164,44.0486]]},"properties":{}},{"type":"Feature","geometry":{"type":"LineString","coordinates":[[-89.1164,44.0486],[-89.1157,44.0492]]},"properties":{}},{"type":"Feature","geometry":{"type":"LineString","coordinates":[[-89.1157,44.0492],[-89.116,44.0486]]},"properties":{}},{"type":"Feature","geometry":{"type":"LineString","coordinates":[[-89.116,44.0486],[-89.1148,44.049]]},"properties":{}},{"type":"Feature","geometry":{"type":"LineString","coordinates":[[-89.1148,44.049],[-89.1128,44.0486]]},"properties":{}},{"type":"Feature","geometry":{"type":"LineString","coordinates":[[-89.1128,44.0486],[-89.1127,44.0479]]},"properties":{}},{"type":"Feature","geometry":{"type":"LineString","coordinates":[[-89.1106,44.0476],[-89.1111,44.0487]]},"properties":{}},{"type":"Feature","geometry":{"type":"LineString","coordinates":[[-89.1111,44.0487],[-89.1088,44.0487]]},"properties":{}},{"type":"Feature","geometry":{"type":"LineString","coordinates":[[-89.1088,44.0487],[-89.1089,44.0491]]},"properties":{}},{"type":"Feature","geometry":{"type":"LineString","coordinates":[[-89.1089,44.0491],[-89.108,44.049]]},"properties":{}},{"type":"Feature","geometry":{"type":"LineString","coordinates":[[-89.108,44.049],[-89.1084,44.0485]]},"properties":{}},{"type":"Feature","geometry":{"type":"LineString","coordinates":[[-89.1084,44.0485],[-89.1068,44.048]]},"properties":{}},{"type":"Feature","geometry":{"type":"LineString","coordinates":[[-89.0824,44.0466],[-89.0793,44.0463]]},"properties":{}},{"type":"Feature","geometry":{"type":"LineString","coordinates":[[-89.0793,44.0463],[-89.0751,44.0481]]},"properties":{}},{"type":"Feature","geometry":{"type":"LineString","coordinates":[[-89.2668,44.8058],[-89.2646,44.8026]]},"properties":{}},{"type":"Feature","geometry":{"type":"LineString","coordinates":[[-89.2646,44.8026],[-89.2648,44.8]]},"properties":{}},{"type":"Feature","geometry":{"type":"LineString","coordinates":[[-92.0381,45.7085],[-92.0397,45.7067]]},"properties":{}},{"type":"Feature","geometry":{"type":"LineString","coordinates":[[-92.0409,45.7063],[-92.0418,45.7075]]},"properties":{}},{"type":"Feature","geometry":{"type":"LineString","coordinates":[[-92.1873,44.7944],[-92.1817,44.7929]]},"properties":{}},{"type":"Feature","geometry":{"type":"LineString","coordinates":[[-92.152,44.783],[-92.1461,44.7848]]},"properties":{}},{"type":"Feature","geometry":{"type":"LineString","coordinates":[[-92.6013,44.891],[-92.6018,44.8903]]},"properties":{}},{"type":"Feature","geometry":{"type":"LineString","coordinates":[[-92.6018,44.8903],[-92.6034,44.8909]]},"properties":{}},{"type":"Feature","geometry":{"type":"LineString","coordinates":[[-92.6155,44.8813],[-92.615,44.879]]},"properties":{}},{"type":"Feature","geometry":{"type":"LineString","coordinates":[[-92.615,44.879],[-92.6181,44.8774]]},"properties":{}},{"type":"Feature","geometry":{"type":"LineString","coordinates":[[-92.6181,44.8774],[-92.6192,44.876]]},"properties":{}},{"type":"Feature","geometry":{"type":"LineString","coordinates":[[-92.5194,44.953],[-92.521,44.952]]},"properties":{}},{"type":"Feature","geometry":{"type":"LineString","coordinates":[[-92.521,44.952],[-92.5222,44.948]]},"properties":{}},{"type":"Feature","geometry":{"type":"LineString","coordinates":[[-92.5257,44.9262],[-92.5297,44.9266]]},"properties":{}},{"type":"Feature","geometry":{"type":"LineString","coordinates":[[-92.5297,44.9266],[-92.5302,44.9271]]},"properties":{}},{"type":"Feature","geometry":{"type":"LineString","coordinates":[[-92.5302,44.9271],[-92.5297,44.9275]]},"properties":{}},{"type":"Feature","geometry":{"type":"LineString","coordinates":[[-92.5339,44.9275],[-92.5342,44.9266]]},"properties":{}},{"type":"Feature","geometry":{"type":"LineString","coordinates":[[-92.5342,44.9266],[-92.5331,44.9253]]},"properties":{}},{"type":"Feature","geometry":{"type":"LineString","coordinates":[[-92.5331,44.9253],[-92.5334,44.924]]},"properties":{}},{"type":"Feature","geometry":{"type":"LineString","coordinates":[[-92.5334,44.924],[-92.5329,44.9237]]},"properties":{}},{"type":"Feature","geometry":{"type":"LineString","coordinates":[[-92.532,44.9242],[-92.5313,44.9236]]},"properties":{}},{"type":"Feature","geometry":{"type":"LineString","coordinates":[[-92.5313,44.9236],[-92.5322,44.9214]]},"properties":{}},{"type":"Feature","geometry":{"type":"LineString","coordinates":[[-92.5322,44.9214],[-92.5307,44.921]]},"properties":{}},{"type":"Feature","geometry":{"type":"LineString","coordinates":[[-92.5349,44.9146],[-92.5336,44.9146]]},"properties":{}},{"type":"Feature","geometry":{"type":"LineString","coordinates":[[-92.5336,44.9146],[-92.5339,44.9132]]},"properties":{}},{"type":"Feature","geometry":{"type":"LineString","coordinates":[[-92.544,44.9096],[-92.5433,44.9092]]},"properties":{}},{"type":"Feature","geometry":{"type":"LineString","coordinates":[[-92.5433,44.9092],[-92.5433,44.9085]]},"properties":{}},{"type":"Feature","geometry":{"type":"LineString","coordinates":[[-92.5488,44.9083],[-92.5486,44.9076]]},"properties":{}},{"type":"Feature","geometry":{"type":"LineString","coordinates":[[-92.5486,44.9076],[-92.5492,44.907]]},"properties":{}},{"type":"Feature","geometry":{"type":"LineString","coordinates":[[-92.5492,44.907],[-92.5506,44.9079]]},"properties":{}},{"type":"Feature","geometry":{"type":"LineString","coordinates":[[-92.5512,44.9075],[-92.5507,44.9069]]},"properties":{}},{"type":"Feature","geometry":{"type":"LineString","coordinates":[[-92.5507,44.9069],[-92.5521,44.9069]]},"properties":{}},{"type":"Feature","geometry":{"type":"LineString","coordinates":[[-92.5608,44.901],[-92.5618,44.9011]]},"properties":{}},{"type":"Feature","geometry":{"type":"LineString","coordinates":[[-92.5618,44.9011],[-92.562,44.9007]]},"properties":{}},{"type":"Feature","geometry":{"type":"LineString","coordinates":[[-92.562,44.9007],[-92.564,44.9019]]},"properties":{}},{"type":"Feature","geometry":{"type":"LineString","coordinates":[[-92.564,44.9019],[-92.5647,44.9016]]},"properties":{}},{"type":"Feature","geometry":{"type":"LineString","coordinates":[[-92.5647,44.9016],[-92.5644,44.9012]]},"properties":{}},{"type":"Feature","geometry":{"type":"LineString","coordinates":[[-92.5644,44.9012],[-92.566,44.9013]]},"properties":{}},{"type":"Feature","geometry":{"type":"LineString","coordinates":[[-92.5854,44.8988],[-92.5847,44.8979]]},"properties":{}},{"type":"Feature","geometry":{"type":"LineString","coordinates":[[-92.5847,44.8979],[-92.5839,44.8985]]},"properties":{}},{"type":"Feature","geometry":{"type":"LineString","coordinates":[[-92.5839,44.8985],[-92.583,44.8982]]},"properties":{}},{"type":"Feature","geometry":{"type":"LineString","coordinates":[[-92.583,44.8982],[-92.5838,44.8977]]},"properties":{}},{"type":"Feature","geometry":{"type":"LineString","coordinates":[[-92.5838,44.8977],[-92.5843,44.8964]]},"properties":{}},{"type":"Feature","geometry":{"type":"LineString","coordinates":[[-92.5843,44.8964],[-92.5854,44.8963]]},"properties":{}},{"type":"Feature","geometry":{"type":"LineString","coordinates":[[-92.5854,44.8963],[-92.5856,44.8958]]},"properties":{}},{"type":"Feature","geometry":{"type":"LineString","coordinates":[[-92.5885,44.8948],[-92.5876,44.8952]]},"properties":{}},{"type":"Feature","geometry":{"type":"LineString","coordinates":[[-92.5876,44.8952],[-92.5879,44.8961]]},"properties":{}},{"type":"Feature","geometry":{"type":"LineString","coordinates":[[-92.5879,44.8961],[-92.5888,44.8958]]},"properties":{}}]}